    time    temp    dens
   1.16333198672146E+00   5.58329418551054E-01   2.50959671953765E+02
     nin     zin       y       x
  1    0     6.43281815294992E-06   6.43281815294992E-06
  0    1     1.74496502256969E-11   1.74496502256969E-11
  1    1     3.78439529248211E-11   7.56879058496421E-11
  2    1     1.95271154129947E-09   5.85813462389840E-09
  1    2     1.40310525463695E-18   4.20931576391085E-18
  2    2     2.87337545665896E-04   1.14935018266359E-03
  4    2     9.86397156104495E-08   5.91838293662697E-07
  3    3     2.11465324516227E-13   1.26879194709736E-12
  4    3     3.26032739736631E-10   2.28222917815642E-09
  5    3     2.55032583756276E-12   2.04026067005021E-11
  6    3     1.57527689781515E-06   1.41774920803363E-05
  3    4     5.45307640356805E-21   3.81715348249763E-20
  5    4     6.50921375697473E-08   5.85829238127726E-07
  6    4     7.73755742028162E-07   7.73755742028162E-06
  7    4     1.25036802915031E-14   1.37540483206534E-13
  8    4     1.96871245873575E-09   2.36245495048290E-08
  3    5     1.00000000000000E-99   1.00000000000000E-99
  5    5     2.21190084929529E-19   2.21190084929529E-18
  6    5     3.31428392305161E-10   3.64571231535677E-09
  7    5     1.74094392066828E-09   2.08913270480193E-08
  8    5     3.42331190202597E-09   4.45030547263377E-08
  9    5     5.67012917651951E-13   7.93818084712732E-12
  3    6     1.00000000000000E-99   1.00000000000000E-99
  4    6     1.00000000000000E-99   1.00000000000000E-99
  5    6     1.00000000000000E-99   1.00000000000000E-99
  6    6     1.24278305788994E-08   1.49133966946793E-07
  7    6     5.65372156395456E-09   7.34983803314093E-08
  8    6     6.26402030055284E-09   8.76962842077397E-08
  9    6     5.68865282862949E-10   8.53297924294424E-09
 10    6     6.73749335507845E-06   1.07799893681255E-04
 11    6     2.51672714836707E-11   4.27843615222402E-10
 12    6     1.00000000000000E-99   1.00000000000000E-99
  4    7     1.00000000000000E-99   1.00000000000000E-99
  5    7     1.00000000000000E-99   1.00000000000000E-99
  6    7     1.19833756865986E-20   1.55783883925782E-19
  7    7     3.75997361776029E-14   5.26396306486441E-13
  8    7     1.65677651439773E-07   2.48516477159659E-06
  9    7     3.80669302829417E-08   6.09070884527067E-07
 10    7     3.64196104565868E-08   6.19133377761975E-07
 11    7     2.01559350531907E-08   3.62806830957433E-07
 12    7     3.77634232634581E-09   7.17505042005704E-08
 13    7     1.33446034952456E-06   2.66892069904911E-05
 14    7     1.00000000000000E-99   1.00000000000000E-99
  5    8     1.00000000000000E-99   1.00000000000000E-99
  6    8     1.00000000000000E-99   1.00000000000000E-99
  7    8     1.00000000000000E-99   1.00000000000000E-99
  8    8     1.54466760721410E-10   2.47146817154256E-09
  9    8     1.87734955035712E-12   3.19149423560710E-11
 10    8     5.15519289999155E-10   9.27934721998478E-09
 11    8     3.50998731827464E-08   6.66897590472182E-07
 12    8     1.80477574513437E-07   3.60955149026874E-06
 13    8     2.32775453790309E-07   4.88828452959649E-06
 14    8     8.72666667220526E-06   1.91986666788516E-04
  5    9     1.00000000000000E-99   1.00000000000000E-99
  6    9     1.00000000000000E-99   1.00000000000000E-99
  7    9     1.00000000000000E-99   1.00000000000000E-99
  8    9     2.14623237043187E-25   3.64859502973417E-24
  9    9     9.69413346884729E-25   1.74494402439251E-23
 10    9     1.28289312217299E-12   2.43749693212869E-11
 11    9     1.81288046705976E-11   3.62576093411951E-10
 12    9     1.85129801039318E-09   3.88772582182567E-08
 13    9     1.00014358477611E-07   2.20031588650745E-06
 14    9     1.93849898723576E-09   4.45854767064226E-08
 15    9     3.22774083469136E-09   7.74657800325926E-08
 16    9     6.10652111243926E-08   1.52663027810981E-06
 17    9     1.92703513750872E-11   5.01029135752268E-10
  7   10     1.00000000000000E-99   1.00000000000000E-99
  8   10     1.00000000000000E-99   1.00000000000000E-99
  9   10     1.00000000000000E-99   1.00000000000000E-99
 10   10     5.54402962211593E-15   1.10880592442319E-13
 11   10     6.84640687069734E-13   1.43774544284644E-11
 12   10     1.90527466387109E-10   4.19160426051640E-09
 13   10     1.24672279402791E-10   2.86746242626420E-09
 14   10     3.31765455543071E-09   7.96237093303371E-08
 15   10     1.54369579405342E-08   3.85923948513355E-07
 16   10     4.24636515249745E-09   1.10405493964934E-07
 17   10     2.80519130311668E-10   7.57401651841503E-09
 18   10     8.21715759457817E-10   2.30080412648189E-08
 19   10     4.26713837328367E-11   1.23747012825226E-09
 20   10     6.95128436538750E-11   2.08538530961625E-09
 21   10     2.33304283988824E-12   7.23243280365354E-11
 22   10     1.01949106677570E-11   3.26237141368224E-10
 23   10     1.00000000000000E-99   1.00000000000000E-99
 24   10     1.00000000000000E-99   1.00000000000000E-99
 25   10     1.00000000000000E-99   1.00000000000000E-99
 26   10     1.00000000000000E-99   1.00000000000000E-99
 27   10     1.00000000000000E-99   1.00000000000000E-99
 28   10     1.00000000000000E-99   1.00000000000000E-99
 29   10     1.00000000000000E-99   1.00000000000000E-99
 30   10     1.00000000000000E-99   1.00000000000000E-99
 31   10     1.00000000000000E-99   1.00000000000000E-99
  8   11     1.00000000000000E-99   1.00000000000000E-99
  9   11     1.00000000000000E-99   1.00000000000000E-99
 10   11     1.00000000000000E-99   1.00000000000000E-99
 11   11     9.61643231392925E-25   2.11561510906444E-23
 12   11     3.99496330725066E-15   9.18841560667652E-14
 13   11     2.32757275457667E-14   5.58617461098401E-13
 14   11     7.09249132406282E-11   1.77312283101571E-09
 15   11     9.72252053371163E-11   2.52785533876502E-09
 16   11     5.75917716134300E-10   1.55497783356261E-08
 17   11     3.14862002855025E-10   8.81613607994069E-09
 18   11     8.97279790758465E-10   2.60211139319955E-08
 19   11     1.84481368145204E-10   5.53444104435613E-09
 20   11     8.88123850100818E-10   2.75318393531253E-08
 21   11     4.95623770059756E-09   1.58599606419122E-07
 22   11     2.40662667201546E-13   7.94186801765101E-12
 23   11     7.92892269685402E-15   2.69583371693037E-13
 24   11     3.52631264541424E-16   1.23420942589499E-14
 25   11     1.00000000000000E-99   1.00000000000000E-99
 26   11     1.00000000000000E-99   1.00000000000000E-99
 27   11     1.00000000000000E-99   1.00000000000000E-99
 28   11     1.00000000000000E-99   1.00000000000000E-99
 29   11     1.00000000000000E-99   1.00000000000000E-99
 30   11     1.00000000000000E-99   1.00000000000000E-99
 31   11     1.00000000000000E-99   1.00000000000000E-99
 32   11     1.00000000000000E-99   1.00000000000000E-99
 33   11     1.00000000000000E-99   1.00000000000000E-99
  8   12     1.00000000000000E-99   1.00000000000000E-99
  9   12     1.00000000000000E-99   1.00000000000000E-99
 10   12     1.00000000000000E-99   1.00000000000000E-99
 11   12     1.00000000000000E-99   1.00000000000000E-99
 12   12     3.65739182475103E-22   8.77774037940247E-21
 13   12     4.43160347400100E-16   1.10790086850025E-14
 14   12     4.17779878407733E-13   1.08622768386011E-11
 15   12     2.55818478898577E-12   6.90709893026157E-11
 16   12     8.76238157682296E-11   2.45346684151043E-09
 17   12     9.52885169479585E-11   2.76336699149080E-09
 18   12     1.30395523207901E-09   3.91186569623702E-08
 19   12     1.10300152596499E-09   3.41930473049147E-08
 20   12     9.93778761099488E-09   3.18009203551836E-07
 21   12     1.78759149118630E-09   5.89905192091478E-08
 22   12     1.89733786242630E-08   6.45094873224942E-07
 23   12     1.39351552797598E-22   4.87730434791594E-21
 24   12     3.07026082971355E-17   1.10529389869688E-15
 25   12     1.00000000000000E-99   1.00000000000000E-99
 26   12     6.64159386547880E-24   2.52380566888195E-22
 27   12     1.00000000000000E-99   1.00000000000000E-99
 28   12     1.00000000000000E-99   1.00000000000000E-99
 29   12     1.00000000000000E-99   1.00000000000000E-99
 30   12     1.00000000000000E-99   1.00000000000000E-99
 31   12     1.00000000000000E-99   1.00000000000000E-99
 32   12     1.00000000000000E-99   1.00000000000000E-99
 33   12     1.00000000000000E-99   1.00000000000000E-99
 34   12     1.00000000000000E-99   1.00000000000000E-99
 35   12     1.00000000000000E-99   1.00000000000000E-99
  8   13     1.00000000000000E-99   1.00000000000000E-99
  9   13     1.00000000000000E-99   1.00000000000000E-99
 10   13     1.00000000000000E-99   1.00000000000000E-99
 11   13     1.00000000000000E-99   1.00000000000000E-99
 12   13     1.00000000000000E-99   1.00000000000000E-99
 13   13     1.00000000000000E-99   1.00000000000000E-99
 14   13     2.85171857255952E-18   7.69964014591070E-17
 15   13     2.41547545642907E-18   6.76333127800141E-17
 16   13     1.43215518916082E-13   4.15325004856638E-12
 17   13     6.01568724524109E-12   1.80470617357233E-10
 18   13     7.72802239795228E-11   2.39568694336521E-09
 19   13     2.51343447875194E-10   8.04299033200620E-09
 20   13     4.96751783101088E-09   1.63928088423359E-07
 21   13     2.65281013036579E-09   9.01955444324367E-08
 22   13     1.40096761951605E-08   4.90338666830617E-07
 23   13     8.08903287587295E-10   2.91205183531426E-08
 24   13     2.82437072344621E-09   1.04501716767510E-07
 25   13     4.21622636414670E-12   1.60216601837575E-10
 26   13     8.91293586176870E-10   3.47604498608979E-08
 27   13     1.87922391953677E-22   7.51689567814708E-21
 28   13     3.67868446862012E-17   1.50826063213425E-15
 29   13     1.00000000000000E-99   1.00000000000000E-99
 30   13     1.00000000000000E-99   1.00000000000000E-99
 31   13     1.00000000000000E-99   1.00000000000000E-99
 32   13     1.00000000000000E-99   1.00000000000000E-99
 33   13     1.00000000000000E-99   1.00000000000000E-99
 34   13     1.00000000000000E-99   1.00000000000000E-99
 35   13     1.00000000000000E-99   1.00000000000000E-99
 36   13     1.00000000000000E-99   1.00000000000000E-99
 37   13     1.00000000000000E-99   1.00000000000000E-99
 38   13     1.00000000000000E-99   1.00000000000000E-99
  8   14     1.00000000000000E-99   1.00000000000000E-99
  9   14     1.00000000000000E-99   1.00000000000000E-99
 10   14     1.00000000000000E-99   1.00000000000000E-99
 11   14     1.00000000000000E-99   1.00000000000000E-99
 12   14     1.00000000000000E-99   1.00000000000000E-99
 13   14     1.00000000000000E-99   1.00000000000000E-99
 14   14     2.02204880375686E-23   5.66173665051920E-22
 15   14     1.89215347788658E-19   5.48724508587109E-18
 16   14     3.13144250995771E-15   9.39432752987313E-14
 17   14     1.95593013217473E-13   6.06338340974166E-12
 18   14     7.05469728066901E-11   2.25750312981408E-09
 19   14     4.96433401741897E-10   1.63823022574826E-08
 20   14     2.75232915882985E-09   9.35791914002147E-08
 21   14     2.17649070844780E-09   7.61771747956729E-08
 22   14     1.97202977355495E-09   7.09930718479783E-08
 23   14     4.12505158218559E-09   1.52626908540867E-07
 24   14     1.68715362111178E-08   6.41118376022477E-07
 25   14     9.74580792315742E-10   3.80086509003140E-08
 26   14     6.95555609810532E-10   2.78222243924213E-08
 27   14     2.12724180244737E-10   8.72169139003424E-09
 28   14     7.25032938954666E-09   3.04513834360960E-07
 29   14     1.00000000000000E-99   1.00000000000000E-99
 30   14     1.00000000000000E-99   1.00000000000000E-99
 31   14     1.00000000000000E-99   1.00000000000000E-99
 32   14     1.00000000000000E-99   1.00000000000000E-99
 33   14     1.00000000000000E-99   1.00000000000000E-99
 34   14     1.00000000000000E-99   1.00000000000000E-99
 35   14     1.00000000000000E-99   1.00000000000000E-99
 36   14     1.00000000000000E-99   1.00000000000000E-99
 37   14     1.00000000000000E-99   1.00000000000000E-99
 38   14     1.00000000000000E-99   1.00000000000000E-99
 39   14     1.00000000000000E-99   1.00000000000000E-99
 40   14     1.00000000000000E-99   1.00000000000000E-99
  8   15     1.00000000000000E-99   1.00000000000000E-99
  9   15     1.00000000000000E-99   1.00000000000000E-99
 10   15     1.00000000000000E-99   1.00000000000000E-99
 11   15     1.00000000000000E-99   1.00000000000000E-99
 12   15     1.00000000000000E-99   1.00000000000000E-99
 13   15     1.00000000000000E-99   1.00000000000000E-99
 14   15     1.00000000000000E-99   1.00000000000000E-99
 15   15     1.00000000000000E-99   1.00000000000000E-99
 16   15     2.04760169190293E-20   6.34756524489909E-19
 17   15     3.86997252856048E-21   1.23839120913935E-19
 18   15     8.06219237459733E-14   2.66052348361712E-12
 19   15     8.58474548196710E-13   2.91881346386881E-11
 20   15     1.90193644299717E-11   6.65677755049011E-10
 21   15     1.84923081616316E-11   6.65723093818739E-10
 22   15     5.37594219021193E-10   1.98909861037841E-08
 23   15     9.78806865221166E-11   3.71946608784043E-09
 24   15     3.65073406143596E-10   1.42378628396003E-08
 25   15     3.82713718761400E-10   1.53085487504560E-08
 26   15     7.92441194826142E-09   3.24900889878718E-07
 27   15     2.82459281673840E-09   1.18632898303013E-07
 28   15     7.91403798056890E-08   3.40303633164463E-06
 29   15     4.47355339784942E-24   1.96836349505374E-22
 30   15     1.45230537118501E-17   6.53537417033257E-16
 31   15     1.00000000000000E-99   1.00000000000000E-99
 32   15     5.77951310048691E-19   2.71637115722885E-17
 33   15     1.00000000000000E-99   1.00000000000000E-99
 34   15     1.00000000000000E-99   1.00000000000000E-99
 35   15     1.00000000000000E-99   1.00000000000000E-99
 36   15     1.00000000000000E-99   1.00000000000000E-99
 37   15     1.00000000000000E-99   1.00000000000000E-99
 38   15     1.00000000000000E-99   1.00000000000000E-99
 39   15     1.00000000000000E-99   1.00000000000000E-99
 40   15     1.00000000000000E-99   1.00000000000000E-99
 41   15     1.00000000000000E-99   1.00000000000000E-99
 42   15     1.00000000000000E-99   1.00000000000000E-99
  8   16     1.00000000000000E-99   1.00000000000000E-99
  9   16     1.00000000000000E-99   1.00000000000000E-99
 10   16     1.00000000000000E-99   1.00000000000000E-99
 11   16     1.00000000000000E-99   1.00000000000000E-99
 12   16     1.00000000000000E-99   1.00000000000000E-99
 13   16     1.00000000000000E-99   1.00000000000000E-99
 14   16     1.00000000000000E-99   1.00000000000000E-99
 15   16     1.00000000000000E-99   1.00000000000000E-99
 16   16     1.00000000000000E-99   1.00000000000000E-99
 17   16     7.74137826453439E-25   2.55465482729635E-23
 18   16     1.97616052528245E-16   6.71894578596033E-15
 19   16     2.54239742113686E-16   8.89839097397900E-15
 20   16     1.49584166334491E-14   5.38502998804166E-13
 21   16     5.04904394975068E-13   1.86814626140775E-11
 22   16     1.96815395221400E-12   7.47898501841319E-11
 23   16     2.79684926610897E-12   1.09077121378250E-10
 24   16     1.72848465053961E-10   6.91393860215844E-09
 25   16     5.22165001567190E-10   2.14087650642548E-08
 26   16     3.25663760083728E-08   1.36778779235166E-06
 27   16     1.29111021978554E-08   5.55177394507783E-07
 28   16     1.29112178371965E-08   5.68093584836647E-07
 29   16     9.40887009396000E-10   4.23399154228200E-08
 30   16     6.82544833985087E-08   3.13970623633140E-06
 31   16     3.86305875758396E-15   1.81563761606446E-13
 32   16     2.81191507139780E-10   1.34971923427094E-08
 33   16     1.46353087972884E-23   7.17130131067130E-22
 34   16     2.02223190532179E-20   1.01111595266089E-18
 35   16     1.00000000000000E-99   1.00000000000000E-99
 36   16     1.00000000000000E-99   1.00000000000000E-99
 37   16     1.00000000000000E-99   1.00000000000000E-99
 38   16     1.00000000000000E-99   1.00000000000000E-99
 39   16     1.00000000000000E-99   1.00000000000000E-99
 40   16     1.00000000000000E-99   1.00000000000000E-99
 41   16     1.00000000000000E-99   1.00000000000000E-99
 42   16     1.00000000000000E-99   1.00000000000000E-99
 43   16     1.00000000000000E-99   1.00000000000000E-99
 44   16     1.00000000000000E-99   1.00000000000000E-99
  9   17     1.00000000000000E-99   1.00000000000000E-99
 10   17     1.00000000000000E-99   1.00000000000000E-99
 11   17     1.00000000000000E-99   1.00000000000000E-99
 12   17     1.00000000000000E-99   1.00000000000000E-99
 13   17     1.00000000000000E-99   1.00000000000000E-99
 14   17     1.00000000000000E-99   1.00000000000000E-99
 15   17     1.00000000000000E-99   1.00000000000000E-99
 16   17     1.00000000000000E-99   1.00000000000000E-99
 17   17     1.00000000000000E-99   1.00000000000000E-99
 18   17     1.00000000000000E-99   1.00000000000000E-99
 19   17     1.00000000000000E-99   1.00000000000000E-99
 20   17     1.98996889555660E-18   7.36288491355942E-17
 21   17     3.55998121157629E-19   1.35279286039899E-17
 22   17     2.02968388640313E-16   7.91576715697221E-15
 23   17     5.54542419928189E-15   2.21816967971276E-13
 24   17     2.25339301824281E-13   9.23891137479552E-12
 25   17     3.83053076888066E-11   1.60882292292988E-09
 26   17     3.14339636718905E-10   1.35166043789129E-08
 27   17     3.05357356623614E-10   1.34357236914390E-08
 28   17     1.94750144924712E-08   8.76375652161202E-07
 29   17     1.91753148118460E-09   8.82064481344916E-08
 30   17     1.45917881039600E-08   6.85814040886119E-07
 31   17     1.69138311757614E-10   8.11863896436549E-09
 32   17     6.20564932102025E-09   3.04076816729992E-07
 33   17     6.28567396197378E-14   3.14283698098689E-12
 34   17     1.63060615723025E-10   8.31609140187426E-09
 35   17     1.21758848338636E-24   6.33146011360908E-23
 36   17     2.73913231273604E-23   1.45174012575010E-21
 37   17     1.00000000000000E-99   1.00000000000000E-99
 38   17     1.00000000000000E-99   1.00000000000000E-99
 39   17     1.00000000000000E-99   1.00000000000000E-99
 40   17     1.00000000000000E-99   1.00000000000000E-99
 41   17     1.00000000000000E-99   1.00000000000000E-99
 42   17     1.00000000000000E-99   1.00000000000000E-99
 43   17     1.00000000000000E-99   1.00000000000000E-99
 44   17     1.00000000000000E-99   1.00000000000000E-99
 45   17     1.00000000000000E-99   1.00000000000000E-99
 46   17     1.00000000000000E-99   1.00000000000000E-99
  9   18     1.00000000000000E-99   1.00000000000000E-99
 10   18     1.00000000000000E-99   1.00000000000000E-99
 11   18     1.00000000000000E-99   1.00000000000000E-99
 12   18     1.00000000000000E-99   1.00000000000000E-99
 13   18     1.00000000000000E-99   1.00000000000000E-99
 14   18     1.00000000000000E-99   1.00000000000000E-99
 15   18     1.00000000000000E-99   1.00000000000000E-99
 16   18     1.00000000000000E-99   1.00000000000000E-99
 17   18     1.00000000000000E-99   1.00000000000000E-99
 18   18     1.00000000000000E-99   1.00000000000000E-99
 19   18     1.00000000000000E-99   1.00000000000000E-99
 20   18     1.00000000000000E-99   1.00000000000000E-99
 21   18     1.82171245915266E-23   7.10467859069538E-22
 22   18     5.53953318598382E-20   2.21581327439353E-18
 23   18     2.66924495120331E-18   1.09439042999336E-16
 24   18     6.95893310800219E-15   2.92275190536092E-13
 25   18     7.83404237147805E-14   3.36863821973556E-12
 26   18     1.98164632343650E-11   8.71924382312060E-10
 27   18     5.12924346370205E-11   2.30815955866592E-09
 28   18     7.78926045718187E-10   3.58305981030366E-08
 29   18     1.31744973751972E-09   6.19201376634270E-08
 30   18     9.49883228153652E-09   4.55943949513753E-07
 31   18     4.34562055943188E-10   2.12935407412162E-08
 32   18     7.44993537147447E-09   3.72496768573723E-07
 33   18     1.79481791296166E-11   9.15357135610448E-10
 34   18     4.21336857124952E-08   2.19095165704975E-06
 35   18     8.66467112003680E-18   4.59227569361951E-16
 36   18     9.15736188173903E-14   4.94497541613907E-12
 37   18     4.65887505142513E-19   2.56238127828382E-17
 38   18     1.60592641284516E-14   8.99318791193291E-13
 39   18     1.00000000000000E-99   1.00000000000000E-99
 40   18     1.00000000000000E-99   1.00000000000000E-99
 41   18     1.00000000000000E-99   1.00000000000000E-99
 42   18     1.00000000000000E-99   1.00000000000000E-99
 43   18     1.00000000000000E-99   1.00000000000000E-99
 44   18     1.00000000000000E-99   1.00000000000000E-99
 45   18     1.00000000000000E-99   1.00000000000000E-99
 46   18     1.00000000000000E-99   1.00000000000000E-99
 47   18     1.00000000000000E-99   1.00000000000000E-99
 48   18     1.00000000000000E-99   1.00000000000000E-99
 49   18     1.00000000000000E-99   1.00000000000000E-99
 10   19     1.00000000000000E-99   1.00000000000000E-99
 11   19     1.00000000000000E-99   1.00000000000000E-99
 12   19     1.00000000000000E-99   1.00000000000000E-99
 13   19     1.00000000000000E-99   1.00000000000000E-99
 14   19     1.00000000000000E-99   1.00000000000000E-99
 15   19     1.00000000000000E-99   1.00000000000000E-99
 16   19     1.00000000000000E-99   1.00000000000000E-99
 17   19     1.00000000000000E-99   1.00000000000000E-99
 18   19     1.00000000000000E-99   1.00000000000000E-99
 19   19     1.00000000000000E-99   1.00000000000000E-99
 20   19     1.00000000000000E-99   1.00000000000000E-99
 21   19     1.00000000000000E-99   1.00000000000000E-99
 22   19     1.00000000000000E-99   1.00000000000000E-99
 23   19     1.00000000000000E-99   1.00000000000000E-99
 24   19     5.38710917682613E-20   2.31645694603524E-18
 25   19     3.30858653251819E-18   1.45577807430801E-16
 26   19     1.96915595273547E-15   8.86120178730961E-14
 27   19     7.50907777912933E-14   3.45417577839949E-12
 28   19     1.66252002701324E-11   7.81384412696222E-10
 29   19     1.92623038060975E-11   9.24590582692679E-10
 30   19     4.21355674301561E-10   2.06464280407765E-08
 31   19     1.48412644651168E-10   7.42063223255839E-09
 32   19     1.70547071899840E-08   8.69790066689182E-07
 33   19     1.95693490749239E-09   1.01760615189604E-07
 34   19     9.76407128112565E-09   5.17495777899659E-07
 35   19     2.02960242744570E-10   1.09598531082068E-08
 36   19     4.62059499273368E-10   2.54132724600353E-08
 37   19     8.37112122335743E-12   4.68782788508016E-10
 38   19     1.40495299657608E-10   8.00823208048367E-09
 39   19     3.14781173456361E-20   1.82573080604690E-18
 40   19     4.27502549227057E-17   2.52226504043964E-15
 41   19     1.00000000000000E-99   1.00000000000000E-99
 42   19     1.00000000000000E-99   1.00000000000000E-99
 43   19     1.00000000000000E-99   1.00000000000000E-99
 44   19     1.00000000000000E-99   1.00000000000000E-99
 45   19     1.00000000000000E-99   1.00000000000000E-99
 46   19     1.00000000000000E-99   1.00000000000000E-99
 47   19     1.00000000000000E-99   1.00000000000000E-99
 48   19     1.00000000000000E-99   1.00000000000000E-99
 49   19     1.00000000000000E-99   1.00000000000000E-99
 50   19     1.00000000000000E-99   1.00000000000000E-99
 51   19     1.00000000000000E-99   1.00000000000000E-99
 10   20     1.00000000000000E-99   1.00000000000000E-99
 11   20     1.00000000000000E-99   1.00000000000000E-99
 12   20     1.00000000000000E-99   1.00000000000000E-99
 13   20     1.00000000000000E-99   1.00000000000000E-99
 14   20     1.00000000000000E-99   1.00000000000000E-99
 15   20     1.00000000000000E-99   1.00000000000000E-99
 16   20     1.00000000000000E-99   1.00000000000000E-99
 17   20     1.00000000000000E-99   1.00000000000000E-99
 18   20     1.00000000000000E-99   1.00000000000000E-99
 19   20     1.00000000000000E-99   1.00000000000000E-99
 20   20     1.00000000000000E-99   1.00000000000000E-99
 21   20     1.00000000000000E-99   1.00000000000000E-99
 22   20     1.00000000000000E-99   1.00000000000000E-99
 23   20     1.00000000000000E-99   1.00000000000000E-99
 24   20     7.46276329419797E-25   3.28361584944711E-23
 25   20     3.36238628258024E-22   1.51307382716111E-20
 26   20     3.93289818362463E-19   1.80913316446733E-17
 27   20     6.38231403013426E-16   2.99968759416310E-14
 28   20     6.46043452022202E-13   3.10100856970657E-11
 29   20     6.38514003609065E-13   3.12871861768442E-11
 30   20     8.81755692712098E-11   4.40877846356049E-09
 31   20     4.01122820093106E-10   2.04572638247484E-08
 32   20     2.91526988487487E-09   1.51594034013493E-07
 33   20     1.16426544074349E-09   6.17060683594052E-08
 34   20     3.17097885271307E-09   1.71232858046506E-07
 35   20     1.27206512204580E-09   6.99635817125191E-08
 36   20     6.10242221108774E-09   3.41735643820914E-07
 37   20     4.08532653909090E-16   2.32863612728181E-14
 38   20     5.74448099899655E-08   3.33179897941800E-06
 39   20     6.24884435163510E-16   3.68681816746471E-14
 40   20     1.34005771539708E-09   8.04034629238248E-08
 41   20     1.80319885339455E-14   1.09995130057068E-12
 42   20     1.55518419271083E-14   9.64214199480714E-13
 43   20     1.00000000000000E-99   1.00000000000000E-99
 44   20     1.00000000000000E-99   1.00000000000000E-99
 45   20     1.00000000000000E-99   1.00000000000000E-99
 46   20     1.00000000000000E-99   1.00000000000000E-99
 47   20     1.00000000000000E-99   1.00000000000000E-99
 48   20     1.00000000000000E-99   1.00000000000000E-99
 49   20     1.00000000000000E-99   1.00000000000000E-99
 50   20     1.00000000000000E-99   1.00000000000000E-99
 51   20     1.00000000000000E-99   1.00000000000000E-99
 52   20     1.00000000000000E-99   1.00000000000000E-99
 53   20     1.00000000000000E-99   1.00000000000000E-99
 11   21     1.00000000000000E-99   1.00000000000000E-99
 12   21     1.00000000000000E-99   1.00000000000000E-99
 13   21     1.00000000000000E-99   1.00000000000000E-99
 14   21     1.00000000000000E-99   1.00000000000000E-99
 15   21     1.00000000000000E-99   1.00000000000000E-99
 16   21     1.00000000000000E-99   1.00000000000000E-99
 17   21     1.00000000000000E-99   1.00000000000000E-99
 18   21     1.00000000000000E-99   1.00000000000000E-99
 19   21     1.00000000000000E-99   1.00000000000000E-99
 20   21     1.00000000000000E-99   1.00000000000000E-99
 21   21     1.00000000000000E-99   1.00000000000000E-99
 22   21     1.00000000000000E-99   1.00000000000000E-99
 23   21     1.00000000000000E-99   1.00000000000000E-99
 24   21     1.00000000000000E-99   1.00000000000000E-99
 25   21     1.00000000000000E-99   1.00000000000000E-99
 26   21     1.67614248521380E-25   7.87786968050487E-24
 27   21     3.23846789022062E-25   1.55446458730590E-23
 28   21     1.12819008432971E-18   5.52813141321556E-17
 29   21     5.15282919535484E-15   2.57641459767742E-13
 30   21     6.64262931622922E-14   3.38774095127690E-12
 31   21     3.86965653053267E-12   2.01222139587699E-10
 32   21     6.84981613846597E-11   3.63040255338696E-09
 33   21     3.09429262335211E-10   1.67091801661014E-08
 34   21     8.18287983517014E-10   4.50058390934358E-08
 35   21     9.17855973283766E-10   5.13999345038909E-08
 36   21     1.02232721767243E-08   5.82726514073286E-07
 37   21     5.78110210354927E-10   3.35303922005858E-08
 38   21     5.17565456168687E-09   3.05363619139526E-07
 39   21     3.25377061554597E-10   1.95226236932758E-08
 40   21     7.08323090791740E-09   4.32077085382961E-07
 41   21     1.81974468239087E-18   1.12824170308234E-16
 42   21     1.59746194359011E-15   1.00640102446177E-13
 43   21     9.16092971376300E-21   5.86299501680832E-19
 44   21     3.10185127678172E-17   2.01620332990812E-15
 45   21     1.00000000000000E-99   1.00000000000000E-99
 46   21     2.55464054390739E-24   1.71160916441795E-22
 47   21     1.00000000000000E-99   1.00000000000000E-99
 48   21     1.00000000000000E-99   1.00000000000000E-99
 49   21     1.00000000000000E-99   1.00000000000000E-99
 50   21     1.00000000000000E-99   1.00000000000000E-99
 51   21     1.00000000000000E-99   1.00000000000000E-99
 52   21     1.00000000000000E-99   1.00000000000000E-99
 53   21     1.00000000000000E-99   1.00000000000000E-99
 54   21     1.00000000000000E-99   1.00000000000000E-99
 55   21     1.00000000000000E-99   1.00000000000000E-99
 12   22     1.00000000000000E-99   1.00000000000000E-99
 13   22     1.00000000000000E-99   1.00000000000000E-99
 14   22     1.00000000000000E-99   1.00000000000000E-99
 15   22     1.00000000000000E-99   1.00000000000000E-99
 16   22     1.00000000000000E-99   1.00000000000000E-99
 17   22     1.00000000000000E-99   1.00000000000000E-99
 18   22     1.00000000000000E-99   1.00000000000000E-99
 19   22     1.00000000000000E-99   1.00000000000000E-99
 20   22     1.00000000000000E-99   1.00000000000000E-99
 21   22     1.00000000000000E-99   1.00000000000000E-99
 22   22     1.00000000000000E-99   1.00000000000000E-99
 23   22     1.00000000000000E-99   1.00000000000000E-99
 24   22     1.00000000000000E-99   1.00000000000000E-99
 25   22     1.00000000000000E-99   1.00000000000000E-99
 26   22     1.00000000000000E-99   1.00000000000000E-99
 27   22     1.00000000000000E-99   1.00000000000000E-99
 28   22     3.04431738269975E-20   1.52215869134988E-18
 29   22     2.90309965978826E-18   1.48058082649201E-16
 30   22     4.62919239936067E-16   2.40718004766755E-14
 31   22     4.32259190833034E-14   2.29097371141508E-12
 32   22     5.79963144817682E-12   3.13180098201548E-10
 33   22     4.32201414663090E-11   2.37710778064700E-09
 34   22     1.38857528584102E-09   7.77602160070969E-08
 35   22     1.26016100434037E-09   7.18291772474012E-08
 36   22     4.73532156314400E-09   2.74648650662352E-07
 37   22     8.62443270309352E-10   5.08841529482518E-08
 38   22     1.32398170980231E-08   7.94389025881385E-07
 39   22     1.00740288264179E-09   6.14515758411494E-08
 40   22     2.41616268853644E-08   1.49802086689260E-06
 41   22     1.67786508440390E-11   1.05705500317446E-09
 42   22     5.33325373731657E-09   3.41328239188260E-07
 43   22     2.12673573257277E-17   1.38237822617230E-15
 44   22     3.83310654999698E-12   2.52985032299801E-10
 45   22     1.56038531330642E-20   1.04545815991530E-18
 46   22     1.44036444729821E-16   9.79447824162786E-15
 47   22     1.00000000000000E-99   1.00000000000000E-99
 48   22     2.96434934873702E-24   2.07504454411591E-22
 49   22     1.00000000000000E-99   1.00000000000000E-99
 50   22     1.00000000000000E-99   1.00000000000000E-99
 51   22     1.00000000000000E-99   1.00000000000000E-99
 52   22     1.00000000000000E-99   1.00000000000000E-99
 53   22     1.00000000000000E-99   1.00000000000000E-99
 54   22     1.00000000000000E-99   1.00000000000000E-99
 55   22     1.00000000000000E-99   1.00000000000000E-99
 56   22     1.00000000000000E-99   1.00000000000000E-99
 57   22     1.00000000000000E-99   1.00000000000000E-99
 58   22     1.00000000000000E-99   1.00000000000000E-99
 13   23     1.00000000000000E-99   1.00000000000000E-99
 14   23     1.00000000000000E-99   1.00000000000000E-99
 15   23     1.00000000000000E-99   1.00000000000000E-99
 16   23     1.00000000000000E-99   1.00000000000000E-99
 17   23     1.00000000000000E-99   1.00000000000000E-99
 18   23     1.00000000000000E-99   1.00000000000000E-99
 19   23     1.00000000000000E-99   1.00000000000000E-99
 20   23     1.00000000000000E-99   1.00000000000000E-99
 21   23     1.00000000000000E-99   1.00000000000000E-99
 22   23     1.00000000000000E-99   1.00000000000000E-99
 23   23     1.00000000000000E-99   1.00000000000000E-99
 24   23     1.00000000000000E-99   1.00000000000000E-99
 25   23     1.00000000000000E-99   1.00000000000000E-99
 26   23     1.00000000000000E-99   1.00000000000000E-99
 27   23     1.00000000000000E-99   1.00000000000000E-99
 28   23     7.36610615773994E-25   3.75671414044737E-23
 29   23     7.16273911654421E-22   3.72462434060299E-20
 30   23     4.88221727425773E-19   2.58757515535660E-17
 31   23     6.16950087695878E-16   3.33153047355774E-14
 32   23     2.93709246050013E-14   1.61540085327507E-12
 33   23     1.98551835013819E-12   1.11189027607739E-10
 34   23     3.02642840193665E-11   1.72506418910389E-09
 35   23     4.57371605160677E-11   2.65275530993193E-09
 36   23     3.10836100138152E-10   1.83393299081510E-08
 37   23     1.88963083309415E-10   1.13377849985649E-08
 38   23     3.15377858646165E-09   1.92380493774161E-07
 39   23     4.93242241526225E-10   3.05810189746260E-08
 40   23     9.60430420346528E-09   6.05071164818312E-07
 41   23     1.44115882452637E-10   9.22341647696877E-09
 42   23     1.85937122492365E-09   1.20859129620037E-07
 43   23     1.01828539915309E-10   6.72068363441041E-09
 44   23     7.39517293289495E-10   4.95476586503962E-08
 45   23     4.90759044795803E-11   3.33716150461146E-09
 46   23     1.01793795103175E-10   7.02377186211905E-09
 47   23     3.19756261421202E-14   2.23829382994842E-12
 48   23     1.14609499441871E-12   8.13727446037286E-11
 49   23     8.39391919162281E-17   6.04362181796842E-15
 50   23     6.24304156214020E-15   4.55742034036235E-13
 51   23     1.00000000000000E-99   1.00000000000000E-99
 52   23     1.00000000000000E-99   1.00000000000000E-99
 53   23     1.00000000000000E-99   1.00000000000000E-99
 54   23     1.00000000000000E-99   1.00000000000000E-99
 55   23     1.00000000000000E-99   1.00000000000000E-99
 56   23     1.00000000000000E-99   1.00000000000000E-99
 57   23     1.00000000000000E-99   1.00000000000000E-99
 58   23     1.00000000000000E-99   1.00000000000000E-99
 59   23     1.00000000000000E-99   1.00000000000000E-99
 60   23     1.00000000000000E-99   1.00000000000000E-99
 14   24     1.00000000000000E-99   1.00000000000000E-99
 15   24     1.00000000000000E-99   1.00000000000000E-99
 16   24     1.00000000000000E-99   1.00000000000000E-99
 17   24     1.00000000000000E-99   1.00000000000000E-99
 18   24     1.00000000000000E-99   1.00000000000000E-99
 19   24     1.00000000000000E-99   1.00000000000000E-99
 20   24     1.00000000000000E-99   1.00000000000000E-99
 21   24     1.00000000000000E-99   1.00000000000000E-99
 22   24     1.00000000000000E-99   1.00000000000000E-99
 23   24     1.00000000000000E-99   1.00000000000000E-99
 24   24     1.00000000000000E-99   1.00000000000000E-99
 25   24     1.00000000000000E-99   1.00000000000000E-99
 26   24     1.00000000000000E-99   1.00000000000000E-99
 27   24     1.00000000000000E-99   1.00000000000000E-99
 28   24     1.00000000000000E-99   1.00000000000000E-99
 29   24     3.16439227053351E-25   1.67712790338276E-23
 30   24     4.57631119390032E-21   2.47120804470617E-19
 31   24     1.13318925052205E-18   6.23254087787127E-17
 32   24     6.08835562752705E-15   3.40947915141515E-13
 33   24     5.06744710317409E-14   2.88844484880923E-12
 34   24     6.26507004438813E-13   3.63374062574511E-11
 35   24     1.86118495726131E-12   1.09809912478417E-10
 36   24     1.64297189450021E-11   9.85783136700127E-10
 37   24     3.63894653089598E-11   2.21975738384655E-09
 38   24     9.43628871509542E-10   5.85049900335916E-08
 39   24     7.12202882728594E-10   4.48687816119014E-08
 40   24     4.53823863763641E-09   2.90447272808730E-07
 41   24     1.34973617297895E-10   8.77328512436315E-09
 42   24     1.45676007329942E-09   9.61461648377614E-08
 43   24     4.28299797129622E-10   2.86960864076847E-08
 44   24     3.68134075612991E-09   2.50331171416834E-07
 45   24     6.47548691814837E-10   4.46808597352238E-08
 46   24     4.61493513396289E-09   3.23045459377402E-07
 47   24     2.98823203018895E-11   2.12164474143416E-09
 48   24     7.15001813191271E-10   5.14801305497715E-08
 49   24     4.09492346668602E-12   2.98929413068080E-10
 50   24     4.99239669939347E-11   3.69437355755117E-09
 51   24     1.00000000000000E-99   1.00000000000000E-99
 52   24     1.00000000000000E-99   1.00000000000000E-99
 53   24     1.00000000000000E-99   1.00000000000000E-99
 54   24     1.00000000000000E-99   1.00000000000000E-99
 55   24     1.00000000000000E-99   1.00000000000000E-99
 56   24     1.00000000000000E-99   1.00000000000000E-99
 57   24     1.00000000000000E-99   1.00000000000000E-99
 58   24     1.00000000000000E-99   1.00000000000000E-99
 59   24     1.00000000000000E-99   1.00000000000000E-99
 60   24     1.00000000000000E-99   1.00000000000000E-99
 61   24     1.00000000000000E-99   1.00000000000000E-99
 62   24     1.00000000000000E-99   1.00000000000000E-99
 15   25     1.00000000000000E-99   1.00000000000000E-99
 16   25     1.00000000000000E-99   1.00000000000000E-99
 17   25     1.00000000000000E-99   1.00000000000000E-99
 18   25     1.00000000000000E-99   1.00000000000000E-99
 19   25     1.00000000000000E-99   1.00000000000000E-99
 20   25     1.00000000000000E-99   1.00000000000000E-99
 21   25     1.00000000000000E-99   1.00000000000000E-99
 22   25     1.00000000000000E-99   1.00000000000000E-99
 23   25     1.00000000000000E-99   1.00000000000000E-99
 24   25     1.00000000000000E-99   1.00000000000000E-99
 25   25     1.00000000000000E-99   1.00000000000000E-99
 26   25     1.00000000000000E-99   1.00000000000000E-99
 27   25     1.00000000000000E-99   1.00000000000000E-99
 28   25     1.00000000000000E-99   1.00000000000000E-99
 29   25     1.00000000000000E-99   1.00000000000000E-99
 30   25     4.55742024405938E-25   2.50658113423266E-23
 31   25     1.08961030525808E-21   6.10181770944524E-20
 32   25     4.82090559629846E-19   2.74791618989012E-17
 33   25     8.04572356929026E-18   4.66651967018835E-16
 34   25     5.97525412913441E-16   3.52539993618930E-14
 35   25     4.51584689097441E-15   2.70950813458465E-13
 36   25     1.01963441482227E-13   6.21976993041584E-12
 37   25     8.04609528920250E-13   4.98857907930555E-11
 38   25     5.24707158799726E-12   3.30565510043827E-10
 39   25     1.40123819217078E-11   8.96792442989296E-10
 40   25     1.57820554407024E-10   1.02583360364565E-08
 41   25     2.03428031846442E-11   1.34262501018652E-09
 42   25     6.71870905303638E-10   4.50153506553437E-08
 43   25     7.57082295979879E-11   5.14815961266318E-09
 44   25     1.32283989444772E-09   9.12759527168926E-08
 45   25     5.33448371512666E-11   3.73413860058866E-09
 46   25     2.88376970415506E-09   2.04747648995009E-07
 47   25     3.58173567726494E-10   2.57884968763076E-08
 48   25     8.64399531090562E-10   6.31011657696110E-08
 49   25     6.64913630186130E-11   4.92036086337736E-09
 50   25     1.16422124705930E-10   8.73165935294472E-09
 51   25     1.01210615414518E-22   7.69200677150335E-21
 52   25     6.19332913425539E-21   4.76886343337665E-19
 53   25     1.00000000000000E-99   1.00000000000000E-99
 54   25     1.00000000000000E-99   1.00000000000000E-99
 55   25     1.00000000000000E-99   1.00000000000000E-99
 56   25     1.00000000000000E-99   1.00000000000000E-99
 57   25     1.00000000000000E-99   1.00000000000000E-99
 58   25     1.00000000000000E-99   1.00000000000000E-99
 59   25     1.00000000000000E-99   1.00000000000000E-99
 60   25     1.00000000000000E-99   1.00000000000000E-99
 61   25     1.00000000000000E-99   1.00000000000000E-99
 62   25     1.00000000000000E-99   1.00000000000000E-99
 63   25     1.00000000000000E-99   1.00000000000000E-99
 64   25     1.00000000000000E-99   1.00000000000000E-99
 16   26     1.00000000000000E-99   1.00000000000000E-99
 17   26     1.00000000000000E-99   1.00000000000000E-99
 18   26     1.00000000000000E-99   1.00000000000000E-99
 19   26     1.00000000000000E-99   1.00000000000000E-99
 20   26     1.00000000000000E-99   1.00000000000000E-99
 21   26     1.00000000000000E-99   1.00000000000000E-99
 22   26     1.00000000000000E-99   1.00000000000000E-99
 23   26     1.00000000000000E-99   1.00000000000000E-99
 24   26     1.00000000000000E-99   1.00000000000000E-99
 25   26     1.00000000000000E-99   1.00000000000000E-99
 26   26     1.00000000000000E-99   1.00000000000000E-99
 27   26     1.00000000000000E-99   1.00000000000000E-99
 28   26     1.00000000000000E-99   1.00000000000000E-99
 29   26     1.00000000000000E-99   1.00000000000000E-99
 30   26     1.00000000000000E-99   1.00000000000000E-99
 31   26     3.85246130213922E-25   2.19590294221936E-23
 32   26     5.05240679372827E-22   2.93039594036239E-20
 33   26     1.76926916461683E-20   1.04386880712393E-18
 34   26     7.82312406299743E-18   4.69387443779846E-16
 35   26     4.49795915531430E-17   2.74375508474172E-15
 36   26     2.73348869449643E-16   1.69476299058779E-14
 37   26     2.86861697617122E-14   1.80722869498787E-12
 38   26     3.06013740456593E-13   1.95848793892219E-11
 39   26     8.88648276948074E-13   5.77621380016248E-11
 40   26     4.17359714364775E-12   2.75457411480752E-10
 41   26     1.29560694899542E-11   8.68056655826934E-10
 42   26     1.30695749241654E-10   8.88731094843244E-09
 43   26     1.44664244369796E-10   9.98183286151593E-09
 44   26     9.46487207414525E-10   6.62541045190167E-08
 45   26     3.23538850382941E-10   2.29712583771888E-08
 46   26     2.99772426291646E-09   2.15836146929985E-07
 47   26     7.53111942244759E-10   5.49771717838674E-08
 48   26     7.38159566782382E-09   5.46238079418963E-07
 49   26     2.09449553645773E-09   1.57087165234330E-07
 50   26     2.68645253452315E-08   2.04170392623759E-06
 51   26     3.58635871502719E-20   2.76149621057093E-18
 52   26     1.13677856641701E-14   8.86687281805266E-13
 53   26     1.00000000000000E-99   1.00000000000000E-99
 54   26     5.65127691367144E-25   4.52102153093715E-23
 55   26     1.00000000000000E-99   1.00000000000000E-99
 56   26     1.00000000000000E-99   1.00000000000000E-99
 57   26     1.00000000000000E-99   1.00000000000000E-99
 58   26     1.00000000000000E-99   1.00000000000000E-99
 59   26     1.00000000000000E-99   1.00000000000000E-99
 60   26     1.00000000000000E-99   1.00000000000000E-99
 61   26     1.00000000000000E-99   1.00000000000000E-99
 62   26     1.00000000000000E-99   1.00000000000000E-99
 63   26     1.00000000000000E-99   1.00000000000000E-99
 64   26     1.00000000000000E-99   1.00000000000000E-99
 65   26     1.00000000000000E-99   1.00000000000000E-99
 66   26     1.00000000000000E-99   1.00000000000000E-99
 17   27     1.00000000000000E-99   1.00000000000000E-99
 18   27     1.00000000000000E-99   1.00000000000000E-99
 19   27     1.00000000000000E-99   1.00000000000000E-99
 20   27     1.00000000000000E-99   1.00000000000000E-99
 21   27     1.00000000000000E-99   1.00000000000000E-99
 22   27     1.00000000000000E-99   1.00000000000000E-99
 23   27     1.00000000000000E-99   1.00000000000000E-99
 24   27     1.00000000000000E-99   1.00000000000000E-99
 25   27     1.00000000000000E-99   1.00000000000000E-99
 26   27     1.00000000000000E-99   1.00000000000000E-99
 27   27     1.00000000000000E-99   1.00000000000000E-99
 28   27     1.00000000000000E-99   1.00000000000000E-99
 29   27     1.00000000000000E-99   1.00000000000000E-99
 30   27     1.00000000000000E-99   1.00000000000000E-99
 31   27     1.00000000000000E-99   1.00000000000000E-99
 32   27     1.00000000000000E-99   1.00000000000000E-99
 33   27     1.00000000000000E-99   1.00000000000000E-99
 34   27     1.41520076993322E-23   8.63272469659267E-22
 35   27     2.05511072888503E-22   1.27416865190872E-20
 36   27     9.73959675363510E-19   6.13594595479011E-17
 37   27     9.11168250003539E-18   5.83147680002265E-16
 38   27     3.52957042798384E-16   2.29422077818950E-14
 39   27     7.01341787271349E-16   4.62885579599090E-14
 40   27     1.63151288533424E-14   1.09311363317394E-12
 41   27     7.21921481054132E-14   4.90906607116810E-12
 42   27     3.89734825323519E-12   2.68917029473228E-10
 43   27     3.14614408276287E-12   2.20230085793401E-10
 44   27     5.32663492628937E-11   3.78191079766545E-09
 45   27     1.48128739219734E-11   1.06652692238208E-09
 46   27     3.12639745110140E-10   2.28227013930402E-08
 47   27     3.24177109156722E-11   2.39891060775974E-09
 48   27     8.56813989521724E-09   6.42610492141293E-07
 49   27     2.48405787950636E-09   1.88788398842483E-07
 50   27     2.29847339281086E-08   1.76982451246437E-06
 51   27     2.07154504623912E-12   1.61580513606651E-10
 52   27     8.16775202615996E-10   6.45252410066637E-08
 53   27     9.49746565438813E-19   7.59797252351050E-17
 54   27     3.11668132986083E-15   2.52451187718727E-13
 55   27     1.00000000000000E-99   1.00000000000000E-99
 56   27     3.46581800412165E-25   2.87662894342097E-23
 57   27     1.00000000000000E-99   1.00000000000000E-99
 58   27     1.00000000000000E-99   1.00000000000000E-99
 59   27     1.00000000000000E-99   1.00000000000000E-99
 60   27     1.00000000000000E-99   1.00000000000000E-99
 61   27     1.00000000000000E-99   1.00000000000000E-99
 62   27     1.00000000000000E-99   1.00000000000000E-99
 63   27     1.00000000000000E-99   1.00000000000000E-99
 64   27     1.00000000000000E-99   1.00000000000000E-99
 65   27     1.00000000000000E-99   1.00000000000000E-99
 66   27     1.00000000000000E-99   1.00000000000000E-99
 67   27     1.00000000000000E-99   1.00000000000000E-99
 68   27     1.00000000000000E-99   1.00000000000000E-99
 69   27     1.00000000000000E-99   1.00000000000000E-99
 18   28     1.00000000000000E-99   1.00000000000000E-99
 19   28     1.00000000000000E-99   1.00000000000000E-99
 20   28     1.00000000000000E-99   1.00000000000000E-99
 21   28     1.00000000000000E-99   1.00000000000000E-99
 22   28     1.00000000000000E-99   1.00000000000000E-99
 23   28     1.00000000000000E-99   1.00000000000000E-99
 24   28     1.00000000000000E-99   1.00000000000000E-99
 25   28     1.00000000000000E-99   1.00000000000000E-99
 26   28     1.00000000000000E-99   1.00000000000000E-99
 27   28     1.00000000000000E-99   1.00000000000000E-99
 28   28     1.00000000000000E-99   1.00000000000000E-99
 29   28     1.00000000000000E-99   1.00000000000000E-99
 30   28     1.00000000000000E-99   1.00000000000000E-99
 31   28     1.00000000000000E-99   1.00000000000000E-99
 32   28     1.00000000000000E-99   1.00000000000000E-99
 33   28     1.00000000000000E-99   1.00000000000000E-99
 34   28     1.00000000000000E-99   1.00000000000000E-99
 35   28     3.83885493851140E-24   2.41847861126218E-22
 36   28     9.58088590174936E-21   6.13176697711959E-19
 37   28     4.89172565372089E-20   3.17962167491858E-18
 38   28     2.16408247741750E-18   1.42829443509555E-16
 39   28     1.50116681629565E-17   1.00578176691808E-15
 40   28     8.48353220124598E-16   5.76880189684727E-14
 41   28     1.44274954976990E-14   9.95497189341229E-13
 42   28     1.08397412279181E-13   7.58781885954265E-12
 43   28     6.04764068170275E-13   4.29382488400895E-11
 44   28     3.03933211712315E-12   2.18831912432866E-10
 45   28     1.18208427999714E-11   8.62921524397913E-10
 46   28     2.30169810827643E-10   1.70325660012456E-08
 47   28     2.39840557301771E-10   1.79880417976328E-08
 48   28     2.54371357406511E-09   1.93322231628948E-07
 49   28     1.27976053097005E-09   9.85415608846939E-08
 50   28     7.15841736984109E-08   5.58356554847605E-06
 51   28     1.56854879694591E-15   1.23915354958727E-13
 52   28     4.98920610742753E-08   3.99136488594202E-06
 53   28     1.36488227835789E-18   1.10555464546989E-16
 54   28     1.30478239991407E-10   1.06992156792954E-08
 55   28     1.00000000000000E-99   1.00000000000000E-99
 56   28     4.27997453219566E-23   3.59517860704435E-21
 57   28     1.00000000000000E-99   1.00000000000000E-99
 58   28     1.00000000000000E-99   1.00000000000000E-99
 59   28     1.00000000000000E-99   1.00000000000000E-99
 60   28     1.00000000000000E-99   1.00000000000000E-99
 61   28     1.00000000000000E-99   1.00000000000000E-99
 62   28     1.00000000000000E-99   1.00000000000000E-99
 63   28     1.00000000000000E-99   1.00000000000000E-99
 64   28     1.00000000000000E-99   1.00000000000000E-99
 65   28     1.00000000000000E-99   1.00000000000000E-99
 66   28     1.00000000000000E-99   1.00000000000000E-99
 67   28     1.00000000000000E-99   1.00000000000000E-99
 68   28     1.00000000000000E-99   1.00000000000000E-99
 69   28     1.00000000000000E-99   1.00000000000000E-99
 70   28     1.00000000000000E-99   1.00000000000000E-99
 71   28     1.00000000000000E-99   1.00000000000000E-99
 19   29     1.00000000000000E-99   1.00000000000000E-99
 20   29     1.00000000000000E-99   1.00000000000000E-99
 21   29     1.00000000000000E-99   1.00000000000000E-99
 22   29     1.00000000000000E-99   1.00000000000000E-99
 23   29     1.00000000000000E-99   1.00000000000000E-99
 24   29     1.00000000000000E-99   1.00000000000000E-99
 25   29     1.00000000000000E-99   1.00000000000000E-99
 26   29     1.00000000000000E-99   1.00000000000000E-99
 27   29     1.00000000000000E-99   1.00000000000000E-99
 28   29     1.00000000000000E-99   1.00000000000000E-99
 29   29     1.00000000000000E-99   1.00000000000000E-99
 30   29     1.00000000000000E-99   1.00000000000000E-99
 31   29     1.00000000000000E-99   1.00000000000000E-99
 32   29     1.00000000000000E-99   1.00000000000000E-99
 33   29     1.00000000000000E-99   1.00000000000000E-99
 34   29     1.00000000000000E-99   1.00000000000000E-99
 35   29     1.00000000000000E-99   1.00000000000000E-99
 36   29     1.00000000000000E-99   1.00000000000000E-99
 37   29     1.00000000000000E-99   1.00000000000000E-99
 38   29     6.78277610688610E-23   4.54445999161369E-21
 39   29     1.45025818283664E-21   9.86175564328916E-20
 40   29     2.28423494860486E-19   1.57612211453735E-17
 41   29     8.88025003141976E-19   6.21617502199383E-17
 42   29     5.84449174856966E-17   4.14958914148446E-15
 43   29     1.15852597831119E-16   8.34138704384059E-15
 44   29     1.30490072270781E-14   9.52577527576701E-13
 45   29     4.50955988297691E-14   3.33707431340291E-12
 46   29     3.72683423622238E-12   2.79512567716678E-10
 47   29     5.71156618225985E-12   4.34079029851748E-10
 48   29     5.35213367642185E-10   4.12114293084482E-08
 49   29     1.00303627675684E-09   7.82368295870338E-08
 50   29     1.98546486795527E-08   1.56851724568466E-06
 51   29     4.96451544427272E-10   3.97161235541818E-08
 52   29     5.28039337866320E-09   4.27711863671719E-07
 53   29     1.59760791728905E-10   1.31003849217702E-08
 54   29     4.70489483258715E-09   3.90506271104734E-07
 55   29     1.21287060771168E-13   1.01881131047781E-11
 56   29     1.21258767589909E-09   1.03069952451423E-07
 57   29     1.49101693962166E-18   1.28227456807463E-16
 58   29     1.73304093257240E-16   1.50774561133799E-14
 59   29     1.00000000000000E-99   1.00000000000000E-99
 60   29     4.47678375128844E-20   3.98433753864671E-18
 61   29     1.00000000000000E-99   1.00000000000000E-99
 62   29     1.00000000000000E-99   1.00000000000000E-99
 63   29     1.00000000000000E-99   1.00000000000000E-99
 64   29     1.00000000000000E-99   1.00000000000000E-99
 65   29     1.00000000000000E-99   1.00000000000000E-99
 66   29     1.00000000000000E-99   1.00000000000000E-99
 67   29     1.00000000000000E-99   1.00000000000000E-99
 68   29     1.00000000000000E-99   1.00000000000000E-99
 69   29     1.00000000000000E-99   1.00000000000000E-99
 70   29     1.00000000000000E-99   1.00000000000000E-99
 71   29     1.00000000000000E-99   1.00000000000000E-99
 72   29     1.00000000000000E-99   1.00000000000000E-99
 73   29     1.00000000000000E-99   1.00000000000000E-99
 21   30     1.00000000000000E-99   1.00000000000000E-99
 22   30     1.00000000000000E-99   1.00000000000000E-99
 23   30     1.00000000000000E-99   1.00000000000000E-99
 24   30     1.00000000000000E-99   1.00000000000000E-99
 25   30     1.00000000000000E-99   1.00000000000000E-99
 26   30     1.00000000000000E-99   1.00000000000000E-99
 27   30     1.00000000000000E-99   1.00000000000000E-99
 28   30     1.00000000000000E-99   1.00000000000000E-99
 29   30     1.00000000000000E-99   1.00000000000000E-99
 30   30     1.00000000000000E-99   1.00000000000000E-99
 31   30     1.00000000000000E-99   1.00000000000000E-99
 32   30     1.00000000000000E-99   1.00000000000000E-99
 33   30     1.00000000000000E-99   1.00000000000000E-99
 34   30     1.00000000000000E-99   1.00000000000000E-99
 35   30     1.00000000000000E-99   1.00000000000000E-99
 36   30     1.00000000000000E-99   1.00000000000000E-99
 37   30     1.00000000000000E-99   1.00000000000000E-99
 38   30     1.00000000000000E-99   1.00000000000000E-99
 39   30     1.00000000000000E-99   1.00000000000000E-99
 40   30     2.69766101549280E-24   1.88836271084496E-22
 41   30     1.94715517021795E-22   1.38248017085475E-20
 42   30     5.81004545012272E-21   4.18323272408835E-19
 43   30     4.13710049690002E-19   3.02008336273701E-17
 44   30     1.20358306337885E-16   8.90651466900352E-15
 45   30     1.16059109946691E-15   8.70443324600185E-14
 46   30     5.13060730851519E-13   3.89926155447154E-11
 47   30     4.62112765854428E-12   3.55826829707909E-10
 48   30     1.00629108950043E-10   7.84907049810334E-09
 49   30     5.78455889827481E-10   4.56980152963710E-08
 50   30     1.09529221731550E-09   8.76233773852398E-08
 51   30     5.67220382267186E-10   4.59448509636421E-08
 52   30     4.35634515128764E-09   3.57220302405586E-07
 53   30     6.78786180981463E-10   5.63392530214614E-08
 54   30     8.35341260244038E-09   7.01686658604992E-07
 55   30     1.52126357722240E-10   1.29307404063904E-08
 56   30     3.00693020197724E-08   2.58595997370042E-06
 57   30     1.80381533986312E-17   1.56931934568092E-15
 58   30     6.90388241691191E-12   6.07541652688248E-10
 59   30     9.74127178894427E-22   8.66973189216040E-20
 60   30     5.23485481221464E-15   4.71136933099317E-13
 61   30     1.00000000000000E-99   1.00000000000000E-99
 62   30     1.53763904593476E-22   1.41462792225998E-20
 63   30     1.00000000000000E-99   1.00000000000000E-99
 64   30     1.00000000000000E-99   1.00000000000000E-99
 65   30     1.00000000000000E-99   1.00000000000000E-99
 66   30     1.00000000000000E-99   1.00000000000000E-99
 67   30     1.00000000000000E-99   1.00000000000000E-99
 68   30     1.00000000000000E-99   1.00000000000000E-99
 69   30     1.00000000000000E-99   1.00000000000000E-99
 70   30     1.00000000000000E-99   1.00000000000000E-99
 71   30     1.00000000000000E-99   1.00000000000000E-99
 72   30     1.00000000000000E-99   1.00000000000000E-99
 73   30     1.00000000000000E-99   1.00000000000000E-99
 74   30     1.00000000000000E-99   1.00000000000000E-99
 75   30     1.00000000000000E-99   1.00000000000000E-99
 22   31     1.00000000000000E-99   1.00000000000000E-99
 23   31     1.00000000000000E-99   1.00000000000000E-99
 24   31     1.00000000000000E-99   1.00000000000000E-99
 25   31     1.00000000000000E-99   1.00000000000000E-99
 26   31     1.00000000000000E-99   1.00000000000000E-99
 27   31     1.00000000000000E-99   1.00000000000000E-99
 28   31     1.00000000000000E-99   1.00000000000000E-99
 29   31     1.00000000000000E-99   1.00000000000000E-99
 30   31     1.00000000000000E-99   1.00000000000000E-99
 31   31     1.00000000000000E-99   1.00000000000000E-99
 32   31     1.00000000000000E-99   1.00000000000000E-99
 33   31     1.00000000000000E-99   1.00000000000000E-99
 34   31     1.00000000000000E-99   1.00000000000000E-99
 35   31     1.00000000000000E-99   1.00000000000000E-99
 36   31     1.00000000000000E-99   1.00000000000000E-99
 37   31     1.00000000000000E-99   1.00000000000000E-99
 38   31     1.00000000000000E-99   1.00000000000000E-99
 39   31     1.00000000000000E-99   1.00000000000000E-99
 40   31     1.00000000000000E-99   1.00000000000000E-99
 41   31     1.00000000000000E-99   1.00000000000000E-99
 42   31     9.18356143283353E-25   6.70399984596848E-23
 43   31     3.45526617280891E-23   2.55689696787859E-21
 44   31     2.46856763713062E-20   1.85142572784797E-18
 45   31     2.96855342774246E-18   2.25610060508427E-16
 46   31     8.79144197308501E-16   6.76941031927546E-14
 47   31     8.91139899176355E-15   6.95089121357557E-13
 48   31     5.33547129186943E-13   4.21502232057685E-11
 49   31     1.66006771655637E-13   1.32805417324510E-11
 50   31     4.43453362416233E-11   3.59197223557149E-09
 51   31     3.15813745497219E-12   2.58967271307720E-10
 52   31     1.03599226824960E-10   8.59873582647165E-09
 53   31     3.97009612047918E-11   3.33488074120251E-09
 54   31     7.62941671846977E-09   6.48500421069930E-07
 55   31     1.03846926102822E-09   8.93083564484265E-08
 56   31     8.62142600825548E-09   7.50064062718227E-07
 57   31     1.60581045492749E-10   1.41311320033619E-08
 58   31     1.92767939926510E-09   1.71563466534594E-07
 59   31     5.22470900935461E-13   4.70223810841915E-11
 60   31     2.87815136957410E-10   2.61911774631243E-08
 61   31     3.98997399425833E-14   3.67077607471766E-12
 62   31     1.03305820006861E-10   9.60744126063806E-09
 63   31     8.45793246595391E-18   7.95045651799667E-16
 64   31     3.94863296607954E-14   3.75120131777556E-12
 65   31     1.00000000000000E-99   1.00000000000000E-99
 66   31     7.07973071773751E-24   6.86733879620538E-22
 67   31     1.00000000000000E-99   1.00000000000000E-99
 68   31     1.00000000000000E-99   1.00000000000000E-99
 69   31     1.00000000000000E-99   1.00000000000000E-99
 70   31     1.00000000000000E-99   1.00000000000000E-99
 71   31     1.00000000000000E-99   1.00000000000000E-99
 72   31     1.00000000000000E-99   1.00000000000000E-99
 73   31     1.00000000000000E-99   1.00000000000000E-99
 74   31     1.00000000000000E-99   1.00000000000000E-99
 75   31     1.00000000000000E-99   1.00000000000000E-99
 76   31     1.00000000000000E-99   1.00000000000000E-99
 77   31     1.00000000000000E-99   1.00000000000000E-99
 23   32     1.00000000000000E-99   1.00000000000000E-99
 24   32     1.00000000000000E-99   1.00000000000000E-99
 25   32     1.00000000000000E-99   1.00000000000000E-99
 26   32     1.00000000000000E-99   1.00000000000000E-99
 27   32     1.00000000000000E-99   1.00000000000000E-99
 28   32     1.00000000000000E-99   1.00000000000000E-99
 29   32     1.00000000000000E-99   1.00000000000000E-99
 30   32     1.00000000000000E-99   1.00000000000000E-99
 31   32     1.00000000000000E-99   1.00000000000000E-99
 32   32     1.00000000000000E-99   1.00000000000000E-99
 33   32     1.00000000000000E-99   1.00000000000000E-99
 34   32     1.00000000000000E-99   1.00000000000000E-99
 35   32     1.00000000000000E-99   1.00000000000000E-99
 36   32     1.00000000000000E-99   1.00000000000000E-99
 37   32     1.00000000000000E-99   1.00000000000000E-99
 38   32     1.00000000000000E-99   1.00000000000000E-99
 39   32     1.00000000000000E-99   1.00000000000000E-99
 40   32     1.00000000000000E-99   1.00000000000000E-99
 41   32     1.00000000000000E-99   1.00000000000000E-99
 42   32     1.00000000000000E-99   1.00000000000000E-99
 43   32     1.00000000000000E-99   1.00000000000000E-99
 44   32     1.20021930447615E-23   9.12166671401870E-22
 45   32     3.92539928069877E-21   3.02255744613805E-19
 46   32     7.60170719241645E-19   5.92933161008483E-17
 47   32     2.75760359205363E-17   2.17850683772237E-15
 48   32     3.62611831872684E-15   2.90089465498147E-13
 49   32     2.49291058964392E-14   2.01925757761158E-12
 50   32     8.64643725193003E-13   7.09007854658263E-11
 51   32     2.65480876161865E-12   2.20349127214348E-10
 52   32     2.36346164721638E-10   1.98530778366176E-08
 53   32     2.88801607875153E-11   2.45481366693880E-09
 54   32     1.21933269476231E-09   1.04862611749559E-07
 55   32     1.64348001654228E-10   1.42982761439178E-08
 56   32     3.67534241403116E-09   3.23430132434742E-07
 57   32     2.41461695606091E-10   2.14900909089421E-08
 58   32     2.74927114490268E-09   2.47434403041242E-07
 59   32     8.38490265299064E-11   7.63026141422148E-09
 60   32     2.26340985733037E-09   2.08233706874394E-07
 61   32     1.12995915247258E-10   1.05086201179950E-08
 62   32     7.28237878927062E-09   6.84543606191438E-07
 63   32     1.27548891899132E-15   1.21171447304175E-13
 64   32     6.59508456087642E-11   6.33128117844136E-09
 65   32     3.45639378962779E-21   3.35270197593896E-19
 66   32     4.77948092818874E-17   4.68389130962497E-15
 67   32     1.00000000000000E-99   1.00000000000000E-99
 68   32     5.11163692744581E-23   5.11163692744581E-21
 69   32     1.00000000000000E-99   1.00000000000000E-99
 70   32     1.00000000000000E-99   1.00000000000000E-99
 71   32     1.00000000000000E-99   1.00000000000000E-99
 72   32     1.00000000000000E-99   1.00000000000000E-99
 73   32     1.00000000000000E-99   1.00000000000000E-99
 74   32     1.00000000000000E-99   1.00000000000000E-99
 75   32     1.00000000000000E-99   1.00000000000000E-99
 76   32     1.00000000000000E-99   1.00000000000000E-99
 77   32     1.00000000000000E-99   1.00000000000000E-99
 78   32     1.00000000000000E-99   1.00000000000000E-99
 79   32     1.00000000000000E-99   1.00000000000000E-99
 80   32     1.00000000000000E-99   1.00000000000000E-99
 24   33     1.00000000000000E-99   1.00000000000000E-99
 25   33     1.00000000000000E-99   1.00000000000000E-99
 26   33     1.00000000000000E-99   1.00000000000000E-99
 27   33     1.00000000000000E-99   1.00000000000000E-99
 28   33     1.00000000000000E-99   1.00000000000000E-99
 29   33     1.00000000000000E-99   1.00000000000000E-99
 30   33     1.00000000000000E-99   1.00000000000000E-99
 31   33     1.00000000000000E-99   1.00000000000000E-99
 32   33     1.00000000000000E-99   1.00000000000000E-99
 33   33     1.00000000000000E-99   1.00000000000000E-99
 34   33     1.00000000000000E-99   1.00000000000000E-99
 35   33     1.00000000000000E-99   1.00000000000000E-99
 36   33     1.00000000000000E-99   1.00000000000000E-99
 37   33     1.00000000000000E-99   1.00000000000000E-99
 38   33     1.00000000000000E-99   1.00000000000000E-99
 39   33     1.00000000000000E-99   1.00000000000000E-99
 40   33     1.00000000000000E-99   1.00000000000000E-99
 41   33     1.00000000000000E-99   1.00000000000000E-99
 42   33     1.00000000000000E-99   1.00000000000000E-99
 43   33     1.00000000000000E-99   1.00000000000000E-99
 44   33     1.00000000000000E-99   1.00000000000000E-99
 45   33     1.00000000000000E-99   1.00000000000000E-99
 46   33     6.83849930700246E-23   5.40241445253194E-21
 47   33     1.94442183975754E-21   1.55553747180603E-19
 48   33     5.31016364946466E-19   4.30123255606637E-17
 49   33     8.21567272528438E-18   6.73685163473319E-16
 50   33     2.94467057448866E-14   2.44407657682559E-12
 51   33     3.34135654569435E-14   2.80673949838326E-12
 52   33     6.43658671648594E-13   5.47109870901305E-11
 53   33     9.45233202082915E-14   8.12900553791307E-12
 54   33     5.48731546584316E-12   4.77396445528355E-10
 55   33     2.36955152644449E-12   2.08520534327115E-10
 56   33     8.99221623557234E-11   8.00307244965939E-09
 57   33     2.39601237634613E-11   2.15641113871152E-09
 58   33     5.03771377051456E-10   4.58431953116825E-08
 59   33     8.49357356254560E-11   7.81408767754195E-09
 60   33     2.42494354669479E-09   2.25519749842615E-07
 61   33     4.55232098285184E-10   4.27918172388073E-08
 62   33     4.33377811987451E-09   4.11708921388078E-07
 63   33     1.44969838500065E-10   1.39171044960063E-08
 64   33     1.03210365192793E-09   1.00114054237009E-07
 65   33     5.71118538582779E-12   5.59696167811124E-10
 66   33     6.60677130495918E-11   6.54070359190959E-09
 67   33     8.76676736910998E-14   8.76676736910998E-12
 68   33     4.77685857734012E-12   4.82462716311352E-10
 69   33     1.10685422793163E-17   1.12899131249026E-15
 70   33     7.34849977609989E-14   7.56895476938288E-12
 71   33     1.00000000000000E-99   1.00000000000000E-99
 72   33     1.00000000000000E-99   1.00000000000000E-99
 73   33     1.00000000000000E-99   1.00000000000000E-99
 74   33     1.00000000000000E-99   1.00000000000000E-99
 75   33     1.00000000000000E-99   1.00000000000000E-99
 76   33     1.00000000000000E-99   1.00000000000000E-99
 77   33     1.00000000000000E-99   1.00000000000000E-99
 78   33     1.00000000000000E-99   1.00000000000000E-99
 79   33     1.00000000000000E-99   1.00000000000000E-99
 80   33     1.00000000000000E-99   1.00000000000000E-99
 81   33     1.00000000000000E-99   1.00000000000000E-99
 82   33     1.00000000000000E-99   1.00000000000000E-99
 25   34     1.00000000000000E-99   1.00000000000000E-99
 26   34     1.00000000000000E-99   1.00000000000000E-99
 27   34     1.00000000000000E-99   1.00000000000000E-99
 28   34     1.00000000000000E-99   1.00000000000000E-99
 29   34     1.00000000000000E-99   1.00000000000000E-99
 30   34     1.00000000000000E-99   1.00000000000000E-99
 31   34     1.00000000000000E-99   1.00000000000000E-99
 32   34     1.00000000000000E-99   1.00000000000000E-99
 33   34     1.00000000000000E-99   1.00000000000000E-99
 34   34     1.00000000000000E-99   1.00000000000000E-99
 35   34     1.00000000000000E-99   1.00000000000000E-99
 36   34     1.00000000000000E-99   1.00000000000000E-99
 37   34     1.00000000000000E-99   1.00000000000000E-99
 38   34     1.00000000000000E-99   1.00000000000000E-99
 39   34     1.00000000000000E-99   1.00000000000000E-99
 40   34     1.00000000000000E-99   1.00000000000000E-99
 41   34     1.00000000000000E-99   1.00000000000000E-99
 42   34     1.00000000000000E-99   1.00000000000000E-99
 43   34     1.00000000000000E-99   1.00000000000000E-99
 44   34     1.00000000000000E-99   1.00000000000000E-99
 45   34     1.00000000000000E-99   1.00000000000000E-99
 46   34     1.00000000000000E-99   1.00000000000000E-99
 47   34     5.88731627772688E-25   4.76872618495878E-23
 48   34     1.32970385826402E-22   1.09035716377650E-20
 49   34     2.47162153694289E-19   2.05144587566260E-17
 50   34     1.74944466971654E-16   1.46953352256189E-14
 51   34     3.07477782105836E-16   2.61356114789960E-14
 52   34     1.86498789173303E-15   1.60388958689040E-13
 53   34     1.31997243341666E-14   1.14837601707249E-12
 54   34     1.36075388383344E-12   1.19746341777343E-10
 55   34     6.92083106702621E-13   6.15953964965333E-11
 56   34     4.47705229854328E-11   4.02934706868896E-09
 57   34     1.18070585834606E-11   1.07444233109491E-09
 58   34     7.16631672305272E-10   6.59301138520850E-08
 59   34     1.08431429193182E-10   1.00841229149660E-08
 60   34     2.44795189309436E-09   2.30107477950870E-07
 61   34     3.06771042912280E-10   2.91432490766666E-08
 62   34     3.07471525355573E-09   2.95172664341350E-07
 63   34     2.35303234277028E-10   2.28244137248718E-08
 64   34     1.10313072374518E-09   1.08106810927028E-07
 65   34     5.80096096219950E-11   5.74295135257750E-09
 66   34     7.05876207234167E-10   7.05876207234167E-08
 67   34     1.48750594328396E-11   1.50238100271680E-09
 68   34     1.29837789061240E-10   1.32434544842465E-08
 69   34     1.74730882630867E-14   1.79972809109793E-12
 70   34     7.28042462532316E-12   7.57164161033609E-10
 71   34     2.00790905984093E-23   2.10830451283298E-21
 72   34     4.05622887141731E-21   4.29960260370235E-19
 73   34     1.00000000000000E-99   1.00000000000000E-99
 74   34     1.00000000000000E-99   1.00000000000000E-99
 75   34     1.00000000000000E-99   1.00000000000000E-99
 76   34     1.00000000000000E-99   1.00000000000000E-99
 77   34     1.00000000000000E-99   1.00000000000000E-99
 78   34     1.00000000000000E-99   1.00000000000000E-99
 79   34     1.00000000000000E-99   1.00000000000000E-99
 80   34     1.00000000000000E-99   1.00000000000000E-99
 81   34     1.00000000000000E-99   1.00000000000000E-99
 82   34     1.00000000000000E-99   1.00000000000000E-99
 83   34     1.00000000000000E-99   1.00000000000000E-99
 84   34     1.00000000000000E-99   1.00000000000000E-99
 26   35     1.00000000000000E-99   1.00000000000000E-99
 27   35     1.00000000000000E-99   1.00000000000000E-99
 28   35     1.00000000000000E-99   1.00000000000000E-99
 29   35     1.00000000000000E-99   1.00000000000000E-99
 30   35     1.00000000000000E-99   1.00000000000000E-99
 31   35     1.00000000000000E-99   1.00000000000000E-99
 32   35     1.00000000000000E-99   1.00000000000000E-99
 33   35     1.00000000000000E-99   1.00000000000000E-99
 34   35     1.00000000000000E-99   1.00000000000000E-99
 35   35     1.00000000000000E-99   1.00000000000000E-99
 36   35     1.00000000000000E-99   1.00000000000000E-99
 37   35     1.00000000000000E-99   1.00000000000000E-99
 38   35     1.00000000000000E-99   1.00000000000000E-99
 39   35     1.00000000000000E-99   1.00000000000000E-99
 40   35     1.00000000000000E-99   1.00000000000000E-99
 41   35     1.00000000000000E-99   1.00000000000000E-99
 42   35     1.00000000000000E-99   1.00000000000000E-99
 43   35     1.00000000000000E-99   1.00000000000000E-99
 44   35     1.00000000000000E-99   1.00000000000000E-99
 45   35     1.00000000000000E-99   1.00000000000000E-99
 46   35     1.00000000000000E-99   1.00000000000000E-99
 47   35     1.00000000000000E-99   1.00000000000000E-99
 48   35     1.00000000000000E-99   1.00000000000000E-99
 49   35     1.42274514332617E-23   1.19510592039398E-21
 50   35     2.28471724670791E-21   1.94200965970172E-19
 51   35     3.60475883957526E-20   3.10009260203472E-18
 52   35     1.59130380800271E-18   1.38443431296235E-16
 53   35     4.09356114462776E-17   3.60233380727243E-15
 54   35     7.80931450159566E-16   6.95028990642014E-14
 55   35     1.66592207332386E-15   1.49932986599147E-13
 56   35     8.52019923775653E-14   7.75338130635844E-12
 57   35     1.75059067457359E-13   1.61054342060770E-11
 58   35     1.50467036829469E-11   1.39934344251406E-09
 59   35     2.45755285536194E-12   2.31009968404022E-10
 60   35     4.61790125717664E-11   4.38700619431781E-09
 61   35     1.99725798678698E-11   1.91736766731550E-09
 62   35     2.60161425379705E-10   2.52356582618314E-08
 63   35     7.55512251402972E-11   7.40402006374913E-09
 64   35     4.99677622916180E-10   4.94680846687019E-08
 65   35     1.01776065834747E-10   1.01776065834747E-08
 66   35     5.50285779832764E-10   5.55788637631092E-08
 67   35     9.43236722307021E-11   9.62101456753161E-09
 68   35     4.16398285580528E-10   4.28890234147944E-08
 69   35     4.49537165299263E-11   4.67518651911233E-09
 70   35     1.29921548700893E-10   1.36417626135938E-08
 71   35     4.06926966307141E-16   4.31342584285570E-14
 72   35     5.60126101249961E-14   5.99334928337459E-12
 73   35     5.51996311994035E-22   5.96156016953558E-20
 74   35     1.53406810322201E-18   1.67213423251199E-16
 75   35     1.00000000000000E-99   1.00000000000000E-99
 76   35     1.00000000000000E-99   1.00000000000000E-99
 77   35     1.00000000000000E-99   1.00000000000000E-99
 78   35     1.00000000000000E-99   1.00000000000000E-99
 79   35     1.00000000000000E-99   1.00000000000000E-99
 80   35     1.00000000000000E-99   1.00000000000000E-99
 81   35     1.00000000000000E-99   1.00000000000000E-99
 82   35     1.00000000000000E-99   1.00000000000000E-99
 83   35     1.00000000000000E-99   1.00000000000000E-99
 84   35     1.00000000000000E-99   1.00000000000000E-99
 85   35     1.00000000000000E-99   1.00000000000000E-99
 86   35     1.00000000000000E-99   1.00000000000000E-99
 27   36     1.00000000000000E-99   1.00000000000000E-99
 28   36     1.00000000000000E-99   1.00000000000000E-99
 29   36     1.00000000000000E-99   1.00000000000000E-99
 30   36     1.00000000000000E-99   1.00000000000000E-99
 31   36     1.00000000000000E-99   1.00000000000000E-99
 32   36     1.00000000000000E-99   1.00000000000000E-99
 33   36     1.00000000000000E-99   1.00000000000000E-99
 34   36     1.00000000000000E-99   1.00000000000000E-99
 35   36     1.00000000000000E-99   1.00000000000000E-99
 36   36     1.00000000000000E-99   1.00000000000000E-99
 37   36     1.00000000000000E-99   1.00000000000000E-99
 38   36     1.00000000000000E-99   1.00000000000000E-99
 39   36     1.00000000000000E-99   1.00000000000000E-99
 40   36     1.00000000000000E-99   1.00000000000000E-99
 41   36     1.00000000000000E-99   1.00000000000000E-99
 42   36     1.00000000000000E-99   1.00000000000000E-99
 43   36     1.00000000000000E-99   1.00000000000000E-99
 44   36     1.00000000000000E-99   1.00000000000000E-99
 45   36     1.00000000000000E-99   1.00000000000000E-99
 46   36     1.00000000000000E-99   1.00000000000000E-99
 47   36     1.00000000000000E-99   1.00000000000000E-99
 48   36     1.00000000000000E-99   1.00000000000000E-99
 49   36     1.00000000000000E-99   1.00000000000000E-99
 50   36     9.32181836276456E-25   8.01676379197752E-23
 51   36     3.45958424808053E-23   3.00983829583006E-21
 52   36     9.80264587734616E-21   8.62632837206462E-19
 53   36     1.40243421328864E-19   1.24816644982689E-17
 54   36     2.67585527656571E-17   2.40826974890914E-15
 55   36     2.02948153270821E-16   1.84682819476447E-14
 56   36     1.32683853440000E-13   1.22069145164800E-11
 57   36     3.98384413507292E-14   3.70497504561781E-12
 58   36     1.18127597961428E-12   1.11039942083742E-10
 59   36     3.72848098756693E-13   3.54205693818859E-11
 60   36     1.73198143020223E-11   1.66270217299414E-09
 61   36     4.79501427073727E-12   4.65116384261516E-10
 62   36     1.48899662474060E-10   1.45921669224579E-08
 63   36     3.49695320327037E-11   3.46198367123767E-09
 64   36     4.22771612163440E-10   4.22771612163440E-08
 65   36     8.96199613874599E-11   9.05161610013345E-09
 66   36     1.48757532669119E-09   1.51732683322502E-07
 67   36     9.41556958265137E-11   9.69803667013091E-09
 68   36     2.98937465920923E-09   3.10894964557760E-07
 69   36     1.79145439379820E-10   1.88102711348811E-08
 70   36     1.41328771578221E-09   1.49808497872914E-07
 71   36     1.03607861953114E-13   1.10860412289832E-11
 72   36     4.60351502387584E-11   4.97179622578590E-09
 73   36     1.01130646396083E-17   1.10232404571730E-15
 74   36     2.56775304411950E-17   2.82452834853145E-15
 75   36     1.00000000000000E-99   1.00000000000000E-99
 76   36     1.00000000000000E-99   1.00000000000000E-99
 77   36     1.63225717086155E-25   1.84445060307355E-23
 78   36     2.08668803263862E-24   2.37882435720803E-22
 79   36     1.00000000000000E-99   1.00000000000000E-99
 80   36     1.00000000000000E-99   1.00000000000000E-99
 81   36     1.00000000000000E-99   1.00000000000000E-99
 82   36     1.00000000000000E-99   1.00000000000000E-99
 83   36     1.00000000000000E-99   1.00000000000000E-99
 84   36     1.00000000000000E-99   1.00000000000000E-99
 85   36     1.00000000000000E-99   1.00000000000000E-99
 86   36     1.00000000000000E-99   1.00000000000000E-99
 87   36     1.00000000000000E-99   1.00000000000000E-99
 88   36     1.00000000000000E-99   1.00000000000000E-99
 29   37     1.00000000000000E-99   1.00000000000000E-99
 30   37     1.00000000000000E-99   1.00000000000000E-99
 31   37     1.00000000000000E-99   1.00000000000000E-99
 32   37     1.00000000000000E-99   1.00000000000000E-99
 33   37     1.00000000000000E-99   1.00000000000000E-99
 34   37     1.00000000000000E-99   1.00000000000000E-99
 35   37     1.00000000000000E-99   1.00000000000000E-99
 36   37     1.00000000000000E-99   1.00000000000000E-99
 37   37     1.00000000000000E-99   1.00000000000000E-99
 38   37     1.00000000000000E-99   1.00000000000000E-99
 39   37     1.00000000000000E-99   1.00000000000000E-99
 40   37     1.00000000000000E-99   1.00000000000000E-99
 41   37     1.00000000000000E-99   1.00000000000000E-99
 42   37     1.00000000000000E-99   1.00000000000000E-99
 43   37     1.00000000000000E-99   1.00000000000000E-99
 44   37     1.00000000000000E-99   1.00000000000000E-99
 45   37     1.00000000000000E-99   1.00000000000000E-99
 46   37     1.00000000000000E-99   1.00000000000000E-99
 47   37     1.00000000000000E-99   1.00000000000000E-99
 48   37     1.00000000000000E-99   1.00000000000000E-99
 49   37     1.00000000000000E-99   1.00000000000000E-99
 50   37     1.00000000000000E-99   1.00000000000000E-99
 51   37     1.00000000000000E-99   1.00000000000000E-99
 52   37     1.00000000000000E-99   1.00000000000000E-99
 53   37     2.50500640070118E-23   2.25450576063106E-21
 54   37     4.41722940573153E-21   4.01967875921569E-19
 55   37     3.74560011349798E-18   3.44595210441814E-16
 56   37     4.70239086244923E-17   4.37322350207778E-15
 57   37     1.93514585604399E-16   1.81903710468135E-14
 58   37     9.36347858852746E-15   8.89530465910109E-13
 59   37     1.85182007736644E-14   1.77774727427178E-12
 60   37     1.03130486645773E-13   1.00036572046400E-11
 61   37     5.93523383689243E-13   5.81652916015458E-11
 62   37     1.36152641518919E-11   1.34791115103730E-09
 63   37     1.48797562100982E-11   1.48797562100982E-09
 64   37     1.11729427025211E-10   1.12846721295463E-08
 65   37     2.01655683198871E-11   2.05688796862848E-09
 66   37     4.17184898025829E-10   4.29700444966604E-08
 67   37     6.91910085024964E-11   7.19586488425963E-09
 68   37     1.48609129042801E-09   1.56039585494941E-07
 69   37     2.35202963324275E-10   2.49315141123731E-08
 70   37     1.49622787401539E-09   1.60096382519647E-07
 71   37     1.59492421562150E-10   1.72251815287122E-08
 72   37     7.94983105768135E-10   8.66531585287267E-08
 73   37     1.84761202287386E-14   2.03237322516125E-12
 74   37     1.94722379680470E-13   2.16141841445322E-11
 75   37     8.25693474690416E-20   9.24776691653266E-18
 76   37     2.28094230311490E-16   2.57746480251984E-14
 77   37     7.83986048447393E-18   8.93744095230028E-16
 78   37     1.90329525523602E-15   2.18878954352143E-13
 79   37     4.37908117406735E-20   5.07973416191812E-18
 80   37     1.23514170857904E-19   1.44511579903748E-17
 81   37     4.55566485210799E-17   5.37568452548743E-15
 82   37     3.85954268998916E-18   4.59285580108710E-16
 83   37     1.00000000000000E-99   1.00000000000000E-99
 84   37     1.00000000000000E-99   1.00000000000000E-99
 85   37     1.00000000000000E-99   1.00000000000000E-99
 86   37     1.00000000000000E-99   1.00000000000000E-99
 87   37     1.00000000000000E-99   1.00000000000000E-99
 88   37     1.00000000000000E-99   1.00000000000000E-99
 89   37     1.00000000000000E-99   1.00000000000000E-99
 90   37     1.00000000000000E-99   1.00000000000000E-99
 91   37     1.00000000000000E-99   1.00000000000000E-99
 30   38     1.00000000000000E-99   1.00000000000000E-99
 31   38     1.00000000000000E-99   1.00000000000000E-99
 32   38     1.00000000000000E-99   1.00000000000000E-99
 33   38     1.00000000000000E-99   1.00000000000000E-99
 34   38     1.00000000000000E-99   1.00000000000000E-99
 35   38     1.00000000000000E-99   1.00000000000000E-99
 36   38     1.00000000000000E-99   1.00000000000000E-99
 37   38     1.00000000000000E-99   1.00000000000000E-99
 38   38     1.00000000000000E-99   1.00000000000000E-99
 39   38     1.00000000000000E-99   1.00000000000000E-99
 40   38     1.00000000000000E-99   1.00000000000000E-99
 41   38     1.00000000000000E-99   1.00000000000000E-99
 42   38     1.00000000000000E-99   1.00000000000000E-99
 43   38     1.00000000000000E-99   1.00000000000000E-99
 44   38     1.00000000000000E-99   1.00000000000000E-99
 45   38     1.00000000000000E-99   1.00000000000000E-99
 46   38     1.00000000000000E-99   1.00000000000000E-99
 47   38     1.00000000000000E-99   1.00000000000000E-99
 48   38     1.00000000000000E-99   1.00000000000000E-99
 49   38     1.00000000000000E-99   1.00000000000000E-99
 50   38     1.00000000000000E-99   1.00000000000000E-99
 51   38     1.00000000000000E-99   1.00000000000000E-99
 52   38     1.00000000000000E-99   1.00000000000000E-99
 53   38     1.00000000000000E-99   1.00000000000000E-99
 54   38     1.89722473411677E-22   1.74544675538743E-20
 55   38     2.24960830761842E-21   2.09213572608513E-19
 56   38     1.04560070046992E-18   9.82864658441720E-17
 57   38     9.87343612099830E-18   9.37976431494839E-16
 58   38     2.37894516812169E-16   2.28378736139682E-14
 59   38     5.09750320541416E-16   4.94457810925173E-14
 60   38     4.73594621985692E-14   4.64122729545978E-12
 61   38     7.57026949844283E-14   7.49456680345840E-12
 62   38     2.85484261135834E-12   2.85484261135834E-10
 63   38     1.48168710156647E-12   1.49650397258214E-10
 64   38     3.96465790985706E-11   4.04395106805421E-09
 65   38     1.00049241220296E-11   1.03050718456905E-09
 66   38     4.14515734104555E-10   4.31096363468738E-08
 67   38     4.73784007683625E-11   4.97473208067806E-09
 68   38     2.00825455083187E-09   2.12874982388179E-07
 69   38     5.38677290269209E-10   5.76384700588053E-08
 70   38     5.21256811833031E-09   5.62957356779673E-07
 71   38     2.42817283450631E-10   2.64670838961188E-08
 72   38     1.56713037621435E-09   1.72384341383579E-07
 73   38     2.10375896619637E-11   2.33517245247797E-09
 74   38     1.77216720685431E-11   1.98482727167683E-09
 75   38     3.87033691939565E-12   4.37348071891708E-10
 76   38     2.07075268428884E-11   2.36065806008928E-09
 77   38     2.46393331621896E-12   2.83352331365181E-10
 78   38     6.82712537828774E-12   7.91946543881378E-10
 79   38     6.99578568184489E-16   8.18506924775852E-14
 80   38     7.50254170176852E-15   8.85299920808686E-13
 81   38     1.22569602158134E-13   1.45857826568179E-11
 82   38     5.03714807358213E-14   6.04457768829856E-12
 83   38     1.00000000000000E-99   1.00000000000000E-99
 84   38     1.00000000000000E-99   1.00000000000000E-99
 85   38     1.00000000000000E-99   1.00000000000000E-99
 86   38     1.00000000000000E-99   1.00000000000000E-99
 87   38     1.00000000000000E-99   1.00000000000000E-99
 88   38     1.00000000000000E-99   1.00000000000000E-99
 89   38     1.00000000000000E-99   1.00000000000000E-99
 90   38     1.00000000000000E-99   1.00000000000000E-99
 91   38     1.00000000000000E-99   1.00000000000000E-99
 92   38     1.00000000000000E-99   1.00000000000000E-99
 93   38     1.00000000000000E-99   1.00000000000000E-99
 31   39     1.00000000000000E-99   1.00000000000000E-99
 32   39     1.00000000000000E-99   1.00000000000000E-99
 33   39     1.00000000000000E-99   1.00000000000000E-99
 34   39     1.00000000000000E-99   1.00000000000000E-99
 35   39     1.00000000000000E-99   1.00000000000000E-99
 36   39     1.00000000000000E-99   1.00000000000000E-99
 37   39     1.00000000000000E-99   1.00000000000000E-99
 38   39     1.00000000000000E-99   1.00000000000000E-99
 39   39     1.00000000000000E-99   1.00000000000000E-99
 40   39     1.00000000000000E-99   1.00000000000000E-99
 41   39     1.00000000000000E-99   1.00000000000000E-99
 42   39     1.00000000000000E-99   1.00000000000000E-99
 43   39     1.00000000000000E-99   1.00000000000000E-99
 44   39     1.00000000000000E-99   1.00000000000000E-99
 45   39     1.00000000000000E-99   1.00000000000000E-99
 46   39     1.00000000000000E-99   1.00000000000000E-99
 47   39     1.00000000000000E-99   1.00000000000000E-99
 48   39     1.00000000000000E-99   1.00000000000000E-99
 49   39     1.00000000000000E-99   1.00000000000000E-99
 50   39     1.00000000000000E-99   1.00000000000000E-99
 51   39     1.00000000000000E-99   1.00000000000000E-99
 52   39     1.00000000000000E-99   1.00000000000000E-99
 53   39     1.00000000000000E-99   1.00000000000000E-99
 54   39     1.00000000000000E-99   1.00000000000000E-99
 55   39     2.12870371205748E-25   2.00098148933403E-23
 56   39     3.14240535171568E-23   2.98528508412989E-21
 57   39     3.99062905430634E-21   3.83100389213409E-19
 58   39     3.07451620780380E-19   2.98228072156968E-17
 59   39     8.78940856882518E-19   8.61362039744867E-17
 60   39     3.91575245364117E-17   3.87659492910476E-15
 61   39     3.76253380977443E-16   3.76253380977443E-14
 62   39     3.58089042469928E-15   3.61669932894627E-13
 63   39     2.71750620383923E-14   2.77185632791602E-12
 64   39     6.11612257634175E-13   6.29960625363200E-11
 65   39     1.02807195619640E-12   1.06919483444426E-10
 66   39     1.11540283242237E-11   1.17117297404349E-09
 67   39     3.84172669234432E-12   4.07223029388498E-10
 68   39     1.30506552482768E-10   1.39642011156562E-08
 69   39     5.46290168010722E-11   5.89993381451580E-09
 70   39     8.96204832750520E-10   9.76863267698067E-08
 71   39     1.36452887559222E-10   1.50098176315144E-08
 72   39     1.01677972439283E-09   1.12862549407605E-07
 73   39     2.81177146722178E-11   3.14918404328840E-09
 74   39     1.54373944069888E-10   1.74442556798974E-08
 75   39     9.30929213094934E-12   1.06125930292823E-09
 76   39     8.28957651901542E-11   9.53301299686773E-09
 77   39     1.42170556436618E-11   1.64917845466476E-09
 78   39     3.56643139451263E-11   4.17272473157978E-09
 79   39     1.35706494162218E-12   1.60133663111417E-10
 80   39     1.53432891325363E-12   1.82585140677182E-10
 81   39     4.42564632020752E-12   5.31077558424902E-10
 82   39     7.87920913177906E-12   9.53384304945267E-10
 83   39     1.63286481899570E-19   1.99209507917476E-17
 84   39     1.56995811385112E-17   1.93104848003687E-15
 85   39     1.35923121176472E-19   1.68544670258826E-17
 86   39     1.00000000000000E-99   1.00000000000000E-99
 87   39     1.00000000000000E-99   1.00000000000000E-99
 88   39     1.00000000000000E-99   1.00000000000000E-99
 89   39     1.00000000000000E-99   1.00000000000000E-99
 90   39     1.00000000000000E-99   1.00000000000000E-99
 91   39     1.00000000000000E-99   1.00000000000000E-99
 92   39     1.00000000000000E-99   1.00000000000000E-99
 93   39     1.00000000000000E-99   1.00000000000000E-99
 94   39     1.00000000000000E-99   1.00000000000000E-99
 95   39     3.93411603511435E-17   5.27171548705322E-15
 32   40     1.00000000000000E-99   1.00000000000000E-99
 33   40     1.00000000000000E-99   1.00000000000000E-99
 34   40     1.00000000000000E-99   1.00000000000000E-99
 35   40     1.00000000000000E-99   1.00000000000000E-99
 36   40     1.00000000000000E-99   1.00000000000000E-99
 37   40     1.00000000000000E-99   1.00000000000000E-99
 38   40     1.00000000000000E-99   1.00000000000000E-99
 39   40     1.00000000000000E-99   1.00000000000000E-99
 40   40     1.00000000000000E-99   1.00000000000000E-99
 41   40     1.00000000000000E-99   1.00000000000000E-99
 42   40     1.00000000000000E-99   1.00000000000000E-99
 43   40     1.00000000000000E-99   1.00000000000000E-99
 44   40     1.00000000000000E-99   1.00000000000000E-99
 45   40     1.00000000000000E-99   1.00000000000000E-99
 46   40     1.00000000000000E-99   1.00000000000000E-99
 47   40     1.00000000000000E-99   1.00000000000000E-99
 48   40     1.00000000000000E-99   1.00000000000000E-99
 49   40     1.00000000000000E-99   1.00000000000000E-99
 50   40     1.00000000000000E-99   1.00000000000000E-99
 51   40     1.00000000000000E-99   1.00000000000000E-99
 52   40     1.00000000000000E-99   1.00000000000000E-99
 53   40     1.00000000000000E-99   1.00000000000000E-99
 54   40     1.00000000000000E-99   1.00000000000000E-99
 55   40     1.00000000000000E-99   1.00000000000000E-99
 56   40     1.04754195336233E-25   1.00564027522784E-23
 57   40     1.76006335200924E-23   1.70726145144896E-21
 58   40     5.26297193237295E-22   5.15771249372549E-20
 59   40     2.91739230782646E-21   2.88821838474820E-19
 60   40     2.05027975312097E-19   2.05027975312097E-17
 61   40     1.35811082084802E-18   1.37169192905650E-16
 62   40     7.13749505485187E-17   7.28024495594891E-15
 63   40     5.40805582784250E-16   5.57029750267777E-14
 64   40     4.50850087196497E-14   4.68884090684357E-12
 65   40     2.89658440022571E-14   3.04141362023700E-12
 66   40     1.42835044202247E-12   1.51405146854381E-10
 67   40     7.63589399559049E-13   8.17040657528183E-11
 68   40     7.81755682785253E-11   8.44296137408073E-09
 69   40     3.06479741152419E-11   3.34062917856137E-09
 70   40     4.00083015595745E-10   4.40091317155319E-08
 71   40     3.73845448501827E-11   4.14968447837028E-09
 72   40     4.56236476340363E-10   5.10984853501207E-08
 73   40     1.71296062625572E-11   1.93564550766896E-09
 74   40     3.46733090779607E-10   3.95275723488752E-08
 75   40     6.09248856309463E-11   7.00636184755882E-09
 76   40     4.01916159856797E-10   4.66222745433884E-08
 77   40     1.00164058472486E-10   1.17191948412809E-08
 78   40     2.17007308006860E-10   2.56068623448095E-08
 79   40     3.91710381112324E-11   4.66135353523666E-09
 80   40     8.53503242812326E-11   1.02420389137479E-08
 81   40     2.25540711904375E-10   2.72904261404294E-08
 82   40     1.59144410845578E-08   1.94156181231605E-06
 83   40     2.35158972412895E-23   2.89245536067861E-21
 84   40     1.65659668736698E-16   2.05417989233505E-14
 85   40     8.61149684619342E-23   1.07643710577418E-20
 86   40     9.14777510131350E-20   1.15261966276550E-17
 87   40     2.86822716460986E-23   3.64264849905452E-21
 88   40     1.05615179491125E-22   1.35187429748640E-20
 89   40     1.57156370213371E-23   2.02731717575249E-21
 90   40     1.94241162946079E-18   2.52513511829902E-16
 91   40     1.86896002705234E-22   2.44833763543856E-20
 92   40     1.73558625145565E-20   2.29097385192146E-18
 93   40     1.00000000000000E-99   1.00000000000000E-99
 94   40     1.00000000000000E-99   1.00000000000000E-99
 95   40     1.00000000000000E-99   1.00000000000000E-99
 96   40     1.92779563011939E-21   2.62180205696237E-19
 97   40     1.72637233822887E-16   2.36513010337355E-14
 33   41     1.00000000000000E-99   1.00000000000000E-99
 34   41     1.00000000000000E-99   1.00000000000000E-99
 35   41     1.00000000000000E-99   1.00000000000000E-99
 36   41     1.00000000000000E-99   1.00000000000000E-99
 37   41     1.00000000000000E-99   1.00000000000000E-99
 38   41     1.00000000000000E-99   1.00000000000000E-99
 39   41     1.00000000000000E-99   1.00000000000000E-99
 40   41     1.00000000000000E-99   1.00000000000000E-99
 41   41     1.00000000000000E-99   1.00000000000000E-99
 42   41     1.00000000000000E-99   1.00000000000000E-99
 43   41     1.00000000000000E-99   1.00000000000000E-99
 44   41     1.00000000000000E-99   1.00000000000000E-99
 45   41     1.00000000000000E-99   1.00000000000000E-99
 46   41     1.00000000000000E-99   1.00000000000000E-99
 47   41     1.00000000000000E-99   1.00000000000000E-99
 48   41     1.00000000000000E-99   1.00000000000000E-99
 49   41     1.00000000000000E-99   1.00000000000000E-99
 50   41     1.00000000000000E-99   1.00000000000000E-99
 51   41     1.00000000000000E-99   1.00000000000000E-99
 52   41     1.00000000000000E-99   1.00000000000000E-99
 53   41     1.00000000000000E-99   1.00000000000000E-99
 54   41     1.00000000000000E-99   1.00000000000000E-99
 55   41     1.00000000000000E-99   1.00000000000000E-99
 56   41     1.00000000000000E-99   1.00000000000000E-99
 57   41     1.00000000000000E-99   1.00000000000000E-99
 58   41     1.00000000000000E-99   1.00000000000000E-99
 59   41     2.47957600181005E-25   2.47957600181005E-23
 60   41     9.06196265925727E-24   9.15258228584984E-22
 61   41     2.15367321877262E-22   2.19674668314807E-20
 62   41     5.06967334202755E-20   5.22176354228838E-18
 63   41     4.39350519225466E-19   4.56924539994485E-17
 64   41     8.53055069990271E-17   8.95707823489785E-15
 65   41     2.43558575490688E-16   2.58172090020130E-14
 66   41     1.97140896449703E-15   2.10940759201182E-13
 67   41     3.92980655254008E-14   4.24419107674328E-12
 68   41     6.63019567876142E-13   7.22691328984995E-11
 69   41     9.75896856108965E-13   1.07348654171986E-10
 70   41     2.39106203638220E-11   2.65407886038424E-09
 71   41     1.60810512185782E-12   1.80107773648076E-10
 72   41     1.24648713519333E-11   1.40853046276846E-09
 73   41     4.38779533163289E-12   5.00208667806150E-10
 74   41     5.47290101465965E-11   6.29383616685860E-09
 75   41     1.58966099932694E-11   1.84400675921925E-09
 76   41     1.52310529323552E-10   1.78203319308555E-08
 77   41     2.87548994677095E-11   3.39307813718972E-09
 78   41     3.04808761109881E-10   3.62722425720758E-08
 79   41     3.59364343553951E-10   4.31237212264741E-08
 80   41     7.95417504210950E-10   9.62455180095250E-08
 81   41     2.12959289646149E-09   2.59810333368301E-07
 82   41     3.06891463754306E-09   3.77476500417796E-07
 83   41     1.70714985258031E-16   2.11686581719958E-14
 84   41     9.57469354341593E-10   1.19683669292699E-07
 85   41     9.96934116314663E-16   1.25613698655648E-13
 86   41     2.28086642730275E-11   2.89670036267449E-09
 87   41     2.20099495434715E-16   2.81727354156435E-14
 88   41     7.89604924186022E-16   1.01859035219997E-13
 89   41     1.78397562741707E-15   2.31916831564219E-13
 90   41     4.59677676442251E-12   6.02177756139349E-10
 91   41     2.23812768819468E-15   2.95432854841698E-13
 92   41     2.12635530609544E-13   2.82805255710694E-11
 93   41     1.17428020197550E-15   1.57353547064717E-13
 94   41     9.81940830809184E-15   1.32562012159240E-12
 95   41     3.32404773122379E-16   4.52070491446435E-14
 96   41     4.14765715697457E-16   5.68229030505516E-14
 97   41     4.74787568302522E-16   6.55206844257481E-14
 98   41     1.70906894525392E-18   2.37560583390295E-16
 99   41     3.81121827396165E-12   5.33570558354630E-10
 35   42     1.00000000000000E-99   1.00000000000000E-99
 36   42     1.00000000000000E-99   1.00000000000000E-99
 37   42     1.00000000000000E-99   1.00000000000000E-99
 38   42     1.00000000000000E-99   1.00000000000000E-99
 39   42     1.00000000000000E-99   1.00000000000000E-99
 40   42     1.00000000000000E-99   1.00000000000000E-99
 41   42     1.00000000000000E-99   1.00000000000000E-99
 42   42     1.00000000000000E-99   1.00000000000000E-99
 43   42     1.00000000000000E-99   1.00000000000000E-99
 44   42     1.00000000000000E-99   1.00000000000000E-99
 45   42     1.00000000000000E-99   1.00000000000000E-99
 46   42     1.00000000000000E-99   1.00000000000000E-99
 47   42     1.00000000000000E-99   1.00000000000000E-99
 48   42     1.00000000000000E-99   1.00000000000000E-99
 49   42     1.00000000000000E-99   1.00000000000000E-99
 50   42     1.00000000000000E-99   1.00000000000000E-99
 51   42     1.00000000000000E-99   1.00000000000000E-99
 52   42     1.00000000000000E-99   1.00000000000000E-99
 53   42     1.00000000000000E-99   1.00000000000000E-99
 54   42     1.00000000000000E-99   1.00000000000000E-99
 55   42     1.00000000000000E-99   1.00000000000000E-99
 56   42     1.00000000000000E-99   1.00000000000000E-99
 57   42     1.00000000000000E-99   1.00000000000000E-99
 58   42     1.00000000000000E-99   1.00000000000000E-99
 59   42     1.00000000000000E-99   1.00000000000000E-99
 60   42     1.00000000000000E-99   1.00000000000000E-99
 61   42     8.18163992105934E-25   8.42708911869112E-23
 62   42     8.60834123033047E-23   8.95267487954369E-21
 63   42     1.42624832186522E-21   1.49756073795848E-19
 64   42     1.61590361213306E-19   1.71285782886104E-17
 65   42     3.27925423737394E-18   3.50880203399012E-16
 66   42     5.91246779932202E-16   6.38546522326779E-14
 67   42     6.60592942829376E-16   7.20046307684020E-14
 68   42     3.91461014222033E-13   4.30607115644236E-11
 69   42     1.39015477148687E-13   1.54307179635042E-11
 70   42     1.28258028537172E-12   1.43648991961633E-10
 71   42     1.07408060595478E-13   1.21371108472890E-11
 72   42     5.09010890860991E-12   5.80272415581529E-10
 73   42     6.81427882009441E-13   7.83642064310857E-11
 74   42     3.70008672993943E-11   4.29210060672974E-09
 75   42     8.95103982268331E-12   1.04727165925395E-09
 76   42     2.58615067108982E-10   3.05165779188598E-08
 77   42     2.12850929862076E-10   2.53292606535870E-08
 78   42     2.07963037550524E-09   2.49555645060629E-07
 79   42     9.32296260877262E-10   1.12807847566149E-07
 80   42     3.58740235717219E-09   4.37663087575008E-07
 81   42     6.92573728331189E-09   8.51865685847363E-07
 82   42     6.24928940127530E-08   7.74911885758137E-06
 83   42     2.75443530180230E-17   3.44304412725287E-15
 84   42     8.38883282719373E-13   1.05699293622641E-10
 85   42     4.43190409889469E-19   5.62851820559626E-17
 86   42     1.09471155700689E-11   1.40123079296882E-09
 87   42     3.26941588806980E-18   4.21754649561004E-16
 88   42     1.11395697043979E-11   1.44814406157173E-09
 89   42     9.62454191487408E-18   1.26081499084850E-15
 90   42     2.98913723600537E-10   3.94566115152709E-08
 91   42     7.42415406899049E-16   9.87412491175736E-14
 92   42     8.19200603000808E-10   1.09772880802108E-07
 93   42     1.57981416590897E-15   2.13274912397711E-13
 94   42     5.24698193090246E-11   7.13589542602735E-09
 95   42     9.02554050927075E-16   1.23649904977009E-13
 96   42     6.18728621381756E-12   8.53845497506824E-10
 97   42     6.07227121407189E-16   8.44045698755993E-14
 98   42     3.62630744497395E-15   5.07683042296353E-13
 99   42     7.44482144450475E-18   1.04971982367517E-15
100   42     1.67999340627561E-17   2.38559063691136E-15
101   42     7.23084197844416E-12   1.03401040291752E-09
102   42     2.53380450929974E-12   3.64867849339162E-10
 36   43     1.00000000000000E-99   1.00000000000000E-99
 37   43     1.00000000000000E-99   1.00000000000000E-99
 38   43     1.00000000000000E-99   1.00000000000000E-99
 39   43     1.00000000000000E-99   1.00000000000000E-99
 40   43     1.00000000000000E-99   1.00000000000000E-99
 41   43     1.00000000000000E-99   1.00000000000000E-99
 42   43     1.00000000000000E-99   1.00000000000000E-99
 43   43     1.00000000000000E-99   1.00000000000000E-99
 44   43     1.00000000000000E-99   1.00000000000000E-99
 45   43     1.00000000000000E-99   1.00000000000000E-99
 46   43     1.00000000000000E-99   1.00000000000000E-99
 47   43     1.00000000000000E-99   1.00000000000000E-99
 48   43     1.00000000000000E-99   1.00000000000000E-99
 49   43     1.00000000000000E-99   1.00000000000000E-99
 50   43     1.00000000000000E-99   1.00000000000000E-99
 51   43     1.00000000000000E-99   1.00000000000000E-99
 52   43     1.00000000000000E-99   1.00000000000000E-99
 53   43     1.00000000000000E-99   1.00000000000000E-99
 54   43     1.00000000000000E-99   1.00000000000000E-99
 55   43     1.00000000000000E-99   1.00000000000000E-99
 56   43     1.00000000000000E-99   1.00000000000000E-99
 57   43     1.00000000000000E-99   1.00000000000000E-99
 58   43     1.00000000000000E-99   1.00000000000000E-99
 59   43     1.00000000000000E-99   1.00000000000000E-99
 60   43     1.00000000000000E-99   1.00000000000000E-99
 61   43     1.00000000000000E-99   1.00000000000000E-99
 62   43     1.00000000000000E-99   1.00000000000000E-99
 63   43     1.00000000000000E-99   1.00000000000000E-99
 64   43     2.29182126187368E-23   2.45224875020483E-21
 65   43     1.98920570693012E-21   2.14834216348453E-19
 66   43     5.66890347058238E-19   6.17910478293480E-17
 67   43     1.03297196419945E-17   1.13626916061939E-15
 68   43     7.33414371706968E-17   8.14089952594734E-15
 69   43     2.13108534893513E-16   2.38681559080734E-14
 70   43     2.23698102653302E-15   2.52778855998231E-13
 71   43     1.91643602386168E-15   2.18473706720232E-13
 72   43     2.96230390748214E-14   3.40664949360446E-12
 73   43     9.65246820917425E-15   1.11968631226421E-12
 74   43     4.14888238668353E-13   4.85419239241973E-11
 75   43     1.49788343416978E-13   1.76750245232035E-11
 76   43     1.76129957512183E-11   2.09594649439498E-09
 77   43     1.37272369951086E-11   1.64726843941303E-09
 78   43     3.53823367976195E-10   4.28126275251196E-08
 79   43     1.37366455565638E-10   1.67587075790078E-08
 80   43     6.61197330580767E-10   8.13272716614344E-08
 81   43     2.53134114533852E-09   3.13886302021976E-07
 82   43     2.22185445235724E-08   2.77731806544654E-06
 83   43     3.64632112757392E-15   4.59436462074314E-13
 84   43     1.14415468194108E-09   1.45307644606517E-07
 85   43     4.10030438434857E-16   5.24838961196616E-14
 86   43     1.27116283819747E-10   1.63980006127473E-08
 87   43     7.31454521401301E-16   9.50890877821691E-14
 88   43     1.52321713117059E-09   1.99541444183348E-07
 89   43     8.70182434482178E-15   1.14864081351647E-12
 90   43     3.37181282509553E-09   4.48451105737706E-07
 91   43     2.28194544407035E-15   3.05780689505427E-13
 92   43     1.29791138568806E-07   1.75218037067888E-05
 93   43     2.30901290724304E-13   3.14025755385054E-11
 94   43     7.39341456447667E-09   1.01289779533330E-06
 95   43     2.90642881145928E-13   4.01087175981381E-11
 96   43     9.02939512619707E-10   1.25508592254139E-07
 97   43     4.01776730001106E-13   5.62487422001548E-11
 98   43     1.18458655675437E-11   1.67026704502366E-09
 99   43     4.06521210941941E-13   5.77260119537556E-11
100   43     4.05996471594148E-11   5.80574954379632E-09
101   43     8.90310464389056E-13   1.28204706872024E-10
102   43     1.61334225535196E-13   2.33934627026035E-11
103   43     1.45142194974130E-07   2.11907604662230E-05
104   43     3.22521208911311E-08   4.74106177099627E-06
 37   44     1.00000000000000E-99   1.00000000000000E-99
 38   44     1.00000000000000E-99   1.00000000000000E-99
 39   44     1.00000000000000E-99   1.00000000000000E-99
 40   44     1.00000000000000E-99   1.00000000000000E-99
 41   44     1.00000000000000E-99   1.00000000000000E-99
 42   44     1.00000000000000E-99   1.00000000000000E-99
 43   44     1.00000000000000E-99   1.00000000000000E-99
 44   44     1.00000000000000E-99   1.00000000000000E-99
 45   44     1.00000000000000E-99   1.00000000000000E-99
 46   44     1.00000000000000E-99   1.00000000000000E-99
 47   44     1.00000000000000E-99   1.00000000000000E-99
 48   44     1.00000000000000E-99   1.00000000000000E-99
 49   44     1.00000000000000E-99   1.00000000000000E-99
 50   44     1.00000000000000E-99   1.00000000000000E-99
 51   44     1.00000000000000E-99   1.00000000000000E-99
 52   44     1.00000000000000E-99   1.00000000000000E-99
 53   44     1.00000000000000E-99   1.00000000000000E-99
 54   44     1.00000000000000E-99   1.00000000000000E-99
 55   44     1.00000000000000E-99   1.00000000000000E-99
 56   44     1.00000000000000E-99   1.00000000000000E-99
 57   44     1.00000000000000E-99   1.00000000000000E-99
 58   44     1.00000000000000E-99   1.00000000000000E-99
 59   44     1.00000000000000E-99   1.00000000000000E-99
 60   44     1.00000000000000E-99   1.00000000000000E-99
 61   44     1.00000000000000E-99   1.00000000000000E-99
 62   44     1.00000000000000E-99   1.00000000000000E-99
 63   44     1.00000000000000E-99   1.00000000000000E-99
 64   44     1.00000000000000E-99   1.00000000000000E-99
 65   44     1.02981138077130E-23   1.12249440504072E-21
 66   44     1.68397832625683E-21   1.85237615888252E-19
 67   44     7.15164063534781E-21   7.93832110523606E-19
 68   44     3.19106641563895E-19   3.57399438551563E-17
 69   44     9.83993372882120E-19   1.11191251135680E-16
 70   44     4.20725258480289E-17   4.79626794667530E-15
 71   44     3.56224932639004E-17   4.09658672534855E-15
 72   44     1.21394916017200E-15   1.40818102579952E-13
 73   44     5.79240135412821E-16   6.77710958433000E-14
 74   44     2.21803864373050E-13   2.61728559960198E-11
 75   44     9.51442610471211E-14   1.13221670646074E-11
 76   44     1.53784112191166E-11   1.84540934629399E-09
 77   44     9.07065894637580E-12   1.09754973251147E-09
 78   44     1.53964891998016E-10   1.87837168237579E-08
 79   44     6.38932123847251E-11   7.85886512332119E-09
 80   44     6.45792533878069E-09   8.00782742008805E-07
 81   44     7.84785606817978E-09   9.80982008522472E-07
 82   44     3.21896732983958E-08   4.05589883559787E-06
 83   44     4.91126840958458E-13   6.23731088017241E-11
 84   44     1.05689402777931E-08   1.35282435555752E-06
 85   44     2.41894658186322E-15   3.12044109060355E-13
 86   44     1.11272564640667E-08   1.44654334032867E-06
 87   44     2.89570001394206E-15   3.79336701826410E-13
 88   44     2.39754127536067E-07   3.16475448347608E-05
 89   44     1.35888826195877E-13   1.80732138840516E-11
 90   44     1.46325336292423E-08   1.96075950631847E-06
 91   44     8.11162891321231E-15   1.09506990328366E-12
 92   44     1.62497987426443E-09   2.20997262899962E-07
 93   44     1.33781981239238E-15   1.83281314297756E-13
 94   44     1.54082658987662E-08   2.12634069402974E-06
 95   44     1.40521050979922E-14   1.95324260862092E-12
 96   44     5.45992256269709E-07   7.64389158777592E-05
 97   44     5.90003830435789E-13   8.31905400914463E-11
 98   44     2.49230047190197E-07   3.53906667010079E-05
 99   44     1.16506839751042E-12   1.66604780843991E-10
100   44     3.94368343943020E-07   5.67890415277949E-05
101   44     9.82647164591152E-12   1.42483838865717E-09
102   44     5.16253742313919E-07   7.53730463778322E-05
103   44     8.29984090572365E-13   1.22007661314138E-10
104   44     2.06769568603478E-16   3.06018961533148E-14
105   44     1.60130597388913E-06   2.38594590109480E-04
106   44     1.25474448570765E-07   1.88211672856148E-05
 38   45     1.00000000000000E-99   1.00000000000000E-99
 39   45     1.00000000000000E-99   1.00000000000000E-99
 40   45     1.00000000000000E-99   1.00000000000000E-99
 41   45     1.00000000000000E-99   1.00000000000000E-99
 42   45     1.00000000000000E-99   1.00000000000000E-99
 43   45     1.00000000000000E-99   1.00000000000000E-99
 44   45     1.00000000000000E-99   1.00000000000000E-99
 45   45     1.00000000000000E-99   1.00000000000000E-99
 46   45     1.00000000000000E-99   1.00000000000000E-99
 47   45     1.00000000000000E-99   1.00000000000000E-99
 48   45     1.00000000000000E-99   1.00000000000000E-99
 49   45     1.00000000000000E-99   1.00000000000000E-99
 50   45     1.00000000000000E-99   1.00000000000000E-99
 51   45     1.00000000000000E-99   1.00000000000000E-99
 52   45     1.00000000000000E-99   1.00000000000000E-99
 53   45     1.00000000000000E-99   1.00000000000000E-99
 54   45     1.00000000000000E-99   1.00000000000000E-99
 55   45     1.00000000000000E-99   1.00000000000000E-99
 56   45     1.00000000000000E-99   1.00000000000000E-99
 57   45     1.00000000000000E-99   1.00000000000000E-99
 58   45     1.00000000000000E-99   1.00000000000000E-99
 59   45     1.00000000000000E-99   1.00000000000000E-99
 60   45     1.00000000000000E-99   1.00000000000000E-99
 61   45     1.00000000000000E-99   1.00000000000000E-99
 62   45     1.00000000000000E-99   1.00000000000000E-99
 63   45     1.00000000000000E-99   1.00000000000000E-99
 64   45     1.00000000000000E-99   1.00000000000000E-99
 65   45     1.00000000000000E-99   1.00000000000000E-99
 66   45     1.00000000000000E-99   1.00000000000000E-99
 67   45     6.65216024705536E-25   7.45041947670201E-23
 68   45     2.59147915993055E-23   2.92837145072152E-21
 69   45     2.31867039215822E-21   2.64328424706037E-19
 70   45     2.34148390229788E-21   2.69270648764256E-19
 71   45     6.26622878402451E-20   7.26882538946844E-18
 72   45     1.94271479169010E-18   2.27297630627742E-16
 73   45     2.65152278670158E-17   3.12879688830786E-15
 74   45     4.61435556668612E-16   5.49108312435649E-14
 75   45     4.46969607371172E-16   5.36363528845406E-14
 76   45     3.22093541859319E-14   3.89733185649776E-12
 77   45     1.31926477222905E-14   1.60950302211944E-12
 78   45     6.06720143069954E-12   7.46265775976043E-10
 79   45     2.90579823396461E-12   3.60318981011612E-10
 80   45     1.04329467232706E-10   1.30411834040882E-08
 81   45     4.08471276000727E-10   5.14673807760916E-08
 82   45     1.62835086486179E-08   2.06800559837447E-06
 83   45     1.93910714103478E-09   2.48205714052452E-07
 84   45     2.19797114160494E-07   2.83538277267038E-05
 85   45     3.27184444247783E-10   4.25339777522118E-08
 86   45     1.83286357916155E-08   2.40105128870164E-06
 87   45     8.65017993184701E-15   1.14182375100381E-12
 88   45     2.60594436717436E-09   3.46590600834190E-07
 89   45     1.93108746659478E-15   2.58765720523700E-13
 90   45     3.14481778786866E-08   4.24550401362269E-06
 91   45     4.06001100046579E-14   5.52161496063348E-12
 92   45     1.28149472208353E-06   1.75564776925444E-04
 93   45     2.55739555933781E-12   3.52920587188617E-10
 94   45     6.27740844268174E-07   8.72559773532762E-05
 95   45     2.49573906458740E-13   3.49403469042235E-11
 96   45     6.33513359251831E-06   8.93253836545081E-04
 97   45     6.67296301857548E-12   9.47560748637718E-10
 98   45     1.09942773741688E-06   1.57218166450613E-04
 99   45     2.54759451763711E-11   3.66853610539743E-09
100   45     1.24769240629563E-07   1.80915398912866E-05
101   45     7.90011194558966E-12   1.15341634405609E-09
102   45     5.41974679130749E-08   7.96702778322201E-06
103   45     4.28828434549374E-13   6.34666083133073E-11
104   45     1.08159208830372E-25   1.61157221157254E-23
105   45     1.00000000000000E-99   1.00000000000000E-99
106   45     1.00000000000000E-99   1.00000000000000E-99
107   45     1.00000000000000E-99   1.00000000000000E-99
108   45     1.00000000000000E-99   1.00000000000000E-99
 40   46     1.00000000000000E-99   1.00000000000000E-99
 41   46     1.00000000000000E-99   1.00000000000000E-99
 42   46     1.00000000000000E-99   1.00000000000000E-99
 43   46     1.00000000000000E-99   1.00000000000000E-99
 44   46     1.00000000000000E-99   1.00000000000000E-99
 45   46     1.00000000000000E-99   1.00000000000000E-99
 46   46     1.00000000000000E-99   1.00000000000000E-99
 47   46     1.00000000000000E-99   1.00000000000000E-99
 48   46     1.00000000000000E-99   1.00000000000000E-99
 49   46     1.00000000000000E-99   1.00000000000000E-99
 50   46     1.00000000000000E-99   1.00000000000000E-99
 51   46     1.00000000000000E-99   1.00000000000000E-99
 52   46     1.00000000000000E-99   1.00000000000000E-99
 53   46     1.00000000000000E-99   1.00000000000000E-99
 54   46     1.00000000000000E-99   1.00000000000000E-99
 55   46     1.00000000000000E-99   1.00000000000000E-99
 56   46     1.00000000000000E-99   1.00000000000000E-99
 57   46     1.00000000000000E-99   1.00000000000000E-99
 58   46     1.00000000000000E-99   1.00000000000000E-99
 59   46     1.00000000000000E-99   1.00000000000000E-99
 60   46     1.00000000000000E-99   1.00000000000000E-99
 61   46     1.00000000000000E-99   1.00000000000000E-99
 62   46     1.00000000000000E-99   1.00000000000000E-99
 63   46     1.00000000000000E-99   1.00000000000000E-99
 64   46     1.00000000000000E-99   1.00000000000000E-99
 65   46     1.00000000000000E-99   1.00000000000000E-99
 66   46     1.00000000000000E-99   1.00000000000000E-99
 67   46     1.00000000000000E-99   1.00000000000000E-99
 68   46     1.00000000000000E-99   1.00000000000000E-99
 69   46     1.00000000000000E-99   1.00000000000000E-99
 70   46     2.43977930869713E-23   2.83014399808867E-21
 71   46     3.85889196468537E-22   4.51490359868189E-20
 72   46     5.92507158363362E-20   6.99158446868767E-18
 73   46     9.80665976726670E-20   1.16699251230474E-17
 74   46     1.32426159357320E-17   1.58911391228784E-15
 75   46     3.05858273374839E-17   3.70088510783555E-15
 76   46     1.19340608053879E-14   1.45595541825732E-12
 77   46     5.19767622389761E-15   6.39314175539406E-13
 78   46     1.22223063300586E-12   1.51556598492727E-10
 79   46     2.54841883937443E-12   3.18552354921804E-10
 80   46     6.51320258506507E-10   8.20663525718199E-08
 81   46     1.08258360608226E-08   1.37488117972447E-06
 82   46     8.16829045724432E-08   1.04554117852727E-05
 83   46     1.82984163873050E-08   2.36049571396234E-06
 84   46     5.82278414896639E-08   7.56961939365631E-06
 85   46     1.16921600172818E-11   1.53167296226391E-09
 86   46     1.08176849771463E-05   1.42793441698331E-03
 87   46     1.81939980101969E-14   2.41980173535619E-12
 88   46     5.67552479036901E-06   7.60520321909447E-04
 89   46     1.04416408422769E-12   1.40962151370738E-10
 90   46     1.75341247800654E-06   2.38464097008889E-04
 91   46     1.20406761213194E-12   1.64957262862076E-10
 92   46     1.58677791378495E-05   2.18975352102324E-03
 93   46     1.40833153208530E-10   1.95758082959857E-08
 94   46     2.66076901860319E-06   3.72507662604446E-04
 95   46     1.11504523590916E-12   1.57221378263191E-10
 96   46     3.19154097506156E-07   4.53198818458742E-05
 97   46     1.59816039162269E-13   2.28536936002045E-11
 98   46     1.17571747251212E-07   1.69303316041745E-05
 99   46     1.08341188943215E-13   1.57094723967662E-11
100   46     6.27872813603987E-08   9.16694307861821E-06
101   46     2.57052716574210E-14   3.77867493364088E-12
102   46     2.93509407072363E-07   4.34393922467098E-05
103   46     9.09907008238548E-14   1.35576144227544E-11
104   46     7.40693605492556E-11   1.11104040823883E-08
105   46     1.67232092978864E-17   2.52520460398084E-15
106   46     4.41481217972835E-14   6.71051451318710E-12
107   46     5.86188873149124E-18   8.96868975918160E-16
108   46     1.28605145702088E-15   1.98051924381215E-13
109   46     7.79767979761722E-13   1.20864036863067E-10
110   46     3.98350134943417E-16   6.21426210511730E-14
 41   47     1.00000000000000E-99   1.00000000000000E-99
 42   47     1.00000000000000E-99   1.00000000000000E-99
 43   47     1.00000000000000E-99   1.00000000000000E-99
 44   47     1.00000000000000E-99   1.00000000000000E-99
 45   47     1.00000000000000E-99   1.00000000000000E-99
 46   47     1.00000000000000E-99   1.00000000000000E-99
 47   47     1.00000000000000E-99   1.00000000000000E-99
 48   47     1.00000000000000E-99   1.00000000000000E-99
 49   47     1.00000000000000E-99   1.00000000000000E-99
 50   47     1.00000000000000E-99   1.00000000000000E-99
 51   47     1.00000000000000E-99   1.00000000000000E-99
 52   47     1.00000000000000E-99   1.00000000000000E-99
 53   47     1.00000000000000E-99   1.00000000000000E-99
 54   47     1.00000000000000E-99   1.00000000000000E-99
 55   47     1.00000000000000E-99   1.00000000000000E-99
 56   47     1.00000000000000E-99   1.00000000000000E-99
 57   47     1.00000000000000E-99   1.00000000000000E-99
 58   47     1.00000000000000E-99   1.00000000000000E-99
 59   47     1.00000000000000E-99   1.00000000000000E-99
 60   47     1.00000000000000E-99   1.00000000000000E-99
 61   47     1.00000000000000E-99   1.00000000000000E-99
 62   47     1.00000000000000E-99   1.00000000000000E-99
 63   47     1.00000000000000E-99   1.00000000000000E-99
 64   47     1.00000000000000E-99   1.00000000000000E-99
 65   47     1.00000000000000E-99   1.00000000000000E-99
 66   47     1.00000000000000E-99   1.00000000000000E-99
 67   47     1.00000000000000E-99   1.00000000000000E-99
 68   47     1.00000000000000E-99   1.00000000000000E-99
 69   47     1.00000000000000E-99   1.00000000000000E-99
 70   47     1.00000000000000E-99   1.00000000000000E-99
 71   47     2.84264262377342E-25   3.35431829605264E-23
 72   47     1.97202812036578E-24   2.34671346323528E-22
 73   47     1.12597727304574E-22   1.35117272765489E-20
 74   47     5.40410338390152E-20   6.53896509452084E-18
 75   47     6.62883390419005E-19   8.08717736311186E-17
 76   47     7.27108047721093E-18   8.94342898696944E-16
 77   47     4.60728011691233E-16   5.71302734497129E-14
 78   47     1.34371268412270E-14   1.67964085515338E-12
 79   47     5.85665590432752E-13   7.37938643945268E-11
 80   47     2.65890394685280E-11   3.37680801250305E-09
 81   47     1.83176787019749E-10   2.34466287385279E-08
 82   47     1.31210752084402E-08   1.69261870188879E-06
 83   47     7.55483372270962E-07   9.82128383952250E-05
 84   47     3.47679508931374E-06   4.55460156700100E-04
 85   47     4.54068160164683E-06   5.99369971417382E-04
 86   47     5.85835716805653E-05   7.79161503351519E-03
 87   47     4.41679419702192E-13   5.91850422400938E-11
 88   47     1.49936429216555E-05   2.02414179442349E-03
 89   47     7.66928723678839E-11   1.04302306420322E-08
 90   47     8.84046375092152E-06   1.21114353387625E-03
 91   47     2.17763052650827E-11   3.00513012658141E-09
 92   47     1.78691313875125E-06   2.48380926286424E-04
 93   47     3.42899630851614E-09   4.80059483192259E-07
 94   47     3.96220450159751E-07   5.58670834725249E-05
 95   47     4.59827955867477E-12   6.52955697331817E-10
 96   47     1.14484838479619E-07   1.63713319025855E-05
 97   47     1.02011465022427E-12   1.46896509632295E-10
 98   47     4.75397088839183E-07   6.89325778816816E-05
 99   47     1.14413753859544E-12   1.67044080634934E-10
100   47     2.22555656197434E-08   3.27156814610228E-06
101   47     3.82283897472195E-15   5.65780168258849E-13
102   47     7.61418049047374E-11   1.13451289308059E-08
103   47     9.47259151853980E-18   1.42088872778097E-15
104   47     1.67075541849677E-15   2.52284068193012E-13
105   47     2.62304940477250E-18   3.98703509525419E-16
106   47     1.28599361453924E-15   1.96757023024504E-13
107   47     3.01356358853231E-21   4.64088792633976E-19
108   47     3.41799225984715E-24   5.29788800276309E-22
109   47     1.00000000000000E-99   1.00000000000000E-99
110   47     1.77778047239022E-24   2.79111534165264E-22
111   47     3.54330950648321E-22   5.59842902024348E-20
112   47     3.52204899899689E-24   5.60005790840506E-22
113   47     1.87975877863754E-23   3.00761404582007E-21
 42   48     1.00000000000000E-99   1.00000000000000E-99
 43   48     1.00000000000000E-99   1.00000000000000E-99
 44   48     1.00000000000000E-99   1.00000000000000E-99
 45   48     1.00000000000000E-99   1.00000000000000E-99
 46   48     1.00000000000000E-99   1.00000000000000E-99
 47   48     1.00000000000000E-99   1.00000000000000E-99
 48   48     1.00000000000000E-99   1.00000000000000E-99
 49   48     1.00000000000000E-99   1.00000000000000E-99
 50   48     1.00000000000000E-99   1.00000000000000E-99
 51   48     1.00000000000000E-99   1.00000000000000E-99
 52   48     1.00000000000000E-99   1.00000000000000E-99
 53   48     1.00000000000000E-99   1.00000000000000E-99
 54   48     1.00000000000000E-99   1.00000000000000E-99
 55   48     1.00000000000000E-99   1.00000000000000E-99
 56   48     1.00000000000000E-99   1.00000000000000E-99
 57   48     1.00000000000000E-99   1.00000000000000E-99
 58   48     1.00000000000000E-99   1.00000000000000E-99
 59   48     1.00000000000000E-99   1.00000000000000E-99
 60   48     1.00000000000000E-99   1.00000000000000E-99
 61   48     1.00000000000000E-99   1.00000000000000E-99
 62   48     1.00000000000000E-99   1.00000000000000E-99
 63   48     1.00000000000000E-99   1.00000000000000E-99
 64   48     1.00000000000000E-99   1.00000000000000E-99
 65   48     1.00000000000000E-99   1.00000000000000E-99
 66   48     1.00000000000000E-99   1.00000000000000E-99
 67   48     1.00000000000000E-99   1.00000000000000E-99
 68   48     1.00000000000000E-99   1.00000000000000E-99
 69   48     1.00000000000000E-99   1.00000000000000E-99
 70   48     1.00000000000000E-99   1.00000000000000E-99
 71   48     1.00000000000000E-99   1.00000000000000E-99
 72   48     1.00000000000000E-99   1.00000000000000E-99
 73   48     3.26427363876369E-24   3.94977110290406E-22
 74   48     2.97210595921930E-22   3.62596927024755E-20
 75   48     4.81928331739802E-21   5.92771848039956E-19
 76   48     2.77139718560955E-18   3.43653251015585E-16
 77   48     3.83979245813024E-17   4.79974057266279E-15
 78   48     1.69243418904869E-14   2.13246707820135E-12
 79   48     1.67896484273777E-13   2.13228535027697E-11
 80   48     3.85606710001438E-10   4.93576588801840E-08
 81   48     5.61270258230696E-08   7.24038633117598E-06
 82   48     2.13797407634054E-06   2.77936629924270E-04
 83   48     1.73479013113590E-05   2.27257507178804E-03
 84   48     3.26088174628771E-05   4.30436390509978E-03
 85   48     2.49412784324503E-05   3.31719003151589E-03
 86   48     7.17354622448061E-05   9.61255194080402E-03
 87   48     1.34811913757638E-06   1.81996083572811E-04
 88   48     4.46503400209795E-04   6.07244624285321E-02
 89   48     4.52194257352450E-13   6.19506132572856E-11
 90   48     1.95645368062777E-06   2.69990607926632E-04
 91   48     1.47820759458909E-13   2.05470855647883E-11
 92   48     1.57370306913741E-07   2.20318429679237E-05
 93   48     8.44958235493604E-09   1.19139111204598E-06
 94   48     7.62645045634897E-07   1.08295596480155E-04
 95   48     8.62811413231436E-11   1.23382032092095E-08
 96   48     4.75169196718918E-08   6.84243643275242E-06
 97   48     1.16969667669746E-12   1.69606018121131E-10
 98   48     4.09289365822341E-10   5.97562474100619E-08
 99   48     1.27619095362639E-15   1.87600070183079E-13
100   48     1.08596592652743E-12   1.60722957126060E-10
101   48     3.58926652230672E-21   5.34800711823702E-19
102   48     3.03035140084591E-15   4.54552710126887E-13
103   48     2.19427105205540E-21   3.31334928860366E-19
104   48     2.03517235944040E-17   3.09346198634940E-15
105   48     1.00000000000000E-99   1.00000000000000E-99
106   48     2.99276174817362E-23   4.60885309218737E-21
107   48     1.00000000000000E-99   1.00000000000000E-99
108   48     5.08749286661173E-22   7.93648887191430E-20
109   48     1.00000000000000E-99   1.00000000000000E-99
110   48     1.80857581783121E-23   2.85754979217331E-21
111   48     1.00000000000000E-99   1.00000000000000E-99
112   48     1.00000000000000E-99   1.00000000000000E-99
113   48     1.00000000000000E-99   1.00000000000000E-99
114   48     1.00000000000000E-99   1.00000000000000E-99
115   48     1.00000000000000E-99   1.00000000000000E-99
 43   49     1.00000000000000E-99   1.00000000000000E-99
 44   49     1.00000000000000E-99   1.00000000000000E-99
 45   49     1.00000000000000E-99   1.00000000000000E-99
 46   49     1.00000000000000E-99   1.00000000000000E-99
 47   49     1.00000000000000E-99   1.00000000000000E-99
 48   49     1.00000000000000E-99   1.00000000000000E-99
 49   49     1.00000000000000E-99   1.00000000000000E-99
 50   49     1.00000000000000E-99   1.00000000000000E-99
 51   49     1.00000000000000E-99   1.00000000000000E-99
 52   49     1.00000000000000E-99   1.00000000000000E-99
 53   49     1.00000000000000E-99   1.00000000000000E-99
 54   49     1.00000000000000E-99   1.00000000000000E-99
 55   49     1.00000000000000E-99   1.00000000000000E-99
 56   49     1.00000000000000E-99   1.00000000000000E-99
 57   49     1.00000000000000E-99   1.00000000000000E-99
 58   49     1.00000000000000E-99   1.00000000000000E-99
 59   49     1.00000000000000E-99   1.00000000000000E-99
 60   49     1.00000000000000E-99   1.00000000000000E-99
 61   49     1.00000000000000E-99   1.00000000000000E-99
 62   49     1.00000000000000E-99   1.00000000000000E-99
 63   49     1.00000000000000E-99   1.00000000000000E-99
 64   49     1.00000000000000E-99   1.00000000000000E-99
 65   49     1.00000000000000E-99   1.00000000000000E-99
 66   49     1.00000000000000E-99   1.00000000000000E-99
 67   49     1.00000000000000E-99   1.00000000000000E-99
 68   49     1.00000000000000E-99   1.00000000000000E-99
 69   49     1.00000000000000E-99   1.00000000000000E-99
 70   49     1.00000000000000E-99   1.00000000000000E-99
 71   49     1.00000000000000E-99   1.00000000000000E-99
 72   49     1.00000000000000E-99   1.00000000000000E-99
 73   49     1.00000000000000E-99   1.00000000000000E-99
 74   49     1.00000000000000E-99   1.00000000000000E-99
 75   49     2.03137712767185E-23   2.51890763831310E-21
 76   49     4.41274679448436E-21   5.51593349310544E-19
 77   49     1.06298850741771E-18   1.33936551934631E-16
 78   49     3.80124340317289E-15   4.82757912202958E-13
 79   49     1.74417041839261E-13   2.23253813554254E-11
 80   49     2.78779694855121E-10   3.59625806363107E-08
 81   49     5.91181945763493E-08   7.68536529492541E-06
 82   49     4.61956262780322E-06   6.05162704242222E-04
 83   49     3.14025013503924E-06   4.14513017825180E-04
 84   49     7.97458194808081E-06   1.06061939909475E-03
 85   49     1.34781632289524E-05   1.80607387267962E-03
 86   49     8.25544746383463E-05   1.11448540761768E-02
 87   49     2.64244160237360E-06   3.59372057922810E-04
 88   49     7.37307667144475E-05   1.01011150398793E-02
 89   49     2.31784388216693E-11   3.19862455739036E-09
 90   49     5.04560164656601E-07   7.01338628872675E-05
 91   49     1.96324762515682E-09   2.74854667521954E-07
 92   49     1.76947346673792E-07   2.49495758810047E-05
 93   49     1.75041625974368E-08   2.48559108883603E-06
 94   49     8.29751321041652E-08   1.18654438908956E-05
 95   49     5.80272972940298E-11   8.35593081034029E-09
 96   49     1.38271027824359E-08   2.00492990345321E-06
 97   49     3.06523604380769E-12   4.47524462395922E-10
 98   49     8.00022285983376E-09   1.17603276039556E-06
 99   49     3.70725557911305E-13   5.48673825708731E-11
100   49     8.37097947857976E-09   1.24727594230838E-06
101   49     2.99575650018700E-15   4.49363475028050E-13
102   49     1.70009246420722E-10   2.56713962095290E-08
103   49     4.21608726984175E-20   6.40845265015946E-18
104   49     5.90843255748870E-18   9.03990181295772E-16
105   49     1.00000000000000E-99   1.00000000000000E-99
106   49     3.26026625076592E-23   5.05341268868717E-21
107   49     1.00000000000000E-99   1.00000000000000E-99
108   49     1.00000000000000E-99   1.00000000000000E-99
109   49     1.00000000000000E-99   1.00000000000000E-99
110   49     1.00000000000000E-99   1.00000000000000E-99
111   49     1.00000000000000E-99   1.00000000000000E-99
112   49     1.00000000000000E-99   1.00000000000000E-99
113   49     1.00000000000000E-99   1.00000000000000E-99
114   49     1.00000000000000E-99   1.00000000000000E-99
115   49     1.00000000000000E-99   1.00000000000000E-99
116   49     1.00000000000000E-99   1.00000000000000E-99
117   49     1.00000000000000E-99   1.00000000000000E-99
 44   50     1.00000000000000E-99   1.00000000000000E-99
 45   50     1.00000000000000E-99   1.00000000000000E-99
 46   50     1.00000000000000E-99   1.00000000000000E-99
 47   50     1.00000000000000E-99   1.00000000000000E-99
 48   50     1.00000000000000E-99   1.00000000000000E-99
 49   50     1.00000000000000E-99   1.00000000000000E-99
 50   50     1.00000000000000E-99   1.00000000000000E-99
 51   50     1.00000000000000E-99   1.00000000000000E-99
 52   50     1.00000000000000E-99   1.00000000000000E-99
 53   50     1.00000000000000E-99   1.00000000000000E-99
 54   50     1.00000000000000E-99   1.00000000000000E-99
 55   50     1.00000000000000E-99   1.00000000000000E-99
 56   50     1.00000000000000E-99   1.00000000000000E-99
 57   50     1.00000000000000E-99   1.00000000000000E-99
 58   50     1.00000000000000E-99   1.00000000000000E-99
 59   50     1.00000000000000E-99   1.00000000000000E-99
 60   50     1.00000000000000E-99   1.00000000000000E-99
 61   50     1.00000000000000E-99   1.00000000000000E-99
 62   50     1.00000000000000E-99   1.00000000000000E-99
 63   50     1.00000000000000E-99   1.00000000000000E-99
 64   50     1.00000000000000E-99   1.00000000000000E-99
 65   50     1.00000000000000E-99   1.00000000000000E-99
 66   50     1.00000000000000E-99   1.00000000000000E-99
 67   50     1.00000000000000E-99   1.00000000000000E-99
 68   50     1.00000000000000E-99   1.00000000000000E-99
 69   50     1.00000000000000E-99   1.00000000000000E-99
 70   50     1.00000000000000E-99   1.00000000000000E-99
 71   50     1.00000000000000E-99   1.00000000000000E-99
 72   50     1.00000000000000E-99   1.00000000000000E-99
 73   50     1.00000000000000E-99   1.00000000000000E-99
 74   50     1.00000000000000E-99   1.00000000000000E-99
 75   50     1.00000000000000E-99   1.00000000000000E-99
 76   50     4.98741484648550E-22   6.28414270657173E-20
 77   50     4.34504678538108E-19   5.51820941743397E-17
 78   50     4.97222369865784E-16   6.36444633428204E-14
 79   50     5.53285755199008E-13   7.13738624206721E-11
 80   50     1.91686477579047E-07   2.49192420852761E-05
 81   50     3.16531825255537E-07   4.14656691084754E-05
 82   50     2.02495330169348E-06   2.67293835823540E-04
 83   50     1.41439024566506E-06   1.88113902673453E-04
 84   50     8.83196001558282E-06   1.18348264208810E-03
 85   50     6.69713698437591E-06   9.04113492890747E-04
 86   50     2.72012621701344E-05   3.69937165513828E-03
 87   50     3.85094786518406E-06   5.27579857530217E-04
 88   50     6.74301537687112E-06   9.30536122008215E-04
 89   50     1.23692471820161E-06   1.71932535830024E-04
 90   50     1.98216588815661E-05   2.77503224341925E-03
 91   50     1.92414813613956E-11   2.71304887195678E-09
 92   50     2.57741096028418E-06   3.65992356360354E-04
 93   50     8.88979890087091E-14   1.27124124282454E-11
 94   50     1.28359245133190E-07   1.84837312991794E-05
 95   50     3.15367681966790E-09   4.57283138851845E-07
 96   50     3.98756844321605E-07   5.82184992709544E-05
 97   50     1.64648189100708E-09   2.42032837978041E-07
 98   50     1.31093827505834E-07   1.94018864708634E-05
 99   50     3.79714575169997E-11   5.65774717003296E-09
100   50     1.18974840948204E-07   1.78462261422306E-05
101   50     2.87549532395240E-13   4.34199793916813E-11
102   50     3.61815600091749E-09   5.49959712139458E-07
103   50     1.09687661834335E-17   1.67822122606533E-15
104   50     3.68204049811778E-14   5.67034236710139E-12
105   50     1.36813266503218E-25   2.12060563079988E-23
106   50     8.62749125995903E-22   1.34588863655361E-19
107   50     1.00000000000000E-99   1.00000000000000E-99
108   50     1.00000000000000E-99   1.00000000000000E-99
109   50     1.00000000000000E-99   1.00000000000000E-99
110   50     1.00000000000000E-99   1.00000000000000E-99
111   50     1.00000000000000E-99   1.00000000000000E-99
112   50     1.00000000000000E-99   1.00000000000000E-99
113   50     1.00000000000000E-99   1.00000000000000E-99
114   50     1.00000000000000E-99   1.00000000000000E-99
115   50     1.00000000000000E-99   1.00000000000000E-99
116   50     1.00000000000000E-99   1.00000000000000E-99
117   50     1.00000000000000E-99   1.00000000000000E-99
118   50     1.00000000000000E-99   1.00000000000000E-99
119   50     1.00000000000000E-99   1.00000000000000E-99
 46   51     1.00000000000000E-99   1.00000000000000E-99
 47   51     1.00000000000000E-99   1.00000000000000E-99
 48   51     1.00000000000000E-99   1.00000000000000E-99
 49   51     1.00000000000000E-99   1.00000000000000E-99
 50   51     1.00000000000000E-99   1.00000000000000E-99
 51   51     1.00000000000000E-99   1.00000000000000E-99
 52   51     1.00000000000000E-99   1.00000000000000E-99
 53   51     1.00000000000000E-99   1.00000000000000E-99
 54   51     1.00000000000000E-99   1.00000000000000E-99
 55   51     1.00000000000000E-99   1.00000000000000E-99
 56   51     1.00000000000000E-99   1.00000000000000E-99
 57   51     1.00000000000000E-99   1.00000000000000E-99
 58   51     1.00000000000000E-99   1.00000000000000E-99
 59   51     1.00000000000000E-99   1.00000000000000E-99
 60   51     1.00000000000000E-99   1.00000000000000E-99
 61   51     1.00000000000000E-99   1.00000000000000E-99
 62   51     1.00000000000000E-99   1.00000000000000E-99
 63   51     1.00000000000000E-99   1.00000000000000E-99
 64   51     1.00000000000000E-99   1.00000000000000E-99
 65   51     1.00000000000000E-99   1.00000000000000E-99
 66   51     1.00000000000000E-99   1.00000000000000E-99
 67   51     1.00000000000000E-99   1.00000000000000E-99
 68   51     1.00000000000000E-99   1.00000000000000E-99
 69   51     1.00000000000000E-99   1.00000000000000E-99
 70   51     1.00000000000000E-99   1.00000000000000E-99
 71   51     1.00000000000000E-99   1.00000000000000E-99
 72   51     1.00000000000000E-99   1.00000000000000E-99
 73   51     1.00000000000000E-99   1.00000000000000E-99
 74   51     1.00000000000000E-99   1.00000000000000E-99
 75   51     1.00000000000000E-99   1.00000000000000E-99
 76   51     1.00000000000000E-99   1.00000000000000E-99
 77   51     2.24560554431704E-24   2.87437509672582E-22
 78   51     3.57894558019338E-19   4.61683979844946E-17
 79   51     2.07758244392152E-07   2.70085717709797E-05
 80   51     9.61542237653285E-07   1.25962033132580E-04
 81   51     1.05917639854234E-06   1.39811284607589E-04
 82   51     3.46435753445066E-05   4.60759552081937E-03
 83   51     1.38185288723938E-06   1.85168286890076E-04
 84   51     1.48512496200276E-05   2.00491869870373E-03
 85   51     2.12287356820715E-06   2.88710805276173E-04
 86   51     2.02568824758690E-05   2.77519289919406E-03
 87   51     1.20484400103102E-07   1.66268472142281E-05
 88   51     2.02558432569314E-06   2.81556221271346E-04
 89   51     3.51624983444340E-07   4.92274976822076E-05
 90   51     4.15213401632953E-06   5.85450896302463E-04
 91   51     1.21863889009377E-07   1.73046722393315E-05
 92   51     1.79341843044166E-06   2.56458835553158E-04
 93   51     1.43966692969386E-07   2.07312037875916E-05
 94   51     1.78859852959544E-06   2.59346786791339E-04
 95   51     1.18755457161337E-07   1.73382967455552E-05
 96   51     1.94722306952106E-06   2.86241791219595E-04
 97   51     1.61593821653559E-07   2.39158856047267E-05
 98   51     1.42140599070997E-06   2.11789492615785E-04
 99   51     8.04171289298751E-08   1.20625693394813E-05
100   51     7.38228997017665E-07   1.11472578549667E-04
101   51     3.97988215794186E-09   6.04942088007162E-07
102   51     3.41124376157395E-07   5.21920295520814E-05
103   51     6.11834929752535E-12   9.42225791818903E-10
104   51     1.93012137872801E-08   2.99168813702842E-06
105   51     7.63164909781522E-16   1.19053725925918E-13
106   51     1.03192673641810E-11   1.62012497617642E-09
107   51     4.07201692085858E-21   6.43378673495656E-19
108   51     3.97615092944576E-17   6.32207997781875E-15
109   51     1.00000000000000E-99   1.00000000000000E-99
110   51     2.94075418722193E-22   4.73461424142730E-20
111   51     1.00000000000000E-99   1.00000000000000E-99
112   51     1.00000000000000E-99   1.00000000000000E-99
113   51     1.00000000000000E-99   1.00000000000000E-99
114   51     1.00000000000000E-99   1.00000000000000E-99
115   51     1.00000000000000E-99   1.00000000000000E-99
116   51     1.00000000000000E-99   1.00000000000000E-99
117   51     1.00000000000000E-99   1.00000000000000E-99
118   51     1.00000000000000E-99   1.00000000000000E-99
119   51     1.00000000000000E-99   1.00000000000000E-99
120   51     1.00000000000000E-99   1.00000000000000E-99
121   51     1.00000000000000E-99   1.00000000000000E-99
 47   52     1.00000000000000E-99   1.00000000000000E-99
 48   52     1.00000000000000E-99   1.00000000000000E-99
 49   52     1.00000000000000E-99   1.00000000000000E-99
 50   52     1.00000000000000E-99   1.00000000000000E-99
 51   52     1.00000000000000E-99   1.00000000000000E-99
 52   52     1.00000000000000E-99   1.00000000000000E-99
 53   52     1.00000000000000E-99   1.00000000000000E-99
 54   52     1.00000000000000E-99   1.00000000000000E-99
 55   52     1.00000000000000E-99   1.00000000000000E-99
 56   52     1.00000000000000E-99   1.00000000000000E-99
 57   52     1.00000000000000E-99   1.00000000000000E-99
 58   52     1.00000000000000E-99   1.00000000000000E-99
 59   52     1.00000000000000E-99   1.00000000000000E-99
 60   52     1.00000000000000E-99   1.00000000000000E-99
 61   52     1.00000000000000E-99   1.00000000000000E-99
 62   52     1.00000000000000E-99   1.00000000000000E-99
 63   52     1.00000000000000E-99   1.00000000000000E-99
 64   52     1.00000000000000E-99   1.00000000000000E-99
 65   52     1.00000000000000E-99   1.00000000000000E-99
 66   52     1.00000000000000E-99   1.00000000000000E-99
 67   52     1.00000000000000E-99   1.00000000000000E-99
 68   52     1.00000000000000E-99   1.00000000000000E-99
 69   52     1.00000000000000E-99   1.00000000000000E-99
 70   52     1.00000000000000E-99   1.00000000000000E-99
 71   52     1.00000000000000E-99   1.00000000000000E-99
 72   52     1.00000000000000E-99   1.00000000000000E-99
 73   52     1.00000000000000E-99   1.00000000000000E-99
 74   52     1.00000000000000E-99   1.00000000000000E-99
 75   52     1.00000000000000E-99   1.00000000000000E-99
 76   52     1.00000000000000E-99   1.00000000000000E-99
 77   52     1.00000000000000E-99   1.00000000000000E-99
 78   52     1.66020826736107E-14   2.15827074756940E-12
 79   52     5.32805531379686E-14   6.97975246107389E-12
 80   52     2.25115613424884E-12   2.97152609720847E-10
 81   52     7.34081562388038E-11   9.76328477976091E-09
 82   52     1.89241076586266E-08   2.53583042625596E-06
 83   52     2.73889577610146E-08   3.69750929773697E-06
 84   52     1.31490768028342E-07   1.78827444518545E-05
 85   52     1.95305980562830E-07   2.67569193371078E-05
 86   52     3.34760348680286E-07   4.61969281178794E-05
 87   52     1.37692860993976E-08   1.91393076781627E-06
 88   52     4.45736403372566E-07   6.24030964721593E-05
 89   52     1.10076292448169E-08   1.55207572351919E-06
 90   52     6.04965223129434E-07   8.59050616843797E-05
 91   52     3.87808311663543E-08   5.54565885678866E-06
 92   52     1.24561094711963E-06   1.79367976385227E-04
 93   52     1.11463468819624E-07   1.61622029788455E-05
 94   52     2.70742462294206E-06   3.95283994949540E-04
 95   52     3.58770414509553E-07   5.27392509329043E-05
 96   52     5.04561581185079E-06   7.46751140153917E-04
 97   52     6.00149120174231E-07   8.94222189059604E-05
 98   52     4.98835659978416E-06   7.48253489967623E-04
 99   52     4.08382742881127E-09   6.16657941750501E-07
100   52     6.20457993469290E-06   9.43096150073321E-04
101   52     3.44803228158847E-07   5.27548939083036E-05
102   52     2.98131860690622E-06   4.59123065463558E-04
103   52     9.16988259851534E-09   1.42133180276988E-06
104   52     9.14561114795391E-07   1.42671533908081E-04
105   52     1.55397087142466E-13   2.43973426813672E-11
106   52     1.07672242612338E-09   1.70122143327494E-07
107   52     3.49652236376685E-18   5.55947055838929E-16
108   52     6.54824159072639E-14   1.04771865451622E-11
109   52     3.67138990850839E-23   5.91093775269851E-21
110   52     3.00576815971582E-18   4.86934441873963E-16
111   52     1.00000000000000E-99   1.00000000000000E-99
112   52     1.60828555154447E-24   2.63758830453293E-22
113   52     1.00000000000000E-99   1.00000000000000E-99
114   52     1.00000000000000E-99   1.00000000000000E-99
115   52     1.00000000000000E-99   1.00000000000000E-99
116   52     1.00000000000000E-99   1.00000000000000E-99
117   52     1.00000000000000E-99   1.00000000000000E-99
118   52     1.00000000000000E-99   1.00000000000000E-99
119   52     1.00000000000000E-99   1.00000000000000E-99
120   52     1.00000000000000E-99   1.00000000000000E-99
121   52     1.00000000000000E-99   1.00000000000000E-99
122   52     1.00000000000000E-99   1.00000000000000E-99
123   52     1.00000000000000E-99   1.00000000000000E-99
124   52     1.00000000000000E-99   1.00000000000000E-99
 48   53     1.00000000000000E-99   1.00000000000000E-99
 49   53     1.00000000000000E-99   1.00000000000000E-99
 50   53     1.00000000000000E-99   1.00000000000000E-99
 51   53     1.00000000000000E-99   1.00000000000000E-99
 52   53     1.00000000000000E-99   1.00000000000000E-99
 53   53     1.00000000000000E-99   1.00000000000000E-99
 54   53     1.00000000000000E-99   1.00000000000000E-99
 55   53     1.00000000000000E-99   1.00000000000000E-99
 56   53     1.00000000000000E-99   1.00000000000000E-99
 57   53     1.00000000000000E-99   1.00000000000000E-99
 58   53     1.00000000000000E-99   1.00000000000000E-99
 59   53     1.00000000000000E-99   1.00000000000000E-99
 60   53     1.00000000000000E-99   1.00000000000000E-99
 61   53     1.00000000000000E-99   1.00000000000000E-99
 62   53     1.00000000000000E-99   1.00000000000000E-99
 63   53     1.00000000000000E-99   1.00000000000000E-99
 64   53     1.00000000000000E-99   1.00000000000000E-99
 65   53     1.00000000000000E-99   1.00000000000000E-99
 66   53     1.00000000000000E-99   1.00000000000000E-99
 67   53     1.00000000000000E-99   1.00000000000000E-99
 68   53     1.00000000000000E-99   1.00000000000000E-99
 69   53     1.00000000000000E-99   1.00000000000000E-99
 70   53     1.00000000000000E-99   1.00000000000000E-99
 71   53     1.00000000000000E-99   1.00000000000000E-99
 72   53     1.00000000000000E-99   1.00000000000000E-99
 73   53     1.00000000000000E-99   1.00000000000000E-99
 74   53     1.00000000000000E-99   1.00000000000000E-99
 75   53     1.00000000000000E-99   1.00000000000000E-99
 76   53     1.00000000000000E-99   1.00000000000000E-99
 77   53     1.00000000000000E-99   1.00000000000000E-99
 78   53     6.26187960895992E-22   8.20306228773749E-20
 79   53     6.12556425008906E-22   8.08574481011756E-20
 80   53     5.09427033279720E-18   6.77537954262027E-16
 81   53     5.14481517500536E-16   6.89405233450718E-14
 82   53     5.78100938495305E-12   7.80436266968662E-10
 83   53     4.62424062574941E-12   6.28896725101919E-10
 84   53     9.21564823569302E-11   1.26254380828994E-08
 85   53     5.40456974330278E-11   7.45830624575783E-09
 86   53     3.05619218711583E-10   4.24810714009101E-08
 87   53     1.47687223853917E-11   2.06762113395483E-09
 88   53     4.00298302013177E-10   5.64420605838579E-08
 89   53     8.20957935850827E-11   1.16576026890817E-08
 90   53     2.97753362565288E-09   4.25787308468362E-07
 91   53     4.43653965677529E-10   6.38861710575642E-08
 92   53     1.43073574111635E-08   2.07456682461871E-06
 93   53     4.81922746500518E-09   7.03607209890757E-07
 94   53     9.23503303926633E-08   1.35754985677215E-05
 95   53     4.47958542825529E-08   6.62978643381782E-06
 96   53     7.05396418253365E-07   1.05104066319751E-04
 97   53     1.54029953142773E-07   2.31044929714160E-05
 98   53     2.29560951176802E-06   3.46637036276970E-04
 99   53     4.31272906666383E-07   6.55534818132902E-05
100   53     4.29591545247669E-06   6.57275064228934E-04
101   53     8.07510548374718E-07   1.24356624449707E-04
102   53     6.20795259828523E-06   9.62232652734211E-04
103   53     9.26888085214735E-07   1.44594541293499E-04
104   53     4.60329516561040E-06   7.22717341000832E-04
105   53     1.33789743943936E-09   2.11387795431419E-07
106   53     1.81507131122216E-07   2.88596338484324E-05
107   53     2.31217787594096E-12   3.69948460150553E-10
108   53     1.75421996753238E-08   2.82429414772713E-06
109   53     1.70125434435836E-14   2.75603203786054E-12
110   53     5.44028453977934E-10   8.86766379984032E-08
111   53     1.45787221441340E-17   2.39091043163797E-15
112   53     9.79549380844609E-14   1.61625647839361E-11
113   53     1.46448390460123E-22   2.43104328163804E-20
114   53     2.05957169514189E-18   3.43948473088695E-16
115   53     1.00000000000000E-99   1.00000000000000E-99
116   53     1.29079894836930E-22   2.18145022274411E-20
117   53     1.00000000000000E-99   1.00000000000000E-99
118   53     1.00000000000000E-99   1.00000000000000E-99
119   53     1.00000000000000E-99   1.00000000000000E-99
120   53     1.00000000000000E-99   1.00000000000000E-99
121   53     1.00000000000000E-99   1.00000000000000E-99
122   53     1.00000000000000E-99   1.00000000000000E-99
123   53     1.00000000000000E-99   1.00000000000000E-99
124   53     1.00000000000000E-99   1.00000000000000E-99
125   53     1.00000000000000E-99   1.00000000000000E-99
126   53     1.00000000000000E-99   1.00000000000000E-99
 49   54     1.00000000000000E-99   1.00000000000000E-99
 50   54     1.00000000000000E-99   1.00000000000000E-99
 51   54     1.00000000000000E-99   1.00000000000000E-99
 52   54     1.00000000000000E-99   1.00000000000000E-99
 53   54     1.00000000000000E-99   1.00000000000000E-99
 54   54     1.00000000000000E-99   1.00000000000000E-99
 55   54     1.00000000000000E-99   1.00000000000000E-99
 56   54     1.00000000000000E-99   1.00000000000000E-99
 57   54     1.00000000000000E-99   1.00000000000000E-99
 58   54     1.00000000000000E-99   1.00000000000000E-99
 59   54     1.00000000000000E-99   1.00000000000000E-99
 60   54     1.00000000000000E-99   1.00000000000000E-99
 61   54     1.00000000000000E-99   1.00000000000000E-99
 62   54     1.00000000000000E-99   1.00000000000000E-99
 63   54     1.00000000000000E-99   1.00000000000000E-99
 64   54     1.00000000000000E-99   1.00000000000000E-99
 65   54     1.00000000000000E-99   1.00000000000000E-99
 66   54     1.00000000000000E-99   1.00000000000000E-99
 67   54     1.00000000000000E-99   1.00000000000000E-99
 68   54     1.00000000000000E-99   1.00000000000000E-99
 69   54     1.00000000000000E-99   1.00000000000000E-99
 70   54     1.00000000000000E-99   1.00000000000000E-99
 71   54     1.00000000000000E-99   1.00000000000000E-99
 72   54     1.00000000000000E-99   1.00000000000000E-99
 73   54     1.00000000000000E-99   1.00000000000000E-99
 74   54     1.00000000000000E-99   1.00000000000000E-99
 75   54     1.00000000000000E-99   1.00000000000000E-99
 76   54     1.00000000000000E-99   1.00000000000000E-99
 77   54     1.00000000000000E-99   1.00000000000000E-99
 78   54     1.00000000000000E-99   1.00000000000000E-99
 79   54     1.00000000000000E-99   1.00000000000000E-99
 80   54     2.28704312068396E-23   3.06463778171650E-21
 81   54     1.84335844068913E-20   2.48853389493033E-18
 82   54     6.29272728281576E-16   8.55810910462944E-14
 83   54     2.01258186072270E-15   2.75723714919010E-13
 84   54     2.40519572736071E-14   3.31917010375777E-12
 85   54     1.35730209245621E-13   1.88664990851413E-11
 86   54     4.05229725925441E-13   5.67321616295618E-11
 87   54     2.97025383509528E-13   4.18805790748434E-11
 88   54     3.36891647251619E-11   4.78386139097299E-09
 89   54     4.02646341052672E-12   5.75784267705321E-10
 90   54     2.64552834613038E-10   3.80956081842775E-08
 91   54     2.39812673571028E-11   3.47728376677991E-09
 92   54     4.26989077621139E-09   6.23404053326863E-07
 93   54     9.11584345730435E-10   1.34002898822374E-07
 94   54     7.35970235795342E-08   1.08923594897711E-05
 95   54     1.30984434121970E-08   1.95166806841735E-06
 96   54     5.59001726934645E-07   8.38502590401967E-05
 97   54     1.05927585328723E-07   1.59950653846372E-05
 98   54     2.41003084954461E-06   3.66324689130781E-04
 99   54     2.58473586584782E-07   3.95464587474717E-05
100   54     8.78457999109517E-06   1.35282531862866E-03
101   54     2.47364277534707E-06   3.83414630178796E-04
102   54     2.12982324943526E-05   3.32252426911900E-03
103   54     2.24416969721315E-06   3.52334642462464E-04
104   54     1.05785648860481E-05   1.67141325199560E-03
105   54     6.18722390519911E-08   9.83768600926659E-06
106   54     2.01492567849263E-06   3.22388108558820E-04
107   54     5.18074934146216E-10   8.34100643975408E-08
108   54     5.07662745881656E-07   8.22413648328284E-05
109   54     1.40038193212539E-12   2.28262254936438E-10
110   54     3.07783397249246E-08   5.04764771488764E-06
111   54     2.98188712334115E-15   4.92011375351289E-13
112   54     7.31874320238452E-09   1.21491137159583E-06
113   54     4.29962284176162E-17   7.18037014574190E-15
114   54     8.58110119996379E-14   1.44162500159392E-11
115   54     4.05183258285277E-22   6.84759706502117E-20
116   54     7.27917359339730E-18   1.23745951087754E-15
117   54     1.00000000000000E-99   1.00000000000000E-99
118   54     1.00000000000000E-99   1.00000000000000E-99
119   54     1.00000000000000E-99   1.00000000000000E-99
120   54     1.00000000000000E-99   1.00000000000000E-99
121   54     1.00000000000000E-99   1.00000000000000E-99
122   54     1.00000000000000E-99   1.00000000000000E-99
123   54     1.00000000000000E-99   1.00000000000000E-99
124   54     1.00000000000000E-99   1.00000000000000E-99
125   54     1.00000000000000E-99   1.00000000000000E-99
126   54     1.00000000000000E-99   1.00000000000000E-99
127   54     1.00000000000000E-99   1.00000000000000E-99
128   54     1.00000000000000E-99   1.00000000000000E-99
 51   55     1.00000000000000E-99   1.00000000000000E-99
 52   55     1.00000000000000E-99   1.00000000000000E-99
 53   55     1.00000000000000E-99   1.00000000000000E-99
 54   55     1.00000000000000E-99   1.00000000000000E-99
 55   55     1.00000000000000E-99   1.00000000000000E-99
 56   55     1.00000000000000E-99   1.00000000000000E-99
 57   55     1.00000000000000E-99   1.00000000000000E-99
 58   55     1.00000000000000E-99   1.00000000000000E-99
 59   55     1.00000000000000E-99   1.00000000000000E-99
 60   55     1.00000000000000E-99   1.00000000000000E-99
 61   55     1.00000000000000E-99   1.00000000000000E-99
 62   55     1.00000000000000E-99   1.00000000000000E-99
 63   55     1.00000000000000E-99   1.00000000000000E-99
 64   55     1.00000000000000E-99   1.00000000000000E-99
 65   55     1.00000000000000E-99   1.00000000000000E-99
 66   55     1.00000000000000E-99   1.00000000000000E-99
 67   55     1.00000000000000E-99   1.00000000000000E-99
 68   55     1.00000000000000E-99   1.00000000000000E-99
 69   55     1.00000000000000E-99   1.00000000000000E-99
 70   55     1.00000000000000E-99   1.00000000000000E-99
 71   55     1.00000000000000E-99   1.00000000000000E-99
 72   55     1.00000000000000E-99   1.00000000000000E-99
 73   55     1.00000000000000E-99   1.00000000000000E-99
 74   55     1.00000000000000E-99   1.00000000000000E-99
 75   55     1.00000000000000E-99   1.00000000000000E-99
 76   55     1.00000000000000E-99   1.00000000000000E-99
 77   55     1.00000000000000E-99   1.00000000000000E-99
 78   55     1.00000000000000E-99   1.00000000000000E-99
 79   55     1.00000000000000E-99   1.00000000000000E-99
 80   55     1.00000000000000E-99   1.00000000000000E-99
 81   55     1.00000000000000E-99   1.00000000000000E-99
 82   55     2.38114690804547E-21   3.26217126402230E-19
 83   55     2.84360748005158E-21   3.92417832247118E-19
 84   55     4.67359287702430E-19   6.49629409906378E-17
 85   55     3.37122069954763E-18   4.71970897936668E-16
 86   55     4.28725782696507E-17   6.04503353602074E-15
 87   55     3.71882792917568E-16   5.28073565942946E-14
 88   55     6.11763890783192E-15   8.74822363819965E-13
 89   55     1.36093578151897E-14   1.95974752538732E-12
 90   55     2.05298625241127E-13   2.97683006599635E-11
 91   55     1.18965442181187E-12   1.73689545584533E-10
 92   55     1.30143697829799E-11   1.91311235809805E-09
 93   55     2.90789943694318E-12   4.30369116667591E-10
 94   55     5.84802834903071E-10   8.71356224005576E-08
 95   55     2.03152484283519E-10   3.04728726425279E-08
 96   55     8.90425047772855E-09   1.34454182213701E-06
 97   55     4.06896200648031E-09   6.18482224985007E-07
 98   55     9.75805896280279E-08   1.49298302130883E-05
 99   55     3.24389245378692E-08   4.99559437883186E-06
100   55     7.77842191460871E-07   1.20565539676435E-04
101   55     4.29620769387669E-07   6.70208400244764E-05
102   55     4.76484742226277E-06   7.48081045295255E-04
103   55     1.48753477701168E-06   2.35030494767846E-04
104   55     9.78291929574820E-06   1.55548416802396E-03
105   55     1.87180579002288E-06   2.99488926403660E-04
106   55     7.20315185001271E-06   1.15970744785205E-03
107   55     1.14721853758548E-06   1.85849403088848E-04
108   55     4.62992457654838E-06   7.54677705977387E-04
109   55     6.18876471986882E-08   1.01495741405849E-05
110   55     1.26638202793464E-06   2.08953034609215E-04
111   55     6.50983165023318E-10   1.08063205393871E-07
112   55     3.48254711034589E-07   5.81585367427763E-05
113   55     3.11984687530666E-12   5.24134275051518E-10
114   55     7.33013733588339E-09   1.23879320976429E-06
115   55     3.23742917988075E-14   5.50362960579727E-12
116   55     2.99910388309917E-10   5.12846764009958E-08
117   55     6.39778395432596E-16   1.10041884014406E-13
118   55     2.38197812232035E-13   4.12082215161420E-11
119   55     7.93769120435465E-20   1.38115826955771E-17
120   55     5.30375661324657E-21   9.28157407318151E-19
121   55     1.00000000000000E-99   1.00000000000000E-99
122   55     2.89736981710232E-21   5.12834457627110E-19
123   55     1.00000000000000E-99   1.00000000000000E-99
124   55     3.30461901753869E-23   5.91526804139426E-21
125   55     1.00000000000000E-99   1.00000000000000E-99
126   55     1.00000000000000E-99   1.00000000000000E-99
127   55     1.00000000000000E-99   1.00000000000000E-99
128   55     1.00000000000000E-99   1.00000000000000E-99
129   55     1.00000000000000E-99   1.00000000000000E-99
130   55     1.00000000000000E-99   1.00000000000000E-99
 52   56     1.00000000000000E-99   1.00000000000000E-99
 53   56     1.00000000000000E-99   1.00000000000000E-99
 54   56     1.00000000000000E-99   1.00000000000000E-99
 55   56     1.00000000000000E-99   1.00000000000000E-99
 56   56     1.00000000000000E-99   1.00000000000000E-99
 57   56     1.00000000000000E-99   1.00000000000000E-99
 58   56     1.00000000000000E-99   1.00000000000000E-99
 59   56     1.00000000000000E-99   1.00000000000000E-99
 60   56     1.00000000000000E-99   1.00000000000000E-99
 61   56     1.00000000000000E-99   1.00000000000000E-99
 62   56     1.00000000000000E-99   1.00000000000000E-99
 63   56     1.00000000000000E-99   1.00000000000000E-99
 64   56     1.00000000000000E-99   1.00000000000000E-99
 65   56     1.00000000000000E-99   1.00000000000000E-99
 66   56     1.00000000000000E-99   1.00000000000000E-99
 67   56     1.00000000000000E-99   1.00000000000000E-99
 68   56     1.00000000000000E-99   1.00000000000000E-99
 69   56     1.00000000000000E-99   1.00000000000000E-99
 70   56     1.00000000000000E-99   1.00000000000000E-99
 71   56     1.00000000000000E-99   1.00000000000000E-99
 72   56     1.00000000000000E-99   1.00000000000000E-99
 73   56     1.00000000000000E-99   1.00000000000000E-99
 74   56     1.00000000000000E-99   1.00000000000000E-99
 75   56     1.00000000000000E-99   1.00000000000000E-99
 76   56     1.00000000000000E-99   1.00000000000000E-99
 77   56     1.00000000000000E-99   1.00000000000000E-99
 78   56     1.00000000000000E-99   1.00000000000000E-99
 79   56     1.00000000000000E-99   1.00000000000000E-99
 80   56     1.00000000000000E-99   1.00000000000000E-99
 81   56     1.00000000000000E-99   1.00000000000000E-99
 82   56     1.00000000000000E-99   1.00000000000000E-99
 83   56     1.00000000000000E-99   1.00000000000000E-99
 84   56     1.42094527157108E-23   1.98932338019952E-21
 85   56     2.65429689050646E-22   3.74255861561411E-20
 86   56     6.93599672380525E-20   9.84911534780345E-18
 87   56     3.70252480548381E-19   5.29461047184184E-17
 88   56     2.36591810039221E-17   3.40692206456478E-15
 89   56     2.47057874779043E-16   3.58233918429613E-14
 90   56     8.01865799332042E-15   1.17072406702478E-12
 91   56     3.47457432678300E-14   5.10762426037100E-12
 92   56     1.54253056145123E-12   2.28294523094782E-10
 93   56     2.87284403625066E-13   4.28053761401349E-11
 94   56     9.08667266281545E-11   1.36300089942232E-08
 95   56     2.87981186135724E-11   4.34851591064943E-09
 96   56     2.16140900390961E-09   3.28534168594260E-07
 97   56     6.41101727069813E-10   9.80885642416814E-08
 98   56     5.64927243905778E-08   8.69987955614898E-06
 99   56     6.32620021652656E-09   9.80561033561616E-07
100   56     8.67053953950102E-07   1.35260416816216E-04
101   56     2.84548477085594E-07   4.46741109024383E-05
102   56     6.50499153162685E-06   1.02778866199704E-03
103   56     1.71778227407754E-06   2.73127381578328E-04
104   56     1.26186909378487E-05   2.01899055005579E-03
105   56     2.52818895525796E-06   4.07038421796532E-04
106   56     1.01092495583780E-05   1.63769842845724E-03
107   56     1.96408900393251E-06   3.20146507640999E-04
108   56     7.00563743814483E-06   1.14892453985575E-03
109   56     3.56974358782604E-07   5.89007691991297E-05
110   56     5.48256755918020E-06   9.10106214823914E-04
111   56     1.06319535461491E-08   1.77553624220689E-06
112   56     1.02653601610189E-06   1.72458050705118E-04
113   56     1.47403072049139E-09   2.49111191763044E-07
114   56     3.19093765151456E-07   5.42459400757475E-05
115   56     4.83688502784611E-12   8.27107339761685E-10
116   56     1.54217086610425E-08   2.65253388969931E-06
117   56     1.06027118953904E-12   1.83426915790255E-10
118   56     1.34781086979477E-10   2.34519091344289E-08
119   56     7.53445856476541E-17   1.31853024883395E-14
120   56     1.00639566061683E-14   1.77125636268561E-12
121   56     2.87786268819110E-21   5.09381695809825E-19
122   56     3.74842069293199E-17   6.67218883341895E-15
123   56     1.70999436610863E-22   3.06088991533445E-20
124   56     2.70448874854744E-19   4.86807974738540E-17
125   56     9.02421286713013E-24   1.63338252895055E-21
126   56     1.18973692332200E-23   2.16532120044605E-21
127   56     1.00000000000000E-99   1.00000000000000E-99
128   56     1.00000000000000E-99   1.00000000000000E-99
129   56     1.00000000000000E-99   1.00000000000000E-99
130   56     1.00000000000000E-99   1.00000000000000E-99
131   56     1.00000000000000E-99   1.00000000000000E-99
132   56     1.00000000000000E-99   1.00000000000000E-99
133   56     1.00000000000000E-99   1.00000000000000E-99
 53   57     1.00000000000000E-99   1.00000000000000E-99
 54   57     1.00000000000000E-99   1.00000000000000E-99
 55   57     1.00000000000000E-99   1.00000000000000E-99
 56   57     1.00000000000000E-99   1.00000000000000E-99
 57   57     1.00000000000000E-99   1.00000000000000E-99
 58   57     1.00000000000000E-99   1.00000000000000E-99
 59   57     1.00000000000000E-99   1.00000000000000E-99
 60   57     1.00000000000000E-99   1.00000000000000E-99
 61   57     1.00000000000000E-99   1.00000000000000E-99
 62   57     1.00000000000000E-99   1.00000000000000E-99
 63   57     1.00000000000000E-99   1.00000000000000E-99
 64   57     1.00000000000000E-99   1.00000000000000E-99
 65   57     1.00000000000000E-99   1.00000000000000E-99
 66   57     1.00000000000000E-99   1.00000000000000E-99
 67   57     1.00000000000000E-99   1.00000000000000E-99
 68   57     1.00000000000000E-99   1.00000000000000E-99
 69   57     1.00000000000000E-99   1.00000000000000E-99
 70   57     1.00000000000000E-99   1.00000000000000E-99
 71   57     1.00000000000000E-99   1.00000000000000E-99
 72   57     1.00000000000000E-99   1.00000000000000E-99
 73   57     1.00000000000000E-99   1.00000000000000E-99
 74   57     1.00000000000000E-99   1.00000000000000E-99
 75   57     1.00000000000000E-99   1.00000000000000E-99
 76   57     1.00000000000000E-99   1.00000000000000E-99
 77   57     1.00000000000000E-99   1.00000000000000E-99
 78   57     1.00000000000000E-99   1.00000000000000E-99
 79   57     1.00000000000000E-99   1.00000000000000E-99
 80   57     1.00000000000000E-99   1.00000000000000E-99
 81   57     1.00000000000000E-99   1.00000000000000E-99
 82   57     1.00000000000000E-99   1.00000000000000E-99
 83   57     1.00000000000000E-99   1.00000000000000E-99
 84   57     1.00000000000000E-99   1.00000000000000E-99
 85   57     1.00000000000000E-99   1.00000000000000E-99
 86   57     3.39108375039500E-24   4.84924976306486E-22
 87   57     2.84929746084466E-23   4.10298834361631E-21
 88   57     1.23750718614853E-21   1.79438541991537E-19
 89   57     2.79405219536665E-20   4.07931620523530E-18
 90   57     3.23864917589719E-18   4.76081428856887E-16
 91   57     3.52195554477066E-17   5.21249420626058E-15
 92   57     1.29130374442659E-16   1.92404257919562E-14
 93   57     3.81893538448334E-15   5.72840307672501E-13
 94   57     2.97429115699034E-14   4.49117964705542E-12
 95   57     2.46658444679824E-14   3.74920835913333E-12
 96   57     2.57380111554006E-12   3.93791570677630E-10
 97   57     2.00152616138709E-12   3.08235028853612E-10
 98   57     3.28026087891114E-10   5.08440436231226E-08
 99   57     1.69011295944605E-10   2.63657621673585E-08
100   57     1.13690179428011E-08   1.78493581701977E-06
101   57     1.36145299515352E-08   2.15109573234256E-06
102   57     2.78573548703396E-07   4.42931942438400E-05
103   57     1.77686919027412E-07   2.84299070443859E-05
104   57     1.58718180339956E-06   2.55536270347329E-04
105   57     5.13582604286724E-07   8.32003818944493E-05
106   57     3.18398438543478E-06   5.18989454825869E-04
107   57     1.01560887833563E-06   1.66559856047044E-04
108   57     5.74495089074360E-06   9.47916896972694E-04
109   57     9.36879655851271E-07   1.55522022871311E-04
110   57     7.75774449079291E-06   1.29554332996242E-03
111   57     8.55195599336222E-07   1.43672860688485E-04
112   57     5.40190199725405E-06   9.12921437535934E-04
113   57     7.42001043443960E-07   1.26140177385473E-04
114   57     3.42331874324493E-06   5.85387505094884E-04
115   57     3.73009158240438E-08   6.41575752173554E-06
116   57     2.87436835800433E-07   4.97265725934749E-05
117   57     1.25717959640080E-08   2.18749249773739E-06
118   57     3.63805013774619E-08   6.36658774105584E-06
119   57     3.39085803581556E-11   5.96791014303539E-09
120   57     1.74366081277521E-10   3.08627963861212E-08
121   57     2.56821962618726E-12   4.57143093461333E-10
122   57     9.29438121114975E-11   1.66369423679580E-08
123   57     5.38478481413434E-12   9.69261266544182E-10
124   57     7.83281026208641E-11   1.41773865743764E-08
125   57     6.51995961499714E-13   1.18663264992948E-10
126   57     1.06507236116952E-12   1.94908242094022E-10
127   57     1.00000000000000E-99   1.00000000000000E-99
128   57     1.00000000000000E-99   1.00000000000000E-99
129   57     1.00000000000000E-99   1.00000000000000E-99
130   57     1.00000000000000E-99   1.00000000000000E-99
131   57     1.00000000000000E-99   1.00000000000000E-99
132   57     1.00000000000000E-99   1.00000000000000E-99
133   57     1.00000000000000E-99   1.00000000000000E-99
134   57     1.00000000000000E-99   1.00000000000000E-99
135   57     1.00000000000000E-99   1.00000000000000E-99
 55   58     1.00000000000000E-99   1.00000000000000E-99
 56   58     1.00000000000000E-99   1.00000000000000E-99
 57   58     1.00000000000000E-99   1.00000000000000E-99
 58   58     1.00000000000000E-99   1.00000000000000E-99
 59   58     1.00000000000000E-99   1.00000000000000E-99
 60   58     1.00000000000000E-99   1.00000000000000E-99
 61   58     1.00000000000000E-99   1.00000000000000E-99
 62   58     1.00000000000000E-99   1.00000000000000E-99
 63   58     1.00000000000000E-99   1.00000000000000E-99
 64   58     1.00000000000000E-99   1.00000000000000E-99
 65   58     1.00000000000000E-99   1.00000000000000E-99
 66   58     1.00000000000000E-99   1.00000000000000E-99
 67   58     1.00000000000000E-99   1.00000000000000E-99
 68   58     1.00000000000000E-99   1.00000000000000E-99
 69   58     1.00000000000000E-99   1.00000000000000E-99
 70   58     1.00000000000000E-99   1.00000000000000E-99
 71   58     1.00000000000000E-99   1.00000000000000E-99
 72   58     1.00000000000000E-99   1.00000000000000E-99
 73   58     1.00000000000000E-99   1.00000000000000E-99
 74   58     1.00000000000000E-99   1.00000000000000E-99
 75   58     1.00000000000000E-99   1.00000000000000E-99
 76   58     1.00000000000000E-99   1.00000000000000E-99
 77   58     1.00000000000000E-99   1.00000000000000E-99
 78   58     1.00000000000000E-99   1.00000000000000E-99
 79   58     1.00000000000000E-99   1.00000000000000E-99
 80   58     1.00000000000000E-99   1.00000000000000E-99
 81   58     1.00000000000000E-99   1.00000000000000E-99
 82   58     1.00000000000000E-99   1.00000000000000E-99
 83   58     1.00000000000000E-99   1.00000000000000E-99
 84   58     1.00000000000000E-99   1.00000000000000E-99
 85   58     1.00000000000000E-99   1.00000000000000E-99
 86   58     1.00000000000000E-99   1.00000000000000E-99
 87   58     1.00000000000000E-99   1.00000000000000E-99
 88   58     5.32509429751499E-25   7.77463767437188E-23
 89   58     2.07439006893193E-23   3.04935340132994E-21
 90   58     3.58504162722209E-21   5.30586160828869E-19
 91   58     4.23857614810081E-21   6.31547846067020E-19
 92   58     1.30308755688486E-18   1.95463133532729E-16
 93   58     8.48186007814808E-19   1.28076087180036E-16
 94   58     1.00557748016416E-15   1.52847776984952E-13
 95   58     5.23311497755459E-16   8.00666591565852E-14
 96   58     4.96687502600636E-13   7.64898754004980E-11
 97   58     2.18245245185740E-13   3.38280130037896E-11
 98   58     1.24140794130333E-10   1.93659638843320E-08
 99   58     2.20937376306705E-11   3.46871680801527E-09
100   58     7.49538552385157E-09   1.18427091276855E-06
101   58     4.22681409848288E-09   6.72063441658778E-07
102   58     1.87162567466490E-07   2.99460107946383E-05
103   58     8.12404332050698E-08   1.30797097460162E-05
104   58     1.10766021770109E-06   1.79440955267576E-04
105   58     4.04371175642594E-07   6.59125016297428E-05
106   58     3.71546039189371E-06   6.09335504270568E-04
107   58     1.53170646854742E-06   2.52731567310325E-04
108   58     7.36927422872989E-06   1.22329952196916E-03
109   58     7.56195436761198E-07   1.26284637939120E-04
110   58     8.80938520096788E-06   1.47997671376260E-03
111   58     1.40925821732358E-06   2.38164638727686E-04
112   58     8.60017211218817E-06   1.46202925907199E-03
113   58     1.11628545894159E-06   1.90884813479012E-04
114   58     3.63771002954458E-06   6.25686125081668E-04
115   58     3.62301663369062E-07   6.26781877628478E-05
116   58     1.51095628531064E-06   2.62906393644051E-04
117   58     5.57625995088705E-08   9.75845491405234E-06
118   58     1.51889976187855E-07   2.67326358090624E-05
119   58     3.83752693337030E-13   6.79242267206543E-11
120   58     4.10200960274366E-09   7.30157709288372E-07
121   58     3.70220419543171E-10   6.62694550982276E-08
122   58     5.62412355513666E-09   1.01234223992460E-06
123   58     2.83355363075963E-10   5.12873207167492E-08
124   58     1.72126036222677E-09   3.13269385925272E-07
125   58     5.79638305409856E-11   1.06073809890004E-08
126   58     1.36072284133096E-11   2.50373002804897E-09
127   58     1.00000000000000E-99   1.00000000000000E-99
128   58     1.00000000000000E-99   1.00000000000000E-99
129   58     1.00000000000000E-99   1.00000000000000E-99
130   58     1.00000000000000E-99   1.00000000000000E-99
131   58     1.00000000000000E-99   1.00000000000000E-99
132   58     1.00000000000000E-99   1.00000000000000E-99
133   58     1.00000000000000E-99   1.00000000000000E-99
134   58     1.00000000000000E-99   1.00000000000000E-99
135   58     1.00000000000000E-99   1.00000000000000E-99
136   58     1.00000000000000E-99   1.00000000000000E-99
137   58     1.00000000000000E-99   1.00000000000000E-99
 56   59     1.00000000000000E-99   1.00000000000000E-99
 57   59     1.00000000000000E-99   1.00000000000000E-99
 58   59     1.00000000000000E-99   1.00000000000000E-99
 59   59     1.00000000000000E-99   1.00000000000000E-99
 60   59     1.00000000000000E-99   1.00000000000000E-99
 61   59     1.00000000000000E-99   1.00000000000000E-99
 62   59     1.00000000000000E-99   1.00000000000000E-99
 63   59     1.00000000000000E-99   1.00000000000000E-99
 64   59     1.00000000000000E-99   1.00000000000000E-99
 65   59     1.00000000000000E-99   1.00000000000000E-99
 66   59     1.00000000000000E-99   1.00000000000000E-99
 67   59     1.00000000000000E-99   1.00000000000000E-99
 68   59     1.00000000000000E-99   1.00000000000000E-99
 69   59     1.00000000000000E-99   1.00000000000000E-99
 70   59     1.00000000000000E-99   1.00000000000000E-99
 71   59     1.00000000000000E-99   1.00000000000000E-99
 72   59     1.00000000000000E-99   1.00000000000000E-99
 73   59     1.00000000000000E-99   1.00000000000000E-99
 74   59     1.00000000000000E-99   1.00000000000000E-99
 75   59     1.00000000000000E-99   1.00000000000000E-99
 76   59     1.00000000000000E-99   1.00000000000000E-99
 77   59     1.00000000000000E-99   1.00000000000000E-99
 78   59     1.00000000000000E-99   1.00000000000000E-99
 79   59     1.00000000000000E-99   1.00000000000000E-99
 80   59     1.00000000000000E-99   1.00000000000000E-99
 81   59     1.00000000000000E-99   1.00000000000000E-99
 82   59     1.00000000000000E-99   1.00000000000000E-99
 83   59     1.00000000000000E-99   1.00000000000000E-99
 84   59     1.00000000000000E-99   1.00000000000000E-99
 85   59     1.00000000000000E-99   1.00000000000000E-99
 86   59     1.00000000000000E-99   1.00000000000000E-99
 87   59     1.00000000000000E-99   1.00000000000000E-99
 88   59     1.00000000000000E-99   1.00000000000000E-99
 89   59     1.00000000000000E-99   1.00000000000000E-99
 90   59     1.00000000000000E-99   1.00000000000000E-99
 91   59     1.05850413939473E-24   1.58775620909210E-22
 92   59     7.44191654446378E-24   1.12372939821403E-21
 93   59     3.91182852345445E-21   5.94597935565076E-19
 94   59     1.26925335258567E-20   1.94195762945608E-18
 95   59     5.94577908331610E-21   9.15649978830679E-19
 96   59     1.19260362976627E-16   1.84853562613771E-14
 97   59     6.10422975312642E-17   9.52259841487721E-15
 98   59     4.03950335996390E-14   6.34202027514333E-12
 99   59     3.15925580284982E-14   4.99162416850272E-12
100   59     2.35186899812432E-11   3.73947170701766E-09
101   59     1.72111339733512E-11   2.75378143573620E-09
102   59     1.54350686211213E-09   2.48504604800054E-07
103   59     8.71669094301996E-10   1.41210393276923E-07
104   59     4.53428822555548E-08   7.39088980765543E-06
105   59     2.20629984531018E-08   3.61833174630870E-06
106   59     2.89441500029416E-07   4.77578475048537E-05
107   59     1.04670542314655E-07   1.73753100242327E-05
108   59     9.58361001650614E-07   1.60046287275653E-04
109   59     1.91708840848531E-07   3.22070852625532E-05
110   59     2.83755494790526E-06   4.79546786195989E-04
111   59     3.62511325834218E-07   6.16269253918171E-05
112   59     2.13525178241515E-06   3.65128054792990E-04
113   59     6.05164338641697E-07   1.04088266246372E-04
114   59     5.46552227840949E-06   9.45535354164841E-04
115   59     1.15363165668578E-06   2.00731908263327E-04
116   59     3.65636094182875E-06   6.39863164820030E-04
117   59     8.26432516408782E-07   1.45452122887946E-04
118   59     3.07958923738817E-06   5.45087295017706E-04
119   59     5.11668323133685E-09   9.10769615177959E-07
120   59     3.90994388875249E-08   6.99879956086696E-06
121   59     4.55729866715927E-09   8.20313760088668E-07
122   59     2.58534252753158E-08   4.67946997483216E-06
123   59     1.01778660247578E-08   1.85237161650593E-06
124   59     3.94154502182771E-08   7.21302738994472E-06
125   59     9.41267785426188E-09   1.73193272518419E-06
126   59     2.11112561248470E-09   3.90558238309670E-07
127   59     1.00000000000000E-99   1.00000000000000E-99
128   59     1.00000000000000E-99   1.00000000000000E-99
129   59     1.00000000000000E-99   1.00000000000000E-99
130   59     1.00000000000000E-99   1.00000000000000E-99
131   59     1.00000000000000E-99   1.00000000000000E-99
132   59     1.00000000000000E-99   1.00000000000000E-99
133   59     1.00000000000000E-99   1.00000000000000E-99
134   59     1.00000000000000E-99   1.00000000000000E-99
135   59     1.00000000000000E-99   1.00000000000000E-99
136   59     1.00000000000000E-99   1.00000000000000E-99
137   59     1.00000000000000E-99   1.00000000000000E-99
138   59     1.00000000000000E-99   1.00000000000000E-99
139   59     1.00000000000000E-99   1.00000000000000E-99
 58   60     1.00000000000000E-99   1.00000000000000E-99
 59   60     1.00000000000000E-99   1.00000000000000E-99
 60   60     1.00000000000000E-99   1.00000000000000E-99
 61   60     1.00000000000000E-99   1.00000000000000E-99
 62   60     1.00000000000000E-99   1.00000000000000E-99
 63   60     1.00000000000000E-99   1.00000000000000E-99
 64   60     1.00000000000000E-99   1.00000000000000E-99
 65   60     1.00000000000000E-99   1.00000000000000E-99
 66   60     1.00000000000000E-99   1.00000000000000E-99
 67   60     1.00000000000000E-99   1.00000000000000E-99
 68   60     1.00000000000000E-99   1.00000000000000E-99
 69   60     1.00000000000000E-99   1.00000000000000E-99
 70   60     1.00000000000000E-99   1.00000000000000E-99
 71   60     1.00000000000000E-99   1.00000000000000E-99
 72   60     1.00000000000000E-99   1.00000000000000E-99
 73   60     1.00000000000000E-99   1.00000000000000E-99
 74   60     1.00000000000000E-99   1.00000000000000E-99
 75   60     1.00000000000000E-99   1.00000000000000E-99
 76   60     1.00000000000000E-99   1.00000000000000E-99
 77   60     1.00000000000000E-99   1.00000000000000E-99
 78   60     1.00000000000000E-99   1.00000000000000E-99
 79   60     1.00000000000000E-99   1.00000000000000E-99
 80   60     1.00000000000000E-99   1.00000000000000E-99
 81   60     1.00000000000000E-99   1.00000000000000E-99
 82   60     1.00000000000000E-99   1.00000000000000E-99
 83   60     1.00000000000000E-99   1.00000000000000E-99
 84   60     1.00000000000000E-99   1.00000000000000E-99
 85   60     1.00000000000000E-99   1.00000000000000E-99
 86   60     1.00000000000000E-99   1.00000000000000E-99
 87   60     1.00000000000000E-99   1.00000000000000E-99
 88   60     1.00000000000000E-99   1.00000000000000E-99
 89   60     1.00000000000000E-99   1.00000000000000E-99
 90   60     1.00000000000000E-99   1.00000000000000E-99
 91   60     1.00000000000000E-99   1.00000000000000E-99
 92   60     1.00000000000000E-99   1.00000000000000E-99
 93   60     1.00000000000000E-99   1.00000000000000E-99
 94   60     8.34589901127199E-25   1.28526844773589E-22
 95   60     1.01677988517842E-22   1.57600882202655E-20
 96   60     3.06200059320995E-18   4.77672092540752E-16
 97   60     2.05748266888299E-18   3.23024779014630E-16
 98   60     9.23514549711691E-15   1.45915298854447E-12
 99   60     3.30464595636399E-15   5.25438707061874E-13
100   60     2.58327520762940E-12   4.13324033220704E-10
101   60     1.90235138689184E-12   3.06278573289586E-10
102   60     1.02795851263371E-09   1.66529279046661E-07
103   60     4.22611999199816E-10   6.88857558695699E-08
104   60     2.13554358068811E-08   3.50229147232851E-06
105   60     5.03269299392065E-09   8.30394343996908E-07
106   60     1.23164106788370E-07   2.04452417268694E-05
107   60     4.35581354201353E-08   7.27420861516260E-06
108   60     4.80168793455238E-07   8.06683573004799E-05
109   60     5.53916471004321E-08   9.36118835997303E-06
110   60     9.79326270681640E-07   1.66485466015879E-04
111   60     2.93857180024446E-07   5.02495777841803E-05
112   60     3.72904900711040E-06   6.41396429222988E-04
113   60     9.90735207768689E-07   1.71397190943983E-04
114   60     5.74549086435283E-06   9.99715410397393E-04
115   60     2.50162136338758E-06   4.37783738592826E-04
116   60     7.51122700033122E-06   1.32197595205829E-03
117   60     4.56383622697051E-07   8.07799012173780E-05
118   60     1.32085163409904E-06   2.35111590869630E-04
119   60     2.17940919397487E-12   3.90114245721501E-10
120   60     1.01248456312824E-07   1.82247221363083E-05
121   60     8.93975011044047E-08   1.61809476998972E-05
122   60     3.69193647811159E-07   6.71932439016309E-05
123   60     1.56763158704114E-07   2.86876580428529E-05
124   60     2.58418698734650E-07   4.75490405671755E-05
125   60     4.61251090770952E-08   8.53314517926261E-06
126   60     1.15935638423608E-08   2.15640287467911E-06
127   60     1.00000000000000E-99   1.00000000000000E-99
128   60     1.00000000000000E-99   1.00000000000000E-99
129   60     1.00000000000000E-99   1.00000000000000E-99
130   60     1.00000000000000E-99   1.00000000000000E-99
131   60     1.00000000000000E-99   1.00000000000000E-99
132   60     1.00000000000000E-99   1.00000000000000E-99
133   60     1.00000000000000E-99   1.00000000000000E-99
134   60     1.00000000000000E-99   1.00000000000000E-99
135   60     1.00000000000000E-99   1.00000000000000E-99
136   60     1.00000000000000E-99   1.00000000000000E-99
137   60     1.00000000000000E-99   1.00000000000000E-99
138   60     1.00000000000000E-99   1.00000000000000E-99
139   60     1.00000000000000E-99   1.00000000000000E-99
140   60     1.00000000000000E-99   1.00000000000000E-99
141   60     1.00000000000000E-99   1.00000000000000E-99
 59   61     1.00000000000000E-99   1.00000000000000E-99
 60   61     1.00000000000000E-99   1.00000000000000E-99
 61   61     1.00000000000000E-99   1.00000000000000E-99
 62   61     1.00000000000000E-99   1.00000000000000E-99
 63   61     1.00000000000000E-99   1.00000000000000E-99
 64   61     1.00000000000000E-99   1.00000000000000E-99
 65   61     1.00000000000000E-99   1.00000000000000E-99
 66   61     1.00000000000000E-99   1.00000000000000E-99
 67   61     1.00000000000000E-99   1.00000000000000E-99
 68   61     1.00000000000000E-99   1.00000000000000E-99
 69   61     1.00000000000000E-99   1.00000000000000E-99
 70   61     1.00000000000000E-99   1.00000000000000E-99
 71   61     1.00000000000000E-99   1.00000000000000E-99
 72   61     1.00000000000000E-99   1.00000000000000E-99
 73   61     1.00000000000000E-99   1.00000000000000E-99
 74   61     1.00000000000000E-99   1.00000000000000E-99
 75   61     1.00000000000000E-99   1.00000000000000E-99
 76   61     1.00000000000000E-99   1.00000000000000E-99
 77   61     1.00000000000000E-99   1.00000000000000E-99
 78   61     1.00000000000000E-99   1.00000000000000E-99
 79   61     1.00000000000000E-99   1.00000000000000E-99
 80   61     1.00000000000000E-99   1.00000000000000E-99
 81   61     1.00000000000000E-99   1.00000000000000E-99
 82   61     1.00000000000000E-99   1.00000000000000E-99
 83   61     1.00000000000000E-99   1.00000000000000E-99
 84   61     1.00000000000000E-99   1.00000000000000E-99
 85   61     1.00000000000000E-99   1.00000000000000E-99
 86   61     1.00000000000000E-99   1.00000000000000E-99
 87   61     1.00000000000000E-99   1.00000000000000E-99
 88   61     1.00000000000000E-99   1.00000000000000E-99
 89   61     1.00000000000000E-99   1.00000000000000E-99
 90   61     1.00000000000000E-99   1.00000000000000E-99
 91   61     1.00000000000000E-99   1.00000000000000E-99
 92   61     1.00000000000000E-99   1.00000000000000E-99
 93   61     1.00000000000000E-99   1.00000000000000E-99
 94   61     1.00000000000000E-99   1.00000000000000E-99
 95   61     1.31115831359144E-24   2.04540696920265E-22
 96   61     9.29262443150140E-24   1.45894203574572E-21
 97   61     3.71970663323508E-24   5.87713648051143E-22
 98   61     1.52495995556448E-23   2.42468632934752E-21
 99   61     5.65024646748296E-24   9.04039434797273E-22
100   61     2.44640991529843E-23   3.93871996363047E-21
101   61     2.82694329659482E-15   4.57964814048361E-13
102   61     2.46304839826366E-12   4.01476888916976E-10
103   61     1.67437412900194E-12   2.74597357156318E-10
104   61     2.13292606493082E-10   3.51932800713584E-08
105   61     5.40765659679860E-11   8.97670995068567E-09
106   61     2.07127156164937E-09   3.45902350795445E-07
107   61     6.55956646513823E-10   1.10200716614322E-07
108   61     1.26649997195303E-08   2.14038495260062E-06
109   61     3.64301838291147E-09   6.19313125094949E-07
110   61     8.78174928164731E-08   1.50167912716169E-05
111   61     2.04784243482738E-08   3.52228898790310E-06
112   61     2.41620098728117E-07   4.18002770799643E-05
113   61     1.16914479720296E-07   2.03431194713314E-05
114   61     8.72130224452547E-07   1.52622789279196E-04
115   61     4.31908501824005E-07   7.60158963210249E-05
116   61     1.61445976107912E-06   2.85759377711004E-04
117   61     6.03471894938543E-07   1.07417997299061E-04
118   61     5.18408247307608E-06   9.27950762680619E-04
119   61     1.58291036380943E-08   2.84923865485697E-06
120   61     4.39632199064248E-07   7.95734280306288E-05
121   61     1.33377782844021E-07   2.42747564776118E-05
122   61     6.80215310546220E-07   1.24479401829958E-04
123   61     5.17439557919598E-08   9.52088786572059E-06
124   61     7.04994129899526E-07   1.30423914031412E-04
125   61     6.19741353558238E-07   1.15271891761832E-04
126   61     5.78602990908769E-07   1.08198759299940E-04
127   61     1.39729402672071E-23   2.62691277023493E-21
128   61     1.00000000000000E-99   1.00000000000000E-99
129   61     1.00000000000000E-99   1.00000000000000E-99
130   61     1.00000000000000E-99   1.00000000000000E-99
131   61     1.00000000000000E-99   1.00000000000000E-99
132   61     1.00000000000000E-99   1.00000000000000E-99
133   61     1.00000000000000E-99   1.00000000000000E-99
134   61     1.00000000000000E-99   1.00000000000000E-99
135   61     1.00000000000000E-99   1.00000000000000E-99
136   61     1.00000000000000E-99   1.00000000000000E-99
137   61     1.00000000000000E-99   1.00000000000000E-99
138   61     1.00000000000000E-99   1.00000000000000E-99
139   61     1.00000000000000E-99   1.00000000000000E-99
140   61     1.00000000000000E-99   1.00000000000000E-99
141   61     1.00000000000000E-99   1.00000000000000E-99
142   61     1.00000000000000E-99   1.00000000000000E-99
143   61     1.00000000000000E-99   1.00000000000000E-99
144   61     1.00000000000000E-99   1.00000000000000E-99
 61   62     1.00000000000000E-99   1.00000000000000E-99
 62   62     1.00000000000000E-99   1.00000000000000E-99
 63   62     1.00000000000000E-99   1.00000000000000E-99
 64   62     1.00000000000000E-99   1.00000000000000E-99
 65   62     1.00000000000000E-99   1.00000000000000E-99
 66   62     1.00000000000000E-99   1.00000000000000E-99
 67   62     1.00000000000000E-99   1.00000000000000E-99
 68   62     1.00000000000000E-99   1.00000000000000E-99
 69   62     1.00000000000000E-99   1.00000000000000E-99
 70   62     1.00000000000000E-99   1.00000000000000E-99
 71   62     1.00000000000000E-99   1.00000000000000E-99
 72   62     1.00000000000000E-99   1.00000000000000E-99
 73   62     1.00000000000000E-99   1.00000000000000E-99
 74   62     1.00000000000000E-99   1.00000000000000E-99
 75   62     1.00000000000000E-99   1.00000000000000E-99
 76   62     1.00000000000000E-99   1.00000000000000E-99
 77   62     1.00000000000000E-99   1.00000000000000E-99
 78   62     1.00000000000000E-99   1.00000000000000E-99
 79   62     1.00000000000000E-99   1.00000000000000E-99
 80   62     1.00000000000000E-99   1.00000000000000E-99
 81   62     1.00000000000000E-99   1.00000000000000E-99
 82   62     1.00000000000000E-99   1.00000000000000E-99
 83   62     1.00000000000000E-99   1.00000000000000E-99
 84   62     1.00000000000000E-99   1.00000000000000E-99
 85   62     1.00000000000000E-99   1.00000000000000E-99
 86   62     1.00000000000000E-99   1.00000000000000E-99
 87   62     1.00000000000000E-99   1.00000000000000E-99
 88   62     1.00000000000000E-99   1.00000000000000E-99
 89   62     1.00000000000000E-99   1.00000000000000E-99
 90   62     1.00000000000000E-99   1.00000000000000E-99
 91   62     1.00000000000000E-99   1.00000000000000E-99
 92   62     1.00000000000000E-99   1.00000000000000E-99
 93   62     1.00000000000000E-99   1.00000000000000E-99
 94   62     1.00000000000000E-99   1.00000000000000E-99
 95   62     1.00000000000000E-99   1.00000000000000E-99
 96   62     1.00000000000000E-99   1.00000000000000E-99
 97   62     1.00000000000000E-99   1.00000000000000E-99
 98   62     1.00000000000000E-99   1.00000000000000E-99
 99   62     1.75244348357441E-21   2.82143400855480E-19
100   62     1.84010045880306E-17   2.98096274326096E-15
101   62     4.25716624107139E-17   6.93918097294637E-15
102   62     3.95651840971672E-13   6.48869019193542E-11
103   62     1.00863230005798E-13   1.66424329509566E-11
104   62     7.59498522991145E-12   1.26076754816530E-09
105   62     2.73901918858722E-12   4.57416204494065E-10
106   62     1.78864545585762E-10   3.00492436584080E-08
107   62     5.56613557110246E-11   9.40676911516316E-09
108   62     3.11836879963161E-09   5.30122695937374E-07
109   62     3.50761128302354E-10   5.99801529397025E-08
110   62     2.30058938112298E-08   3.95701373553152E-06
111   62     4.62584580743804E-09   8.00271324686780E-07
112   62     1.41931826890328E-07   2.46961378789170E-05
113   62     6.53682627162453E-08   1.14394459753429E-05
114   62     7.73895097295716E-07   1.36205537124046E-04
115   62     4.71967506891589E-07   8.35382487198113E-05
116   62     3.68355605475173E-06   6.55672977745808E-04
117   62     3.40007139223479E-07   6.08612779210027E-05
118   62     1.84950667361692E-06   3.32911201251046E-04
119   62     4.88986372937151E-08   8.85065335016244E-06
120   62     1.14747014341661E-06   2.08839566101824E-04
121   62     2.27076081095197E-07   4.15549228404210E-05
122   62     2.72244549361953E-06   5.00929970825993E-04
123   62     1.04553584903427E-07   1.93424132071340E-05
124   62     5.31383889373632E-06   9.88374034234955E-04
125   62     2.18211878792597E-06   4.08056213342156E-04
126   62     1.28506463647746E-06   2.41592151657763E-04
127   62     2.39355466765754E-22   4.52381832187275E-20
128   62     6.23767018725604E-21   1.18515733557865E-18
129   62     1.00000000000000E-99   1.00000000000000E-99
130   62     1.00000000000000E-99   1.00000000000000E-99
131   62     1.00000000000000E-99   1.00000000000000E-99
132   62     1.00000000000000E-99   1.00000000000000E-99
133   62     1.00000000000000E-99   1.00000000000000E-99
134   62     1.00000000000000E-99   1.00000000000000E-99
135   62     1.00000000000000E-99   1.00000000000000E-99
136   62     1.00000000000000E-99   1.00000000000000E-99
137   62     1.00000000000000E-99   1.00000000000000E-99
138   62     1.00000000000000E-99   1.00000000000000E-99
139   62     1.00000000000000E-99   1.00000000000000E-99
140   62     1.00000000000000E-99   1.00000000000000E-99
141   62     1.00000000000000E-99   1.00000000000000E-99
142   62     1.00000000000000E-99   1.00000000000000E-99
143   62     1.00000000000000E-99   1.00000000000000E-99
144   62     1.00000000000000E-99   1.00000000000000E-99
145   62     1.00000000000000E-99   1.00000000000000E-99
146   62     1.00000000000000E-99   1.00000000000000E-99
 62   63     1.00000000000000E-99   1.00000000000000E-99
 63   63     1.00000000000000E-99   1.00000000000000E-99
 64   63     1.00000000000000E-99   1.00000000000000E-99
 65   63     1.00000000000000E-99   1.00000000000000E-99
 66   63     1.00000000000000E-99   1.00000000000000E-99
 67   63     1.00000000000000E-99   1.00000000000000E-99
 68   63     1.00000000000000E-99   1.00000000000000E-99
 69   63     1.00000000000000E-99   1.00000000000000E-99
 70   63     1.00000000000000E-99   1.00000000000000E-99
 71   63     1.00000000000000E-99   1.00000000000000E-99
 72   63     1.00000000000000E-99   1.00000000000000E-99
 73   63     1.00000000000000E-99   1.00000000000000E-99
 74   63     1.00000000000000E-99   1.00000000000000E-99
 75   63     1.00000000000000E-99   1.00000000000000E-99
 76   63     1.00000000000000E-99   1.00000000000000E-99
 77   63     1.00000000000000E-99   1.00000000000000E-99
 78   63     1.00000000000000E-99   1.00000000000000E-99
 79   63     1.00000000000000E-99   1.00000000000000E-99
 80   63     1.00000000000000E-99   1.00000000000000E-99
 81   63     1.00000000000000E-99   1.00000000000000E-99
 82   63     1.00000000000000E-99   1.00000000000000E-99
 83   63     1.00000000000000E-99   1.00000000000000E-99
 84   63     1.00000000000000E-99   1.00000000000000E-99
 85   63     1.00000000000000E-99   1.00000000000000E-99
 86   63     1.00000000000000E-99   1.00000000000000E-99
 87   63     1.00000000000000E-99   1.00000000000000E-99
 88   63     1.00000000000000E-99   1.00000000000000E-99
 89   63     1.00000000000000E-99   1.00000000000000E-99
 90   63     1.00000000000000E-99   1.00000000000000E-99
 91   63     1.00000000000000E-99   1.00000000000000E-99
 92   63     1.00000000000000E-99   1.00000000000000E-99
 93   63     1.00000000000000E-99   1.00000000000000E-99
 94   63     1.00000000000000E-99   1.00000000000000E-99
 95   63     1.00000000000000E-99   1.00000000000000E-99
 96   63     1.00000000000000E-99   1.00000000000000E-99
 97   63     1.00000000000000E-99   1.00000000000000E-99
 98   63     1.00000000000000E-99   1.00000000000000E-99
 99   63     2.64259862329805E-23   4.28100976974285E-21
100   63     1.15185108938085E-22   1.87751727569079E-20
101   63     4.14802698452403E-23   6.80276425461941E-21
102   63     2.74639101060526E-22   4.53154516749868E-20
103   63     2.59330215901603E-18   4.30488158396661E-16
104   63     2.97235991165084E-15   4.96384105245690E-13
105   63     1.45426841036861E-15   2.44317092941927E-13
106   63     1.16991848117431E-13   1.97716223318458E-11
107   63     5.86625921378201E-14   9.97264066342943E-12
108   63     1.34738596483341E-11   2.30402999986513E-09
109   63     5.30771599868694E-12   9.12927151774155E-10
110   63     3.46220166692799E-10   5.98960888378542E-08
111   63     9.96398336044158E-11   1.73373310471684E-08
112   63     2.48931947472734E-09   4.35630908077284E-07
113   63     1.67755785634506E-09   2.95250182716730E-07
114   63     4.55946881590459E-08   8.07025980415112E-06
115   63     2.13453146438030E-08   3.79946600659693E-06
116   63     1.69111510321764E-07   3.02709603475957E-05
117   63     5.27978108775267E-08   9.50360595795480E-06
118   63     5.61327383768290E-07   1.01600256462061E-04
119   63     5.94288483042755E-08   1.08160503913781E-05
120   63     5.15316688081505E-07   9.43029539189154E-05
121   63     1.27873551598203E-07   2.35287334940693E-05
122   63     1.01185730589105E-06   1.87193601589843E-04
123   63     6.44292756651096E-07   1.19838452737104E-04
124   63     4.90856375302372E-06   9.17901421815436E-04
125   63     1.61457089382049E-06   3.03539328038253E-04
126   63     1.79758910501854E-05   3.39744340848504E-03
127   63     3.16664873599856E-18   6.01663259839727E-16
128   63     7.46502907197204E-21   1.42582055274666E-18
129   63     1.00000000000000E-99   1.00000000000000E-99
130   63     1.00000000000000E-99   1.00000000000000E-99
131   63     1.00000000000000E-99   1.00000000000000E-99
132   63     1.00000000000000E-99   1.00000000000000E-99
133   63     1.00000000000000E-99   1.00000000000000E-99
134   63     1.00000000000000E-99   1.00000000000000E-99
135   63     1.00000000000000E-99   1.00000000000000E-99
136   63     1.00000000000000E-99   1.00000000000000E-99
137   63     1.00000000000000E-99   1.00000000000000E-99
138   63     1.00000000000000E-99   1.00000000000000E-99
139   63     1.00000000000000E-99   1.00000000000000E-99
140   63     1.00000000000000E-99   1.00000000000000E-99
141   63     1.00000000000000E-99   1.00000000000000E-99
142   63     1.00000000000000E-99   1.00000000000000E-99
143   63     1.00000000000000E-99   1.00000000000000E-99
144   63     1.00000000000000E-99   1.00000000000000E-99
145   63     1.00000000000000E-99   1.00000000000000E-99
146   63     1.00000000000000E-99   1.00000000000000E-99
147   63     1.00000000000000E-99   1.00000000000000E-99
148   63     1.00000000000000E-99   1.00000000000000E-99
 81   64     1.00000000000000E-99   1.00000000000000E-99
 82   64     1.00000000000000E-99   1.00000000000000E-99
 83   64     1.00000000000000E-99   1.00000000000000E-99
 84   64     1.00000000000000E-99   1.00000000000000E-99
 85   64     1.00000000000000E-99   1.00000000000000E-99
 86   64     1.00000000000000E-99   1.00000000000000E-99
 87   64     1.00000000000000E-99   1.00000000000000E-99
 88   64     1.00000000000000E-99   1.00000000000000E-99
 89   64     1.00000000000000E-99   1.00000000000000E-99
 90   64     1.00000000000000E-99   1.00000000000000E-99
 91   64     1.00000000000000E-99   1.00000000000000E-99
 92   64     1.00000000000000E-99   1.00000000000000E-99
 93   64     1.00000000000000E-99   1.00000000000000E-99
 94   64     1.00000000000000E-99   1.00000000000000E-99
 95   64     1.00000000000000E-99   1.00000000000000E-99
 96   64     1.00000000000000E-99   1.00000000000000E-99
 97   64     1.00000000000000E-99   1.00000000000000E-99
 98   64     1.00000000000000E-99   1.00000000000000E-99
 99   64     1.00000000000000E-99   1.00000000000000E-99
100   64     1.00000000000000E-99   1.00000000000000E-99
101   64     2.82244919777038E-25   4.65704117632112E-23
102   64     2.75980572698223E-20   4.58127750679050E-18
103   64     3.46436567001767E-20   5.78549066892951E-18
104   64     3.34129476965869E-17   5.61337521302660E-15
105   64     1.39960712115535E-17   2.36533603475254E-15
106   64     1.97622901513491E-14   3.35958932572935E-12
107   64     7.46313992909653E-15   1.27619692787551E-12
108   64     2.39613860021563E-12   4.12135839237088E-10
109   64     2.65227739165763E-13   4.58843988756769E-11
110   64     2.05800589117722E-11   3.58093025064837E-09
111   64     8.76014518468115E-12   1.53302540731920E-09
112   64     1.44504760788930E-09   2.54328378988517E-07
113   64     4.43548661042268E-10   7.85081130044815E-08
114   64     1.21816261893769E-08   2.16832946170910E-06
115   64     4.91158688251314E-09   8.79174051969853E-07
116   64     1.26517896999062E-07   2.27732214598311E-05
117   64     3.37056003969852E-08   6.10071367185432E-06
118   64     2.31060712619807E-07   4.20530496968048E-05
119   64     1.05288208710281E-08   1.92677421939815E-06
120   64     5.94698123628972E-07   1.09424454747731E-04
121   64     9.42859454851537E-08   1.74428999147534E-05
122   64     3.86817698936288E-06   7.19480920021496E-04
123   64     1.90607751195852E-06   3.56436494736243E-04
124   64     2.69903427036511E-05   5.07418442828642E-03
125   64     1.57246602521155E-05   2.97196078764983E-03
126   64     3.02816406821116E-05   5.75351172960121E-03
127   64     4.20278978817208E-17   8.02732849540867E-15
128   64     5.92366991610160E-13   1.13734462389151E-10
129   64     1.00000000000000E-99   1.00000000000000E-99
130   64     1.75182160400184E-21   3.39853391176358E-19
131   64     1.00000000000000E-99   1.00000000000000E-99
132   64     1.00000000000000E-99   1.00000000000000E-99
133   64     1.00000000000000E-99   1.00000000000000E-99
134   64     1.00000000000000E-99   1.00000000000000E-99
135   64     1.00000000000000E-99   1.00000000000000E-99
136   64     1.00000000000000E-99   1.00000000000000E-99
137   64     1.00000000000000E-99   1.00000000000000E-99
138   64     1.00000000000000E-99   1.00000000000000E-99
139   64     1.00000000000000E-99   1.00000000000000E-99
140   64     1.00000000000000E-99   1.00000000000000E-99
141   64     1.00000000000000E-99   1.00000000000000E-99
142   64     1.00000000000000E-99   1.00000000000000E-99
143   64     1.00000000000000E-99   1.00000000000000E-99
144   64     1.00000000000000E-99   1.00000000000000E-99
145   64     1.00000000000000E-99   1.00000000000000E-99
146   64     1.00000000000000E-99   1.00000000000000E-99
147   64     1.00000000000000E-99   1.00000000000000E-99
148   64     1.00000000000000E-99   1.00000000000000E-99
149   64     1.00000000000000E-99   1.00000000000000E-99
150   64     1.00000000000000E-99   1.00000000000000E-99
 82   65     1.00000000000000E-99   1.00000000000000E-99
 83   65     1.00000000000000E-99   1.00000000000000E-99
 84   65     1.00000000000000E-99   1.00000000000000E-99
 85   65     1.00000000000000E-99   1.00000000000000E-99
 86   65     1.00000000000000E-99   1.00000000000000E-99
 87   65     1.00000000000000E-99   1.00000000000000E-99
 88   65     1.00000000000000E-99   1.00000000000000E-99
 89   65     1.00000000000000E-99   1.00000000000000E-99
 90   65     1.00000000000000E-99   1.00000000000000E-99
 91   65     1.00000000000000E-99   1.00000000000000E-99
 92   65     1.00000000000000E-99   1.00000000000000E-99
 93   65     1.00000000000000E-99   1.00000000000000E-99
 94   65     1.00000000000000E-99   1.00000000000000E-99
 95   65     1.00000000000000E-99   1.00000000000000E-99
 96   65     1.00000000000000E-99   1.00000000000000E-99
 97   65     1.00000000000000E-99   1.00000000000000E-99
 98   65     1.00000000000000E-99   1.00000000000000E-99
 99   65     1.00000000000000E-99   1.00000000000000E-99
100   65     1.00000000000000E-99   1.00000000000000E-99
101   65     1.00000000000000E-99   1.00000000000000E-99
102   65     1.00000000000000E-99   1.00000000000000E-99
103   65     1.00000000000000E-99   1.00000000000000E-99
104   65     1.00000000000000E-99   1.00000000000000E-99
105   65     1.00000000000000E-99   1.00000000000000E-99
106   65     1.68691175503684E-18   2.88461910111300E-16
107   65     8.09125520471251E-19   1.39169589521055E-16
108   65     7.98460203992292E-17   1.38133615290667E-14
109   65     1.92513067193278E-16   3.34972736916305E-14
110   65     1.31698410121561E-13   2.30472217712732E-11
111   65     3.56299843367276E-14   6.27087724326406E-12
112   65     2.39937599445452E-12   4.24689551018450E-10
113   65     2.20722900610229E-12   3.92886763086208E-10
114   65     2.02199267031953E-10   3.61936687987196E-08
115   65     7.22490812431716E-11   1.30048346237709E-08
116   65     2.20890064544117E-09   3.99811016824851E-07
117   65     8.19886415627251E-10   1.49219327644160E-07
118   65     1.30013725276605E-08   2.37925117256188E-06
119   65     2.07791430137093E-09   3.82336231452250E-07
120   65     8.11360537945793E-08   1.50101699519972E-05
121   65     5.60569320050345E-08   1.04265893529364E-05
122   65     1.36492509612546E-06   2.55240992975461E-04
123   65     4.77851322901558E-07   8.98360487054929E-05
124   65     2.28309254434108E-06   4.31504490880464E-04
125   65     9.14711588787418E-06   1.73795201869609E-03
126   65     9.04075489653607E-05   1.72678418523839E-02
127   65     1.89735069821973E-14   3.64291334058189E-12
128   65     5.54410152737202E-09   1.07001159478280E-06
129   65     1.87384733283378E-19   3.63526382569753E-17
130   65     6.77194880683515E-13   1.32053001733285E-10
131   65     9.67570044842746E-23   1.89643728789178E-20
132   65     7.47896415827074E-16   1.47335593917934E-13
133   65     1.00000000000000E-99   1.00000000000000E-99
134   65     1.00000000000000E-99   1.00000000000000E-99
135   65     1.00000000000000E-99   1.00000000000000E-99
136   65     1.00000000000000E-99   1.00000000000000E-99
137   65     1.00000000000000E-99   1.00000000000000E-99
138   65     1.00000000000000E-99   1.00000000000000E-99
139   65     1.00000000000000E-99   1.00000000000000E-99
140   65     1.00000000000000E-99   1.00000000000000E-99
141   65     1.00000000000000E-99   1.00000000000000E-99
142   65     1.00000000000000E-99   1.00000000000000E-99
143   65     1.00000000000000E-99   1.00000000000000E-99
144   65     1.00000000000000E-99   1.00000000000000E-99
145   65     1.00000000000000E-99   1.00000000000000E-99
146   65     1.00000000000000E-99   1.00000000000000E-99
147   65     1.00000000000000E-99   1.00000000000000E-99
148   65     1.00000000000000E-99   1.00000000000000E-99
149   65     1.00000000000000E-99   1.00000000000000E-99
150   65     1.00000000000000E-99   1.00000000000000E-99
151   65     1.00000000000000E-99   1.00000000000000E-99
152   65     1.00000000000000E-99   1.00000000000000E-99
153   65     1.00000000000000E-99   1.00000000000000E-99
 82   66     1.00000000000000E-99   1.00000000000000E-99
 83   66     1.00000000000000E-99   1.00000000000000E-99
 84   66     1.00000000000000E-99   1.00000000000000E-99
 85   66     1.00000000000000E-99   1.00000000000000E-99
 86   66     1.00000000000000E-99   1.00000000000000E-99
 87   66     1.00000000000000E-99   1.00000000000000E-99
 88   66     1.00000000000000E-99   1.00000000000000E-99
 89   66     1.00000000000000E-99   1.00000000000000E-99
 90   66     1.00000000000000E-99   1.00000000000000E-99
 91   66     1.00000000000000E-99   1.00000000000000E-99
 92   66     1.00000000000000E-99   1.00000000000000E-99
 93   66     1.00000000000000E-99   1.00000000000000E-99
 94   66     1.00000000000000E-99   1.00000000000000E-99
 95   66     1.00000000000000E-99   1.00000000000000E-99
 96   66     1.00000000000000E-99   1.00000000000000E-99
 97   66     1.00000000000000E-99   1.00000000000000E-99
 98   66     1.00000000000000E-99   1.00000000000000E-99
 99   66     1.00000000000000E-99   1.00000000000000E-99
100   66     1.00000000000000E-99   1.00000000000000E-99
101   66     1.00000000000000E-99   1.00000000000000E-99
102   66     1.00000000000000E-99   1.00000000000000E-99
103   66     1.00000000000000E-99   1.00000000000000E-99
104   66     6.49513142473744E-25   1.10417234220536E-22
105   66     4.43814469103302E-25   7.58922742166647E-23
106   66     9.95031655229913E-22   1.71145444699545E-19
107   66     1.67892777712777E-21   2.90454505443104E-19
108   66     5.73915600552523E-17   9.98613144961389E-15
109   66     1.09684345296515E-17   1.91947604268902E-15
110   66     5.75495962913564E-15   1.01287289472787E-12
111   66     1.72283582556489E-15   3.04941941124986E-13
112   66     1.09814075883793E-12   1.95469055073151E-10
113   66     2.61681721841061E-13   4.68410282095499E-11
114   66     2.14238252348783E-11   3.85628854227809E-09
115   66     1.22747434521735E-11   2.22172856484341E-09
116   66     8.17560000261328E-10   1.48795920047562E-07
117   66     1.90893068319487E-10   3.49334315024661E-08
118   66     6.65778628783311E-09   1.22503267696129E-06
119   66     7.19668685367753E-10   1.33138706793034E-07
120   66     2.00575057679524E-07   3.73069607283914E-05
121   66     2.06998686369413E-08   3.87087543510802E-06
122   66     5.98912686634019E-07   1.12595585087195E-04
123   66     4.35673447148094E-08   8.23422815109898E-06
124   66     3.72498325050353E-05   7.07746817595671E-03
125   66     3.89110154228850E-05   7.43200394577103E-03
126   66     1.90602941594309E-04   3.65957647861072E-02
127   66     1.54483958907662E-13   2.98154040691787E-11
128   66     8.27010055597946E-08   1.60439950786001E-05
129   66     3.24025340438986E-19   6.31849413856023E-17
130   66     1.56752371960068E-12   3.07234649041734E-10
131   66     1.54109402134708E-22   3.03595522205374E-20
132   66     7.03880776621795E-16   1.39368393771115E-13
133   66     9.06763109121358E-25   1.80445858715150E-22
134   66     2.54318216212411E-20   5.08636432424823E-18
135   66     1.00000000000000E-99   1.00000000000000E-99
136   66     1.22850688778910E-19   2.48158391333399E-17
137   66     1.00000000000000E-99   1.00000000000000E-99
138   66     5.81391279173625E-22   1.18603820951420E-19
139   66     1.00000000000000E-99   1.00000000000000E-99
140   66     1.22085367278970E-25   2.51495856594679E-23
141   66     1.00000000000000E-99   1.00000000000000E-99
142   66     1.00000000000000E-99   1.00000000000000E-99
143   66     1.00000000000000E-99   1.00000000000000E-99
144   66     1.00000000000000E-99   1.00000000000000E-99
145   66     1.00000000000000E-99   1.00000000000000E-99
146   66     1.00000000000000E-99   1.00000000000000E-99
147   66     1.00000000000000E-99   1.00000000000000E-99
148   66     1.00000000000000E-99   1.00000000000000E-99
149   66     1.00000000000000E-99   1.00000000000000E-99
150   66     1.00000000000000E-99   1.00000000000000E-99
151   66     1.00000000000000E-99   1.00000000000000E-99
152   66     1.00000000000000E-99   1.00000000000000E-99
153   66     1.00000000000000E-99   1.00000000000000E-99
154   66     1.00000000000000E-99   1.00000000000000E-99
155   66     1.00000000000000E-99   1.00000000000000E-99
 84   67     1.00000000000000E-99   1.00000000000000E-99
 85   67     1.00000000000000E-99   1.00000000000000E-99
 86   67     1.00000000000000E-99   1.00000000000000E-99
 87   67     1.00000000000000E-99   1.00000000000000E-99
 88   67     1.00000000000000E-99   1.00000000000000E-99
 89   67     1.00000000000000E-99   1.00000000000000E-99
 90   67     1.00000000000000E-99   1.00000000000000E-99
 91   67     1.00000000000000E-99   1.00000000000000E-99
 92   67     1.00000000000000E-99   1.00000000000000E-99
 93   67     1.00000000000000E-99   1.00000000000000E-99
 94   67     1.00000000000000E-99   1.00000000000000E-99
 95   67     1.00000000000000E-99   1.00000000000000E-99
 96   67     1.00000000000000E-99   1.00000000000000E-99
 97   67     1.00000000000000E-99   1.00000000000000E-99
 98   67     1.00000000000000E-99   1.00000000000000E-99
 99   67     1.00000000000000E-99   1.00000000000000E-99
100   67     1.00000000000000E-99   1.00000000000000E-99
101   67     1.00000000000000E-99   1.00000000000000E-99
102   67     1.00000000000000E-99   1.00000000000000E-99
103   67     1.00000000000000E-99   1.00000000000000E-99
104   67     1.00000000000000E-99   1.00000000000000E-99
105   67     1.00000000000000E-99   1.00000000000000E-99
106   67     1.00000000000000E-99   1.00000000000000E-99
107   67     1.00000000000000E-99   1.00000000000000E-99
108   67     1.00000000000000E-99   1.00000000000000E-99
109   67     1.00000000000000E-99   1.00000000000000E-99
110   67     7.91921503146248E-19   1.40170106056886E-16
111   67     9.79913980629093E-19   1.74424688551979E-16
112   67     3.03252448795891E-16   5.42821883344645E-14
113   67     1.78292035911052E-16   3.20925664639893E-14
114   67     4.25856437532508E-14   7.70800151933839E-12
115   67     2.59815052839701E-14   4.72863396168257E-12
116   67     3.79694783630528E-12   6.94841454043866E-10
117   67     1.15874652462808E-12   2.13209360531566E-10
118   67     3.75163916363554E-10   6.94053245272575E-08
119   67     6.92958450163057E-11   1.28890271730329E-08
120   67     1.58771575226774E-09   2.96902845674068E-07
121   67     4.79801290652766E-10   9.02026426427200E-08
122   67     8.49556849076419E-08   1.60566244475443E-05
123   67     1.28540367858562E-07   2.44226698931268E-05
124   67     4.72165103576135E-06   9.01835347830419E-04
125   67     6.61759810180307E-06   1.27057883554619E-03
126   67     2.65676063733717E-04   5.12754803006073E-02
127   67     2.32929161405195E-10   4.51882573126078E-08
128   67     9.05769504613849E-05   1.76625053399700E-02
129   67     1.79012995486493E-14   3.50865471153527E-12
130   67     4.39262475069321E-09   8.65347075886562E-07
131   67     7.57927034484585E-15   1.50069552827948E-12
132   67     7.04560179703495E-10   1.40207475760996E-07
133   67     1.76284814290851E-15   3.52569628581701E-13
134   67     5.82921168373217E-13   1.17167154843017E-10
135   67     7.31172251213516E-16   1.47696794745130E-13
136   67     3.24741267130638E-11   6.59224772275195E-09
137   67     8.04300554679729E-16   1.64077313154665E-13
138   67     9.13568832298038E-11   1.87281610621098E-08
139   67     7.75650060930397E-17   1.59783912551662E-14
140   67     2.11695185770287E-11   4.38209034544494E-09
141   67     8.43301808073616E-19   1.75406776079312E-16
142   67     2.36424495391080E-14   4.94127195367358E-12
143   67     1.02051637313371E-21   2.14308438358080E-19
144   67     4.17465844439631E-15   8.80852931767621E-13
145   67     1.21006995903292E-23   2.56534831314979E-21
146   67     1.86986919836890E-25   3.98282139252575E-23
147   67     1.00000000000000E-99   1.00000000000000E-99
148   67     1.00000000000000E-99   1.00000000000000E-99
149   67     1.00000000000000E-99   1.00000000000000E-99
150   67     1.00000000000000E-99   1.00000000000000E-99
151   67     1.00000000000000E-99   1.00000000000000E-99
152   67     1.00000000000000E-99   1.00000000000000E-99
153   67     1.00000000000000E-99   1.00000000000000E-99
154   67     1.00000000000000E-99   1.00000000000000E-99
155   67     1.00000000000000E-99   1.00000000000000E-99
156   67     1.00000000000000E-99   1.00000000000000E-99
157   67     1.00000000000000E-99   1.00000000000000E-99
 85   68     1.00000000000000E-99   1.00000000000000E-99
 86   68     1.00000000000000E-99   1.00000000000000E-99
 87   68     1.00000000000000E-99   1.00000000000000E-99
 88   68     1.00000000000000E-99   1.00000000000000E-99
 89   68     1.00000000000000E-99   1.00000000000000E-99
 90   68     1.00000000000000E-99   1.00000000000000E-99
 91   68     1.00000000000000E-99   1.00000000000000E-99
 92   68     1.00000000000000E-99   1.00000000000000E-99
 93   68     1.00000000000000E-99   1.00000000000000E-99
 94   68     1.00000000000000E-99   1.00000000000000E-99
 95   68     1.00000000000000E-99   1.00000000000000E-99
 96   68     1.00000000000000E-99   1.00000000000000E-99
 97   68     1.00000000000000E-99   1.00000000000000E-99
 98   68     1.00000000000000E-99   1.00000000000000E-99
 99   68     1.00000000000000E-99   1.00000000000000E-99
100   68     1.00000000000000E-99   1.00000000000000E-99
101   68     1.00000000000000E-99   1.00000000000000E-99
102   68     1.00000000000000E-99   1.00000000000000E-99
103   68     1.00000000000000E-99   1.00000000000000E-99
104   68     1.00000000000000E-99   1.00000000000000E-99
105   68     1.00000000000000E-99   1.00000000000000E-99
106   68     1.00000000000000E-99   1.00000000000000E-99
107   68     1.00000000000000E-99   1.00000000000000E-99
108   68     1.00000000000000E-99   1.00000000000000E-99
109   68     5.79734057415958E-25   1.02612928162625E-22
110   68     3.27064850966905E-20   5.82175434721092E-18
111   68     1.12797462980500E-20   2.01907458735096E-18
112   68     1.83689364504959E-17   3.30640856108926E-15
113   68     8.40373475511164E-18   1.52107599067521E-15
114   68     5.24903807872676E-15   9.55324930328271E-13
115   68     2.07238375337147E-15   3.79246226866979E-13
116   68     3.20125652308676E-12   5.89031200247964E-10
117   68     9.33252957326790E-13   1.72651797105456E-10
118   68     1.78059528260799E-11   3.31190722565087E-09
119   68     1.30861974827970E-12   2.44711892928304E-10
120   68     1.44433064272803E-09   2.71534160832870E-07
121   68     5.58844367278026E-10   1.05621585415547E-07
122   68     2.25647406322219E-07   4.28730072012216E-05
123   68     2.76105555715491E-07   5.27361611416588E-05
124   68     1.84874169104458E-05   3.54958404680560E-03
125   68     2.98087278256723E-05   5.75308447035476E-03
126   68     4.27269805742352E-04   8.28903423140163E-02
127   68     3.38958380338608E-09   6.60968841660286E-07
128   68     3.66453821675481E-04   7.18249490483942E-02
129   68     6.38094940918690E-14   1.25704703360982E-11
130   68     2.59339110911532E-08   5.13491439604833E-06
131   68     5.02953326751840E-15   1.00087712023616E-12
132   68     9.55525013035068E-10   1.91105002607014E-07
133   68     2.42944829694560E-14   4.88319107686066E-12
134   68     1.14255314787992E-09   2.30795735871743E-07
135   68     4.45319198221023E-12   9.03997972388676E-10
136   68     1.69479317875972E-09   3.45737808466982E-07
137   68     3.19188086590586E-13   6.54335577510702E-11
138   68     1.59031495901963E-09   3.27604881558044E-07
139   68     4.01737807233089E-15   8.31597260972494E-13
140   68     3.92995244703669E-10   8.17430108983631E-08
141   68     1.94324084138620E-16   4.06137335849716E-14
142   68     1.10644214750945E-11   2.32352850976984E-09
143   68     4.59264923574528E-20   9.69048988742255E-18
144   68     2.26972607312444E-14   4.81181927502380E-12
145   68     2.09797138519780E-20   4.46867905047131E-18
146   68     4.93821208754733E-15   1.05677738673513E-12
147   68     1.00000000000000E-99   1.00000000000000E-99
148   68     1.54193249839952E-23   3.33057419654296E-21
149   68     1.00000000000000E-99   1.00000000000000E-99
150   68     1.00000000000000E-99   1.00000000000000E-99
151   68     1.00000000000000E-99   1.00000000000000E-99
152   68     1.00000000000000E-99   1.00000000000000E-99
153   68     1.00000000000000E-99   1.00000000000000E-99
154   68     1.00000000000000E-99   1.00000000000000E-99
155   68     1.00000000000000E-99   1.00000000000000E-99
156   68     1.00000000000000E-99   1.00000000000000E-99
157   68     1.00000000000000E-99   1.00000000000000E-99
158   68     1.00000000000000E-99   1.00000000000000E-99
159   68     1.00000000000000E-99   1.00000000000000E-99
 86   69     1.00000000000000E-99   1.00000000000000E-99
 87   69     1.00000000000000E-99   1.00000000000000E-99
 88   69     1.00000000000000E-99   1.00000000000000E-99
 89   69     1.00000000000000E-99   1.00000000000000E-99
 90   69     1.00000000000000E-99   1.00000000000000E-99
 91   69     1.00000000000000E-99   1.00000000000000E-99
 92   69     1.00000000000000E-99   1.00000000000000E-99
 93   69     1.00000000000000E-99   1.00000000000000E-99
 94   69     1.00000000000000E-99   1.00000000000000E-99
 95   69     1.00000000000000E-99   1.00000000000000E-99
 96   69     1.00000000000000E-99   1.00000000000000E-99
 97   69     1.00000000000000E-99   1.00000000000000E-99
 98   69     1.00000000000000E-99   1.00000000000000E-99
 99   69     1.00000000000000E-99   1.00000000000000E-99
100   69     1.00000000000000E-99   1.00000000000000E-99
101   69     1.00000000000000E-99   1.00000000000000E-99
102   69     1.00000000000000E-99   1.00000000000000E-99
103   69     1.00000000000000E-99   1.00000000000000E-99
104   69     1.00000000000000E-99   1.00000000000000E-99
105   69     1.00000000000000E-99   1.00000000000000E-99
106   69     1.00000000000000E-99   1.00000000000000E-99
107   69     1.00000000000000E-99   1.00000000000000E-99
108   69     1.00000000000000E-99   1.00000000000000E-99
109   69     1.00000000000000E-99   1.00000000000000E-99
110   69     1.00000000000000E-99   1.00000000000000E-99
111   69     1.00000000000000E-99   1.00000000000000E-99
112   69     1.00000000000000E-99   1.00000000000000E-99
113   69     4.32942282057290E-22   7.87954953344268E-20
114   69     3.74347406067932E-18   6.85055753104315E-16
115   69     4.70832157187072E-18   8.66331169224212E-16
116   69     2.87045189650025E-16   5.31033600852546E-14
117   69     2.35705472384427E-16   4.38412178635035E-14
118   69     6.45794753175058E-14   1.20763618843736E-11
119   69     3.98961288226740E-14   7.50047221866271E-12
120   69     5.30632847427702E-11   1.00289608163836E-08
121   69     3.51508857582487E-11   6.67866829406725E-09
122   69     4.38286000264382E-09   8.37126260504969E-07
123   69     2.38088679656009E-09   4.57130264939537E-07
124   69     5.33991165661408E-08   1.03060294972652E-05
125   69     3.37980544844260E-07   6.55682256997865E-05
126   69     1.23857330786677E-04   2.41521795034020E-02
127   69     3.41853631606917E-07   6.70033117949558E-05
128   69     9.02108596022319E-05   1.77715393416397E-02
129   69     9.38876703768566E-12   1.85897587346176E-09
130   69     7.61992909260149E-10   1.51636588942770E-07
131   69     1.05312190369897E-10   2.10624380739794E-08
132   69     7.56889132878266E-09   1.52134715708532E-06
133   69     4.18229321176473E-11   8.44823228776475E-09
134   69     1.06797020258412E-09   2.16797951124577E-07
135   69     3.14097531397734E-10   6.40758964051376E-08
136   69     5.00596732785451E-09   1.02622330221017E-06
137   69     3.36028605641187E-10   6.92218927620846E-08
138   69     7.84466892396498E-09   1.62384646726075E-06
139   69     1.97721693481647E-11   4.11261122441825E-09
140   69     5.42402863418864E-09   1.13362198454543E-06
141   69     1.41925064973710E-12   2.98042636444791E-10
142   69     6.14164881495524E-09   1.29588789995556E-06
143   69     1.59565437509719E-13   3.38278727520604E-11
144   69     1.00861114260312E-08   2.14834173374464E-06
145   69     5.81884674879414E-15   1.24523320424195E-12
146   69     2.55802479419210E-09   5.49975330751302E-07
147   69     2.69449816522089E-16   5.82011603687713E-14
148   69     2.05034359708013E-14   4.44924560566388E-12
149   69     5.57722505418968E-24   1.21583506181335E-21
150   69     1.00000000000000E-99   1.00000000000000E-99
151   69     1.00000000000000E-99   1.00000000000000E-99
152   69     1.00000000000000E-99   1.00000000000000E-99
153   69     1.00000000000000E-99   1.00000000000000E-99
154   69     1.00000000000000E-99   1.00000000000000E-99
155   69     1.00000000000000E-99   1.00000000000000E-99
156   69     1.00000000000000E-99   1.00000000000000E-99
157   69     1.00000000000000E-99   1.00000000000000E-99
158   69     1.00000000000000E-99   1.00000000000000E-99
159   69     1.00000000000000E-99   1.00000000000000E-99
160   69     1.00000000000000E-99   1.00000000000000E-99
161   69     1.00000000000000E-99   1.00000000000000E-99
 88   70     1.00000000000000E-99   1.00000000000000E-99
 89   70     1.00000000000000E-99   1.00000000000000E-99
 90   70     1.00000000000000E-99   1.00000000000000E-99
 91   70     1.00000000000000E-99   1.00000000000000E-99
 92   70     1.00000000000000E-99   1.00000000000000E-99
 93   70     1.00000000000000E-99   1.00000000000000E-99
 94   70     1.00000000000000E-99   1.00000000000000E-99
 95   70     1.00000000000000E-99   1.00000000000000E-99
 96   70     1.00000000000000E-99   1.00000000000000E-99
 97   70     1.00000000000000E-99   1.00000000000000E-99
 98   70     1.00000000000000E-99   1.00000000000000E-99
 99   70     1.00000000000000E-99   1.00000000000000E-99
100   70     1.00000000000000E-99   1.00000000000000E-99
101   70     1.00000000000000E-99   1.00000000000000E-99
102   70     1.00000000000000E-99   1.00000000000000E-99
103   70     1.00000000000000E-99   1.00000000000000E-99
104   70     1.00000000000000E-99   1.00000000000000E-99
105   70     1.00000000000000E-99   1.00000000000000E-99
106   70     1.00000000000000E-99   1.00000000000000E-99
107   70     1.00000000000000E-99   1.00000000000000E-99
108   70     1.00000000000000E-99   1.00000000000000E-99
109   70     1.00000000000000E-99   1.00000000000000E-99
110   70     1.00000000000000E-99   1.00000000000000E-99
111   70     1.00000000000000E-99   1.00000000000000E-99
112   70     6.08942008497294E-23   1.10827445546508E-20
113   70     3.29234866490773E-23   6.02499805678114E-21
114   70     2.27244717311530E-20   4.18130279853215E-18
115   70     1.54307063836100E-20   2.85468068096784E-18
116   70     6.42887398019297E-17   1.19577056031589E-14
117   70     3.12373399197007E-17   5.84138256498403E-15
118   70     4.70270963418038E-14   8.84109411225911E-12
119   70     5.39517750205736E-15   1.01968854788884E-12
120   70     1.51118517542549E-11   2.87125183330844E-09
121   70     1.80946500067956E-12   3.45607815129796E-10
122   70     1.88264851991572E-10   3.61468515823819E-08
123   70     5.92636914145927E-10   1.14378924430164E-07
124   70     1.13022873923816E-06   2.19264375412204E-04
125   70     2.75417200385962E-06   5.37063540752626E-04
126   70     5.29757661550268E-05   1.03832501663853E-02
127   70     2.76215165612504E-06   5.44143876256633E-04
128   70     2.89460749372869E-05   5.73132283758281E-03
129   70     1.27706754516003E-12   2.54136441486846E-10
130   70     1.22931730851202E-09   2.45863461702404E-07
131   70     5.36519052324347E-10   1.07840329517194E-07
132   70     2.66849510993007E-09   5.39036012205875E-07
133   70     9.71308565149142E-10   1.97175638725276E-07
134   70     6.44815553694439E-09   1.31542372953666E-06
135   70     2.55297495238959E-09   5.23359865239865E-07
136   70     2.26514316172353E-08   4.66619491315046E-06
137   70     4.16246132457174E-09   8.61629494186350E-07
138   70     1.08889595967679E-07   2.26490359612772E-05
139   70     3.84228152522534E-09   8.03036838772097E-07
140   70     3.67270655161683E-07   7.71268375839533E-05
141   70     7.48245457712026E-10   1.57879791577237E-07
142   70     1.79758720970425E-07   3.81088488457300E-05
143   70     2.60871297789955E-11   5.55655864292605E-09
144   70     4.75102099179649E-08   1.01671849224445E-05
145   70     2.19666467207671E-12   4.72282904496493E-10
146   70     9.62758229059810E-08   2.07955777476919E-05
147   70     9.97344902717111E-15   2.16423843889613E-12
148   70     3.74511869202923E-10   8.16435874862373E-08
149   70     1.48169000334172E-18   3.24490110731837E-16
150   70     2.60087787794139E-15   5.72193133147106E-13
151   70     1.33500557905671E-24   2.95036232971533E-22
152   70     2.64424473751650E-21   5.87022331728663E-19
153   70     1.00000000000000E-99   1.00000000000000E-99
154   70     1.00000000000000E-99   1.00000000000000E-99
155   70     1.00000000000000E-99   1.00000000000000E-99
156   70     1.00000000000000E-99   1.00000000000000E-99
157   70     1.00000000000000E-99   1.00000000000000E-99
158   70     1.00000000000000E-99   1.00000000000000E-99
159   70     1.00000000000000E-99   1.00000000000000E-99
160   70     1.00000000000000E-99   1.00000000000000E-99
161   70     1.00000000000000E-99   1.00000000000000E-99
162   70     1.00000000000000E-99   1.00000000000000E-99
163   70     1.00000000000000E-99   1.00000000000000E-99
164   70     1.00000000000000E-99   1.00000000000000E-99
 90   71     1.00000000000000E-99   1.00000000000000E-99
 91   71     1.00000000000000E-99   1.00000000000000E-99
 92   71     1.00000000000000E-99   1.00000000000000E-99
 93   71     1.00000000000000E-99   1.00000000000000E-99
 94   71     1.00000000000000E-99   1.00000000000000E-99
 95   71     1.00000000000000E-99   1.00000000000000E-99
 96   71     1.00000000000000E-99   1.00000000000000E-99
 97   71     1.00000000000000E-99   1.00000000000000E-99
 98   71     1.00000000000000E-99   1.00000000000000E-99
 99   71     1.00000000000000E-99   1.00000000000000E-99
100   71     1.00000000000000E-99   1.00000000000000E-99
101   71     1.00000000000000E-99   1.00000000000000E-99
102   71     1.00000000000000E-99   1.00000000000000E-99
103   71     1.00000000000000E-99   1.00000000000000E-99
104   71     1.00000000000000E-99   1.00000000000000E-99
105   71     1.00000000000000E-99   1.00000000000000E-99
106   71     1.00000000000000E-99   1.00000000000000E-99
107   71     1.00000000000000E-99   1.00000000000000E-99
108   71     1.00000000000000E-99   1.00000000000000E-99
109   71     1.00000000000000E-99   1.00000000000000E-99
110   71     1.00000000000000E-99   1.00000000000000E-99
111   71     1.00000000000000E-99   1.00000000000000E-99
112   71     1.00000000000000E-99   1.00000000000000E-99
113   71     1.00000000000000E-99   1.00000000000000E-99
114   71     1.00000000000000E-99   1.00000000000000E-99
115   71     1.00000000000000E-99   1.00000000000000E-99
116   71     1.00000000000000E-99   1.00000000000000E-99
117   71     2.29582068121368E-21   4.31614288068173E-19
118   71     6.85949785537990E-21   1.29644509466680E-18
119   71     3.38334117001065E-19   6.42834822302024E-17
120   71     1.63900326378064E-16   3.13049623382102E-14
121   71     6.68235583100567E-16   1.28301231955309E-13
122   71     2.73379885714903E-12   5.27623179429764E-10
123   71     3.81731460115846E-12   7.40559032624741E-10
124   71     5.33150972610825E-10   1.03964439659111E-07
125   71     5.64526287029011E-09   1.10647152257686E-06
126   71     1.60383201865712E-06   3.15954907675453E-04
127   71     1.07746277153403E-07   2.13337628763738E-05
128   71     2.14873994765143E-06   4.27599249582636E-04
129   71     8.86442500196887E-10   1.77288500039377E-07
130   71     6.37775606054626E-09   1.28192896816980E-06
131   71     5.60575131561721E-10   1.13236176575468E-07
132   71     7.17249758504679E-09   1.45601700976450E-06
133   71     9.64966099024595E-10   1.96853084201017E-07
134   71     9.25967103522084E-09   1.89823256222027E-06
135   71     2.83841910984694E-09   5.84714336628470E-07
136   71     3.43036760325631E-08   7.10086093874055E-06
137   71     1.47531699362198E-08   3.06865934673371E-06
138   71     2.42395784737200E-07   5.06607190100748E-05
139   71     5.41298288986177E-08   1.13672640687097E-05
140   71     4.07412014206807E-07   8.59639349976363E-05
141   71     7.93081563255221E-08   1.68133291410107E-05
142   71     7.22107565833688E-07   1.53808911522576E-04
143   71     4.64661823842091E-08   9.94376303022076E-06
144   71     5.98424031331372E-07   1.28661166736245E-04
145   71     1.18108751572506E-08   2.55114903396613E-06
146   71     2.71674837377719E-07   5.89534397109651E-05
147   71     4.49964716776866E-11   9.80923082573567E-09
148   71     1.74259071637634E-07   3.81627366886418E-05
149   71     3.31275399606664E-13   7.28805879134661E-11
150   71     1.77693569619848E-09   3.92702788859865E-07
151   71     4.30427446193485E-15   9.55548930549536E-13
152   71     2.83771029046917E-12   6.32809394774626E-10
153   71     2.24563011863789E-23   5.03021146574888E-21
154   71     1.00000000000000E-99   1.00000000000000E-99
155   71     1.00000000000000E-99   1.00000000000000E-99
156   71     1.00000000000000E-99   1.00000000000000E-99
157   71     1.00000000000000E-99   1.00000000000000E-99
158   71     1.00000000000000E-99   1.00000000000000E-99
159   71     1.00000000000000E-99   1.00000000000000E-99
160   71     1.00000000000000E-99   1.00000000000000E-99
161   71     1.00000000000000E-99   1.00000000000000E-99
162   71     1.00000000000000E-99   1.00000000000000E-99
163   71     1.00000000000000E-99   1.00000000000000E-99
164   71     1.00000000000000E-99   1.00000000000000E-99
165   71     1.00000000000000E-99   1.00000000000000E-99
166   71     1.00000000000000E-99   1.00000000000000E-99
 92   72     1.00000000000000E-99   1.00000000000000E-99
 93   72     1.00000000000000E-99   1.00000000000000E-99
 94   72     1.00000000000000E-99   1.00000000000000E-99
 95   72     1.00000000000000E-99   1.00000000000000E-99
 96   72     1.00000000000000E-99   1.00000000000000E-99
 97   72     1.00000000000000E-99   1.00000000000000E-99
 98   72     1.00000000000000E-99   1.00000000000000E-99
 99   72     1.00000000000000E-99   1.00000000000000E-99
100   72     1.00000000000000E-99   1.00000000000000E-99
101   72     1.00000000000000E-99   1.00000000000000E-99
102   72     1.00000000000000E-99   1.00000000000000E-99
103   72     1.00000000000000E-99   1.00000000000000E-99
104   72     1.00000000000000E-99   1.00000000000000E-99
105   72     1.00000000000000E-99   1.00000000000000E-99
106   72     1.00000000000000E-99   1.00000000000000E-99
107   72     1.00000000000000E-99   1.00000000000000E-99
108   72     1.00000000000000E-99   1.00000000000000E-99
109   72     1.00000000000000E-99   1.00000000000000E-99
110   72     1.00000000000000E-99   1.00000000000000E-99
111   72     1.00000000000000E-99   1.00000000000000E-99
112   72     1.00000000000000E-99   1.00000000000000E-99
113   72     1.00000000000000E-99   1.00000000000000E-99
114   72     1.00000000000000E-99   1.00000000000000E-99
115   72     1.00000000000000E-99   1.00000000000000E-99
116   72     1.00000000000000E-99   1.00000000000000E-99
117   72     4.42582778688087E-24   8.36481451720484E-22
118   72     7.04331237560851E-21   1.33822935136562E-18
119   72     2.99843603974413E-21   5.72701283591128E-19
120   72     2.53653758659762E-16   4.87015216626743E-14
121   72     1.12355040817065E-16   2.16845228776935E-14
122   72     1.24958451979582E-13   2.42419396840389E-11
123   72     7.87596023062988E-13   1.53581224497283E-10
124   72     1.26880729836516E-09   2.48686230479571E-07
125   72     5.19850949979484E-09   1.02410637145958E-06
126   72     2.26210056620336E-07   4.47895912108265E-05
127   72     1.98511180224532E-08   3.95037248646819E-06
128   72     2.01903475058435E-08   4.03806950116870E-06
129   72     2.10357526726380E-09   4.22818628720024E-07
130   72     4.26649271852219E-09   8.61831529141483E-07
131   72     5.21829168042402E-10   1.05931321112608E-07
132   72     5.58313752558742E-09   1.13896005521983E-06
133   72     2.16133502155029E-09   4.43073679417809E-07
134   72     2.10548457151189E-08   4.33729821731450E-06
135   72     1.39882459884387E-08   2.89556691960681E-06
136   72     1.37317206008951E-07   2.85619788498618E-05
137   72     4.64294084329687E-08   9.70374636249045E-06
138   72     4.09045780022177E-07   8.58996138046572E-05
139   72     1.65536690026300E-07   3.49282415955492E-05
140   72     1.00971520619217E-06   2.14059623712741E-04
141   72     3.58035187934206E-07   7.62614950299858E-05
142   72     1.46479375672172E-06   3.13465863938449E-04
143   72     1.64624105872352E-07   3.53941827625556E-05
144   72     2.40214629045979E-06   5.18863598739315E-04
145   72     1.45231221754916E-07   3.15151751208168E-05
146   72     1.57815760764758E-06   3.44038358467172E-04
147   72     6.43952422809930E-10   1.41025580595375E-07
148   72     9.96898834016525E-08   2.19317743483635E-05
149   72     1.24725782262562E-10   2.75643978800262E-08
150   72     1.83402636376713E-07   4.07153852756304E-05
151   72     9.45354195362430E-14   2.10813985565822E-11
152   72     1.64155459290535E-09   3.67708228810798E-07
153   72     5.02149502482345E-21   1.12983638058528E-18
154   72     1.35949662776771E-16   3.07246237875503E-14
155   72     1.00000000000000E-99   1.00000000000000E-99
156   72     1.00000000000000E-99   1.00000000000000E-99
157   72     1.00000000000000E-99   1.00000000000000E-99
158   72     1.00000000000000E-99   1.00000000000000E-99
159   72     1.00000000000000E-99   1.00000000000000E-99
160   72     1.00000000000000E-99   1.00000000000000E-99
161   72     1.00000000000000E-99   1.00000000000000E-99
162   72     1.00000000000000E-99   1.00000000000000E-99
163   72     1.00000000000000E-99   1.00000000000000E-99
164   72     1.00000000000000E-99   1.00000000000000E-99
165   72     1.00000000000000E-99   1.00000000000000E-99
166   72     1.00000000000000E-99   1.00000000000000E-99
167   72     1.00000000000000E-99   1.00000000000000E-99
168   72     1.00000000000000E-99   1.00000000000000E-99
 96   73     1.00000000000000E-99   1.00000000000000E-99
 97   73     1.00000000000000E-99   1.00000000000000E-99
 98   73     1.00000000000000E-99   1.00000000000000E-99
 99   73     1.00000000000000E-99   1.00000000000000E-99
100   73     1.00000000000000E-99   1.00000000000000E-99
101   73     1.00000000000000E-99   1.00000000000000E-99
102   73     1.00000000000000E-99   1.00000000000000E-99
103   73     1.00000000000000E-99   1.00000000000000E-99
104   73     1.00000000000000E-99   1.00000000000000E-99
105   73     1.00000000000000E-99   1.00000000000000E-99
106   73     1.00000000000000E-99   1.00000000000000E-99
107   73     1.00000000000000E-99   1.00000000000000E-99
108   73     1.00000000000000E-99   1.00000000000000E-99
109   73     1.00000000000000E-99   1.00000000000000E-99
110   73     1.00000000000000E-99   1.00000000000000E-99
111   73     1.00000000000000E-99   1.00000000000000E-99
112   73     1.00000000000000E-99   1.00000000000000E-99
113   73     1.00000000000000E-99   1.00000000000000E-99
114   73     1.00000000000000E-99   1.00000000000000E-99
115   73     1.00000000000000E-99   1.00000000000000E-99
116   73     1.00000000000000E-99   1.00000000000000E-99
117   73     1.00000000000000E-99   1.00000000000000E-99
118   73     1.00000000000000E-99   1.00000000000000E-99
119   73     1.00000000000000E-99   1.00000000000000E-99
120   73     1.00000000000000E-99   1.00000000000000E-99
121   73     1.00000000000000E-99   1.00000000000000E-99
122   73     1.00000000000000E-99   1.00000000000000E-99
123   73     1.00000000000000E-99   1.00000000000000E-99
124   73     1.08937527186393E-13   2.14606928557195E-11
125   73     2.29369801207562E-12   4.54152206390973E-10
126   73     2.37272613280685E-10   4.72172500428564E-08
127   73     3.26270423917951E-11   6.52540847835902E-09
128   73     3.62802990445618E-10   7.29234010795691E-08
129   73     2.74537293565010E-11   5.54565333001320E-09
130   73     3.81740898233963E-10   7.74934023414946E-08
131   73     4.82665748443849E-11   9.84638126825452E-09
132   73     1.39106877450719E-09   2.85169098773974E-07
133   73     2.94918509609104E-10   6.07532129794755E-08
134   73     5.64001713027893E-09   1.16748354596774E-06
135   73     1.67592269169709E-09   3.48591919872995E-07
136   73     1.95067604076212E-08   4.07691292519282E-06
137   73     6.26714163595515E-09   1.31609974355058E-06
138   73     7.70840729849059E-08   1.62647393998151E-05
139   73     3.39291414287719E-08   7.19297798289964E-06
140   73     5.16726233274056E-07   1.10062687687374E-04
141   73     1.05667700745877E-07   2.26128879596178E-05
142   73     1.56488421009651E-06   3.36450105170750E-04
143   73     3.62893856466402E-07   7.83850729967429E-05
144   73     3.01157916648911E-06   6.53512679128137E-04
145   73     4.06902139011811E-07   8.87046663045748E-05
146   73     2.23077653439079E-06   4.88540061031584E-04
147   73     2.19591132031205E-07   4.83100490468652E-05
148   73     1.83947039143689E-06   4.06522956507553E-04
149   73     1.61053027147262E-08   3.57537720266922E-06
150   73     2.47496887314297E-07   5.51918058710882E-05
151   73     2.87897132279914E-11   6.44889576307007E-09
152   73     1.14416742009167E-07   2.57437669520625E-05
153   73     4.41906724749118E-18   9.98709197933006E-16
154   73     2.45831762689696E-14   5.58038101305610E-12
155   73     1.99088627883641E-24   4.53922071574700E-22
156   73     3.69680458139628E-20   8.46568249139748E-18
157   73     1.00000000000000E-99   1.00000000000000E-99
158   73     1.93699686262777E-24   4.47446275267016E-22
159   73     1.00000000000000E-99   1.00000000000000E-99
160   73     1.00000000000000E-99   1.00000000000000E-99
161   73     1.00000000000000E-99   1.00000000000000E-99
162   73     1.00000000000000E-99   1.00000000000000E-99
163   73     1.00000000000000E-99   1.00000000000000E-99
164   73     1.00000000000000E-99   1.00000000000000E-99
165   73     1.00000000000000E-99   1.00000000000000E-99
166   73     1.00000000000000E-99   1.00000000000000E-99
167   73     1.00000000000000E-99   1.00000000000000E-99
168   73     1.00000000000000E-99   1.00000000000000E-99
169   73     1.00000000000000E-99   1.00000000000000E-99
170   73     1.00000000000000E-99   1.00000000000000E-99
 98   74     1.00000000000000E-99   1.00000000000000E-99
 99   74     1.00000000000000E-99   1.00000000000000E-99
100   74     1.00000000000000E-99   1.00000000000000E-99
101   74     1.00000000000000E-99   1.00000000000000E-99
102   74     1.00000000000000E-99   1.00000000000000E-99
103   74     1.00000000000000E-99   1.00000000000000E-99
104   74     1.00000000000000E-99   1.00000000000000E-99
105   74     1.00000000000000E-99   1.00000000000000E-99
106   74     1.00000000000000E-99   1.00000000000000E-99
107   74     1.00000000000000E-99   1.00000000000000E-99
108   74     1.00000000000000E-99   1.00000000000000E-99
109   74     1.00000000000000E-99   1.00000000000000E-99
110   74     1.00000000000000E-99   1.00000000000000E-99
111   74     1.00000000000000E-99   1.00000000000000E-99
112   74     1.00000000000000E-99   1.00000000000000E-99
113   74     1.00000000000000E-99   1.00000000000000E-99
114   74     1.00000000000000E-99   1.00000000000000E-99
115   74     1.00000000000000E-99   1.00000000000000E-99
116   74     1.00000000000000E-99   1.00000000000000E-99
117   74     1.00000000000000E-99   1.00000000000000E-99
118   74     1.00000000000000E-99   1.00000000000000E-99
119   74     1.00000000000000E-99   1.00000000000000E-99
120   74     1.00000000000000E-99   1.00000000000000E-99
121   74     1.00000000000000E-99   1.00000000000000E-99
122   74     7.64942664547895E-19   1.49928762251387E-16
123   74     9.33659642505040E-19   1.83930949573493E-16
124   74     3.30359372711251E-15   6.54111557968277E-13
125   74     1.44097432045860E-13   2.86753889771261E-11
126   74     8.72643093442324E-12   1.74528618688465E-09
127   74     2.93094066960725E-12   5.89119074591057E-10
128   74     2.11196307784425E-11   4.26616541724538E-09
129   74     3.08808178321919E-11   6.26880601993496E-09
130   74     1.04918977718516E-10   2.14034714545773E-08
131   74     8.13103992566560E-11   1.66686318476145E-08
132   74     4.09615380690981E-10   8.43807684223421E-08
133   74     1.73100677218467E-10   3.58318401842226E-08
134   74     2.89052528870061E-09   6.01229260049728E-07
135   74     9.40062437930456E-10   1.96473049527465E-07
136   74     1.37147188707766E-08   2.88009096286309E-06
137   74     6.88045093119841E-09   1.45177514648287E-06
138   74     1.22685925666383E-07   2.60094162412733E-05
139   74     4.95350877708005E-08   1.05509736951805E-05
140   74     6.96102608925362E-07   1.48965958310027E-04
141   74     2.57815031839361E-07   5.54302318454627E-05
142   74     2.27227416591247E-06   4.90811219837094E-04
143   74     3.09626311971748E-07   6.71889096978693E-05
144   74     3.33061477095777E-06   7.26074020068795E-04
145   74     1.12845098758782E-06   2.47130766281733E-04
146   74     5.00757414861638E-06   1.10166631269560E-03
147   74     7.60627940652807E-07   1.68098774884270E-04
148   74     3.10814211819143E-06   6.90007550238497E-04
149   74     2.63210737689460E-07   5.86959945047495E-05
150   74     1.62643462687087E-06   3.64321356419074E-04
151   74     1.07319515866005E-09   2.41468910698511E-07
152   74     4.12060263365986E-07   9.31256195207127E-05
153   74     4.48994789339487E-14   1.01921817180064E-11
154   74     4.70969173364621E-10   1.07380971527134E-07
155   74     5.66620347461107E-18   1.29756059568594E-15
156   74     6.99976868536216E-13   1.60994679763330E-10
157   74     8.76377212132191E-21   2.02443136002536E-18
158   74     1.34013326227454E-15   3.10910916847694E-13
159   74     3.77754469793812E-23   8.80167914619582E-21
160   74     8.79494018567912E-19   2.05801600344891E-16
161   74     1.00000000000000E-99   1.00000000000000E-99
162   74     2.37012506565435E-24   5.59349515494427E-22
163   74     1.00000000000000E-99   1.00000000000000E-99
164   74     1.00000000000000E-99   1.00000000000000E-99
165   74     1.00000000000000E-99   1.00000000000000E-99
166   74     1.00000000000000E-99   1.00000000000000E-99
167   74     1.00000000000000E-99   1.00000000000000E-99
168   74     1.00000000000000E-99   1.00000000000000E-99
169   74     1.00000000000000E-99   1.00000000000000E-99
170   74     1.00000000000000E-99   1.00000000000000E-99
171   74     1.00000000000000E-99   1.00000000000000E-99
172   74     1.00000000000000E-99   1.00000000000000E-99
173   74     1.00000000000000E-99   1.00000000000000E-99
 99   75     1.00000000000000E-99   1.00000000000000E-99
100   75     1.00000000000000E-99   1.00000000000000E-99
101   75     1.00000000000000E-99   1.00000000000000E-99
102   75     1.00000000000000E-99   1.00000000000000E-99
103   75     1.00000000000000E-99   1.00000000000000E-99
104   75     1.00000000000000E-99   1.00000000000000E-99
105   75     1.00000000000000E-99   1.00000000000000E-99
106   75     1.00000000000000E-99   1.00000000000000E-99
107   75     1.00000000000000E-99   1.00000000000000E-99
108   75     1.00000000000000E-99   1.00000000000000E-99
109   75     1.00000000000000E-99   1.00000000000000E-99
110   75     1.00000000000000E-99   1.00000000000000E-99
111   75     1.00000000000000E-99   1.00000000000000E-99
112   75     1.00000000000000E-99   1.00000000000000E-99
113   75     1.00000000000000E-99   1.00000000000000E-99
114   75     1.00000000000000E-99   1.00000000000000E-99
115   75     1.00000000000000E-99   1.00000000000000E-99
116   75     1.00000000000000E-99   1.00000000000000E-99
117   75     1.00000000000000E-99   1.00000000000000E-99
118   75     1.00000000000000E-99   1.00000000000000E-99
119   75     1.00000000000000E-99   1.00000000000000E-99
120   75     1.00000000000000E-99   1.00000000000000E-99
121   75     1.00000000000000E-99   1.00000000000000E-99
122   75     1.00000000000000E-99   1.00000000000000E-99
123   75     1.00000000000000E-99   1.00000000000000E-99
124   75     1.00000000000000E-99   1.00000000000000E-99
125   75     3.81493147858014E-17   7.62986295716028E-15
126   75     1.79401588280612E-14   3.60597192444030E-12
127   75     8.68343720500329E-15   1.75405431541067E-12
128   75     2.67257836454840E-13   5.42533408003325E-11
129   75     1.99292062034698E-13   4.06555806550784E-11
130   75     4.03561430457766E-12   8.27300932438420E-10
131   75     8.07654702039578E-13   1.66376868620153E-10
132   75     3.59191330224505E-11   7.43526053564726E-09
133   75     3.22532346836134E-12   6.70867281419158E-10
134   75     1.01468401398266E-10   2.12068958922376E-08
135   75     5.10435726957157E-11   1.07191502661003E-08
136   75     1.94163560759464E-09   4.09685113202468E-07
137   75     4.38328123285812E-10   9.29255621365921E-08
138   75     1.52181469876967E-08   3.24146530837939E-06
139   75     3.47714659585185E-09   7.44109371512296E-07
140   75     1.13250158559181E-07   2.43487840902239E-05
141   75     2.63474184949626E-08   5.69104239491193E-06
142   75     4.50333638740438E-07   9.77223996066751E-05
143   75     1.03637094632795E-07   2.25928866299494E-05
144   75     1.65571345717957E-06   3.62601247122325E-04
145   75     3.31256554188854E-07   7.28764419215479E-05
146   75     2.86105648740862E-06   6.32293483717305E-04
147   75     6.41366422970238E-07   1.42383345899393E-04
148   75     4.37126070326151E-06   9.74791136827317E-04
149   75     5.84594816193616E-07   1.30949238827370E-04
150   75     4.61319747848222E-06   1.03796943265850E-03
151   75     4.47546625821618E-07   1.01145537435686E-04
152   75     3.86575219225327E-06   8.77525747641493E-04
153   75     7.68865134739105E-11   1.75301250720516E-08
154   75     1.01927854986888E-07   2.33414787919973E-05
155   75     1.25549672793228E-12   2.88764247424424E-10
156   75     2.48719784147993E-08   5.74542701381865E-06
157   75     2.04988089244207E-14   4.75572367046560E-12
158   75     1.55434580031030E-09   3.62162571472300E-07
159   75     6.51802000775438E-15   1.52521668181452E-12
160   75     2.32684543050853E-10   5.46808676169504E-08
161   75     9.23143749736662E-18   2.17861924937852E-15
162   75     1.10492529171525E-13   2.61867294136514E-11
163   75     2.54748563009956E-25   6.06301579963696E-23
164   75     1.00000000000000E-99   1.00000000000000E-99
165   75     1.00000000000000E-99   1.00000000000000E-99
166   75     1.00000000000000E-99   1.00000000000000E-99
167   75     1.00000000000000E-99   1.00000000000000E-99
168   75     1.00000000000000E-99   1.00000000000000E-99
169   75     1.00000000000000E-99   1.00000000000000E-99
170   75     1.00000000000000E-99   1.00000000000000E-99
171   75     1.00000000000000E-99   1.00000000000000E-99
172   75     1.00000000000000E-99   1.00000000000000E-99
173   75     1.00000000000000E-99   1.00000000000000E-99
174   75     1.00000000000000E-99   1.00000000000000E-99
175   75     1.00000000000000E-99   1.00000000000000E-99
101   76     1.00000000000000E-99   1.00000000000000E-99
102   76     1.00000000000000E-99   1.00000000000000E-99
103   76     1.00000000000000E-99   1.00000000000000E-99
104   76     1.00000000000000E-99   1.00000000000000E-99
105   76     1.00000000000000E-99   1.00000000000000E-99
106   76     1.00000000000000E-99   1.00000000000000E-99
107   76     1.00000000000000E-99   1.00000000000000E-99
108   76     1.00000000000000E-99   1.00000000000000E-99
109   76     1.00000000000000E-99   1.00000000000000E-99
110   76     1.00000000000000E-99   1.00000000000000E-99
111   76     1.00000000000000E-99   1.00000000000000E-99
112   76     1.00000000000000E-99   1.00000000000000E-99
113   76     1.00000000000000E-99   1.00000000000000E-99
114   76     1.00000000000000E-99   1.00000000000000E-99
115   76     1.00000000000000E-99   1.00000000000000E-99
116   76     1.00000000000000E-99   1.00000000000000E-99
117   76     1.00000000000000E-99   1.00000000000000E-99
118   76     1.00000000000000E-99   1.00000000000000E-99
119   76     1.00000000000000E-99   1.00000000000000E-99
120   76     1.00000000000000E-99   1.00000000000000E-99
121   76     1.00000000000000E-99   1.00000000000000E-99
122   76     1.00000000000000E-99   1.00000000000000E-99
123   76     1.00000000000000E-99   1.00000000000000E-99
124   76     1.00000000000000E-99   1.00000000000000E-99
125   76     1.91700546167889E-19   3.85318097797457E-17
126   76     1.34958416374571E-15   2.72616001076634E-13
127   76     1.72190382321409E-15   3.49546476112459E-13
128   76     3.95675439944450E-14   8.07177897486678E-12
129   76     3.22264499204798E-14   6.60642223369835E-12
130   76     6.37489080764287E-13   1.31322750637443E-10
131   76     1.43203519875629E-13   2.96431286142552E-11
132   76     3.11639097844173E-12   6.48209323515879E-10
133   76     9.07202270453011E-13   1.89605274524679E-10
134   76     1.01931842276258E-10   2.14056868780142E-08
135   76     1.60405542196255E-11   3.38455694034099E-09
136   76     1.13870122697296E-09   2.41404660118267E-07
137   76     1.27297828942544E-10   2.71144375647618E-08
138   76     9.67522574073991E-09   2.07049830851834E-06
139   76     1.53350531764354E-09   3.29703643293360E-07
140   76     6.18686933408106E-08   1.33636377616151E-05
141   76     1.53845059366625E-08   3.33843778825577E-06
142   76     3.22596634297436E-07   7.03260662768410E-05
143   76     7.91424423950311E-08   1.73321948845118E-05
144   76     1.09757393659722E-06   2.41466266051388E-04
145   76     2.23058740544535E-07   4.92959816603422E-05
146   76     3.98042914667635E-06   8.83655270562150E-04
147   76     1.18912547906451E-06   2.65174981831385E-04
148   76     7.38603687391731E-06   1.65447225975748E-03
149   76     2.53554967240900E-06   5.70498676292024E-04
150   76     1.20525805449949E-05   2.72388320316885E-03
151   76     1.06416230224338E-06   2.41564842609248E-04
152   76     5.20467864875749E-06   1.18666673191671E-03
153   76     1.43073103700620E-09   3.27637407474419E-07
154   76     7.58836093533267E-07   1.74532301512651E-04
155   76     1.91780570365279E-11   4.43013117543795E-09
156   76     5.01071112381629E-07   1.16248498072538E-04
157   76     1.13569168868769E-12   2.64616163464231E-10
158   76     2.27010003256560E-08   5.31203407620351E-06
159   76     2.03051355762328E-13   4.77170686041470E-11
160   76     1.71987209759582E-08   4.05889815032613E-06
161   76     9.43920692428034E-15   2.23709204105444E-12
162   76     2.40244162751828E-10   5.71781107349350E-08
163   76     1.65851208956862E-21   3.96384389406900E-19
164   76     2.20927326525155E-25   5.30225583660372E-23
165   76     1.00000000000000E-99   1.00000000000000E-99
166   76     1.00000000000000E-99   1.00000000000000E-99
167   76     1.00000000000000E-99   1.00000000000000E-99
168   76     1.00000000000000E-99   1.00000000000000E-99
169   76     1.00000000000000E-99   1.00000000000000E-99
170   76     1.00000000000000E-99   1.00000000000000E-99
171   76     1.00000000000000E-99   1.00000000000000E-99
172   76     1.00000000000000E-99   1.00000000000000E-99
173   76     1.00000000000000E-99   1.00000000000000E-99
174   76     1.00000000000000E-99   1.00000000000000E-99
175   76     1.00000000000000E-99   1.00000000000000E-99
176   76     1.00000000000000E-99   1.00000000000000E-99
177   76     1.00000000000000E-99   1.00000000000000E-99
103   77     1.00000000000000E-99   1.00000000000000E-99
104   77     1.00000000000000E-99   1.00000000000000E-99
105   77     1.00000000000000E-99   1.00000000000000E-99
106   77     1.00000000000000E-99   1.00000000000000E-99
107   77     1.00000000000000E-99   1.00000000000000E-99
108   77     1.00000000000000E-99   1.00000000000000E-99
109   77     1.00000000000000E-99   1.00000000000000E-99
110   77     1.00000000000000E-99   1.00000000000000E-99
111   77     1.00000000000000E-99   1.00000000000000E-99
112   77     1.00000000000000E-99   1.00000000000000E-99
113   77     1.00000000000000E-99   1.00000000000000E-99
114   77     1.00000000000000E-99   1.00000000000000E-99
115   77     1.00000000000000E-99   1.00000000000000E-99
116   77     1.00000000000000E-99   1.00000000000000E-99
117   77     1.00000000000000E-99   1.00000000000000E-99
118   77     1.00000000000000E-99   1.00000000000000E-99
119   77     1.00000000000000E-99   1.00000000000000E-99
120   77     1.00000000000000E-99   1.00000000000000E-99
121   77     1.00000000000000E-99   1.00000000000000E-99
122   77     1.00000000000000E-99   1.00000000000000E-99
123   77     1.00000000000000E-99   1.00000000000000E-99
124   77     1.00000000000000E-99   1.00000000000000E-99
125   77     2.03808753718515E-21   4.11693682511400E-19
126   77     6.61106653472640E-18   1.34204650654946E-15
127   77     1.57206429447739E-18   3.20701116073388E-16
128   77     3.73955014566564E-16   7.66607779861456E-14
129   77     2.68361788243530E-17   5.52825283781671E-15
130   77     4.07736699928176E-15   8.44014968851325E-13
131   77     5.40986221343502E-16   1.12525134039448E-13
132   77     1.33634484717802E-13   2.79296073060206E-11
133   77     3.92595680665591E-14   8.24450929397741E-12
134   77     3.65261960732503E-12   7.70702737145582E-10
135   77     7.04795808728055E-13   1.49416711450348E-10
136   77     5.55969291147044E-11   1.18421459014320E-08
137   77     7.64451324995318E-12   1.63592583548998E-09
138   77     2.95745287952548E-10   6.35852369097979E-08
139   77     7.09194345381612E-11   1.53185978602428E-08
140   77     2.81304175747625E-09   6.10430061372347E-07
141   77     6.29786580283611E-10   1.37293474501827E-07
142   77     9.81304642246968E-09   2.14905716652086E-06
143   77     3.73075437281890E-09   8.20765962020159E-07
144   77     6.71354046920321E-08   1.48369244369391E-05
145   77     2.31180714147602E-08   5.13221185407677E-06
146   77     3.54114792077421E-07   7.89675986332649E-05
147   77     1.80166502703734E-07   4.03572966056365E-05
148   77     1.82664841557434E-06   4.10995893504228E-04
149   77     8.29303632656854E-07   1.87422620980449E-04
150   77     4.80841316746520E-06   1.09150978901460E-03
151   77     2.03992897758768E-06   4.65103806889992E-04
152   77     1.42440178996358E-05   3.26188009901659E-03
153   77     8.91482488334712E-07   2.05040972316984E-04
154   77     7.12150315051004E-06   1.64506722776782E-03
155   77     1.66645973419455E-08   3.86618658333136E-06
156   77     7.36620643064535E-07   1.71632609834037E-04
157   77     8.52503567662620E-11   1.99485834833053E-08
158   77     4.01763700808636E-08   9.44144696900296E-06
159   77     6.87196669364064E-11   1.62178413969919E-08
160   77     2.60240774755482E-08   6.16770636170492E-06
161   77     2.12646139765926E-11   5.06097812642903E-09
162   77     4.51859339673611E-08   1.07994382181993E-05
163   77     1.22516709801591E-17   2.94040103523819E-15
164   77     1.64220107410805E-19   3.95770458860039E-17
165   77     1.00000000000000E-99   1.00000000000000E-99
166   77     1.00000000000000E-99   1.00000000000000E-99
167   77     1.00000000000000E-99   1.00000000000000E-99
168   77     1.00000000000000E-99   1.00000000000000E-99
169   77     1.00000000000000E-99   1.00000000000000E-99
170   77     1.00000000000000E-99   1.00000000000000E-99
171   77     1.00000000000000E-99   1.00000000000000E-99
172   77     1.00000000000000E-99   1.00000000000000E-99
173   77     1.00000000000000E-99   1.00000000000000E-99
174   77     1.00000000000000E-99   1.00000000000000E-99
175   77     1.00000000000000E-99   1.00000000000000E-99
176   77     1.00000000000000E-99   1.00000000000000E-99
177   77     1.00000000000000E-99   1.00000000000000E-99
178   77     1.00000000000000E-99   1.00000000000000E-99
179   77     1.00000000000000E-99   1.00000000000000E-99
105   78     1.00000000000000E-99   1.00000000000000E-99
106   78     1.00000000000000E-99   1.00000000000000E-99
107   78     1.00000000000000E-99   1.00000000000000E-99
108   78     1.00000000000000E-99   1.00000000000000E-99
109   78     1.00000000000000E-99   1.00000000000000E-99
110   78     1.00000000000000E-99   1.00000000000000E-99
111   78     1.00000000000000E-99   1.00000000000000E-99
112   78     1.00000000000000E-99   1.00000000000000E-99
113   78     1.00000000000000E-99   1.00000000000000E-99
114   78     1.00000000000000E-99   1.00000000000000E-99
115   78     1.00000000000000E-99   1.00000000000000E-99
116   78     1.00000000000000E-99   1.00000000000000E-99
117   78     1.00000000000000E-99   1.00000000000000E-99
118   78     1.00000000000000E-99   1.00000000000000E-99
119   78     1.00000000000000E-99   1.00000000000000E-99
120   78     1.00000000000000E-99   1.00000000000000E-99
121   78     1.00000000000000E-99   1.00000000000000E-99
122   78     1.00000000000000E-99   1.00000000000000E-99
123   78     1.00000000000000E-99   1.00000000000000E-99
124   78     1.00000000000000E-99   1.00000000000000E-99
125   78     1.00000000000000E-99   1.00000000000000E-99
126   78     1.00817490888180E-19   2.05667681411887E-17
127   78     2.38365725421673E-20   4.88649737114429E-18
128   78     2.41786208168565E-18   4.98079588827245E-16
129   78     4.45893285088847E-19   9.22999100133914E-17
130   78     2.61631588042839E-16   5.44193703129106E-14
131   78     1.80014684815810E-16   3.76230691265042E-14
132   78     3.54540745314406E-14   7.44535565160252E-12
133   78     3.41522761324087E-15   7.20613026393823E-13
134   78     7.00266024458530E-13   1.48456397185208E-10
135   78     6.08380898697287E-14   1.29585131422522E-11
136   78     7.05048602878946E-12   1.50880401016094E-09
137   78     4.26317365550207E-13   9.16582335932946E-11
138   78     8.57388795387727E-11   1.85195979803749E-08
139   78     7.12548200561629E-12   1.54622959521874E-09
140   78     3.44106489000244E-10   7.50152146020532E-08
141   78     5.22214403233256E-11   1.14364954308083E-08
142   78     4.05077724627056E-09   8.91170994179523E-07
143   78     5.69970238109006E-10   1.25963422622090E-07
144   78     2.73670890410260E-08   6.07549376710777E-06
145   78     6.03027420435347E-09   1.34475114757082E-06
146   78     4.34791169030790E-07   9.73932218628970E-05
147   78     1.24137066379332E-07   2.79308399353497E-05
148   78     2.13462744262471E-06   4.82425802033185E-04
149   78     1.09965896432383E-06   2.49622584901509E-04
150   78     8.35301331908028E-06   1.90448703675030E-03
151   78     3.35873998922098E-06   7.69151457531604E-04
152   78     1.53462922965733E-05   3.52964722821187E-03
153   78     1.11121757790525E-06   2.56691260496112E-04
154   78     5.70970231332772E-06   1.32465093669203E-03
155   78     8.47840550863652E-08   1.97546848351231E-05
156   78     1.48914199659144E-06   3.48459227202398E-04
157   78     1.79728952040316E-09   4.22363037294742E-07
158   78     7.53720780243033E-07   1.77878104137356E-04
159   78     3.61590231242978E-08   8.56968848045859E-06
160   78     8.83872524198359E-07   2.10361660759210E-04
161   78     3.04855064667006E-09   7.28603604554145E-07
162   78     7.12376484547386E-07   1.70970356291373E-04
163   78     7.34806214728036E-15   1.77088297749457E-12
164   78     9.51726600095543E-12   2.30317837223121E-09
165   78     2.58084084610084E-25   6.27144325602504E-23
166   78     3.52983336431013E-17   8.61279340891671E-15
167   78     1.00000000000000E-99   1.00000000000000E-99
168   78     1.00000000000000E-99   1.00000000000000E-99
169   78     1.00000000000000E-99   1.00000000000000E-99
170   78     1.00000000000000E-99   1.00000000000000E-99
171   78     1.00000000000000E-99   1.00000000000000E-99
172   78     1.00000000000000E-99   1.00000000000000E-99
173   78     1.00000000000000E-99   1.00000000000000E-99
174   78     1.00000000000000E-99   1.00000000000000E-99
175   78     1.00000000000000E-99   1.00000000000000E-99
176   78     1.00000000000000E-99   1.00000000000000E-99
177   78     1.00000000000000E-99   1.00000000000000E-99
178   78     1.00000000000000E-99   1.00000000000000E-99
179   78     1.00000000000000E-99   1.00000000000000E-99
180   78     1.00000000000000E-99   1.00000000000000E-99
181   78     1.00000000000000E-99   1.00000000000000E-99
182   78     1.00000000000000E-99   1.00000000000000E-99
106   79     1.00000000000000E-99   1.00000000000000E-99
107   79     1.00000000000000E-99   1.00000000000000E-99
108   79     1.00000000000000E-99   1.00000000000000E-99
109   79     1.00000000000000E-99   1.00000000000000E-99
110   79     1.00000000000000E-99   1.00000000000000E-99
111   79     1.00000000000000E-99   1.00000000000000E-99
112   79     1.00000000000000E-99   1.00000000000000E-99
113   79     1.00000000000000E-99   1.00000000000000E-99
114   79     1.00000000000000E-99   1.00000000000000E-99
115   79     1.00000000000000E-99   1.00000000000000E-99
116   79     1.00000000000000E-99   1.00000000000000E-99
117   79     1.00000000000000E-99   1.00000000000000E-99
118   79     1.00000000000000E-99   1.00000000000000E-99
119   79     1.00000000000000E-99   1.00000000000000E-99
120   79     1.00000000000000E-99   1.00000000000000E-99
121   79     1.00000000000000E-99   1.00000000000000E-99
122   79     1.00000000000000E-99   1.00000000000000E-99
123   79     1.00000000000000E-99   1.00000000000000E-99
124   79     1.00000000000000E-99   1.00000000000000E-99
125   79     6.64755148514052E-25   1.35610050296867E-22
126   79     8.69444499809130E-24   1.78236122460872E-21
127   79     1.70593904462263E-24   3.51423443192262E-22
128   79     3.46110768531156E-20   7.16449290859494E-18
129   79     5.29501490859587E-21   1.10136310098794E-18
130   79     3.66378782322657E-18   7.65731655054354E-16
131   79     1.07020058746889E-18   2.24742123368466E-16
132   79     2.29461425277569E-16   4.84163607335671E-14
133   79     7.15542720352550E-17   1.51695056714741E-14
134   79     7.26674154651001E-15   1.54781594940663E-12
135   79     7.93870543012644E-16   1.69888296204706E-13
136   79     1.18496192439212E-13   2.54766813744305E-11
137   79     8.72660850170728E-15   1.88494743636877E-12
138   79     2.40619926177194E-13   5.22145239804512E-11
139   79     3.82319879730041E-14   8.33457337811489E-12
140   79     1.97596508038662E-12   4.32736352604670E-10
141   79     9.59094408220270E-13   2.11000769808459E-10
142   79     5.87482375140067E-11   1.29833604905955E-08
143   79     1.01961647885008E-11   2.26354858304717E-09
144   79     1.91797273597807E-09   4.27707920123110E-07
145   79     6.14618143458518E-10   1.37674464134708E-07
146   79     2.39238824169867E-08   5.38287354382202E-06
147   79     5.61614728853289E-09   1.26924928720843E-06
148   79     1.62912752273760E-07   3.69811947661436E-05
149   79     1.32286826382059E-07   3.01613964151095E-05
150   79     7.89067133634147E-06   1.80696373602220E-03
151   79     1.71896153278262E-07   3.95361152540003E-05
152   79     9.60687383785919E-06   2.21918785654547E-03
153   79     8.20999657449922E-08   1.90471920528382E-05
154   79     3.78473772275898E-06   8.81843889402842E-04
155   79     7.96525215100988E-08   1.86386900333631E-05
156   79     2.81372358220785E-06   6.61225041818845E-04
157   79     8.40887258138076E-08   1.98449392920586E-05
158   79     3.02531015275146E-06   7.16998506202097E-04
159   79     5.43075752666824E-08   1.29252029134704E-05
160   79     3.00822737322250E-06   7.18966342200178E-04
161   79     2.05043860099627E-07   4.92105264239104E-05
162   79     3.35161814925184E-06   8.07739973969693E-04
163   79     1.83984121789014E-11   4.45241574729413E-09
164   79     2.93601122403083E-12   7.13450727439492E-10
165   79     1.00000000000000E-99   1.00000000000000E-99
166   79     1.00000000000000E-99   1.00000000000000E-99
167   79     1.00000000000000E-99   1.00000000000000E-99
168   79     1.00000000000000E-99   1.00000000000000E-99
169   79     1.00000000000000E-99   1.00000000000000E-99
170   79     1.00000000000000E-99   1.00000000000000E-99
171   79     1.00000000000000E-99   1.00000000000000E-99
172   79     1.00000000000000E-99   1.00000000000000E-99
173   79     1.00000000000000E-99   1.00000000000000E-99
174   79     1.00000000000000E-99   1.00000000000000E-99
175   79     1.00000000000000E-99   1.00000000000000E-99
176   79     1.00000000000000E-99   1.00000000000000E-99
177   79     1.00000000000000E-99   1.00000000000000E-99
178   79     1.00000000000000E-99   1.00000000000000E-99
179   79     1.00000000000000E-99   1.00000000000000E-99
180   79     1.00000000000000E-99   1.00000000000000E-99
181   79     1.00000000000000E-99   1.00000000000000E-99
182   79     1.00000000000000E-99   1.00000000000000E-99
183   79     1.00000000000000E-99   1.00000000000000E-99
184   79     1.00000000000000E-99   1.00000000000000E-99
109   80     1.00000000000000E-99   1.00000000000000E-99
110   80     1.00000000000000E-99   1.00000000000000E-99
111   80     1.00000000000000E-99   1.00000000000000E-99
112   80     1.00000000000000E-99   1.00000000000000E-99
113   80     1.00000000000000E-99   1.00000000000000E-99
114   80     1.00000000000000E-99   1.00000000000000E-99
115   80     1.00000000000000E-99   1.00000000000000E-99
116   80     1.00000000000000E-99   1.00000000000000E-99
117   80     1.00000000000000E-99   1.00000000000000E-99
118   80     1.00000000000000E-99   1.00000000000000E-99
119   80     1.00000000000000E-99   1.00000000000000E-99
120   80     1.00000000000000E-99   1.00000000000000E-99
121   80     1.00000000000000E-99   1.00000000000000E-99
122   80     1.00000000000000E-99   1.00000000000000E-99
123   80     1.00000000000000E-99   1.00000000000000E-99
124   80     1.00000000000000E-99   1.00000000000000E-99
125   80     1.00000000000000E-99   1.00000000000000E-99
126   80     1.00000000000000E-99   1.00000000000000E-99
127   80     1.00000000000000E-99   1.00000000000000E-99
128   80     7.16937978514906E-22   1.49123099531100E-19
129   80     2.73503805327542E-22   5.71622953134562E-20
130   80     1.28909065578771E-19   2.70709037715420E-17
131   80     3.56401063010704E-20   7.52006242952586E-18
132   80     9.56213666095392E-18   2.02717297212223E-15
133   80     1.71972052811891E-18   3.66300472489328E-16
134   80     4.82202242108405E-16   1.03191279811199E-13
135   80     3.22875372896952E-17   6.94182051728447E-15
136   80     9.55251216005066E-16   2.06334262657094E-13
137   80     8.12244193621666E-17   1.76256990015901E-14
138   80     6.97676150189236E-15   1.52093400741253E-12
139   80     8.83527883028746E-16   1.93492606383295E-13
140   80     3.91863097993337E-13   8.62098815585342E-11
141   80     5.93564918313386E-14   1.31177846947258E-11
142   80     1.66104652735048E-11   3.68752329071807E-09
143   80     2.71094602909145E-12   6.04540964487394E-10
144   80     4.77592331812210E-10   1.06980682325935E-07
145   80     9.31543025746191E-11   2.09597180792893E-08
146   80     7.90960932755604E-09   1.78757170802766E-06
147   80     3.97998269905402E-09   9.03456072685263E-07
148   80     8.48346144782579E-07   1.93422921010428E-04
149   80     1.23052623664742E-07   2.81790508192259E-05
150   80     2.05992677117316E-06   4.73783157369827E-04
151   80     4.36044356708752E-07   1.00726246399722E-04
152   80     3.91426500263549E-06   9.08109480611434E-04
153   80     5.40119016317242E-07   1.25847730801917E-04
154   80     3.08431478911053E-06   7.21729660651865E-04
155   80     3.82581779898998E-07   8.99067182762646E-05
156   80     4.04532704396714E-06   9.54697182376245E-04
157   80     5.69303304707782E-07   1.34924883215744E-04
158   80     6.43362706239951E-06   1.53120324085108E-03
159   80     2.66632178821187E-06   6.37250907382638E-04
160   80     1.35721245061121E-05   3.25730988146690E-03
161   80     7.05277435819115E-07   1.69971862032407E-04
162   80     1.37285470577458E-04   3.32230838797449E-02
163   80     1.54413512403960E-08   3.75224835141622E-06
164   80     1.43572973399143E-22   3.50318055093908E-20
165   80     1.00000000000000E-99   1.00000000000000E-99
166   80     2.52684135015021E-21   6.21602972136952E-19
167   80     9.72773357114074E-24   2.40275019207176E-21
168   80     6.86290271129678E-19   1.70199987240160E-16
169   80     1.44652463032159E-23   3.60184632950077E-21
170   80     4.16422611976765E-18   1.04105652994191E-15
171   80     1.51741679884894E-25   3.80871616511084E-23
172   80     2.62551254308877E-20   6.61629160858371E-18
173   80     1.00000000000000E-99   1.00000000000000E-99
174   80     3.29831781994323E-25   8.37772726265581E-23
175   80     1.00000000000000E-99   1.00000000000000E-99
176   80     1.00000000000000E-99   1.00000000000000E-99
177   80     1.00000000000000E-99   1.00000000000000E-99
178   80     1.00000000000000E-99   1.00000000000000E-99
179   80     1.00000000000000E-99   1.00000000000000E-99
180   80     1.00000000000000E-99   1.00000000000000E-99
181   80     1.00000000000000E-99   1.00000000000000E-99
182   80     1.00000000000000E-99   1.00000000000000E-99
183   80     1.00000000000000E-99   1.00000000000000E-99
184   80     1.00000000000000E-99   1.00000000000000E-99
185   80     1.00000000000000E-99   1.00000000000000E-99
186   80     1.00000000000000E-99   1.00000000000000E-99
110   81     1.00000000000000E-99   1.00000000000000E-99
111   81     1.00000000000000E-99   1.00000000000000E-99
112   81     1.00000000000000E-99   1.00000000000000E-99
113   81     1.00000000000000E-99   1.00000000000000E-99
114   81     1.00000000000000E-99   1.00000000000000E-99
115   81     1.00000000000000E-99   1.00000000000000E-99
116   81     1.00000000000000E-99   1.00000000000000E-99
117   81     1.00000000000000E-99   1.00000000000000E-99
118   81     1.00000000000000E-99   1.00000000000000E-99
119   81     1.00000000000000E-99   1.00000000000000E-99
120   81     1.00000000000000E-99   1.00000000000000E-99
121   81     1.00000000000000E-99   1.00000000000000E-99
122   81     1.00000000000000E-99   1.00000000000000E-99
123   81     1.00000000000000E-99   1.00000000000000E-99
124   81     1.00000000000000E-99   1.00000000000000E-99
125   81     1.00000000000000E-99   1.00000000000000E-99
126   81     1.00000000000000E-99   1.00000000000000E-99
127   81     1.00000000000000E-99   1.00000000000000E-99
128   81     1.39061935530787E-24   2.90639445259346E-22
129   81     2.72784158860948E-25   5.72846733607991E-23
130   81     3.29112852334697E-23   6.94428118426211E-21
131   81     1.02075954908738E-23   2.16401024406525E-21
132   81     6.56182374633266E-21   1.39766845796886E-18
133   81     4.72115176115263E-22   1.01032647688666E-19
134   81     2.37574691874764E-20   5.10785587530743E-18
135   81     2.28512807243788E-21   4.93587663646582E-19
136   81     1.45533902715612E-19   3.15808568892878E-17
137   81     7.42927836185054E-20   1.61958268288342E-17
138   81     1.45903180149742E-16   3.19527964527936E-14
139   81     7.55885987171603E-18   1.66294917177753E-15
140   81     7.73591461314010E-16   1.70963712950396E-13
141   81     2.98755799853773E-16   6.63237875675375E-14
142   81     4.96378448889365E-14   1.10692394102328E-11
143   81     1.51647816576531E-14   3.39691109131429E-12
144   81     2.24296711317042E-12   5.04667600463345E-10
145   81     1.14190298931952E-12   2.58070075586211E-10
146   81     4.62669753384944E-10   1.05026034018382E-07
147   81     2.12320528715837E-10   4.84090805472109E-08
148   81     4.73658314682948E-09   1.08467754062395E-06
149   81     2.04332738983608E-09   4.69965299662299E-07
150   81     3.62735327107057E-08   8.37918605617303E-06
151   81     1.66914994071024E-08   3.87242786244776E-06
152   81     4.13524186670993E-07   9.63511354943414E-05
153   81     5.28469254200121E-08   1.23661805482828E-05
154   81     5.54084966753195E-07   1.30209967187001E-04
155   81     1.28165364908637E-07   3.02470261184383E-05
156   81     1.52475884655559E-06   3.61367846633675E-04
157   81     3.53856330614662E-07   8.42178066862896E-05
158   81     9.09191135024018E-06   2.17296681270740E-03
159   81     7.35910405387667E-05   1.76618497293040E-02
160   81     3.80654782240800E-08   9.17378025200329E-06
161   81     4.14436612743279E-09   1.00293660283874E-06
162   81     3.39312252102909E-08   8.24528772610068E-06
163   81     1.68746645480203E-08   4.11741814971696E-06
164   81     5.75080520717135E-08   1.40894727575698E-05
165   81     7.82674203695026E-10   1.92537854108976E-07
166   81     6.82184786747316E-09   1.68499642326587E-06
167   81     2.13222879093345E-10   5.28792740151496E-08
168   81     5.57231345853960E-08   1.38750605117636E-05
169   81     7.57666427933020E-12   1.89416606983255E-09
170   81     1.26637152904167E-08   3.17859253789460E-06
171   81     8.83957134627653E-14   2.22757197926169E-11
172   81     1.64236769020329E-09   4.15519025621434E-07
173   81     5.49679917732196E-16   1.39618699103978E-13
174   81     9.67507231687838E-12   2.46714344080399E-09
175   81     1.20275848818316E-18   3.07906172974889E-16
176   81     6.00805898890380E-13   1.54407116014828E-10
177   81     2.96977377613042E-23   7.66201634241648E-21
178   81     1.06199248753061E-21   2.75056054270429E-19
179   81     1.00000000000000E-99   1.00000000000000E-99
180   81     1.00000000000000E-99   1.00000000000000E-99
181   81     1.00000000000000E-99   1.00000000000000E-99
182   81     1.00000000000000E-99   1.00000000000000E-99
183   81     1.00000000000000E-99   1.00000000000000E-99
184   81     1.00000000000000E-99   1.00000000000000E-99
185   81     1.00000000000000E-99   1.00000000000000E-99
186   81     1.00000000000000E-99   1.00000000000000E-99
187   81     1.00000000000000E-99   1.00000000000000E-99
188   81     1.00000000000000E-99   1.00000000000000E-99
112   82     1.00000000000000E-99   1.00000000000000E-99
113   82     1.00000000000000E-99   1.00000000000000E-99
114   82     1.00000000000000E-99   1.00000000000000E-99
115   82     1.00000000000000E-99   1.00000000000000E-99
116   82     1.00000000000000E-99   1.00000000000000E-99
117   82     1.00000000000000E-99   1.00000000000000E-99
118   82     1.00000000000000E-99   1.00000000000000E-99
119   82     1.00000000000000E-99   1.00000000000000E-99
120   82     1.00000000000000E-99   1.00000000000000E-99
121   82     1.00000000000000E-99   1.00000000000000E-99
122   82     1.00000000000000E-99   1.00000000000000E-99
123   82     1.00000000000000E-99   1.00000000000000E-99
124   82     1.00000000000000E-99   1.00000000000000E-99
125   82     1.00000000000000E-99   1.00000000000000E-99
126   82     1.00000000000000E-99   1.00000000000000E-99
127   82     1.00000000000000E-99   1.00000000000000E-99
128   82     1.00000000000000E-99   1.00000000000000E-99
129   82     1.00000000000000E-99   1.00000000000000E-99
130   82     1.00000000000000E-99   1.00000000000000E-99
131   82     1.00000000000000E-99   1.00000000000000E-99
132   82     2.90043912516041E-24   6.20693972784327E-22
133   82     4.64643055730967E-25   9.98982569821578E-23
134   82     1.15147793189307E-22   2.48719233288903E-20
135   82     2.47382543918195E-23   5.36820120302482E-21
136   82     2.13127641831290E-19   4.64618259192212E-17
137   82     4.53535190054206E-20   9.93242066218710E-18
138   82     1.51919655184432E-18   3.34223241405750E-16
139   82     3.23119168587987E-20   7.14093362579451E-18
140   82     2.49897514726496E-17   5.54772482692821E-15
141   82     4.82089370381026E-18   1.07505929594969E-15
142   82     2.16004810227604E-15   4.83850774909833E-13
143   82     4.52187168362803E-16   1.01742112881631E-13
144   82     1.02190490425431E-12   2.30950508361475E-10
145   82     1.37842095247221E-13   3.12901556211192E-11
146   82     2.52899348272689E-11   5.76610514061732E-09
147   82     6.03642142092837E-12   1.38234050539260E-09
148   82     3.55549339814810E-10   8.17763481574062E-08
149   82     1.64181634492107E-10   3.79259575676768E-08
150   82     1.22324230143205E-08   2.83792213932236E-06
151   82     5.84543395679224E-09   1.36198611193259E-06
152   82     7.14330022992142E-08   1.67153225380161E-05
153   82     2.93895796992449E-08   6.90655122932255E-06
154   82     2.86175376545645E-07   6.75373888647723E-05
155   82     1.39411227177182E-07   3.30404608409922E-05
156   82     2.27071542257221E-05   5.40430270572187E-03
157   82     1.49738585739814E-06   3.57875219918156E-04
158   82     2.91351332336588E-05   6.99243197607812E-03
159   82     3.65911839004548E-06   8.81847532000962E-04
160   82     1.43077380504850E-07   3.46247260821738E-05
161   82     8.57555615652508E-08   2.08386014603559E-05
162   82     5.01126556609295E-07   1.22274879812668E-04
163   82     3.54102355999472E-08   8.67550772198706E-06
164   82     1.54704616213176E-06   3.80573355884414E-04
165   82     2.25736698178475E-09   5.57569644500833E-07
166   82     2.50796308600795E-07   6.21974845329971E-05
167   82     6.45852722812663E-08   1.60817327980353E-05
168   82     8.33499530141911E-07   2.08374882535478E-04
169   82     1.07002492143884E-10   2.68576255281148E-08
170   82     1.21909501276864E-07   3.07211943217697E-05
171   82     2.09345566960616E-12   5.29644284410358E-10
172   82     1.43544631947675E-08   3.64603365147094E-06
173   82     9.63246923603099E-15   2.45627965518790E-12
174   82     1.04572678958284E-10   2.67706058133207E-08
175   82     1.31904818134523E-17   3.38995382605723E-15
176   82     7.94702778571893E-13   2.05033316871548E-10
177   82     3.01176032405242E-20   7.80045923929576E-18
178   82     2.30001136199375E-15   5.98002954118374E-13
179   82     9.19426800518676E-25   2.39970394935374E-22
180   82     2.14416426499840E-21   5.61771037429581E-19
181   82     1.00000000000000E-99   1.00000000000000E-99
182   82     1.00000000000000E-99   1.00000000000000E-99
183   82     1.00000000000000E-99   1.00000000000000E-99
184   82     1.00000000000000E-99   1.00000000000000E-99
185   82     1.00000000000000E-99   1.00000000000000E-99
186   82     1.00000000000000E-99   1.00000000000000E-99
187   82     1.00000000000000E-99   1.00000000000000E-99
188   82     1.00000000000000E-99   1.00000000000000E-99
189   82     1.00000000000000E-99   1.00000000000000E-99
190   82     1.00000000000000E-99   1.00000000000000E-99
191   82     1.00000000000000E-99   1.00000000000000E-99
114   83     1.00000000000000E-99   1.00000000000000E-99
115   83     1.00000000000000E-99   1.00000000000000E-99
116   83     1.00000000000000E-99   1.00000000000000E-99
117   83     1.00000000000000E-99   1.00000000000000E-99
118   83     1.00000000000000E-99   1.00000000000000E-99
119   83     1.00000000000000E-99   1.00000000000000E-99
120   83     1.00000000000000E-99   1.00000000000000E-99
121   83     1.00000000000000E-99   1.00000000000000E-99
122   83     1.00000000000000E-99   1.00000000000000E-99
123   83     1.00000000000000E-99   1.00000000000000E-99
124   83     1.00000000000000E-99   1.00000000000000E-99
125   83     1.00000000000000E-99   1.00000000000000E-99
126   83     1.00000000000000E-99   1.00000000000000E-99
127   83     1.00000000000000E-99   1.00000000000000E-99
128   83     1.00000000000000E-99   1.00000000000000E-99
129   83     1.00000000000000E-99   1.00000000000000E-99
130   83     1.00000000000000E-99   1.00000000000000E-99
131   83     1.00000000000000E-99   1.00000000000000E-99
132   83     1.00000000000000E-99   1.00000000000000E-99
133   83     1.00000000000000E-99   1.00000000000000E-99
134   83     1.00000000000000E-99   1.00000000000000E-99
135   83     1.00000000000000E-99   1.00000000000000E-99
136   83     1.00000000000000E-99   1.00000000000000E-99
137   83     1.00000000000000E-99   1.00000000000000E-99
138   83     4.85495854795603E-24   1.07294583909828E-21
139   83     1.31546815714990E-24   2.92033930887278E-22
140   83     3.41667381862433E-24   7.61918261553226E-22
141   83     2.00764644817652E-22   4.49712804391541E-20
142   83     1.45198953229959E-18   3.26697644767408E-16
143   83     7.72282729331336E-19   1.74535896828882E-16
144   83     2.71898296928087E-16   6.17209134026758E-14
145   83     1.34365764936039E-16   3.06353944054169E-14
146   83     1.28256432547516E-14   2.93707230533812E-12
147   83     8.33360956320797E-15   1.91673019953783E-12
148   83     2.12756319790688E-12   4.91467098716489E-10
149   83     1.47019141973238E-12   3.41084409377912E-10
150   83     4.52565428999396E-11   1.05447744956859E-08
151   83     4.13603695804446E-11   9.67832648182404E-09
152   83     1.22997351837330E-09   2.89043776817726E-07
153   83     7.24407963206372E-10   1.70960279316704E-07
154   83     2.07681087798757E-07   4.92204178083054E-05
155   83     5.49526987222961E-08   1.30787422959065E-05
156   83     7.32150782718672E-07   1.74984037069763E-04
157   83     1.90209387212839E-07   4.56502529310813E-05
158   83     2.75228775587892E-06   6.63301349166819E-04
159   83     7.16446436066774E-07   1.73380037528159E-04
160   83     9.33287541313084E-07   2.26788872539079E-04
161   83     2.39925889811036E-07   5.85419171138927E-05
162   83     1.33329546217546E-06   3.26657388232989E-04
163   83     1.31812560605468E-07   3.24258899089451E-05
164   83     2.43961627686977E-06   6.02585220386833E-04
165   83     1.76110665488847E-07   4.36754450412341E-05
166   83     1.13479148487730E-06   2.82563079734448E-04
167   83     4.21863481189181E-07   1.05465870297295E-04
168   83     3.31097956263322E-06   8.31055870220938E-04
169   83     1.83283991388718E-07   4.61875658299568E-05
170   83     1.87571263665993E-06   4.74555297074964E-04
171   83     2.38676630991965E-08   6.06238642719591E-06
172   83     6.91331515639070E-07   1.76289536487963E-04
173   83     1.26668106659185E-10   3.24270353047513E-08
174   83     6.50331002817196E-08   1.67135067724019E-05
175   83     3.27280173401929E-12   8.44382847376978E-10
176   83     6.37771690378226E-08   1.65182867807960E-05
177   83     5.42342874015966E-15   1.41009147244151E-12
178   83     1.41706883812359E-10   3.69854966750257E-08
179   83     1.14153381187988E-16   2.99081858712529E-14
180   83     1.42968165767184E-12   3.76006275967694E-10
181   83     2.01881852125489E-22   5.32968089611291E-20
182   83     8.23679491488017E-25   2.18275065244324E-22
183   83     1.00000000000000E-99   1.00000000000000E-99
184   83     1.00000000000000E-99   1.00000000000000E-99
185   83     1.00000000000000E-99   1.00000000000000E-99
186   83     1.00000000000000E-99   1.00000000000000E-99
187   83     1.00000000000000E-99   1.00000000000000E-99
188   83     1.00000000000000E-99   1.00000000000000E-99
189   83     1.00000000000000E-99   1.00000000000000E-99
190   83     1.00000000000000E-99   1.00000000000000E-99
191   83     1.00000000000000E-99   1.00000000000000E-99
192   83     1.00000000000000E-99   1.00000000000000E-99
193   83     1.00000000000000E-99   1.00000000000000E-99
118   84     1.00000000000000E-99   1.00000000000000E-99
119   84     1.00000000000000E-99   1.00000000000000E-99
120   84     1.00000000000000E-99   1.00000000000000E-99
121   84     1.00000000000000E-99   1.00000000000000E-99
122   84     1.00000000000000E-99   1.00000000000000E-99
123   84     1.00000000000000E-99   1.00000000000000E-99
124   84     1.00000000000000E-99   1.00000000000000E-99
125   84     1.00000000000000E-99   1.00000000000000E-99
126   84     1.00000000000000E-99   1.00000000000000E-99
127   84     1.00000000000000E-99   1.00000000000000E-99
128   84     1.00000000000000E-99   1.00000000000000E-99
129   84     1.00000000000000E-99   1.00000000000000E-99
130   84     1.00000000000000E-99   1.00000000000000E-99
131   84     1.00000000000000E-99   1.00000000000000E-99
132   84     1.00000000000000E-99   1.00000000000000E-99
133   84     1.00000000000000E-99   1.00000000000000E-99
134   84     1.00000000000000E-99   1.00000000000000E-99
135   84     1.00000000000000E-99   1.00000000000000E-99
136   84     1.00000000000000E-99   1.00000000000000E-99
137   84     1.00000000000000E-99   1.00000000000000E-99
138   84     1.00000000000000E-99   1.00000000000000E-99
139   84     1.00000000000000E-99   1.00000000000000E-99
140   84     1.85627810617617E-23   4.15806295783462E-21
141   84     3.26182327403102E-24   7.33910236656979E-22
142   84     8.62021505994679E-21   1.94816860354797E-18
143   84     1.50389695543431E-21   3.41384608883588E-19
144   84     1.45045685060833E-18   3.30704161938699E-16
145   84     3.43842028602622E-19   7.87398245500005E-17
146   84     5.73951646636646E-16   1.32008878726429E-13
147   84     2.13853508264596E-16   4.94001604091217E-14
148   84     4.76388085228637E-14   1.10522035773044E-11
149   84     1.37539140160125E-14   3.20466196573090E-12
150   84     3.76861145579529E-12   8.81855080656098E-10
151   84     2.60975252753216E-12   6.13291843970058E-10
152   84     1.90529399118713E-09   4.49649381920163E-07
153   84     4.61615723842463E-10   1.09402926550664E-07
154   84     1.79805217511176E-08   4.27936417676598E-06
155   84     3.45951229504428E-09   8.26823438515583E-07
156   84     2.01279159586628E-07   4.83069983007906E-05
157   84     1.26165492328968E-08   3.04058836512812E-06
158   84     5.18116537419590E-07   1.25384202055541E-04
159   84     3.65121661871175E-08   8.87245638346955E-06
160   84     1.96900657770007E-06   4.80437604958818E-04
161   84     1.47196451222111E-07   3.60631305494172E-05
162   84     6.09330227673304E-06   1.49895236007633E-03
163   84     1.92070722034028E-12   4.74414683424048E-10
164   84     1.18292529634416E-06   2.93365473493352E-04
165   84     2.58333726962691E-07   6.43250980137099E-05
166   84     3.47056624434775E-06   8.67641561086937E-04
167   84     7.43058300448002E-07   1.86507633412449E-04
168   84     7.29066136386698E-06   1.83724666369448E-03
169   84     4.76212722762421E-07   1.20481818858893E-04
170   84     3.92829865846237E-06   9.97787859249442E-04
171   84     3.21497328441552E-08   8.19818187525958E-06
172   84     1.74043545102533E-05   4.45551475462485E-03
173   84     4.32012083250751E-13   1.11027105395443E-10
174   84     1.32981883553962E-08   3.43093259569222E-06
175   84     1.27604741584422E-11   3.30496280703653E-09
176   84     2.87976411750247E-08   7.48738670550641E-06
177   84     4.96492143267862E-14   1.29584449392912E-11
178   84     1.19214506093587E-09   3.12342005965198E-07
179   84     1.52499599828611E-15   4.01073947549247E-13
180   84     8.86387299115928E-11   2.34006246966605E-08
181   84     5.55756777271084E-20   1.47275545976837E-17
182   84     4.38972390802008E-16   1.16766655953334E-13
183   84     1.00000000000000E-99   1.00000000000000E-99
184   84     1.00000000000000E-99   1.00000000000000E-99
185   84     1.00000000000000E-99   1.00000000000000E-99
186   84     1.00000000000000E-99   1.00000000000000E-99
187   84     1.00000000000000E-99   1.00000000000000E-99
188   84     1.00000000000000E-99   1.00000000000000E-99
189   84     1.00000000000000E-99   1.00000000000000E-99
190   84     1.00000000000000E-99   1.00000000000000E-99
191   84     1.00000000000000E-99   1.00000000000000E-99
192   84     1.00000000000000E-99   1.00000000000000E-99
121   85     1.00000000000000E-99   1.00000000000000E-99
122   85     1.00000000000000E-99   1.00000000000000E-99
123   85     1.00000000000000E-99   1.00000000000000E-99
124   85     1.00000000000000E-99   1.00000000000000E-99
125   85     1.00000000000000E-99   1.00000000000000E-99
126   85     1.00000000000000E-99   1.00000000000000E-99
127   85     1.00000000000000E-99   1.00000000000000E-99
128   85     1.00000000000000E-99   1.00000000000000E-99
129   85     1.00000000000000E-99   1.00000000000000E-99
130   85     1.00000000000000E-99   1.00000000000000E-99
131   85     1.00000000000000E-99   1.00000000000000E-99
132   85     1.00000000000000E-99   1.00000000000000E-99
133   85     1.00000000000000E-99   1.00000000000000E-99
134   85     1.00000000000000E-99   1.00000000000000E-99
135   85     1.00000000000000E-99   1.00000000000000E-99
136   85     1.00000000000000E-99   1.00000000000000E-99
137   85     1.00000000000000E-99   1.00000000000000E-99
138   85     1.00000000000000E-99   1.00000000000000E-99
139   85     1.00000000000000E-99   1.00000000000000E-99
140   85     1.00000000000000E-99   1.00000000000000E-99
141   85     1.00000000000000E-99   1.00000000000000E-99
142   85     1.00000000000000E-99   1.00000000000000E-99
143   85     1.00000000000000E-99   1.00000000000000E-99
144   85     1.00000000000000E-99   1.00000000000000E-99
145   85     3.01213145611318E-23   6.92790234906032E-21
146   85     2.26608025088805E-20   5.23464537955140E-18
147   85     3.14468171151558E-20   7.29566157071614E-18
148   85     3.07315725030384E-17   7.16045639320794E-15
149   85     4.32439561900860E-17   1.01190857484801E-14
150   85     1.05697889132615E-13   2.48390039461645E-11
151   85     1.02788945940028E-13   2.42581912418467E-11
152   85     1.53154078375188E-11   3.62975165749195E-09
153   85     5.56491668121372E-12   1.32445017012886E-09
154   85     3.12621914810777E-10   7.47166376397758E-08
155   85     1.01430276809106E-10   2.43432664341855E-08
156   85     1.58357914065148E-09   3.81642572897006E-07
157   85     5.14902029768886E-10   1.24606291204070E-07
158   85     8.80439259510796E-09   2.13946740061123E-06
159   85     3.18555114753809E-09   7.77274479999294E-07
160   85     6.88233917152397E-08   1.68617309702337E-05
161   85     5.14376581371262E-08   1.26536639017330E-05
162   85     2.37526087079444E-06   5.86689435086226E-04
163   85     1.08663729756508E-11   2.69486049796140E-09
164   85     2.26562881683610E-07   5.64141575392188E-05
165   85     6.42888955059874E-08   1.60722238764968E-05
166   85     7.81460380620360E-07   1.96146555535710E-04
167   85     2.92439133667185E-07   7.36946616841306E-05
168   85     3.21688901405715E-06   8.13872920556460E-04
169   85     1.03636351590985E-06   2.63236333041102E-04
170   85     5.99840223349209E-06   1.52959256954048E-03
171   85     1.25201013606352E-06   3.20514594832262E-04
172   85     7.08042346697123E-05   1.81966883101161E-02
173   85     1.98196510503788E-13   5.11346997099774E-11
174   85     2.72016622372813E-08   7.04523051945585E-06
175   85     1.09733468961433E-09   2.85307019299726E-07
176   85     3.60182312925802E-08   9.40075836736344E-06
177   85     6.58022874545651E-12   1.72401993130960E-09
178   85     6.31508743443175E-09   1.66086799525555E-06
179   85     1.01175060007176E-13   2.67102158418943E-11
180   85     7.62132216988189E-09   2.01965037501870E-06
181   85     9.36038229871368E-16   2.48986169145784E-13
182   85     5.99215011499123E-11   1.59990408070266E-08
183   85     6.90011769719620E-21   1.84923154284858E-18
184   85     1.00000000000000E-99   1.00000000000000E-99
185   85     1.00000000000000E-99   1.00000000000000E-99
186   85     1.00000000000000E-99   1.00000000000000E-99
187   85     1.00000000000000E-99   1.00000000000000E-99
188   85     1.00000000000000E-99   1.00000000000000E-99
189   85     1.00000000000000E-99   1.00000000000000E-99
190   85     1.00000000000000E-99   1.00000000000000E-99
191   85     1.00000000000000E-99   1.00000000000000E-99
192   85     1.00000000000000E-99   1.00000000000000E-99
193   85     1.00000000000000E-99   1.00000000000000E-99
194   85     1.00000000000000E-99   1.00000000000000E-99
124   86     1.00000000000000E-99   1.00000000000000E-99
125   86     1.00000000000000E-99   1.00000000000000E-99
126   86     1.00000000000000E-99   1.00000000000000E-99
127   86     1.00000000000000E-99   1.00000000000000E-99
128   86     1.00000000000000E-99   1.00000000000000E-99
129   86     1.00000000000000E-99   1.00000000000000E-99
130   86     1.00000000000000E-99   1.00000000000000E-99
131   86     1.00000000000000E-99   1.00000000000000E-99
132   86     1.00000000000000E-99   1.00000000000000E-99
133   86     1.00000000000000E-99   1.00000000000000E-99
134   86     1.00000000000000E-99   1.00000000000000E-99
135   86     1.00000000000000E-99   1.00000000000000E-99
136   86     1.00000000000000E-99   1.00000000000000E-99
137   86     1.00000000000000E-99   1.00000000000000E-99
138   86     1.00000000000000E-99   1.00000000000000E-99
139   86     1.00000000000000E-99   1.00000000000000E-99
140   86     1.00000000000000E-99   1.00000000000000E-99
141   86     1.00000000000000E-99   1.00000000000000E-99
142   86     1.00000000000000E-99   1.00000000000000E-99
143   86     1.00000000000000E-99   1.00000000000000E-99
144   86     1.00000000000000E-99   1.00000000000000E-99
145   86     1.00000000000000E-99   1.00000000000000E-99
146   86     1.35471835588568E-21   3.14294658565477E-19
147   86     7.22712464969060E-22   1.68392004337791E-19
148   86     1.86265286446440E-17   4.35860770284671E-15
149   86     9.50611259490114E-18   2.23393645980177E-15
150   86     7.61977116531614E-15   1.79826599501461E-12
151   86     3.51243125836099E-15   8.32446208231554E-13
152   86     1.08038750330412E-12   2.57132225786380E-10
153   86     2.27929902936707E-13   5.44752468018730E-11
154   86     1.33971297676747E-11   3.21531114424192E-09
155   86     2.22320611255176E-12   5.35792673124973E-10
156   86     1.10901828299595E-10   2.68382424485020E-08
157   86     1.91440144207236E-11   4.65199550423583E-09
158   86     1.92279720629794E-09   4.69162518336696E-07
159   86     5.05919891148774E-10   1.23950373331450E-07
160   86     6.97245739445543E-08   1.71522451903603E-05
161   86     1.15650687062997E-08   2.85657197045602E-06
162   86     4.32919532035390E-07   1.07364043944777E-04
163   86     3.18294799437058E-07   7.92554050598275E-05
164   86     1.22897580950458E-07   3.07243952376144E-05
165   86     1.22819259707384E-08   3.08276341865535E-06
166   86     1.10400286724846E-06   2.78208722546611E-04
167   86     6.58358075639738E-07   1.66564593136854E-04
168   86     4.82518578416780E-06   1.22559718917862E-03
169   86     1.14631148172456E-05   2.92309427839763E-03
170   86     2.38391904833413E-05   6.10283276373539E-03
171   86     6.05013639661166E-07   1.55488505392920E-04
172   86     7.50633254560949E-05   1.93663379676725E-02
173   86     2.36105474520172E-13   6.11513179007246E-11
174   86     1.82823943462160E-08   4.75342253001616E-06
175   86     1.04225800620576E-08   2.72029339619703E-06
176   86     2.74031409072217E-07   7.17962291769209E-05
177   86     7.16469524890500E-10   1.88431485046202E-07
178   86     4.56777689058269E-08   1.20589309911383E-05
179   86     3.89192914229530E-12   1.03136122270825E-09
180   86     7.64931236263503E-08   2.03471708846092E-05
181   86     1.07296953464705E-14   2.86482865750762E-12
182   86     3.00019084121269E-10   8.04051145445000E-08
183   86     2.31611964862766E-19   6.23036185480839E-17
126   87     1.00000000000000E-99   1.00000000000000E-99
127   87     1.00000000000000E-99   1.00000000000000E-99
128   87     1.00000000000000E-99   1.00000000000000E-99
129   87     1.00000000000000E-99   1.00000000000000E-99
130   87     1.00000000000000E-99   1.00000000000000E-99
131   87     1.00000000000000E-99   1.00000000000000E-99
132   87     1.00000000000000E-99   1.00000000000000E-99
133   87     1.00000000000000E-99   1.00000000000000E-99
134   87     1.00000000000000E-99   1.00000000000000E-99
135   87     1.00000000000000E-99   1.00000000000000E-99
136   87     1.00000000000000E-99   1.00000000000000E-99
137   87     1.00000000000000E-99   1.00000000000000E-99
138   87     1.00000000000000E-99   1.00000000000000E-99
139   87     1.00000000000000E-99   1.00000000000000E-99
140   87     1.00000000000000E-99   1.00000000000000E-99
141   87     1.00000000000000E-99   1.00000000000000E-99
142   87     1.00000000000000E-99   1.00000000000000E-99
143   87     1.00000000000000E-99   1.00000000000000E-99
144   87     1.00000000000000E-99   1.00000000000000E-99
145   87     1.00000000000000E-99   1.00000000000000E-99
146   87     1.00000000000000E-99   1.00000000000000E-99
147   87     1.00000000000000E-99   1.00000000000000E-99
148   87     6.83007926432300E-22   1.60506862711591E-19
149   87     8.26379770650394E-22   1.95025625873493E-19
150   87     8.92784710655828E-19   2.11589976425431E-16
151   87     1.55028870087229E-18   3.68968710807604E-16
152   87     1.08860700678865E-15   2.60177074622488E-13
153   87     3.76010950980487E-16   9.02426282353168E-14
154   87     1.81038046160158E-14   4.36301691245982E-12
155   87     6.99469698552757E-15   1.69271667049767E-12
156   87     5.94621071663302E-13   1.44492920414182E-10
157   87     2.30667857707059E-13   5.62829572805225E-11
158   87     2.55059688934525E-11   6.24896237889587E-09
159   87     1.19779715136571E-11   2.94658099235965E-09
160   87     5.02182217155484E-10   1.24039007637405E-07
161   87     3.87288234271658E-10   9.60474820993711E-08
162   87     1.62139496697809E-08   4.03727346777543E-06
163   87     6.37811963984059E-09   1.59452990996015E-06
164   87     6.27212625114992E-08   1.57430368903863E-05
165   87     5.82555061246625E-09   1.46803875434150E-06
166   87     6.78770667505293E-08   1.71728978878839E-05
167   87     8.68808654111542E-08   2.20677398144332E-05
168   87     1.31568403046389E-06   3.35499427768293E-04
169   87     4.79930015932943E-07   1.22862084078833E-04
170   87     3.13253595953699E-06   8.05061741601006E-04
171   87     7.48591826388025E-07   1.93136691208110E-04
172   87     7.40438766834598E-05   1.91773640610161E-02
173   87     2.50213246419481E-10   6.50554440690650E-08
174   87     5.26327722572967E-08   1.37371535591544E-05
175   87     1.11964494206957E-08   2.93346974822228E-06
176   87     4.57518366343561E-07   1.20327330348357E-04
177   87     6.88002199877596E-08   1.81632580767685E-05
178   87     3.45870351815356E-07   9.16556432310692E-05
179   87     6.67962582430405E-09   1.77678046926488E-06
180   87     4.81012319846707E-07   1.28430289399071E-04
181   87     1.08305931848543E-10   2.90259897354095E-08
182   87     7.70142898085550E-07   2.07168439585013E-04
183   87     2.52765910066258E-13   6.82467957178898E-11
191   87     1.00000000000000E-99   1.00000000000000E-99
193   87     1.00000000000000E-99   1.00000000000000E-99
129   88     1.00000000000000E-99   1.00000000000000E-99
130   88     1.00000000000000E-99   1.00000000000000E-99
131   88     1.00000000000000E-99   1.00000000000000E-99
132   88     1.00000000000000E-99   1.00000000000000E-99
133   88     1.00000000000000E-99   1.00000000000000E-99
134   88     1.00000000000000E-99   1.00000000000000E-99
135   88     1.00000000000000E-99   1.00000000000000E-99
136   88     1.00000000000000E-99   1.00000000000000E-99
137   88     1.00000000000000E-99   1.00000000000000E-99
138   88     1.00000000000000E-99   1.00000000000000E-99
139   88     1.00000000000000E-99   1.00000000000000E-99
140   88     1.00000000000000E-99   1.00000000000000E-99
141   88     1.00000000000000E-99   1.00000000000000E-99
142   88     1.00000000000000E-99   1.00000000000000E-99
143   88     1.00000000000000E-99   1.00000000000000E-99
144   88     1.00000000000000E-99   1.00000000000000E-99
145   88     1.00000000000000E-99   1.00000000000000E-99
146   88     1.00000000000000E-99   1.00000000000000E-99
147   88     1.00000000000000E-99   1.00000000000000E-99
148   88     9.13590668857849E-24   2.15607397850452E-21
149   88     8.63852443026414E-24   2.04733028997260E-21
150   88     2.09814671843834E-20   4.99358918988325E-18
151   88     1.25230268109248E-20   2.99300340781102E-18
152   88     1.42631416318575E-17   3.42315399164580E-15
153   88     3.27062749785523E-18   7.88221226983111E-16
154   88     4.43883272055347E-16   1.07419751837394E-13
155   88     1.13302217185715E-16   2.75324387761287E-14
156   88     5.02070860646759E-14   1.22505289997809E-11
157   88     1.06166595221397E-14   2.60108158292423E-12
158   88     1.11814802965631E-12   2.75064415295453E-10
159   88     3.80027645465910E-13   9.38668284300799E-11
160   88     8.49751170501710E-11   2.10738290284424E-08
161   88     2.95980303442493E-11   7.36990955571807E-09
162   88     7.73815151581560E-09   1.93453787895390E-06
163   88     3.20695242434180E-09   8.04945058509792E-07
164   88     4.86315019180094E-08   1.22551384833384E-05
165   88     2.37630152461784E-12   6.01204285728314E-10
166   88     9.25082299164980E-08   2.34970903987905E-05
167   88     2.82511845756073E-08   7.20405206677986E-06
168   88     7.16439613540710E-07   1.83408541066422E-04
169   88     1.05858189888699E-06   2.72055548013957E-04
170   88     8.42589090401523E-06   2.17387985323593E-03
171   88     3.28533032809904E-07   8.50900554977651E-05
172   88     2.70574535519904E-05   7.03493792351751E-03
173   88     5.83568332167516E-12   1.52311334695722E-09
174   88     8.86890605323812E-08   2.32365338594839E-05
175   88     4.72983257308946E-08   1.24394596672253E-05
176   88     2.32077209054150E-06   6.12683831902956E-04
177   88     3.83407982406241E-07   1.01603115337654E-04
178   88     5.54601146780641E-06   1.47523905043650E-03
179   88     4.94846494922599E-08   1.32124014144334E-05
180   88     2.37346901770711E-06   6.36089696745506E-04
181   88     2.58192102804287E-10   6.94536756543533E-08
182   88     1.64698952057445E-06   4.44687170555101E-04
183   88     6.49191515372483E-13   1.75930900665943E-10
130   89     1.00000000000000E-99   1.00000000000000E-99
131   89     1.00000000000000E-99   1.00000000000000E-99
132   89     1.00000000000000E-99   1.00000000000000E-99
133   89     1.00000000000000E-99   1.00000000000000E-99
134   89     1.00000000000000E-99   1.00000000000000E-99
135   89     1.00000000000000E-99   1.00000000000000E-99
136   89     1.00000000000000E-99   1.00000000000000E-99
137   89     1.00000000000000E-99   1.00000000000000E-99
138   89     1.00000000000000E-99   1.00000000000000E-99
139   89     1.00000000000000E-99   1.00000000000000E-99
140   89     1.00000000000000E-99   1.00000000000000E-99
141   89     1.00000000000000E-99   1.00000000000000E-99
142   89     1.00000000000000E-99   1.00000000000000E-99
143   89     1.00000000000000E-99   1.00000000000000E-99
144   89     1.00000000000000E-99   1.00000000000000E-99
145   89     1.00000000000000E-99   1.00000000000000E-99
146   89     1.00000000000000E-99   1.00000000000000E-99
147   89     1.00000000000000E-99   1.00000000000000E-99
148   89     1.00000000000000E-99   1.00000000000000E-99
149   89     1.00000000000000E-99   1.00000000000000E-99
150   89     1.00000000000000E-99   1.00000000000000E-99
151   89     3.95269377655140E-25   9.48646506372337E-23
152   89     1.28445264393746E-21   3.09553087188929E-19
153   89     7.83459074677525E-22   1.89597096071961E-19
154   89     4.62817986375830E-19   1.12464770689327E-16
155   89     1.79352601712383E-19   4.37620348178214E-17
156   89     2.54438034307006E-17   6.23373184052164E-15
157   89     1.46259090283064E-17   3.59797362096338E-15
158   89     3.29816053560138E-15   8.14645652293541E-13
159   89     1.99694554601132E-15   4.95242495410807E-13
160   89     8.23833932252099E-13   2.05134649130773E-10
161   89     5.88195491427780E-13   1.47048872856945E-10
162   89     3.74408867257438E-11   9.39766256816170E-09
163   89     3.36495972166080E-11   8.47969849858522E-09
164   89     9.93556006661411E-09   2.51369669685337E-06
165   89     1.51909159906065E-10   3.85849266161406E-08
166   89     6.60945978983632E-10   1.68541224640826E-07
167   89     1.18768608985542E-09   3.04047639002988E-07
168   89     3.06367916393387E-08   7.87365545131005E-06
169   89     1.85461157720625E-08   4.78489786919213E-06
170   89     7.51975811402617E-08   1.94761735153278E-05
171   89     4.29685102488444E-08   1.11718126646995E-05
172   89     5.25621805431791E-06   1.37187291217698E-03
173   89     7.73939901507298E-10   2.02772254194912E-07
174   89     6.72941181595302E-08   1.76983530759564E-05
175   89     2.10289889567254E-08   5.55165308457551E-06
176   89     1.97480120452629E-06   5.23322319199466E-04
177   89     8.68679953820636E-07   2.31068867716289E-04
178   89     7.27641246356869E-06   1.94280212777284E-03
179   89     6.62574581873582E-07   1.77569987942120E-04
180   89     7.13474108888641E-06   1.91924535291044E-03
181   89     2.67256729107480E-07   7.21593168590197E-05
182   89     1.31049540210253E-05   3.55144253969787E-03
183   89     2.17919892456821E-09   5.92742107482553E-07
185   89     1.00000000000000E-99   1.00000000000000E-99
187   89     1.00000000000000E-99   1.00000000000000E-99
188   89     1.00000000000000E-99   1.00000000000000E-99
189   89     1.00000000000000E-99   1.00000000000000E-99
190   89     1.00000000000000E-99   1.00000000000000E-99
191   89     1.00000000000000E-99   1.00000000000000E-99
192   89     1.00000000000000E-99   1.00000000000000E-99
193   89     1.00000000000000E-99   1.00000000000000E-99
195   89     1.00000000000000E-99   1.00000000000000E-99
197   89     1.00000000000000E-99   1.00000000000000E-99
198   89     1.00000000000000E-99   1.00000000000000E-99
199   89     1.00000000000000E-99   1.00000000000000E-99
132   90     1.00000000000000E-99   1.00000000000000E-99
133   90     1.00000000000000E-99   1.00000000000000E-99
134   90     1.00000000000000E-99   1.00000000000000E-99
135   90     1.00000000000000E-99   1.00000000000000E-99
136   90     1.00000000000000E-99   1.00000000000000E-99
137   90     1.00000000000000E-99   1.00000000000000E-99
138   90     1.00000000000000E-99   1.00000000000000E-99
139   90     1.00000000000000E-99   1.00000000000000E-99
140   90     1.00000000000000E-99   1.00000000000000E-99
141   90     1.00000000000000E-99   1.00000000000000E-99
142   90     1.00000000000000E-99   1.00000000000000E-99
143   90     1.00000000000000E-99   1.00000000000000E-99
144   90     1.00000000000000E-99   1.00000000000000E-99
145   90     1.00000000000000E-99   1.00000000000000E-99
146   90     1.00000000000000E-99   1.00000000000000E-99
147   90     1.00000000000000E-99   1.00000000000000E-99
148   90     1.00000000000000E-99   1.00000000000000E-99
149   90     1.00000000000000E-99   1.00000000000000E-99
150   90     1.00000000000000E-99   1.00000000000000E-99
151   90     1.00000000000000E-99   1.00000000000000E-99
152   90     2.16384171829612E-23   5.23649695827661E-21
153   90     7.19971046044093E-24   1.74952964188715E-21
154   90     3.15071278142912E-21   7.68773918668705E-19
155   90     7.68266232727053E-22   1.88225227018128E-19
156   90     8.80555756776554E-19   2.16616716167032E-16
157   90     2.20019895224824E-19   5.43449141205316E-17
158   90     1.93845612887377E-16   4.80737119960694E-14
159   90     7.41559158763830E-17   1.84648230532194E-14
160   90     3.11473583536576E-14   7.78683958841440E-12
161   90     1.28515638935595E-14   3.22574253728342E-12
162   90     3.49919946857213E-11   8.81798266080178E-09
163   90     7.17959995572572E-12   1.81643878879861E-09
164   90     3.04900444457646E-10   7.74447128922421E-08
165   90     3.96487933034062E-11   1.01104422923686E-08
166   90     4.51840147971977E-10   1.15671077880826E-07
167   90     9.59701861683390E-11   2.46643378452631E-08
168   90     4.76538603470586E-09   1.22946959695411E-06
169   90     3.01811767988212E-09   7.81692479089470E-07
170   90     8.68153954676658E-08   2.25720028215931E-05
171   90     4.65077775137162E-09   1.21385299310799E-06
172   90     7.20971352868267E-07   1.88894494451486E-04
173   90     3.49208696376283E-09   9.18418871469623E-07
174   90     3.12431001785972E-07   8.24817844714965E-05
175   90     1.57270364473249E-07   4.16766465854109E-05
176   90     4.02381961014259E-06   1.07033601629793E-03
177   90     3.74105030149751E-06   9.98860430499834E-04
178   90     1.91410027793430E-05   5.12978874486392E-03
179   90     4.10306440608793E-06   1.10372432523765E-03
180   90     1.15745288425999E-05   3.12512278750198E-03
181   90     6.68919414950425E-07   1.81277161451565E-04
182   90     2.48513054755373E-05   6.75955508934615E-03
183   90     2.68720265725548E-09   7.33606325430746E-07
189   90     1.00000000000000E-99   1.00000000000000E-99
190   90     1.00000000000000E-99   1.00000000000000E-99
191   90     1.00000000000000E-99   1.00000000000000E-99
192   90     1.00000000000000E-99   1.00000000000000E-99
193   90     1.00000000000000E-99   1.00000000000000E-99
195   90     1.00000000000000E-99   1.00000000000000E-99
197   90     1.00000000000000E-99   1.00000000000000E-99
202   90     1.00000000000000E-99   1.00000000000000E-99
203   90     1.00000000000000E-99   1.00000000000000E-99
134   91     1.00000000000000E-99   1.00000000000000E-99
135   91     1.00000000000000E-99   1.00000000000000E-99
136   91     1.00000000000000E-99   1.00000000000000E-99
137   91     1.00000000000000E-99   1.00000000000000E-99
138   91     1.00000000000000E-99   1.00000000000000E-99
139   91     1.00000000000000E-99   1.00000000000000E-99
140   91     1.00000000000000E-99   1.00000000000000E-99
141   91     1.00000000000000E-99   1.00000000000000E-99
142   91     1.00000000000000E-99   1.00000000000000E-99
143   91     1.00000000000000E-99   1.00000000000000E-99
144   91     1.00000000000000E-99   1.00000000000000E-99
145   91     1.00000000000000E-99   1.00000000000000E-99
146   91     1.00000000000000E-99   1.00000000000000E-99
147   91     1.00000000000000E-99   1.00000000000000E-99
148   91     1.00000000000000E-99   1.00000000000000E-99
149   91     1.00000000000000E-99   1.00000000000000E-99
150   91     1.00000000000000E-99   1.00000000000000E-99
151   91     1.00000000000000E-99   1.00000000000000E-99
152   91     1.00000000000000E-99   1.00000000000000E-99
153   91     1.00000000000000E-99   1.00000000000000E-99
154   91     1.00000000000000E-99   1.00000000000000E-99
155   91     1.00000000000000E-99   1.00000000000000E-99
156   91     3.24095867098376E-23   8.00516791732989E-21
157   91     3.81930684493083E-23   9.47188097542845E-21
158   91     2.72848952104198E-20   6.79393890739453E-18
159   91     2.12717611630987E-20   5.31794029077468E-18
160   91     1.63894117325579E-16   4.11374234487205E-14
161   91     1.26292468061291E-16   3.18257019514453E-14
162   91     2.69487367028211E-14   6.81803038581373E-12
163   91     1.74764030288054E-14   4.43900636931657E-12
164   91     8.50578539689735E-13   2.16897527620882E-10
165   91     1.13715824449082E-12   2.91112510589649E-10
166   91     1.04283818510663E-11   2.68009413572403E-09
167   91     2.53542315622337E-12   6.54139174305629E-10
168   91     4.22128564690010E-11   1.09331298254713E-08
169   91     2.88388648390015E-11   7.49810485814039E-09
170   91     2.45401390940157E-10   6.40497630353810E-08
171   91     1.45853054549764E-10   3.82135002920383E-08
172   91     3.28167091190578E-08   8.63079449831219E-06
173   91     1.49998986505779E-09   3.95997324375257E-07
174   91     1.21173714936341E-08   3.21110344581304E-06
175   91     1.18453977578831E-08   3.15087580359690E-06
176   91     8.48967392535830E-07   2.26674293807067E-04
177   91     4.28796666713779E-07   1.14917506679293E-04
178   91     4.27524778058722E-06   1.15004165297796E-03
179   91     1.22205166697640E-06   3.29953950083628E-04
180   91     9.63905683373710E-06   2.61218440194275E-03
181   91     3.07135981630757E-06   8.35409870035660E-04
182   91     3.37985199553473E-05   9.22699594780981E-03
183   91     8.93334058816781E-07   2.44773532115798E-04
184   91     1.98104902906042E-05   5.44788482991615E-03
185   91     1.00000000000000E-99   1.00000000000000E-99
187   91     1.00000000000000E-99   1.00000000000000E-99
188   91     1.00000000000000E-99   1.00000000000000E-99
189   91     1.00000000000000E-99   1.00000000000000E-99
190   91     1.00000000000000E-99   1.00000000000000E-99
191   91     1.00000000000000E-99   1.00000000000000E-99
192   91     1.00000000000000E-99   1.00000000000000E-99
193   91     1.00000000000000E-99   1.00000000000000E-99
194   91     1.00000000000000E-99   1.00000000000000E-99
195   91     1.00000000000000E-99   1.00000000000000E-99
196   91     1.00000000000000E-99   1.00000000000000E-99
197   91     1.00000000000000E-99   1.00000000000000E-99
201   91     1.00000000000000E-99   1.00000000000000E-99
203   91     1.00000000000000E-99   1.00000000000000E-99
205   91     1.00000000000000E-99   1.00000000000000E-99
135   92     1.00000000000000E-99   1.00000000000000E-99
136   92     1.00000000000000E-99   1.00000000000000E-99
137   92     1.00000000000000E-99   1.00000000000000E-99
138   92     1.00000000000000E-99   1.00000000000000E-99
139   92     1.00000000000000E-99   1.00000000000000E-99
140   92     1.00000000000000E-99   1.00000000000000E-99
141   92     1.00000000000000E-99   1.00000000000000E-99
142   92     1.00000000000000E-99   1.00000000000000E-99
143   92     1.00000000000000E-99   1.00000000000000E-99
144   92     1.00000000000000E-99   1.00000000000000E-99
145   92     1.00000000000000E-99   1.00000000000000E-99
146   92     1.00000000000000E-99   1.00000000000000E-99
147   92     1.00000000000000E-99   1.00000000000000E-99
148   92     1.00000000000000E-99   1.00000000000000E-99
149   92     1.00000000000000E-99   1.00000000000000E-99
150   92     1.00000000000000E-99   1.00000000000000E-99
151   92     1.00000000000000E-99   1.00000000000000E-99
152   92     1.00000000000000E-99   1.00000000000000E-99
153   92     1.00000000000000E-99   1.00000000000000E-99
154   92     1.00000000000000E-99   1.00000000000000E-99
155   92     1.00000000000000E-99   1.00000000000000E-99
156   92     2.95430264933559E-25   7.32667057035227E-23
157   92     1.00000000000000E-99   1.00000000000000E-99
158   92     5.28053944180348E-21   1.32013486045087E-18
159   92     1.18226702123880E-21   2.96749022330940E-19
160   92     3.37881498836524E-18   8.51461377068040E-16
161   92     1.33297288492855E-18   3.37242139886923E-16
162   92     7.19947823897935E-16   1.82866747270075E-13
163   92     3.41686661375453E-16   8.71300986507406E-14
164   92     2.64849181801548E-14   6.78013905411962E-12
165   92     6.14259136496281E-15   1.57864598079544E-12
166   92     5.83314307036271E-13   1.50495091215358E-10
167   92     1.28657012614957E-14   3.33221662672737E-12
168   92     2.49294480953532E-12   6.48165650479183E-10
169   92     1.30190115201438E-13   3.39796200675752E-11
170   92     1.23106192689476E-10   3.22538224846426E-08
171   92     1.06039413625076E-11   2.78883657833950E-09
172   92     3.00702600811532E-09   7.93854866142444E-07
173   92     8.62256857173584E-10   2.28498067151000E-07
174   92     3.88485287400815E-08   1.03337086448617E-05
175   92     1.17473246573790E-08   3.13653568352018E-06
176   92     7.22346963870291E-07   1.93588986317238E-04
177   92     7.80431207801259E-07   2.09935994898539E-04
178   92     3.49616336536075E-06   9.43964108647402E-04
179   92     5.59405722561670E-06   1.51598950814213E-03
180   92     9.80016546322363E-06   2.66564500599683E-03
181   92     2.00206946414066E-05   5.46564963710401E-03
182   92     3.32601990437301E-05   9.11329453798206E-03
183   92     3.13024149606532E-06   8.60816411417963E-04
184   92     3.86227409909808E-05   1.06598765135107E-02
185   92     1.00000000000000E-99   1.00000000000000E-99
186   92     1.00000000000000E-99   1.00000000000000E-99
187   92     1.00000000000000E-99   1.00000000000000E-99
188   92     1.00000000000000E-99   1.00000000000000E-99
189   92     1.00000000000000E-99   1.00000000000000E-99
190   92     1.00000000000000E-99   1.00000000000000E-99
191   92     1.00000000000000E-99   1.00000000000000E-99
192   92     1.00000000000000E-99   1.00000000000000E-99
193   92     1.00000000000000E-99   1.00000000000000E-99
194   92     1.00000000000000E-99   1.00000000000000E-99
195   92     1.00000000000000E-99   1.00000000000000E-99
196   92     1.00000000000000E-99   1.00000000000000E-99
197   92     1.00000000000000E-99   1.00000000000000E-99
199   92     1.00000000000000E-99   1.00000000000000E-99
201   92     1.00000000000000E-99   1.00000000000000E-99
203   92     1.00000000000000E-99   1.00000000000000E-99
137   93     1.00000000000000E-99   1.00000000000000E-99
138   93     1.00000000000000E-99   1.00000000000000E-99
139   93     1.00000000000000E-99   1.00000000000000E-99
140   93     1.00000000000000E-99   1.00000000000000E-99
141   93     1.00000000000000E-99   1.00000000000000E-99
142   93     1.00000000000000E-99   1.00000000000000E-99
143   93     1.00000000000000E-99   1.00000000000000E-99
144   93     1.00000000000000E-99   1.00000000000000E-99
145   93     1.00000000000000E-99   1.00000000000000E-99
146   93     1.00000000000000E-99   1.00000000000000E-99
147   93     1.00000000000000E-99   1.00000000000000E-99
148   93     1.00000000000000E-99   1.00000000000000E-99
149   93     1.00000000000000E-99   1.00000000000000E-99
150   93     1.00000000000000E-99   1.00000000000000E-99
151   93     1.00000000000000E-99   1.00000000000000E-99
152   93     1.00000000000000E-99   1.00000000000000E-99
153   93     1.00000000000000E-99   1.00000000000000E-99
154   93     1.00000000000000E-99   1.00000000000000E-99
155   93     1.00000000000000E-99   1.00000000000000E-99
156   93     1.00000000000000E-99   1.00000000000000E-99
157   93     1.00000000000000E-99   1.00000000000000E-99
158   93     1.00000000000000E-99   1.00000000000000E-99
159   93     1.00000000000000E-99   1.00000000000000E-99
160   93     2.88058628997864E-23   7.28788331364596E-21
161   93     1.15649582012821E-23   2.93749938312566E-21
162   93     8.70300695512290E-20   2.21926677355634E-17
163   93     9.54606075409044E-21   2.44379155304715E-18
164   93     2.42773717749072E-17   6.23928454615115E-15
165   93     1.57200274385133E-18   4.05576707913643E-16
166   93     1.33351451767232E-16   3.45380260077130E-14
167   93     1.01779570041993E-18   2.64626882109183E-16
168   93     1.75241786098036E-14   4.57381061715874E-12
169   93     8.95167439332844E-17   2.34533869105205E-14
170   93     5.60629796725324E-14   1.47445636538760E-11
171   93     1.20133315458997E-13   3.17151952811751E-11
172   93     1.75883105404983E-10   4.66090229323204E-08
173   93     4.22528831498452E-12   1.12392669178588E-09
174   93     3.03938409293555E-10   8.11515552813793E-08
175   93     3.53954997012022E-10   9.48599391992218E-08
176   93     1.73825036760972E-08   4.67589348887015E-06
177   93     2.75592483323773E-08   7.44099704974188E-06
178   93     7.65697906216937E-07   2.07504132584790E-04
179   93     1.76797830964925E-07   4.80890100224596E-05
180   93     1.71237703496952E-06   4.67478930546678E-04
181   93     9.92206064310110E-07   2.71864461620970E-04
182   93     9.89509083692824E-06   2.72114998015527E-03
183   93     8.72649802700319E-06   2.40851345545288E-03
184   93     1.19481654551006E-04   3.30964183106287E-02
185   93     1.26401871425244E-14   3.51397202562178E-12
186   93     1.65254822049208E-13   4.61060953517289E-11
187   93     1.40341877234618E-14   3.92957256256930E-12
188   93     1.50794877123726E-11   4.23733604717671E-09
189   93     1.60539354991823E-14   4.52720981076942E-12
190   93     4.51271410787121E-10   1.27709809252755E-07
191   93     8.24190937199190E-16   2.34070226164570E-13
192   93     2.67168696309112E-10   7.61430784480969E-08
193   93     2.86411725870149E-16   8.19137535988627E-14
194   93     7.07742310261063E-11   2.03122043044925E-08
195   93     7.45941976816815E-19   2.14831289323243E-16
197   93     1.00000000000000E-99   1.00000000000000E-99
199   93     1.00000000000000E-99   1.00000000000000E-99
200   93     1.00000000000000E-99   1.00000000000000E-99
201   93     1.00000000000000E-99   1.00000000000000E-99
202   93     1.00000000000000E-99   1.00000000000000E-99
203   93     1.00000000000000E-99   1.00000000000000E-99
205   93     1.00000000000000E-99   1.00000000000000E-99
206   93     1.00000000000000E-99   1.00000000000000E-99
207   93     1.00000000000000E-99   1.00000000000000E-99
209   93     1.00000000000000E-99   1.00000000000000E-99
139   94     1.00000000000000E-99   1.00000000000000E-99
140   94     1.00000000000000E-99   1.00000000000000E-99
141   94     1.00000000000000E-99   1.00000000000000E-99
142   94     1.00000000000000E-99   1.00000000000000E-99
143   94     1.00000000000000E-99   1.00000000000000E-99
144   94     1.00000000000000E-99   1.00000000000000E-99
145   94     1.00000000000000E-99   1.00000000000000E-99
146   94     1.00000000000000E-99   1.00000000000000E-99
147   94     1.00000000000000E-99   1.00000000000000E-99
148   94     1.00000000000000E-99   1.00000000000000E-99
149   94     1.00000000000000E-99   1.00000000000000E-99
150   94     1.00000000000000E-99   1.00000000000000E-99
151   94     1.00000000000000E-99   1.00000000000000E-99
152   94     1.00000000000000E-99   1.00000000000000E-99
153   94     1.00000000000000E-99   1.00000000000000E-99
154   94     1.00000000000000E-99   1.00000000000000E-99
155   94     1.00000000000000E-99   1.00000000000000E-99
156   94     1.00000000000000E-99   1.00000000000000E-99
157   94     1.00000000000000E-99   1.00000000000000E-99
158   94     1.00000000000000E-99   1.00000000000000E-99
159   94     1.00000000000000E-99   1.00000000000000E-99
160   94     1.14546136997905E-25   2.90947187974680E-23
161   94     1.00000000000000E-99   1.00000000000000E-99
162   94     1.47253155828244E-21   3.76968078920304E-19
163   94     4.40319318418578E-24   1.13162064833574E-21
164   94     3.69531814669684E-20   9.53392081847785E-18
165   94     6.50712665884421E-23   1.68534580464065E-20
166   94     2.25178231751709E-19   5.85463402554443E-17
167   94     4.44793159369834E-22   1.16091014595527E-19
168   94     7.91582507241580E-19   2.07394616897294E-16
169   94     1.91100524772730E-20   5.02594380152281E-18
170   94     9.38758221825822E-17   2.47832170562017E-14
171   94     2.05602453541394E-17   5.44846501884693E-15
172   94     4.38718441292657E-12   1.16699105383847E-09
173   94     8.13747828125469E-16   2.17270670109500E-13
174   94     1.46476864228555E-10   3.92557996132528E-08
175   94     2.00345081844086E-12   5.38928270160592E-10
176   94     2.42502080456569E-08   6.54755617232735E-06
177   94     5.58766237504676E-09   1.51425650363767E-06
178   94     2.22365445849310E-07   6.04834012710124E-05
179   94     2.68658649199722E-07   7.33438112315241E-05
180   94     2.62196253078445E-06   7.18417733434938E-04
181   94     1.97520998622284E-05   5.43182746211281E-03
182   94     5.42846439753631E-05   1.49825617372002E-02
183   94     2.14417199813110E-05   5.93935643482316E-03
184   94     1.00566323424835E-04   2.79574379121043E-02
185   94     1.92642594365227E-14   5.37472838278984E-12
186   94     3.95133325452274E-10   1.10637331126637E-07
187   94     1.03697410424609E-15   2.91389723293152E-13
188   94     4.60075759232458E-10   1.29741364103553E-07
189   94     7.39741249778358E-12   2.09346773687275E-09
190   94     7.36214451873598E-10   2.09084904332102E-07
191   94     7.64770216102623E-13   2.17959511589247E-10
192   94     1.33266374251034E-10   3.81141830357957E-08
193   94     1.19613547269019E-16   3.43290880662083E-14
194   94     8.99828637144056E-12   2.59150647497488E-09
195   94     4.04668411382483E-22   1.16949170889538E-19
196   94     8.30969388808146E-17   2.40981122754362E-14
197   94     1.00000000000000E-99   1.00000000000000E-99
198   94     1.00000000000000E-99   1.00000000000000E-99
199   94     1.00000000000000E-99   1.00000000000000E-99
200   94     1.00000000000000E-99   1.00000000000000E-99
201   94     1.00000000000000E-99   1.00000000000000E-99
203   94     1.00000000000000E-99   1.00000000000000E-99
205   94     1.00000000000000E-99   1.00000000000000E-99
207   94     1.00000000000000E-99   1.00000000000000E-99
209   94     1.00000000000000E-99   1.00000000000000E-99
141   95     1.00000000000000E-99   1.00000000000000E-99
142   95     1.00000000000000E-99   1.00000000000000E-99
143   95     1.00000000000000E-99   1.00000000000000E-99
144   95     1.00000000000000E-99   1.00000000000000E-99
145   95     1.00000000000000E-99   1.00000000000000E-99
146   95     1.00000000000000E-99   1.00000000000000E-99
147   95     1.00000000000000E-99   1.00000000000000E-99
148   95     1.00000000000000E-99   1.00000000000000E-99
149   95     1.00000000000000E-99   1.00000000000000E-99
150   95     1.00000000000000E-99   1.00000000000000E-99
151   95     1.00000000000000E-99   1.00000000000000E-99
152   95     1.00000000000000E-99   1.00000000000000E-99
153   95     1.00000000000000E-99   1.00000000000000E-99
154   95     1.00000000000000E-99   1.00000000000000E-99
155   95     1.00000000000000E-99   1.00000000000000E-99
156   95     1.00000000000000E-99   1.00000000000000E-99
157   95     1.00000000000000E-99   1.00000000000000E-99
158   95     1.00000000000000E-99   1.00000000000000E-99
159   95     1.00000000000000E-99   1.00000000000000E-99
160   95     1.00000000000000E-99   1.00000000000000E-99
161   95     1.00000000000000E-99   1.00000000000000E-99
162   95     1.00000000000000E-99   1.00000000000000E-99
163   95     1.00000000000000E-99   1.00000000000000E-99
164   95     1.00000000000000E-99   1.00000000000000E-99
165   95     1.00000000000000E-99   1.00000000000000E-99
166   95     1.00000000000000E-99   1.00000000000000E-99
167   95     1.00000000000000E-99   1.00000000000000E-99
168   95     1.68165993596536E-23   4.42276563158890E-21
169   95     2.67134236695343E-24   7.05234384875706E-22
170   95     2.03012075797575E-19   5.37982000863574E-17
171   95     2.31083994488850E-22   6.14683425340340E-20
172   95     1.34353033476193E-15   3.58722599381436E-13
173   95     1.30211267648042E-18   3.48966197296751E-16
174   95     4.00487704833427E-14   1.07731192600192E-11
175   95     5.08706366361904E-15   1.37350718917714E-12
176   95     1.52588502388586E-10   4.13514841473069E-08
177   95     2.66213326015346E-11   7.24100246761742E-09
178   95     1.82615682037961E-08   4.98540811963632E-06
179   95     2.23626789963617E-09   6.12737404500311E-07
180   95     2.49391102748000E-07   6.85825532557001E-05
181   95     6.23877873464501E-08   1.72190293076202E-05
182   95     2.79077195845394E-06   7.73043832491741E-04
183   95     6.17922758217402E-07   1.71782526784438E-04
184   95     9.65863369075678E-06   2.69475879972114E-03
185   95     3.01347477186336E-11   8.43772936121742E-09
186   95     3.45200206516942E-11   9.70012580312606E-09
187   95     9.81893702968848E-13   2.76894024237215E-10
188   95     1.85153508007266E-10   5.23984427660564E-08
189   95     4.67108625140800E-13   1.32658849539987E-10
190   95     8.48573245725109E-11   2.41843375031656E-08
191   95     2.16576501402062E-14   6.19408794009899E-12
192   95     1.21493642365048E-15   3.48686753587688E-13
193   95     4.51653513894033E-18   1.30076212001481E-15
194   95     2.46576263165955E-16   7.12605400549611E-14
195   95     1.96467000032276E-21   5.69754300093600E-19
196   95     9.75068112503406E-20   2.83744820738491E-17
197   95     2.47240173010535E-25   7.21941305190762E-23
198   95     1.27953647747852E-20   3.74904187901206E-18
199   95     1.00000000000000E-99   1.00000000000000E-99
200   95     2.32990293493373E-22   6.87321365805451E-20
201   95     1.00000000000000E-99   1.00000000000000E-99
202   95     9.26874909968361E-24   2.75281848260603E-21
203   95     1.00000000000000E-99   1.00000000000000E-99
204   95     1.00000000000000E-99   1.00000000000000E-99
205   95     1.00000000000000E-99   1.00000000000000E-99
206   95     1.00000000000000E-99   1.00000000000000E-99
207   95     1.00000000000000E-99   1.00000000000000E-99
208   95     1.00000000000000E-99   1.00000000000000E-99
209   95     1.00000000000000E-99   1.00000000000000E-99
211   95     1.00000000000000E-99   1.00000000000000E-99
213   95     1.00000000000000E-99   1.00000000000000E-99
144   96     1.00000000000000E-99   1.00000000000000E-99
145   96     1.00000000000000E-99   1.00000000000000E-99
146   96     1.00000000000000E-99   1.00000000000000E-99
147   96     1.00000000000000E-99   1.00000000000000E-99
148   96     1.00000000000000E-99   1.00000000000000E-99
149   96     1.00000000000000E-99   1.00000000000000E-99
150   96     1.00000000000000E-99   1.00000000000000E-99
151   96     1.00000000000000E-99   1.00000000000000E-99
152   96     1.00000000000000E-99   1.00000000000000E-99
153   96     1.00000000000000E-99   1.00000000000000E-99
154   96     1.00000000000000E-99   1.00000000000000E-99
155   96     1.00000000000000E-99   1.00000000000000E-99
156   96     1.00000000000000E-99   1.00000000000000E-99
157   96     1.00000000000000E-99   1.00000000000000E-99
158   96     1.00000000000000E-99   1.00000000000000E-99
159   96     1.00000000000000E-99   1.00000000000000E-99
160   96     1.00000000000000E-99   1.00000000000000E-99
161   96     1.00000000000000E-99   1.00000000000000E-99
162   96     1.00000000000000E-99   1.00000000000000E-99
163   96     1.00000000000000E-99   1.00000000000000E-99
164   96     1.00000000000000E-99   1.00000000000000E-99
165   96     1.00000000000000E-99   1.00000000000000E-99
166   96     1.00000000000000E-99   1.00000000000000E-99
167   96     1.00000000000000E-99   1.00000000000000E-99
168   96     1.67313829979935E-25   4.41708511147029E-23
169   96     1.00000000000000E-99   1.00000000000000E-99
170   96     9.59847896188333E-23   2.55319540386097E-20
171   96     2.94213997485785E-25   7.85551373287047E-23
172   96     1.76956027302216E-19   4.74242153169938E-17
173   96     2.66174243459805E-21   7.16008714906876E-19
174   96     1.09787782467015E-16   2.96427012660940E-14
175   96     1.40381720954832E-17   3.80434463787595E-15
176   96     1.82836256726867E-11   4.97314618297078E-09
177   96     9.95517172955009E-13   2.71776188216718E-10
178   96     3.74715507746046E-09   1.02672049122416E-06
179   96     3.34343542066348E-11   9.19444740682458E-09
180   96     7.43542768880498E-08   2.05217804211017E-05
181   96     1.28762530034336E-09   3.56672208195110E-07
182   96     6.14491362580585E-07   1.70828598797403E-04
183   96     6.08085500100945E-10   1.69655854528164E-07
184   96     1.76228363788250E-10   4.93439418607100E-08
185   96     3.93764562753720E-16   1.10647842133795E-13
186   96     9.16562045308831E-16   2.58470496777090E-13
187   96     1.87177960389810E-17   5.29713627903162E-15
188   96     1.42655775985686E-17   4.05142403799348E-15
189   96     1.42657636894531E-20   4.06574265149414E-18
190   96     1.82371885410164E-21   5.21583592273068E-19
191   96     3.09939134859865E-21   8.89525317047811E-19
192   96     1.24502897361550E-20   3.58568344401264E-18
193   96     2.77115992978696E-24   8.00865219708433E-22
194   96     4.70730158501784E-23   1.36511745965517E-20
195   96     1.04720479594261E-24   3.04736595619299E-22
196   96     1.72991783530374E-22   5.05136007908691E-20
197   96     1.00000000000000E-99   1.00000000000000E-99
198   96     8.07377134312243E-23   2.37368877487799E-20
199   96     1.00000000000000E-99   1.00000000000000E-99
200   96     2.37318142061989E-24   7.02461700503487E-22
201   96     1.00000000000000E-99   1.00000000000000E-99
202   96     1.00000000000000E-99   1.00000000000000E-99
203   96     1.00000000000000E-99   1.00000000000000E-99
204   96     1.00000000000000E-99   1.00000000000000E-99
205   96     1.00000000000000E-99   1.00000000000000E-99
206   96     1.00000000000000E-99   1.00000000000000E-99
207   96     1.00000000000000E-99   1.00000000000000E-99
208   96     1.00000000000000E-99   1.00000000000000E-99
209   96     1.00000000000000E-99   1.00000000000000E-99
211   96     1.00000000000000E-99   1.00000000000000E-99
213   96     1.00000000000000E-99   1.00000000000000E-99
215   96     1.00000000000000E-99   1.00000000000000E-99
145   97     1.00000000000000E-99   1.00000000000000E-99
146   97     1.00000000000000E-99   1.00000000000000E-99
147   97     1.00000000000000E-99   1.00000000000000E-99
148   97     1.00000000000000E-99   1.00000000000000E-99
149   97     1.00000000000000E-99   1.00000000000000E-99
150   97     1.00000000000000E-99   1.00000000000000E-99
151   97     1.00000000000000E-99   1.00000000000000E-99
152   97     1.00000000000000E-99   1.00000000000000E-99
153   97     1.00000000000000E-99   1.00000000000000E-99
154   97     1.00000000000000E-99   1.00000000000000E-99
155   97     1.00000000000000E-99   1.00000000000000E-99
156   97     1.00000000000000E-99   1.00000000000000E-99
157   97     1.00000000000000E-99   1.00000000000000E-99
158   97     1.00000000000000E-99   1.00000000000000E-99
159   97     1.00000000000000E-99   1.00000000000000E-99
160   97     1.00000000000000E-99   1.00000000000000E-99
161   97     1.00000000000000E-99   1.00000000000000E-99
162   97     1.00000000000000E-99   1.00000000000000E-99
163   97     1.00000000000000E-99   1.00000000000000E-99
164   97     1.00000000000000E-99   1.00000000000000E-99
165   97     1.00000000000000E-99   1.00000000000000E-99
166   97     1.00000000000000E-99   1.00000000000000E-99
167   97     1.00000000000000E-99   1.00000000000000E-99
168   97     1.00000000000000E-99   1.00000000000000E-99
169   97     1.00000000000000E-99   1.00000000000000E-99
170   97     1.00000000000000E-99   1.00000000000000E-99
171   97     1.00000000000000E-99   1.00000000000000E-99
172   97     4.47318554628436E-23   1.20328691195049E-20
173   97     7.67112640174600E-25   2.07120412847142E-22
174   97     2.63965458821535E-18   7.15346393406360E-16
175   97     2.11105089802027E-19   5.74205844261513E-17
176   97     6.20280951534150E-15   1.69336699768823E-12
177   97     9.51076768298219E-17   2.60595034513712E-14
178   97     3.29858336264040E-13   9.07110424726109E-11
179   97     1.52485413978617E-15   4.20859742580982E-13
180   97     9.65178249777042E-12   2.67354375188241E-09
181   97     9.29831653669584E-15   2.58493199720144E-12
182   97     1.67113166657261E-14   4.66245734973759E-12
183   97     5.97120392954432E-18   1.67193710027241E-15
184   97     7.12659749531255E-22   2.00257389618283E-19
185   97     4.25050670996507E-25   1.19864289221015E-22
186   97     1.00000000000000E-99   1.00000000000000E-99
187   97     1.00000000000000E-99   1.00000000000000E-99
188   97     1.00000000000000E-99   1.00000000000000E-99
189   97     1.00000000000000E-99   1.00000000000000E-99
190   97     1.00000000000000E-99   1.00000000000000E-99
191   97     1.00000000000000E-99   1.00000000000000E-99
192   97     1.00000000000000E-99   1.00000000000000E-99
193   97     1.00000000000000E-99   1.00000000000000E-99
194   97     1.00000000000000E-99   1.00000000000000E-99
195   97     1.00000000000000E-99   1.00000000000000E-99
196   97     1.67260647308339E-24   4.90073696613432E-22
197   97     1.00000000000000E-99   1.00000000000000E-99
198   97     1.00000000000000E-99   1.00000000000000E-99
199   97     1.00000000000000E-99   1.00000000000000E-99
200   97     1.00000000000000E-99   1.00000000000000E-99
201   97     1.00000000000000E-99   1.00000000000000E-99
202   97     1.00000000000000E-99   1.00000000000000E-99
203   97     1.00000000000000E-99   1.00000000000000E-99
204   97     8.10358050117180E-24   2.43917773085271E-21
205   97     1.00000000000000E-99   1.00000000000000E-99
206   97     1.00000000000000E-99   1.00000000000000E-99
207   97     1.00000000000000E-99   1.00000000000000E-99
208   97     1.00000000000000E-99   1.00000000000000E-99
209   97     1.00000000000000E-99   1.00000000000000E-99
210   97     1.00000000000000E-99   1.00000000000000E-99
211   97     1.00000000000000E-99   1.00000000000000E-99
213   97     1.00000000000000E-99   1.00000000000000E-99
215   97     1.00000000000000E-99   1.00000000000000E-99
217   97     1.00000000000000E-99   1.00000000000000E-99
147   98     1.00000000000000E-99   1.00000000000000E-99
148   98     1.00000000000000E-99   1.00000000000000E-99
149   98     1.00000000000000E-99   1.00000000000000E-99
150   98     1.00000000000000E-99   1.00000000000000E-99
151   98     1.00000000000000E-99   1.00000000000000E-99
152   98     1.00000000000000E-99   1.00000000000000E-99
153   98     1.00000000000000E-99   1.00000000000000E-99
154   98     1.00000000000000E-99   1.00000000000000E-99
155   98     1.00000000000000E-99   1.00000000000000E-99
156   98     1.00000000000000E-99   1.00000000000000E-99
157   98     1.00000000000000E-99   1.00000000000000E-99
158   98     1.00000000000000E-99   1.00000000000000E-99
159   98     1.00000000000000E-99   1.00000000000000E-99
160   98     1.00000000000000E-99   1.00000000000000E-99
161   98     1.00000000000000E-99   1.00000000000000E-99
162   98     1.00000000000000E-99   1.00000000000000E-99
163   98     1.00000000000000E-99   1.00000000000000E-99
164   98     1.00000000000000E-99   1.00000000000000E-99
165   98     1.00000000000000E-99   1.00000000000000E-99
166   98     1.00000000000000E-99   1.00000000000000E-99
167   98     1.00000000000000E-99   1.00000000000000E-99
168   98     1.00000000000000E-99   1.00000000000000E-99
169   98     1.00000000000000E-99   1.00000000000000E-99
170   98     1.00000000000000E-99   1.00000000000000E-99
171   98     1.00000000000000E-99   1.00000000000000E-99
172   98     1.91506471292168E-24   5.17067472488855E-22
173   98     1.00000000000000E-99   1.00000000000000E-99
174   98     6.28701846663398E-22   1.71006902292444E-19
175   98     6.00276436749438E-24   1.63875467232597E-21
176   98     3.29909683722755E-19   9.03952533400348E-17
177   98     4.58926741106207E-19   1.26204853804207E-16
178   98     9.45638610355702E-17   2.60996256458174E-14
179   98     2.08981484553759E-20   5.78878712213912E-18
180   98     4.65589778111431E-19   1.29433958314978E-16
181   98     3.25311976010365E-23   9.07620413068918E-21
182   98     1.00000000000000E-99   1.00000000000000E-99
183   98     1.00000000000000E-99   1.00000000000000E-99
184   98     1.00000000000000E-99   1.00000000000000E-99
185   98     1.00000000000000E-99   1.00000000000000E-99
186   98     1.00000000000000E-99   1.00000000000000E-99
187   98     1.00000000000000E-99   1.00000000000000E-99
188   98     1.00000000000000E-99   1.00000000000000E-99
189   98     1.00000000000000E-99   1.00000000000000E-99
190   98     1.00000000000000E-99   1.00000000000000E-99
191   98     1.00000000000000E-99   1.00000000000000E-99
192   98     1.00000000000000E-99   1.00000000000000E-99
193   98     1.00000000000000E-99   1.00000000000000E-99
194   98     1.00000000000000E-99   1.00000000000000E-99
195   98     1.00000000000000E-99   1.00000000000000E-99
196   98     1.00000000000000E-99   1.00000000000000E-99
197   98     1.00000000000000E-99   1.00000000000000E-99
198   98     1.00000000000000E-99   1.00000000000000E-99
199   98     1.00000000000000E-99   1.00000000000000E-99
200   98     1.00000000000000E-99   1.00000000000000E-99
201   98     1.00000000000000E-99   1.00000000000000E-99
202   98     1.00000000000000E-99   1.00000000000000E-99
203   98     1.00000000000000E-99   1.00000000000000E-99
204   98     1.00000000000000E-99   1.00000000000000E-99
205   98     1.00000000000000E-99   1.00000000000000E-99
206   98     1.00000000000000E-99   1.00000000000000E-99
207   98     1.00000000000000E-99   1.00000000000000E-99
208   98     1.00000000000000E-99   1.00000000000000E-99
209   98     1.00000000000000E-99   1.00000000000000E-99
210   98     1.00000000000000E-99   1.00000000000000E-99
211   98     1.00000000000000E-99   1.00000000000000E-99
213   98     1.00000000000000E-99   1.00000000000000E-99
215   98     1.00000000000000E-99   1.00000000000000E-99
217   98     1.00000000000000E-99   1.00000000000000E-99
219   98     1.00000000000000E-99   1.00000000000000E-99
221   98     1.00000000000000E-99   1.00000000000000E-99
149   99     1.00000000000000E-99   1.00000000000000E-99
150   99     1.00000000000000E-99   1.00000000000000E-99
151   99     1.00000000000000E-99   1.00000000000000E-99
152   99     1.00000000000000E-99   1.00000000000000E-99
153   99     1.00000000000000E-99   1.00000000000000E-99
154   99     1.00000000000000E-99   1.00000000000000E-99
155   99     1.00000000000000E-99   1.00000000000000E-99
156   99     1.00000000000000E-99   1.00000000000000E-99
157   99     1.00000000000000E-99   1.00000000000000E-99
158   99     1.00000000000000E-99   1.00000000000000E-99
159   99     1.00000000000000E-99   1.00000000000000E-99
160   99     1.00000000000000E-99   1.00000000000000E-99
161   99     1.00000000000000E-99   1.00000000000000E-99
162   99     1.00000000000000E-99   1.00000000000000E-99
163   99     1.00000000000000E-99   1.00000000000000E-99
164   99     1.00000000000000E-99   1.00000000000000E-99
165   99     1.00000000000000E-99   1.00000000000000E-99
166   99     1.00000000000000E-99   1.00000000000000E-99
167   99     1.00000000000000E-99   1.00000000000000E-99
168   99     1.00000000000000E-99   1.00000000000000E-99
169   99     1.00000000000000E-99   1.00000000000000E-99
170   99     1.00000000000000E-99   1.00000000000000E-99
171   99     1.00000000000000E-99   1.00000000000000E-99
172   99     1.00000000000000E-99   1.00000000000000E-99
173   99     1.00000000000000E-99   1.00000000000000E-99
174   99     1.00000000000000E-99   1.00000000000000E-99
175   99     1.00000000000000E-99   1.00000000000000E-99
176   99     5.17745302066551E-24   1.42379958068302E-21
177   99     1.00000000000000E-99   1.00000000000000E-99
178   99     1.40761463471216E-25   3.89909253815269E-23
179   99     1.00000000000000E-99   1.00000000000000E-99
180   99     1.00000000000000E-99   1.00000000000000E-99
181   99     1.00000000000000E-99   1.00000000000000E-99
182   99     1.00000000000000E-99   1.00000000000000E-99
183   99     1.00000000000000E-99   1.00000000000000E-99
184   99     1.00000000000000E-99   1.00000000000000E-99
185   99     1.00000000000000E-99   1.00000000000000E-99
186   99     1.00000000000000E-99   1.00000000000000E-99
187   99     1.00000000000000E-99   1.00000000000000E-99
188   99     1.00000000000000E-99   1.00000000000000E-99
189   99     1.00000000000000E-99   1.00000000000000E-99
190   99     1.00000000000000E-99   1.00000000000000E-99
191   99     1.00000000000000E-99   1.00000000000000E-99
192   99     1.00000000000000E-99   1.00000000000000E-99
193   99     1.00000000000000E-99   1.00000000000000E-99
194   99     1.00000000000000E-99   1.00000000000000E-99
195   99     1.00000000000000E-99   1.00000000000000E-99
196   99     1.00000000000000E-99   1.00000000000000E-99
197   99     1.00000000000000E-99   1.00000000000000E-99
198   99     1.00000000000000E-99   1.00000000000000E-99
199   99     1.00000000000000E-99   1.00000000000000E-99
200   99     1.00000000000000E-99   1.00000000000000E-99
201   99     1.00000000000000E-99   1.00000000000000E-99
202   99     1.00000000000000E-99   1.00000000000000E-99
203   99     1.00000000000000E-99   1.00000000000000E-99
204   99     1.00000000000000E-99   1.00000000000000E-99
205   99     1.00000000000000E-99   1.00000000000000E-99
206   99     1.00000000000000E-99   1.00000000000000E-99
207   99     1.00000000000000E-99   1.00000000000000E-99
208   99     1.00000000000000E-99   1.00000000000000E-99
209   99     1.00000000000000E-99   1.00000000000000E-99
210   99     1.00000000000000E-99   1.00000000000000E-99
211   99     1.00000000000000E-99   1.00000000000000E-99
212   99     1.00000000000000E-99   1.00000000000000E-99
213   99     1.00000000000000E-99   1.00000000000000E-99
215   99     1.00000000000000E-99   1.00000000000000E-99
216   99     1.00000000000000E-99   1.00000000000000E-99
217   99     1.00000000000000E-99   1.00000000000000E-99
219   99     1.00000000000000E-99   1.00000000000000E-99
221   99     1.00000000000000E-99   1.00000000000000E-99
223   99     1.00000000000000E-99   1.00000000000000E-99
151  100     1.00000000000000E-99   1.00000000000000E-99
152  100     1.00000000000000E-99   1.00000000000000E-99
153  100     1.00000000000000E-99   1.00000000000000E-99
154  100     1.00000000000000E-99   1.00000000000000E-99
155  100     1.00000000000000E-99   1.00000000000000E-99
156  100     1.00000000000000E-99   1.00000000000000E-99
157  100     1.00000000000000E-99   1.00000000000000E-99
158  100     1.00000000000000E-99   1.00000000000000E-99
159  100     1.00000000000000E-99   1.00000000000000E-99
160  100     1.00000000000000E-99   1.00000000000000E-99
161  100     1.00000000000000E-99   1.00000000000000E-99
162  100     1.00000000000000E-99   1.00000000000000E-99
163  100     1.00000000000000E-99   1.00000000000000E-99
164  100     1.00000000000000E-99   1.00000000000000E-99
165  100     1.00000000000000E-99   1.00000000000000E-99
166  100     1.00000000000000E-99   1.00000000000000E-99
167  100     1.00000000000000E-99   1.00000000000000E-99
168  100     1.00000000000000E-99   1.00000000000000E-99
169  100     1.00000000000000E-99   1.00000000000000E-99
170  100     1.00000000000000E-99   1.00000000000000E-99
171  100     1.00000000000000E-99   1.00000000000000E-99
172  100     1.00000000000000E-99   1.00000000000000E-99
173  100     1.00000000000000E-99   1.00000000000000E-99
174  100     1.00000000000000E-99   1.00000000000000E-99
175  100     1.00000000000000E-99   1.00000000000000E-99
176  100     1.00000000000000E-99   1.00000000000000E-99
177  100     1.00000000000000E-99   1.00000000000000E-99
178  100     1.00000000000000E-99   1.00000000000000E-99
179  100     1.00000000000000E-99   1.00000000000000E-99
180  100     1.00000000000000E-99   1.00000000000000E-99
181  100     1.00000000000000E-99   1.00000000000000E-99
182  100     1.00000000000000E-99   1.00000000000000E-99
183  100     1.00000000000000E-99   1.00000000000000E-99
184  100     1.00000000000000E-99   1.00000000000000E-99
185  100     1.00000000000000E-99   1.00000000000000E-99
186  100     1.00000000000000E-99   1.00000000000000E-99
187  100     1.00000000000000E-99   1.00000000000000E-99
188  100     1.00000000000000E-99   1.00000000000000E-99
189  100     1.00000000000000E-99   1.00000000000000E-99
190  100     1.00000000000000E-99   1.00000000000000E-99
191  100     1.00000000000000E-99   1.00000000000000E-99
192  100     1.00000000000000E-99   1.00000000000000E-99
193  100     1.00000000000000E-99   1.00000000000000E-99
194  100     1.00000000000000E-99   1.00000000000000E-99
195  100     1.00000000000000E-99   1.00000000000000E-99
196  100     1.00000000000000E-99   1.00000000000000E-99
197  100     1.00000000000000E-99   1.00000000000000E-99
198  100     1.00000000000000E-99   1.00000000000000E-99
199  100     1.00000000000000E-99   1.00000000000000E-99
200  100     1.00000000000000E-99   1.00000000000000E-99
201  100     1.00000000000000E-99   1.00000000000000E-99
202  100     1.00000000000000E-99   1.00000000000000E-99
203  100     1.00000000000000E-99   1.00000000000000E-99
204  100     1.00000000000000E-99   1.00000000000000E-99
205  100     1.00000000000000E-99   1.00000000000000E-99
206  100     1.00000000000000E-99   1.00000000000000E-99
207  100     1.00000000000000E-99   1.00000000000000E-99
208  100     1.00000000000000E-99   1.00000000000000E-99
209  100     1.00000000000000E-99   1.00000000000000E-99
210  100     1.00000000000000E-99   1.00000000000000E-99
211  100     1.00000000000000E-99   1.00000000000000E-99
213  100     1.00000000000000E-99   1.00000000000000E-99
215  100     1.00000000000000E-99   1.00000000000000E-99
217  100     1.00000000000000E-99   1.00000000000000E-99
218  100     1.00000000000000E-99   1.00000000000000E-99
219  100     1.00000000000000E-99   1.00000000000000E-99
221  100     1.00000000000000E-99   1.00000000000000E-99
223  100     1.00000000000000E-99   1.00000000000000E-99
225  100     1.00000000000000E-99   1.00000000000000E-99
152  101     1.00000000000000E-99   1.00000000000000E-99
153  101     1.00000000000000E-99   1.00000000000000E-99
154  101     1.00000000000000E-99   1.00000000000000E-99
155  101     1.00000000000000E-99   1.00000000000000E-99
156  101     1.00000000000000E-99   1.00000000000000E-99
157  101     1.00000000000000E-99   1.00000000000000E-99
158  101     1.00000000000000E-99   1.00000000000000E-99
159  101     1.00000000000000E-99   1.00000000000000E-99
160  101     1.00000000000000E-99   1.00000000000000E-99
161  101     1.00000000000000E-99   1.00000000000000E-99
162  101     1.00000000000000E-99   1.00000000000000E-99
163  101     1.00000000000000E-99   1.00000000000000E-99
164  101     1.00000000000000E-99   1.00000000000000E-99
165  101     1.00000000000000E-99   1.00000000000000E-99
166  101     1.00000000000000E-99   1.00000000000000E-99
167  101     1.00000000000000E-99   1.00000000000000E-99
168  101     1.00000000000000E-99   1.00000000000000E-99
169  101     1.00000000000000E-99   1.00000000000000E-99
170  101     1.00000000000000E-99   1.00000000000000E-99
171  101     1.00000000000000E-99   1.00000000000000E-99
172  101     1.00000000000000E-99   1.00000000000000E-99
173  101     1.00000000000000E-99   1.00000000000000E-99
174  101     1.00000000000000E-99   1.00000000000000E-99
175  101     1.00000000000000E-99   1.00000000000000E-99
176  101     1.00000000000000E-99   1.00000000000000E-99
177  101     1.00000000000000E-99   1.00000000000000E-99
178  101     1.00000000000000E-99   1.00000000000000E-99
179  101     1.00000000000000E-99   1.00000000000000E-99
180  101     1.00000000000000E-99   1.00000000000000E-99
181  101     1.00000000000000E-99   1.00000000000000E-99
182  101     1.00000000000000E-99   1.00000000000000E-99
183  101     1.00000000000000E-99   1.00000000000000E-99
184  101     1.00000000000000E-99   1.00000000000000E-99
185  101     1.00000000000000E-99   1.00000000000000E-99
186  101     1.00000000000000E-99   1.00000000000000E-99
187  101     1.00000000000000E-99   1.00000000000000E-99
188  101     1.00000000000000E-99   1.00000000000000E-99
189  101     1.00000000000000E-99   1.00000000000000E-99
190  101     1.00000000000000E-99   1.00000000000000E-99
191  101     1.00000000000000E-99   1.00000000000000E-99
192  101     1.00000000000000E-99   1.00000000000000E-99
193  101     1.00000000000000E-99   1.00000000000000E-99
194  101     1.00000000000000E-99   1.00000000000000E-99
195  101     1.00000000000000E-99   1.00000000000000E-99
196  101     1.00000000000000E-99   1.00000000000000E-99
197  101     1.00000000000000E-99   1.00000000000000E-99
198  101     1.00000000000000E-99   1.00000000000000E-99
199  101     1.00000000000000E-99   1.00000000000000E-99
200  101     1.00000000000000E-99   1.00000000000000E-99
201  101     1.00000000000000E-99   1.00000000000000E-99
202  101     1.00000000000000E-99   1.00000000000000E-99
203  101     1.00000000000000E-99   1.00000000000000E-99
204  101     1.00000000000000E-99   1.00000000000000E-99
205  101     1.00000000000000E-99   1.00000000000000E-99
206  101     1.00000000000000E-99   1.00000000000000E-99
207  101     1.00000000000000E-99   1.00000000000000E-99
208  101     1.00000000000000E-99   1.00000000000000E-99
209  101     1.00000000000000E-99   1.00000000000000E-99
210  101     1.00000000000000E-99   1.00000000000000E-99
211  101     1.00000000000000E-99   1.00000000000000E-99
212  101     1.00000000000000E-99   1.00000000000000E-99
213  101     1.00000000000000E-99   1.00000000000000E-99
214  101     1.00000000000000E-99   1.00000000000000E-99
215  101     1.00000000000000E-99   1.00000000000000E-99
216  101     1.00000000000000E-99   1.00000000000000E-99
217  101     1.00000000000000E-99   1.00000000000000E-99
218  101     1.00000000000000E-99   1.00000000000000E-99
219  101     1.00000000000000E-99   1.00000000000000E-99
220  101     1.00000000000000E-99   1.00000000000000E-99
221  101     1.00000000000000E-99   1.00000000000000E-99
223  101     1.00000000000000E-99   1.00000000000000E-99
225  101     1.00000000000000E-99   1.00000000000000E-99
227  101     1.00000000000000E-99   1.00000000000000E-99
152  102     1.00000000000000E-99   1.00000000000000E-99
153  102     1.00000000000000E-99   1.00000000000000E-99
154  102     1.00000000000000E-99   1.00000000000000E-99
155  102     1.00000000000000E-99   1.00000000000000E-99
156  102     1.00000000000000E-99   1.00000000000000E-99
157  102     1.00000000000000E-99   1.00000000000000E-99
158  102     1.00000000000000E-99   1.00000000000000E-99
159  102     1.00000000000000E-99   1.00000000000000E-99
160  102     1.00000000000000E-99   1.00000000000000E-99
161  102     1.00000000000000E-99   1.00000000000000E-99
162  102     1.00000000000000E-99   1.00000000000000E-99
163  102     1.00000000000000E-99   1.00000000000000E-99
164  102     1.00000000000000E-99   1.00000000000000E-99
165  102     1.00000000000000E-99   1.00000000000000E-99
166  102     1.00000000000000E-99   1.00000000000000E-99
167  102     1.00000000000000E-99   1.00000000000000E-99
168  102     1.00000000000000E-99   1.00000000000000E-99
169  102     1.00000000000000E-99   1.00000000000000E-99
170  102     1.00000000000000E-99   1.00000000000000E-99
171  102     1.00000000000000E-99   1.00000000000000E-99
172  102     1.00000000000000E-99   1.00000000000000E-99
173  102     1.00000000000000E-99   1.00000000000000E-99
174  102     1.00000000000000E-99   1.00000000000000E-99
175  102     1.00000000000000E-99   1.00000000000000E-99
176  102     1.00000000000000E-99   1.00000000000000E-99
177  102     1.00000000000000E-99   1.00000000000000E-99
178  102     1.00000000000000E-99   1.00000000000000E-99
179  102     1.00000000000000E-99   1.00000000000000E-99
180  102     1.00000000000000E-99   1.00000000000000E-99
181  102     1.00000000000000E-99   1.00000000000000E-99
182  102     1.00000000000000E-99   1.00000000000000E-99
183  102     1.00000000000000E-99   1.00000000000000E-99
184  102     1.00000000000000E-99   1.00000000000000E-99
185  102     1.00000000000000E-99   1.00000000000000E-99
186  102     1.00000000000000E-99   1.00000000000000E-99
187  102     1.00000000000000E-99   1.00000000000000E-99
188  102     1.00000000000000E-99   1.00000000000000E-99
189  102     1.00000000000000E-99   1.00000000000000E-99
190  102     1.00000000000000E-99   1.00000000000000E-99
191  102     1.00000000000000E-99   1.00000000000000E-99
192  102     1.00000000000000E-99   1.00000000000000E-99
193  102     1.00000000000000E-99   1.00000000000000E-99
194  102     1.00000000000000E-99   1.00000000000000E-99
195  102     1.00000000000000E-99   1.00000000000000E-99
196  102     1.00000000000000E-99   1.00000000000000E-99
197  102     1.00000000000000E-99   1.00000000000000E-99
198  102     1.00000000000000E-99   1.00000000000000E-99
199  102     1.00000000000000E-99   1.00000000000000E-99
200  102     1.00000000000000E-99   1.00000000000000E-99
201  102     1.00000000000000E-99   1.00000000000000E-99
202  102     1.00000000000000E-99   1.00000000000000E-99
203  102     1.00000000000000E-99   1.00000000000000E-99
204  102     1.00000000000000E-99   1.00000000000000E-99
205  102     1.00000000000000E-99   1.00000000000000E-99
206  102     1.00000000000000E-99   1.00000000000000E-99
207  102     1.00000000000000E-99   1.00000000000000E-99
208  102     1.00000000000000E-99   1.00000000000000E-99
209  102     1.00000000000000E-99   1.00000000000000E-99
210  102     1.00000000000000E-99   1.00000000000000E-99
211  102     1.00000000000000E-99   1.00000000000000E-99
212  102     1.00000000000000E-99   1.00000000000000E-99
213  102     1.00000000000000E-99   1.00000000000000E-99
214  102     1.00000000000000E-99   1.00000000000000E-99
215  102     1.00000000000000E-99   1.00000000000000E-99
216  102     1.00000000000000E-99   1.00000000000000E-99
217  102     1.00000000000000E-99   1.00000000000000E-99
218  102     1.00000000000000E-99   1.00000000000000E-99
219  102     1.00000000000000E-99   1.00000000000000E-99
221  102     1.00000000000000E-99   1.00000000000000E-99
223  102     1.00000000000000E-99   1.00000000000000E-99
225  102     1.00000000000000E-99   1.00000000000000E-99
227  102     1.00000000000000E-99   1.00000000000000E-99
229  102     1.00000000000000E-99   1.00000000000000E-99
153  103     1.00000000000000E-99   1.00000000000000E-99
154  103     1.00000000000000E-99   1.00000000000000E-99
155  103     1.00000000000000E-99   1.00000000000000E-99
156  103     1.00000000000000E-99   1.00000000000000E-99
157  103     1.00000000000000E-99   1.00000000000000E-99
158  103     1.00000000000000E-99   1.00000000000000E-99
159  103     1.00000000000000E-99   1.00000000000000E-99
160  103     1.00000000000000E-99   1.00000000000000E-99
161  103     1.00000000000000E-99   1.00000000000000E-99
162  103     1.00000000000000E-99   1.00000000000000E-99
163  103     1.00000000000000E-99   1.00000000000000E-99
164  103     1.00000000000000E-99   1.00000000000000E-99
165  103     1.00000000000000E-99   1.00000000000000E-99
166  103     1.00000000000000E-99   1.00000000000000E-99
167  103     1.00000000000000E-99   1.00000000000000E-99
168  103     1.00000000000000E-99   1.00000000000000E-99
169  103     1.00000000000000E-99   1.00000000000000E-99
170  103     1.00000000000000E-99   1.00000000000000E-99
171  103     1.00000000000000E-99   1.00000000000000E-99
172  103     1.00000000000000E-99   1.00000000000000E-99
173  103     1.00000000000000E-99   1.00000000000000E-99
174  103     1.00000000000000E-99   1.00000000000000E-99
175  103     1.00000000000000E-99   1.00000000000000E-99
176  103     1.00000000000000E-99   1.00000000000000E-99
177  103     1.00000000000000E-99   1.00000000000000E-99
178  103     1.00000000000000E-99   1.00000000000000E-99
179  103     1.00000000000000E-99   1.00000000000000E-99
180  103     1.00000000000000E-99   1.00000000000000E-99
181  103     1.00000000000000E-99   1.00000000000000E-99
182  103     1.00000000000000E-99   1.00000000000000E-99
183  103     1.00000000000000E-99   1.00000000000000E-99
184  103     1.00000000000000E-99   1.00000000000000E-99
185  103     1.00000000000000E-99   1.00000000000000E-99
186  103     1.00000000000000E-99   1.00000000000000E-99
187  103     1.00000000000000E-99   1.00000000000000E-99
188  103     1.00000000000000E-99   1.00000000000000E-99
189  103     1.00000000000000E-99   1.00000000000000E-99
190  103     1.00000000000000E-99   1.00000000000000E-99
191  103     1.00000000000000E-99   1.00000000000000E-99
192  103     1.00000000000000E-99   1.00000000000000E-99
193  103     1.00000000000000E-99   1.00000000000000E-99
194  103     1.00000000000000E-99   1.00000000000000E-99
195  103     1.00000000000000E-99   1.00000000000000E-99
196  103     1.00000000000000E-99   1.00000000000000E-99
197  103     1.00000000000000E-99   1.00000000000000E-99
198  103     1.00000000000000E-99   1.00000000000000E-99
199  103     1.00000000000000E-99   1.00000000000000E-99
200  103     1.00000000000000E-99   1.00000000000000E-99
201  103     1.00000000000000E-99   1.00000000000000E-99
202  103     1.00000000000000E-99   1.00000000000000E-99
203  103     1.00000000000000E-99   1.00000000000000E-99
204  103     1.00000000000000E-99   1.00000000000000E-99
205  103     1.00000000000000E-99   1.00000000000000E-99
206  103     1.00000000000000E-99   1.00000000000000E-99
207  103     1.00000000000000E-99   1.00000000000000E-99
208  103     1.00000000000000E-99   1.00000000000000E-99
209  103     1.00000000000000E-99   1.00000000000000E-99
210  103     1.00000000000000E-99   1.00000000000000E-99
211  103     1.00000000000000E-99   1.00000000000000E-99
212  103     1.00000000000000E-99   1.00000000000000E-99
213  103     1.00000000000000E-99   1.00000000000000E-99
214  103     1.00000000000000E-99   1.00000000000000E-99
215  103     1.00000000000000E-99   1.00000000000000E-99
216  103     1.00000000000000E-99   1.00000000000000E-99
217  103     1.00000000000000E-99   1.00000000000000E-99
218  103     1.00000000000000E-99   1.00000000000000E-99
219  103     1.00000000000000E-99   1.00000000000000E-99
220  103     1.00000000000000E-99   1.00000000000000E-99
221  103     1.00000000000000E-99   1.00000000000000E-99
222  103     1.00000000000000E-99   1.00000000000000E-99
223  103     1.00000000000000E-99   1.00000000000000E-99
225  103     1.00000000000000E-99   1.00000000000000E-99
229  103     1.00000000000000E-99   1.00000000000000E-99
231  103     1.00000000000000E-99   1.00000000000000E-99
156  104     1.00000000000000E-99   1.00000000000000E-99
157  104     1.00000000000000E-99   1.00000000000000E-99
158  104     1.00000000000000E-99   1.00000000000000E-99
159  104     1.00000000000000E-99   1.00000000000000E-99
160  104     1.00000000000000E-99   1.00000000000000E-99
161  104     1.00000000000000E-99   1.00000000000000E-99
162  104     1.00000000000000E-99   1.00000000000000E-99
163  104     1.00000000000000E-99   1.00000000000000E-99
164  104     1.00000000000000E-99   1.00000000000000E-99
165  104     1.00000000000000E-99   1.00000000000000E-99
166  104     1.00000000000000E-99   1.00000000000000E-99
167  104     1.00000000000000E-99   1.00000000000000E-99
168  104     1.00000000000000E-99   1.00000000000000E-99
169  104     1.00000000000000E-99   1.00000000000000E-99
170  104     1.00000000000000E-99   1.00000000000000E-99
171  104     1.00000000000000E-99   1.00000000000000E-99
172  104     1.00000000000000E-99   1.00000000000000E-99
173  104     1.00000000000000E-99   1.00000000000000E-99
174  104     1.00000000000000E-99   1.00000000000000E-99
175  104     1.00000000000000E-99   1.00000000000000E-99
176  104     1.00000000000000E-99   1.00000000000000E-99
177  104     1.00000000000000E-99   1.00000000000000E-99
178  104     1.00000000000000E-99   1.00000000000000E-99
179  104     1.00000000000000E-99   1.00000000000000E-99
180  104     1.00000000000000E-99   1.00000000000000E-99
181  104     1.00000000000000E-99   1.00000000000000E-99
182  104     1.00000000000000E-99   1.00000000000000E-99
183  104     1.00000000000000E-99   1.00000000000000E-99
184  104     1.00000000000000E-99   1.00000000000000E-99
185  104     1.00000000000000E-99   1.00000000000000E-99
186  104     1.00000000000000E-99   1.00000000000000E-99
187  104     1.00000000000000E-99   1.00000000000000E-99
188  104     1.00000000000000E-99   1.00000000000000E-99
189  104     1.00000000000000E-99   1.00000000000000E-99
190  104     1.00000000000000E-99   1.00000000000000E-99
191  104     1.00000000000000E-99   1.00000000000000E-99
192  104     1.00000000000000E-99   1.00000000000000E-99
193  104     1.00000000000000E-99   1.00000000000000E-99
194  104     1.00000000000000E-99   1.00000000000000E-99
195  104     1.00000000000000E-99   1.00000000000000E-99
196  104     1.00000000000000E-99   1.00000000000000E-99
197  104     1.00000000000000E-99   1.00000000000000E-99
198  104     1.00000000000000E-99   1.00000000000000E-99
199  104     1.00000000000000E-99   1.00000000000000E-99
200  104     1.00000000000000E-99   1.00000000000000E-99
201  104     1.00000000000000E-99   1.00000000000000E-99
202  104     1.00000000000000E-99   1.00000000000000E-99
203  104     1.00000000000000E-99   1.00000000000000E-99
204  104     1.00000000000000E-99   1.00000000000000E-99
205  104     1.00000000000000E-99   1.00000000000000E-99
206  104     1.00000000000000E-99   1.00000000000000E-99
207  104     1.00000000000000E-99   1.00000000000000E-99
208  104     1.00000000000000E-99   1.00000000000000E-99
209  104     1.00000000000000E-99   1.00000000000000E-99
210  104     1.00000000000000E-99   1.00000000000000E-99
211  104     1.00000000000000E-99   1.00000000000000E-99
212  104     1.00000000000000E-99   1.00000000000000E-99
213  104     1.00000000000000E-99   1.00000000000000E-99
214  104     1.00000000000000E-99   1.00000000000000E-99
215  104     1.00000000000000E-99   1.00000000000000E-99
216  104     1.00000000000000E-99   1.00000000000000E-99
217  104     1.00000000000000E-99   1.00000000000000E-99
218  104     1.00000000000000E-99   1.00000000000000E-99
219  104     1.00000000000000E-99   1.00000000000000E-99
220  104     1.00000000000000E-99   1.00000000000000E-99
221  104     1.00000000000000E-99   1.00000000000000E-99
222  104     1.00000000000000E-99   1.00000000000000E-99
223  104     1.00000000000000E-99   1.00000000000000E-99
225  104     1.00000000000000E-99   1.00000000000000E-99
229  104     1.00000000000000E-99   1.00000000000000E-99
231  104     1.00000000000000E-99   1.00000000000000E-99
233  104     1.00000000000000E-99   1.00000000000000E-99
157  105     1.00000000000000E-99   1.00000000000000E-99
158  105     1.00000000000000E-99   1.00000000000000E-99
159  105     1.00000000000000E-99   1.00000000000000E-99
160  105     1.00000000000000E-99   1.00000000000000E-99
161  105     1.00000000000000E-99   1.00000000000000E-99
162  105     1.00000000000000E-99   1.00000000000000E-99
163  105     1.00000000000000E-99   1.00000000000000E-99
164  105     1.00000000000000E-99   1.00000000000000E-99
165  105     1.00000000000000E-99   1.00000000000000E-99
166  105     1.00000000000000E-99   1.00000000000000E-99
167  105     1.00000000000000E-99   1.00000000000000E-99
168  105     1.00000000000000E-99   1.00000000000000E-99
169  105     1.00000000000000E-99   1.00000000000000E-99
170  105     1.00000000000000E-99   1.00000000000000E-99
171  105     1.00000000000000E-99   1.00000000000000E-99
172  105     1.00000000000000E-99   1.00000000000000E-99
173  105     1.00000000000000E-99   1.00000000000000E-99
174  105     1.00000000000000E-99   1.00000000000000E-99
175  105     1.00000000000000E-99   1.00000000000000E-99
176  105     1.00000000000000E-99   1.00000000000000E-99
177  105     1.00000000000000E-99   1.00000000000000E-99
178  105     1.00000000000000E-99   1.00000000000000E-99
179  105     1.00000000000000E-99   1.00000000000000E-99
180  105     1.00000000000000E-99   1.00000000000000E-99
181  105     1.00000000000000E-99   1.00000000000000E-99
182  105     1.00000000000000E-99   1.00000000000000E-99
183  105     1.00000000000000E-99   1.00000000000000E-99
184  105     1.00000000000000E-99   1.00000000000000E-99
185  105     1.00000000000000E-99   1.00000000000000E-99
186  105     1.00000000000000E-99   1.00000000000000E-99
187  105     1.00000000000000E-99   1.00000000000000E-99
188  105     1.00000000000000E-99   1.00000000000000E-99
189  105     1.00000000000000E-99   1.00000000000000E-99
190  105     1.00000000000000E-99   1.00000000000000E-99
191  105     1.00000000000000E-99   1.00000000000000E-99
192  105     1.00000000000000E-99   1.00000000000000E-99
193  105     1.00000000000000E-99   1.00000000000000E-99
194  105     1.00000000000000E-99   1.00000000000000E-99
195  105     1.00000000000000E-99   1.00000000000000E-99
196  105     1.00000000000000E-99   1.00000000000000E-99
197  105     1.00000000000000E-99   1.00000000000000E-99
198  105     1.00000000000000E-99   1.00000000000000E-99
199  105     1.00000000000000E-99   1.00000000000000E-99
200  105     1.00000000000000E-99   1.00000000000000E-99
201  105     1.00000000000000E-99   1.00000000000000E-99
202  105     1.00000000000000E-99   1.00000000000000E-99
203  105     1.00000000000000E-99   1.00000000000000E-99
204  105     1.00000000000000E-99   1.00000000000000E-99
205  105     1.00000000000000E-99   1.00000000000000E-99
206  105     1.00000000000000E-99   1.00000000000000E-99
207  105     1.00000000000000E-99   1.00000000000000E-99
208  105     1.00000000000000E-99   1.00000000000000E-99
209  105     1.00000000000000E-99   1.00000000000000E-99
210  105     1.00000000000000E-99   1.00000000000000E-99
211  105     1.00000000000000E-99   1.00000000000000E-99
212  105     1.00000000000000E-99   1.00000000000000E-99
213  105     1.00000000000000E-99   1.00000000000000E-99
214  105     1.00000000000000E-99   1.00000000000000E-99
215  105     1.00000000000000E-99   1.00000000000000E-99
216  105     1.00000000000000E-99   1.00000000000000E-99
217  105     1.00000000000000E-99   1.00000000000000E-99
218  105     1.00000000000000E-99   1.00000000000000E-99
219  105     1.00000000000000E-99   1.00000000000000E-99
220  105     1.00000000000000E-99   1.00000000000000E-99
221  105     1.00000000000000E-99   1.00000000000000E-99
222  105     1.00000000000000E-99   1.00000000000000E-99
223  105     1.00000000000000E-99   1.00000000000000E-99
224  105     1.00000000000000E-99   1.00000000000000E-99
225  105     1.00000000000000E-99   1.00000000000000E-99
228  105     1.00000000000000E-99   1.00000000000000E-99
229  105     1.00000000000000E-99   1.00000000000000E-99
231  105     1.00000000000000E-99   1.00000000000000E-99
160  106     1.00000000000000E-99   1.00000000000000E-99
161  106     1.00000000000000E-99   1.00000000000000E-99
162  106     1.00000000000000E-99   1.00000000000000E-99
163  106     1.00000000000000E-99   1.00000000000000E-99
164  106     1.00000000000000E-99   1.00000000000000E-99
165  106     1.00000000000000E-99   1.00000000000000E-99
166  106     1.00000000000000E-99   1.00000000000000E-99
167  106     1.00000000000000E-99   1.00000000000000E-99
168  106     1.00000000000000E-99   1.00000000000000E-99
169  106     1.00000000000000E-99   1.00000000000000E-99
170  106     1.00000000000000E-99   1.00000000000000E-99
171  106     1.00000000000000E-99   1.00000000000000E-99
172  106     1.00000000000000E-99   1.00000000000000E-99
173  106     1.00000000000000E-99   1.00000000000000E-99
174  106     1.00000000000000E-99   1.00000000000000E-99
175  106     1.00000000000000E-99   1.00000000000000E-99
176  106     1.00000000000000E-99   1.00000000000000E-99
177  106     1.00000000000000E-99   1.00000000000000E-99
178  106     1.00000000000000E-99   1.00000000000000E-99
179  106     1.00000000000000E-99   1.00000000000000E-99
180  106     1.00000000000000E-99   1.00000000000000E-99
181  106     1.00000000000000E-99   1.00000000000000E-99
182  106     1.00000000000000E-99   1.00000000000000E-99
183  106     1.00000000000000E-99   1.00000000000000E-99
184  106     1.00000000000000E-99   1.00000000000000E-99
185  106     1.00000000000000E-99   1.00000000000000E-99
186  106     1.00000000000000E-99   1.00000000000000E-99
187  106     1.00000000000000E-99   1.00000000000000E-99
188  106     1.00000000000000E-99   1.00000000000000E-99
189  106     1.00000000000000E-99   1.00000000000000E-99
190  106     1.00000000000000E-99   1.00000000000000E-99
191  106     1.00000000000000E-99   1.00000000000000E-99
192  106     1.00000000000000E-99   1.00000000000000E-99
193  106     1.00000000000000E-99   1.00000000000000E-99
194  106     1.00000000000000E-99   1.00000000000000E-99
195  106     1.00000000000000E-99   1.00000000000000E-99
196  106     1.00000000000000E-99   1.00000000000000E-99
197  106     1.00000000000000E-99   1.00000000000000E-99
198  106     1.00000000000000E-99   1.00000000000000E-99
199  106     1.00000000000000E-99   1.00000000000000E-99
200  106     1.00000000000000E-99   1.00000000000000E-99
201  106     1.00000000000000E-99   1.00000000000000E-99
202  106     1.00000000000000E-99   1.00000000000000E-99
203  106     1.00000000000000E-99   1.00000000000000E-99
204  106     1.00000000000000E-99   1.00000000000000E-99
205  106     1.00000000000000E-99   1.00000000000000E-99
206  106     1.00000000000000E-99   1.00000000000000E-99
207  106     1.00000000000000E-99   1.00000000000000E-99
208  106     1.00000000000000E-99   1.00000000000000E-99
209  106     1.00000000000000E-99   1.00000000000000E-99
210  106     1.00000000000000E-99   1.00000000000000E-99
211  106     1.00000000000000E-99   1.00000000000000E-99
212  106     1.00000000000000E-99   1.00000000000000E-99
213  106     1.00000000000000E-99   1.00000000000000E-99
214  106     1.00000000000000E-99   1.00000000000000E-99
215  106     1.00000000000000E-99   1.00000000000000E-99
216  106     1.00000000000000E-99   1.00000000000000E-99
217  106     1.00000000000000E-99   1.00000000000000E-99
218  106     1.00000000000000E-99   1.00000000000000E-99
219  106     1.00000000000000E-99   1.00000000000000E-99
220  106     1.00000000000000E-99   1.00000000000000E-99
221  106     1.00000000000000E-99   1.00000000000000E-99
222  106     1.00000000000000E-99   1.00000000000000E-99
223  106     1.00000000000000E-99   1.00000000000000E-99
224  106     1.00000000000000E-99   1.00000000000000E-99
225  106     1.00000000000000E-99   1.00000000000000E-99
227  106     1.00000000000000E-99   1.00000000000000E-99
228  106     1.00000000000000E-99   1.00000000000000E-99
229  106     1.00000000000000E-99   1.00000000000000E-99
231  106     1.00000000000000E-99   1.00000000000000E-99
162  107     1.00000000000000E-99   1.00000000000000E-99
163  107     1.00000000000000E-99   1.00000000000000E-99
164  107     1.00000000000000E-99   1.00000000000000E-99
165  107     1.00000000000000E-99   1.00000000000000E-99
166  107     1.00000000000000E-99   1.00000000000000E-99
167  107     1.00000000000000E-99   1.00000000000000E-99
168  107     1.00000000000000E-99   1.00000000000000E-99
169  107     1.00000000000000E-99   1.00000000000000E-99
170  107     1.00000000000000E-99   1.00000000000000E-99
171  107     1.00000000000000E-99   1.00000000000000E-99
172  107     1.00000000000000E-99   1.00000000000000E-99
173  107     1.00000000000000E-99   1.00000000000000E-99
174  107     1.00000000000000E-99   1.00000000000000E-99
175  107     1.00000000000000E-99   1.00000000000000E-99
176  107     1.00000000000000E-99   1.00000000000000E-99
177  107     1.00000000000000E-99   1.00000000000000E-99
178  107     1.00000000000000E-99   1.00000000000000E-99
179  107     1.00000000000000E-99   1.00000000000000E-99
180  107     1.00000000000000E-99   1.00000000000000E-99
181  107     1.00000000000000E-99   1.00000000000000E-99
182  107     1.00000000000000E-99   1.00000000000000E-99
183  107     1.00000000000000E-99   1.00000000000000E-99
184  107     1.00000000000000E-99   1.00000000000000E-99
185  107     1.00000000000000E-99   1.00000000000000E-99
186  107     1.00000000000000E-99   1.00000000000000E-99
187  107     1.00000000000000E-99   1.00000000000000E-99
188  107     1.00000000000000E-99   1.00000000000000E-99
189  107     1.00000000000000E-99   1.00000000000000E-99
190  107     1.00000000000000E-99   1.00000000000000E-99
191  107     1.00000000000000E-99   1.00000000000000E-99
192  107     1.00000000000000E-99   1.00000000000000E-99
193  107     1.00000000000000E-99   1.00000000000000E-99
194  107     1.00000000000000E-99   1.00000000000000E-99
195  107     1.00000000000000E-99   1.00000000000000E-99
196  107     1.00000000000000E-99   1.00000000000000E-99
197  107     1.00000000000000E-99   1.00000000000000E-99
198  107     1.00000000000000E-99   1.00000000000000E-99
199  107     1.00000000000000E-99   1.00000000000000E-99
200  107     1.00000000000000E-99   1.00000000000000E-99
201  107     1.00000000000000E-99   1.00000000000000E-99
202  107     1.00000000000000E-99   1.00000000000000E-99
203  107     1.00000000000000E-99   1.00000000000000E-99
204  107     1.00000000000000E-99   1.00000000000000E-99
205  107     1.00000000000000E-99   1.00000000000000E-99
206  107     1.00000000000000E-99   1.00000000000000E-99
207  107     1.00000000000000E-99   1.00000000000000E-99
208  107     1.00000000000000E-99   1.00000000000000E-99
209  107     1.00000000000000E-99   1.00000000000000E-99
210  107     1.00000000000000E-99   1.00000000000000E-99
211  107     1.00000000000000E-99   1.00000000000000E-99
212  107     1.00000000000000E-99   1.00000000000000E-99
213  107     1.00000000000000E-99   1.00000000000000E-99
214  107     1.00000000000000E-99   1.00000000000000E-99
215  107     1.00000000000000E-99   1.00000000000000E-99
216  107     1.00000000000000E-99   1.00000000000000E-99
217  107     1.00000000000000E-99   1.00000000000000E-99
218  107     1.00000000000000E-99   1.00000000000000E-99
219  107     1.00000000000000E-99   1.00000000000000E-99
220  107     1.00000000000000E-99   1.00000000000000E-99
221  107     1.00000000000000E-99   1.00000000000000E-99
222  107     1.00000000000000E-99   1.00000000000000E-99
223  107     1.00000000000000E-99   1.00000000000000E-99
224  107     1.00000000000000E-99   1.00000000000000E-99
225  107     1.00000000000000E-99   1.00000000000000E-99
227  107     1.00000000000000E-99   1.00000000000000E-99
228  107     1.00000000000000E-99   1.00000000000000E-99
229  107     1.00000000000000E-99   1.00000000000000E-99
230  107     1.00000000000000E-99   1.00000000000000E-99
165  108     1.00000000000000E-99   1.00000000000000E-99
166  108     1.00000000000000E-99   1.00000000000000E-99
167  108     1.00000000000000E-99   1.00000000000000E-99
168  108     1.00000000000000E-99   1.00000000000000E-99
169  108     1.00000000000000E-99   1.00000000000000E-99
170  108     1.00000000000000E-99   1.00000000000000E-99
171  108     1.00000000000000E-99   1.00000000000000E-99
172  108     1.00000000000000E-99   1.00000000000000E-99
173  108     1.00000000000000E-99   1.00000000000000E-99
174  108     1.00000000000000E-99   1.00000000000000E-99
175  108     1.00000000000000E-99   1.00000000000000E-99
176  108     1.00000000000000E-99   1.00000000000000E-99
177  108     1.00000000000000E-99   1.00000000000000E-99
178  108     1.00000000000000E-99   1.00000000000000E-99
179  108     1.00000000000000E-99   1.00000000000000E-99
180  108     1.00000000000000E-99   1.00000000000000E-99
181  108     1.00000000000000E-99   1.00000000000000E-99
182  108     1.00000000000000E-99   1.00000000000000E-99
183  108     1.00000000000000E-99   1.00000000000000E-99
184  108     1.00000000000000E-99   1.00000000000000E-99
185  108     1.00000000000000E-99   1.00000000000000E-99
186  108     1.00000000000000E-99   1.00000000000000E-99
187  108     1.00000000000000E-99   1.00000000000000E-99
188  108     1.00000000000000E-99   1.00000000000000E-99
189  108     1.00000000000000E-99   1.00000000000000E-99
190  108     1.00000000000000E-99   1.00000000000000E-99
191  108     1.00000000000000E-99   1.00000000000000E-99
192  108     1.00000000000000E-99   1.00000000000000E-99
193  108     1.00000000000000E-99   1.00000000000000E-99
194  108     1.00000000000000E-99   1.00000000000000E-99
195  108     1.00000000000000E-99   1.00000000000000E-99
196  108     1.00000000000000E-99   1.00000000000000E-99
197  108     1.00000000000000E-99   1.00000000000000E-99
198  108     1.00000000000000E-99   1.00000000000000E-99
199  108     1.00000000000000E-99   1.00000000000000E-99
200  108     1.00000000000000E-99   1.00000000000000E-99
201  108     1.00000000000000E-99   1.00000000000000E-99
202  108     1.00000000000000E-99   1.00000000000000E-99
203  108     1.00000000000000E-99   1.00000000000000E-99
204  108     1.00000000000000E-99   1.00000000000000E-99
205  108     1.00000000000000E-99   1.00000000000000E-99
206  108     1.00000000000000E-99   1.00000000000000E-99
207  108     1.00000000000000E-99   1.00000000000000E-99
208  108     1.00000000000000E-99   1.00000000000000E-99
209  108     1.00000000000000E-99   1.00000000000000E-99
210  108     1.00000000000000E-99   1.00000000000000E-99
211  108     1.00000000000000E-99   1.00000000000000E-99
212  108     1.00000000000000E-99   1.00000000000000E-99
213  108     1.00000000000000E-99   1.00000000000000E-99
214  108     1.00000000000000E-99   1.00000000000000E-99
215  108     1.00000000000000E-99   1.00000000000000E-99
216  108     1.00000000000000E-99   1.00000000000000E-99
217  108     1.00000000000000E-99   1.00000000000000E-99
218  108     1.00000000000000E-99   1.00000000000000E-99
219  108     1.00000000000000E-99   1.00000000000000E-99
221  108     1.00000000000000E-99   1.00000000000000E-99
222  108     1.00000000000000E-99   1.00000000000000E-99
223  108     1.00000000000000E-99   1.00000000000000E-99
224  108     1.00000000000000E-99   1.00000000000000E-99
226  108     1.00000000000000E-99   1.00000000000000E-99
227  108     1.00000000000000E-99   1.00000000000000E-99
228  108     1.00000000000000E-99   1.00000000000000E-99
229  108     1.00000000000000E-99   1.00000000000000E-99
166  109     1.00000000000000E-99   1.00000000000000E-99
167  109     1.00000000000000E-99   1.00000000000000E-99
168  109     1.00000000000000E-99   1.00000000000000E-99
169  109     1.00000000000000E-99   1.00000000000000E-99
170  109     1.00000000000000E-99   1.00000000000000E-99
171  109     1.00000000000000E-99   1.00000000000000E-99
172  109     1.00000000000000E-99   1.00000000000000E-99
173  109     1.00000000000000E-99   1.00000000000000E-99
174  109     1.00000000000000E-99   1.00000000000000E-99
175  109     1.00000000000000E-99   1.00000000000000E-99
176  109     1.00000000000000E-99   1.00000000000000E-99
177  109     1.00000000000000E-99   1.00000000000000E-99
178  109     1.00000000000000E-99   1.00000000000000E-99
179  109     1.00000000000000E-99   1.00000000000000E-99
180  109     1.00000000000000E-99   1.00000000000000E-99
181  109     1.00000000000000E-99   1.00000000000000E-99
182  109     1.00000000000000E-99   1.00000000000000E-99
183  109     1.00000000000000E-99   1.00000000000000E-99
184  109     1.00000000000000E-99   1.00000000000000E-99
185  109     1.00000000000000E-99   1.00000000000000E-99
186  109     1.00000000000000E-99   1.00000000000000E-99
187  109     1.00000000000000E-99   1.00000000000000E-99
188  109     1.00000000000000E-99   1.00000000000000E-99
189  109     1.00000000000000E-99   1.00000000000000E-99
190  109     1.00000000000000E-99   1.00000000000000E-99
191  109     1.00000000000000E-99   1.00000000000000E-99
192  109     1.00000000000000E-99   1.00000000000000E-99
193  109     1.00000000000000E-99   1.00000000000000E-99
194  109     1.00000000000000E-99   1.00000000000000E-99
195  109     1.00000000000000E-99   1.00000000000000E-99
196  109     1.00000000000000E-99   1.00000000000000E-99
197  109     1.00000000000000E-99   1.00000000000000E-99
198  109     1.00000000000000E-99   1.00000000000000E-99
199  109     1.00000000000000E-99   1.00000000000000E-99
200  109     1.00000000000000E-99   1.00000000000000E-99
201  109     1.00000000000000E-99   1.00000000000000E-99
202  109     1.00000000000000E-99   1.00000000000000E-99
203  109     1.00000000000000E-99   1.00000000000000E-99
204  109     1.00000000000000E-99   1.00000000000000E-99
205  109     1.00000000000000E-99   1.00000000000000E-99
206  109     1.00000000000000E-99   1.00000000000000E-99
207  109     1.00000000000000E-99   1.00000000000000E-99
208  109     1.00000000000000E-99   1.00000000000000E-99
209  109     1.00000000000000E-99   1.00000000000000E-99
210  109     1.00000000000000E-99   1.00000000000000E-99
211  109     1.00000000000000E-99   1.00000000000000E-99
212  109     1.00000000000000E-99   1.00000000000000E-99
213  109     1.00000000000000E-99   1.00000000000000E-99
214  109     1.00000000000000E-99   1.00000000000000E-99
215  109     1.00000000000000E-99   1.00000000000000E-99
216  109     1.00000000000000E-99   1.00000000000000E-99
217  109     1.00000000000000E-99   1.00000000000000E-99
218  109     1.00000000000000E-99   1.00000000000000E-99
220  109     1.00000000000000E-99   1.00000000000000E-99
221  109     1.00000000000000E-99   1.00000000000000E-99
222  109     1.00000000000000E-99   1.00000000000000E-99
223  109     1.00000000000000E-99   1.00000000000000E-99
224  109     1.00000000000000E-99   1.00000000000000E-99
225  109     1.00000000000000E-99   1.00000000000000E-99
226  109     1.00000000000000E-99   1.00000000000000E-99
227  109     1.00000000000000E-99   1.00000000000000E-99
228  109     1.00000000000000E-99   1.00000000000000E-99
169  110     1.00000000000000E-99   1.00000000000000E-99
170  110     1.00000000000000E-99   1.00000000000000E-99
171  110     1.00000000000000E-99   1.00000000000000E-99
172  110     1.00000000000000E-99   1.00000000000000E-99
173  110     1.00000000000000E-99   1.00000000000000E-99
174  110     1.00000000000000E-99   1.00000000000000E-99
175  110     1.00000000000000E-99   1.00000000000000E-99
176  110     1.00000000000000E-99   1.00000000000000E-99
177  110     1.00000000000000E-99   1.00000000000000E-99
178  110     1.00000000000000E-99   1.00000000000000E-99
179  110     1.00000000000000E-99   1.00000000000000E-99
180  110     1.00000000000000E-99   1.00000000000000E-99
181  110     1.00000000000000E-99   1.00000000000000E-99
182  110     1.00000000000000E-99   1.00000000000000E-99
183  110     1.00000000000000E-99   1.00000000000000E-99
184  110     1.00000000000000E-99   1.00000000000000E-99
185  110     1.00000000000000E-99   1.00000000000000E-99
186  110     1.00000000000000E-99   1.00000000000000E-99
187  110     1.00000000000000E-99   1.00000000000000E-99
188  110     1.00000000000000E-99   1.00000000000000E-99
189  110     1.00000000000000E-99   1.00000000000000E-99
190  110     1.00000000000000E-99   1.00000000000000E-99
191  110     1.00000000000000E-99   1.00000000000000E-99
192  110     1.00000000000000E-99   1.00000000000000E-99
193  110     1.00000000000000E-99   1.00000000000000E-99
194  110     1.00000000000000E-99   1.00000000000000E-99
195  110     1.00000000000000E-99   1.00000000000000E-99
196  110     1.00000000000000E-99   1.00000000000000E-99
197  110     1.00000000000000E-99   1.00000000000000E-99
198  110     1.00000000000000E-99   1.00000000000000E-99
199  110     1.00000000000000E-99   1.00000000000000E-99
200  110     1.00000000000000E-99   1.00000000000000E-99
201  110     1.00000000000000E-99   1.00000000000000E-99
202  110     1.00000000000000E-99   1.00000000000000E-99
203  110     1.00000000000000E-99   1.00000000000000E-99
204  110     1.00000000000000E-99   1.00000000000000E-99
205  110     1.00000000000000E-99   1.00000000000000E-99
206  110     1.00000000000000E-99   1.00000000000000E-99
207  110     1.00000000000000E-99   1.00000000000000E-99
208  110     1.00000000000000E-99   1.00000000000000E-99
209  110     1.00000000000000E-99   1.00000000000000E-99
210  110     1.00000000000000E-99   1.00000000000000E-99
211  110     1.00000000000000E-99   1.00000000000000E-99
212  110     1.00000000000000E-99   1.00000000000000E-99
213  110     1.00000000000000E-99   1.00000000000000E-99
214  110     1.00000000000000E-99   1.00000000000000E-99
215  110     1.00000000000000E-99   1.00000000000000E-99
216  110     1.00000000000000E-99   1.00000000000000E-99
217  110     1.00000000000000E-99   1.00000000000000E-99
218  110     1.00000000000000E-99   1.00000000000000E-99
219  110     1.00000000000000E-99   1.00000000000000E-99
220  110     1.00000000000000E-99   1.00000000000000E-99
221  110     1.00000000000000E-99   1.00000000000000E-99
222  110     1.00000000000000E-99   1.00000000000000E-99
223  110     1.00000000000000E-99   1.00000000000000E-99
224  110     1.00000000000000E-99   1.00000000000000E-99
225  110     1.00000000000000E-99   1.00000000000000E-99
226  110     1.00000000000000E-99   1.00000000000000E-99
227  110     1.00000000000000E-99   1.00000000000000E-99
172  111     1.00000000000000E-99   1.00000000000000E-99
173  111     1.00000000000000E-99   1.00000000000000E-99
174  111     1.00000000000000E-99   1.00000000000000E-99
175  111     1.00000000000000E-99   1.00000000000000E-99
176  111     1.00000000000000E-99   1.00000000000000E-99
177  111     1.00000000000000E-99   1.00000000000000E-99
178  111     1.00000000000000E-99   1.00000000000000E-99
179  111     1.00000000000000E-99   1.00000000000000E-99
180  111     1.00000000000000E-99   1.00000000000000E-99
181  111     1.00000000000000E-99   1.00000000000000E-99
182  111     1.00000000000000E-99   1.00000000000000E-99
183  111     1.00000000000000E-99   1.00000000000000E-99
184  111     1.00000000000000E-99   1.00000000000000E-99
185  111     1.00000000000000E-99   1.00000000000000E-99
186  111     1.00000000000000E-99   1.00000000000000E-99
187  111     1.00000000000000E-99   1.00000000000000E-99
188  111     1.00000000000000E-99   1.00000000000000E-99
189  111     1.00000000000000E-99   1.00000000000000E-99
190  111     1.00000000000000E-99   1.00000000000000E-99
191  111     1.00000000000000E-99   1.00000000000000E-99
192  111     1.00000000000000E-99   1.00000000000000E-99
193  111     1.00000000000000E-99   1.00000000000000E-99
194  111     1.00000000000000E-99   1.00000000000000E-99
195  111     1.00000000000000E-99   1.00000000000000E-99
196  111     1.00000000000000E-99   1.00000000000000E-99
197  111     1.00000000000000E-99   1.00000000000000E-99
198  111     1.00000000000000E-99   1.00000000000000E-99
199  111     1.00000000000000E-99   1.00000000000000E-99
200  111     1.00000000000000E-99   1.00000000000000E-99
201  111     1.00000000000000E-99   1.00000000000000E-99
202  111     1.00000000000000E-99   1.00000000000000E-99
203  111     1.00000000000000E-99   1.00000000000000E-99
204  111     1.00000000000000E-99   1.00000000000000E-99
205  111     1.00000000000000E-99   1.00000000000000E-99
206  111     1.00000000000000E-99   1.00000000000000E-99
207  111     1.00000000000000E-99   1.00000000000000E-99
208  111     1.00000000000000E-99   1.00000000000000E-99
209  111     1.00000000000000E-99   1.00000000000000E-99
210  111     1.00000000000000E-99   1.00000000000000E-99
211  111     1.00000000000000E-99   1.00000000000000E-99
212  111     1.00000000000000E-99   1.00000000000000E-99
213  111     1.00000000000000E-99   1.00000000000000E-99
214  111     1.00000000000000E-99   1.00000000000000E-99
215  111     1.00000000000000E-99   1.00000000000000E-99
216  111     1.00000000000000E-99   1.00000000000000E-99
217  111     1.00000000000000E-99   1.00000000000000E-99
218  111     1.00000000000000E-99   1.00000000000000E-99
219  111     1.00000000000000E-99   1.00000000000000E-99
220  111     1.00000000000000E-99   1.00000000000000E-99
221  111     1.00000000000000E-99   1.00000000000000E-99
222  111     1.00000000000000E-99   1.00000000000000E-99
223  111     1.00000000000000E-99   1.00000000000000E-99
224  111     1.00000000000000E-99   1.00000000000000E-99
225  111     1.00000000000000E-99   1.00000000000000E-99
226  111     1.00000000000000E-99   1.00000000000000E-99
