    time    temp    dens
   9.80744083136160E-02   9.46773202153656E-01   4.18839716036925E+05
     nin     zin       y       x
  1    0     8.16013781824616E-01   8.16013781824616E-01
  0    1     1.02854512689180E-13   1.02854512689180E-13
  1    1     2.92764794565304E-12   5.85529589130609E-12
  2    1     1.54528863177175E-08   4.63586589531526E-08
  1    2     2.98858307611245E-25   8.96574922833735E-25
  2    2     2.09077277761324E-05   8.36309111045295E-05
  4    2     2.48512443945471E-07   1.49107466367283E-06
  3    3     1.60434790773931E-21   9.62608744643584E-21
  4    3     8.59381054456367E-15   6.01566738119457E-14
  5    3     1.02980434908124E-14   8.23843479264994E-14
  6    3     5.51472682202293E-07   4.96325413982064E-06
  3    4     1.00000000000000E-99   1.00000000000000E-99
  5    4     2.94205693151638E-14   2.64785123836474E-13
  6    4     9.66630953511214E-12   9.66630953511214E-11
  7    4     2.03356466738540E-13   2.23692113412393E-12
  8    4     2.14345481771365E-06   2.57214578125638E-05
  3    5     1.00000000000000E-99   1.00000000000000E-99
  5    5     1.00000000000000E-99   1.00000000000000E-99
  6    5     6.97492186149211E-16   7.67241404764132E-15
  7    5     6.76167735699237E-14   8.11401282839084E-13
  8    5     3.87088014740889E-07   5.03214419163156E-06
  9    5     1.46870817951167E-06   2.05619145131633E-05
  3    6     1.00000000000000E-99   1.00000000000000E-99
  4    6     1.00000000000000E-99   1.00000000000000E-99
  5    6     1.00000000000000E-99   1.00000000000000E-99
  6    6     2.79392176988367E-19   3.35270612386040E-18
  7    6     3.86308191992132E-15   5.02200649589772E-14
  8    6     9.52764173759636E-14   1.33386984326349E-12
  9    6     5.69160426814225E-13   8.53740640221338E-12
 10    6     4.53346572479699E-06   7.25354515967519E-05
 11    6     3.06608942606594E-06   5.21235202431210E-05
 12    6     1.00000000000000E-99   1.00000000000000E-99
  4    7     1.00000000000000E-99   1.00000000000000E-99
  5    7     1.00000000000000E-99   1.00000000000000E-99
  6    7     1.00000000000000E-99   1.00000000000000E-99
  7    7     8.55497519838631E-24   1.19769652777408E-22
  8    7     5.35645324397672E-15   8.03467986596509E-14
  9    7     2.32859744008559E-14   3.72575590413695E-13
 10    7     1.64436272861527E-13   2.79541663864596E-12
 11    7     1.48145200904724E-13   2.66661361628504E-12
 12    7     2.39200240026948E-12   4.54480456051202E-11
 13    7     7.87020197979452E-07   1.57404039595890E-05
 14    7     1.00000000000000E-99   1.00000000000000E-99
  5    8     1.00000000000000E-99   1.00000000000000E-99
  6    8     1.00000000000000E-99   1.00000000000000E-99
  7    8     1.00000000000000E-99   1.00000000000000E-99
  8    8     1.00766428511455E-21   1.61226285618328E-20
  9    8     3.56615720118924E-24   6.06246724202170E-23
 10    8     2.57720917236252E-19   4.63897651025254E-18
 11    8     2.74781676739034E-16   5.22085185804165E-15
 12    8     1.01615118628517E-14   2.03230237257033E-13
 13    8     7.12470255350750E-13   1.49618753623658E-11
 14    8     1.10167928845412E-07   2.42369443459906E-06
  5    9     1.00000000000000E-99   1.00000000000000E-99
  6    9     1.00000000000000E-99   1.00000000000000E-99
  7    9     1.00000000000000E-99   1.00000000000000E-99
  8    9     1.00000000000000E-99   1.00000000000000E-99
  9    9     1.00000000000000E-99   1.00000000000000E-99
 10    9     2.29700453363689E-23   4.36430861391008E-22
 11    9     2.73924489540598E-23   5.47848979081196E-22
 12    9     5.32304662529212E-20   1.11783979131135E-18
 13    9     5.46559028328383E-16   1.20242986232244E-14
 14    9     3.04331762519470E-17   6.99963053794782E-16
 15    9     8.92706868053372E-17   2.14249648332809E-15
 16    9     6.84708971304959E-11   1.71177242826240E-09
 17    9     2.74304413064860E-10   7.13191473968635E-09
  7   10     1.00000000000000E-99   1.00000000000000E-99
  8   10     1.00000000000000E-99   1.00000000000000E-99
  9   10     1.00000000000000E-99   1.00000000000000E-99
 10   10     1.00000000000000E-99   1.00000000000000E-99
 11   10     1.00000000000000E-99   1.00000000000000E-99
 12   10     5.77691611963903E-25   1.27092154632059E-23
 13   10     1.64751888536255E-22   3.78929343633386E-21
 14   10     8.94229749559298E-20   2.14615139894231E-18
 15   10     3.59058287443890E-15   8.97645718609726E-14
 16   10     4.91948564978592E-15   1.27906626894434E-13
 17   10     1.17695157231250E-15   3.17776924524375E-14
 18   10     7.17330987855881E-15   2.00852676599647E-13
 19   10     5.17008621156864E-16   1.49932500135491E-14
 20   10     3.40696311625976E-15   1.02208893487793E-13
 21   10     1.53285427928326E-15   4.75184826577809E-14
 22   10     3.55809197552273E-09   1.13858943216727E-07
 23   10     2.49144332373916E-21   8.22176296833924E-20
 24   10     4.08839708431437E-19   1.39005500866689E-17
 25   10     1.00000000000000E-99   1.00000000000000E-99
 26   10     1.00000000000000E-99   1.00000000000000E-99
 27   10     1.00000000000000E-99   1.00000000000000E-99
 28   10     1.00000000000000E-99   1.00000000000000E-99
 29   10     1.00000000000000E-99   1.00000000000000E-99
 30   10     1.00000000000000E-99   1.00000000000000E-99
 31   10     1.00000000000000E-99   1.00000000000000E-99
  8   11     1.00000000000000E-99   1.00000000000000E-99
  9   11     1.00000000000000E-99   1.00000000000000E-99
 10   11     1.00000000000000E-99   1.00000000000000E-99
 11   11     1.00000000000000E-99   1.00000000000000E-99
 12   11     1.00000000000000E-99   1.00000000000000E-99
 13   11     1.00000000000000E-99   1.00000000000000E-99
 14   11     1.77101168487018E-25   4.42752921217546E-24
 15   11     6.56127332802761E-25   1.70593106528718E-23
 16   11     3.52582965230974E-23   9.51974006123630E-22
 17   11     6.45200348771015E-21   1.80656097655884E-19
 18   11     5.80432239019880E-19   1.68325349315765E-17
 19   11     2.07090593630629E-18   6.21271780891886E-17
 20   11     7.44473644607002E-16   2.30786829828171E-14
 21   11     1.39620716917160E-14   4.46786294134912E-13
 22   11     1.81175524816588E-14   5.97879231894739E-13
 23   11     2.75481468914987E-15   9.36636994310955E-14
 24   11     1.32818228488904E-09   4.64863799711164E-08
 25   11     5.22730496304873E-20   1.88182978669754E-18
 26   11     2.16228049031053E-19   8.00043781414896E-18
 27   11     1.00000000000000E-99   1.00000000000000E-99
 28   11     1.00000000000000E-99   1.00000000000000E-99
 29   11     1.00000000000000E-99   1.00000000000000E-99
 30   11     1.00000000000000E-99   1.00000000000000E-99
 31   11     1.00000000000000E-99   1.00000000000000E-99
 32   11     1.00000000000000E-99   1.00000000000000E-99
 33   11     1.00000000000000E-99   1.00000000000000E-99
  8   12     1.00000000000000E-99   1.00000000000000E-99
  9   12     1.00000000000000E-99   1.00000000000000E-99
 10   12     1.00000000000000E-99   1.00000000000000E-99
 11   12     1.00000000000000E-99   1.00000000000000E-99
 12   12     1.00000000000000E-99   1.00000000000000E-99
 13   12     1.00000000000000E-99   1.00000000000000E-99
 14   12     1.00000000000000E-99   1.00000000000000E-99
 15   12     1.00000000000000E-99   1.00000000000000E-99
 16   12     1.00000000000000E-99   1.00000000000000E-99
 17   12     1.00000000000000E-99   1.00000000000000E-99
 18   12     3.70240543678992E-23   1.11072163103698E-21
 19   12     4.22234512457710E-23   1.30892698861890E-21
 20   12     1.69082269015615E-21   5.41063260849968E-20
 21   12     1.95217338361297E-17   6.44217216592281E-16
 22   12     4.06980868463635E-09   1.38373495277636E-07
 23   12     5.84912358008588E-17   2.04719325303006E-15
 24   12     9.34923235529412E-11   3.36572364790588E-09
 25   12     2.62506320524375E-16   9.71273385940187E-15
 26   12     5.41317166136573E-11   2.05700523131898E-09
 27   12     4.80449736982095E-17   1.87375397423017E-15
 28   12     2.62387787790799E-10   1.04955115116320E-08
 29   12     1.00000000000000E-99   1.00000000000000E-99
 30   12     1.00000000000000E-99   1.00000000000000E-99
 31   12     1.00000000000000E-99   1.00000000000000E-99
 32   12     9.84651709085417E-22   4.33246751997583E-20
 33   12     1.00000000000000E-99   1.00000000000000E-99
 34   12     1.00000000000000E-99   1.00000000000000E-99
 35   12     1.00000000000000E-99   1.00000000000000E-99
  8   13     1.00000000000000E-99   1.00000000000000E-99
  9   13     1.00000000000000E-99   1.00000000000000E-99
 10   13     1.00000000000000E-99   1.00000000000000E-99
 11   13     1.00000000000000E-99   1.00000000000000E-99
 12   13     1.00000000000000E-99   1.00000000000000E-99
 13   13     1.00000000000000E-99   1.00000000000000E-99
 14   13     1.00000000000000E-99   1.00000000000000E-99
 15   13     1.00000000000000E-99   1.00000000000000E-99
 16   13     1.00000000000000E-99   1.00000000000000E-99
 17   13     1.00000000000000E-99   1.00000000000000E-99
 18   13     1.00000000000000E-99   1.00000000000000E-99
 19   13     1.00000000000000E-99   1.00000000000000E-99
 20   13     1.99480026464893E-17   6.58284087334148E-16
 21   13     5.35096203969615E-18   1.81932709349669E-16
 22   13     2.38883248593619E-16   8.36091370077668E-15
 23   13     1.93515059088151E-17   6.96654212717343E-16
 24   13     3.93792004637222E-15   1.45703041715772E-13
 25   13     2.48056086152401E-17   9.42613127379125E-16
 26   13     2.98124841956547E-12   1.16268688363053E-10
 27   13     2.56008813563524E-17   1.02403525425410E-15
 28   13     5.86283847915168E-10   2.40376377645219E-08
 29   13     1.00000000000000E-99   1.00000000000000E-99
 30   13     1.00000000000000E-99   1.00000000000000E-99
 31   13     1.00000000000000E-99   1.00000000000000E-99
 32   13     1.78150910928086E-24   8.01679099176386E-23
 33   13     1.00000000000000E-99   1.00000000000000E-99
 34   13     1.00000000000000E-99   1.00000000000000E-99
 35   13     1.00000000000000E-99   1.00000000000000E-99
 36   13     1.00000000000000E-99   1.00000000000000E-99
 37   13     1.00000000000000E-99   1.00000000000000E-99
 38   13     1.00000000000000E-99   1.00000000000000E-99
  8   14     1.00000000000000E-99   1.00000000000000E-99
  9   14     1.00000000000000E-99   1.00000000000000E-99
 10   14     1.00000000000000E-99   1.00000000000000E-99
 11   14     1.00000000000000E-99   1.00000000000000E-99
 12   14     1.00000000000000E-99   1.00000000000000E-99
 13   14     1.00000000000000E-99   1.00000000000000E-99
 14   14     1.00000000000000E-99   1.00000000000000E-99
 15   14     1.00000000000000E-99   1.00000000000000E-99
 16   14     1.00000000000000E-99   1.00000000000000E-99
 17   14     1.00000000000000E-99   1.00000000000000E-99
 18   14     1.00000000000000E-99   1.00000000000000E-99
 19   14     1.00000000000000E-99   1.00000000000000E-99
 20   14     1.15489445600579E-24   3.92664115041969E-23
 21   14     1.38949328038921E-24   4.86322648136223E-23
 22   14     2.02261665474117E-23   7.28141995706821E-22
 23   14     9.56139396388674E-21   3.53771576663809E-19
 24   14     8.95502620672968E-19   3.40290995855728E-17
 25   14     3.61813108771013E-18   1.41107112420695E-16
 26   14     4.26660954155958E-17   1.70664381662383E-15
 27   14     2.51188448951467E-17   1.02987264070101E-15
 28   14     5.95863999048765E-10   2.50262879600481E-08
 29   14     8.07603591444249E-22   3.47269544321027E-20
 30   14     5.07991982984662E-19   2.23516472513251E-17
 31   14     1.00000000000000E-99   1.00000000000000E-99
 32   14     1.01952172442476E-16   4.68979993235389E-15
 33   14     1.00000000000000E-99   1.00000000000000E-99
 34   14     1.00000000000000E-99   1.00000000000000E-99
 35   14     1.00000000000000E-99   1.00000000000000E-99
 36   14     1.00000000000000E-99   1.00000000000000E-99
 37   14     1.00000000000000E-99   1.00000000000000E-99
 38   14     1.00000000000000E-99   1.00000000000000E-99
 39   14     1.00000000000000E-99   1.00000000000000E-99
 40   14     1.00000000000000E-99   1.00000000000000E-99
  8   15     1.00000000000000E-99   1.00000000000000E-99
  9   15     1.00000000000000E-99   1.00000000000000E-99
 10   15     1.00000000000000E-99   1.00000000000000E-99
 11   15     1.00000000000000E-99   1.00000000000000E-99
 12   15     1.00000000000000E-99   1.00000000000000E-99
 13   15     1.00000000000000E-99   1.00000000000000E-99
 14   15     1.00000000000000E-99   1.00000000000000E-99
 15   15     1.00000000000000E-99   1.00000000000000E-99
 16   15     1.00000000000000E-99   1.00000000000000E-99
 17   15     1.00000000000000E-99   1.00000000000000E-99
 18   15     1.00000000000000E-99   1.00000000000000E-99
 19   15     1.00000000000000E-99   1.00000000000000E-99
 20   15     1.00000000000000E-99   1.00000000000000E-99
 21   15     1.00000000000000E-99   1.00000000000000E-99
 22   15     1.00000000000000E-99   1.00000000000000E-99
 23   15     1.00000000000000E-99   1.00000000000000E-99
 24   15     1.00000000000000E-99   1.00000000000000E-99
 25   15     1.66572822050692E-25   6.66291288202767E-24
 26   15     1.04485976340495E-17   4.28392502996028E-16
 27   15     2.70547995693183E-18   1.13630158191137E-16
 28   15     1.02622261567018E-10   4.41275724738176E-09
 29   15     6.26361824790142E-18   2.75599202907663E-16
 30   15     9.43248467118047E-15   4.24461810203121E-13
 31   15     9.75666433507490E-18   4.48806559413446E-16
 32   15     7.54167670983821E-11   3.54458805362396E-09
 33   15     1.00000000000000E-99   1.00000000000000E-99
 34   15     1.00000000000000E-99   1.00000000000000E-99
 35   15     1.00000000000000E-99   1.00000000000000E-99
 36   15     1.00000000000000E-99   1.00000000000000E-99
 37   15     1.00000000000000E-99   1.00000000000000E-99
 38   15     1.00000000000000E-99   1.00000000000000E-99
 39   15     1.00000000000000E-99   1.00000000000000E-99
 40   15     1.00000000000000E-99   1.00000000000000E-99
 41   15     1.00000000000000E-99   1.00000000000000E-99
 42   15     1.00000000000000E-99   1.00000000000000E-99
  8   16     1.00000000000000E-99   1.00000000000000E-99
  9   16     1.00000000000000E-99   1.00000000000000E-99
 10   16     1.00000000000000E-99   1.00000000000000E-99
 11   16     1.00000000000000E-99   1.00000000000000E-99
 12   16     1.00000000000000E-99   1.00000000000000E-99
 13   16     1.00000000000000E-99   1.00000000000000E-99
 14   16     1.00000000000000E-99   1.00000000000000E-99
 15   16     1.00000000000000E-99   1.00000000000000E-99
 16   16     1.00000000000000E-99   1.00000000000000E-99
 17   16     1.00000000000000E-99   1.00000000000000E-99
 18   16     1.00000000000000E-99   1.00000000000000E-99
 19   16     1.00000000000000E-99   1.00000000000000E-99
 20   16     1.00000000000000E-99   1.00000000000000E-99
 21   16     1.00000000000000E-99   1.00000000000000E-99
 22   16     1.00000000000000E-99   1.00000000000000E-99
 23   16     1.00000000000000E-99   1.00000000000000E-99
 24   16     1.00000000000000E-99   1.00000000000000E-99
 25   16     1.08878778191589E-21   4.46402990585514E-20
 26   16     6.41749453808548E-19   2.69534770599590E-17
 27   16     1.08376379377056E-18   4.66018431321342E-17
 28   16     1.10018889534206E-17   4.84083113950508E-16
 29   16     3.44989755244828E-18   1.55245389860173E-16
 30   16     5.52087740048184E-16   2.53960360422164E-14
 31   16     6.14313870775089E-18   2.88727519264292E-16
 32   16     2.62781495175541E-12   1.26135117684260E-10
 33   16     3.91536094331914E-17   1.91852686222638E-15
 34   16     1.64592627986936E-11   8.22963139934680E-10
 35   16     1.56037452361744E-25   7.95791007044896E-24
 36   16     1.41827419321423E-24   7.37502580471401E-23
 37   16     1.00000000000000E-99   1.00000000000000E-99
 38   16     1.00000000000000E-99   1.00000000000000E-99
 39   16     1.00000000000000E-99   1.00000000000000E-99
 40   16     1.00000000000000E-99   1.00000000000000E-99
 41   16     1.00000000000000E-99   1.00000000000000E-99
 42   16     1.00000000000000E-99   1.00000000000000E-99
 43   16     1.00000000000000E-99   1.00000000000000E-99
 44   16     1.00000000000000E-99   1.00000000000000E-99
  9   17     1.00000000000000E-99   1.00000000000000E-99
 10   17     1.00000000000000E-99   1.00000000000000E-99
 11   17     1.00000000000000E-99   1.00000000000000E-99
 12   17     1.00000000000000E-99   1.00000000000000E-99
 13   17     1.00000000000000E-99   1.00000000000000E-99
 14   17     1.00000000000000E-99   1.00000000000000E-99
 15   17     1.00000000000000E-99   1.00000000000000E-99
 16   17     1.00000000000000E-99   1.00000000000000E-99
 17   17     1.00000000000000E-99   1.00000000000000E-99
 18   17     1.00000000000000E-99   1.00000000000000E-99
 19   17     1.00000000000000E-99   1.00000000000000E-99
 20   17     1.00000000000000E-99   1.00000000000000E-99
 21   17     1.00000000000000E-99   1.00000000000000E-99
 22   17     1.00000000000000E-99   1.00000000000000E-99
 23   17     1.00000000000000E-99   1.00000000000000E-99
 24   17     1.00000000000000E-99   1.00000000000000E-99
 25   17     1.00000000000000E-99   1.00000000000000E-99
 26   17     1.00000000000000E-99   1.00000000000000E-99
 27   17     1.00000000000000E-99   1.00000000000000E-99
 28   17     5.02656772317258E-24   2.26195547542766E-22
 29   17     7.65273462793435E-22   3.52025792884980E-20
 30   17     5.64142198695952E-19   2.65146833387097E-17
 31   17     3.72079983950350E-20   1.78598392296168E-18
 32   17     3.31597048528561E-17   1.62482553778995E-15
 33   17     1.28357740426920E-18   6.41788702134601E-17
 34   17     9.86828571189932E-12   5.03282571306865E-10
 35   17     3.54913146167692E-17   1.84554836007200E-15
 36   17     4.37590598946926E-15   2.31923017441871E-13
 37   17     4.20025166221439E-22   2.26813589759577E-20
 38   17     8.47202418910170E-22   4.65961330400594E-20
 39   17     1.00000000000000E-99   1.00000000000000E-99
 40   17     1.00000000000000E-99   1.00000000000000E-99
 41   17     1.00000000000000E-99   1.00000000000000E-99
 42   17     1.00000000000000E-99   1.00000000000000E-99
 43   17     1.00000000000000E-99   1.00000000000000E-99
 44   17     1.00000000000000E-99   1.00000000000000E-99
 45   17     1.00000000000000E-99   1.00000000000000E-99
 46   17     1.00000000000000E-99   1.00000000000000E-99
  9   18     1.00000000000000E-99   1.00000000000000E-99
 10   18     1.00000000000000E-99   1.00000000000000E-99
 11   18     1.00000000000000E-99   1.00000000000000E-99
 12   18     1.00000000000000E-99   1.00000000000000E-99
 13   18     1.00000000000000E-99   1.00000000000000E-99
 14   18     1.00000000000000E-99   1.00000000000000E-99
 15   18     1.00000000000000E-99   1.00000000000000E-99
 16   18     1.00000000000000E-99   1.00000000000000E-99
 17   18     1.00000000000000E-99   1.00000000000000E-99
 18   18     1.00000000000000E-99   1.00000000000000E-99
 19   18     1.00000000000000E-99   1.00000000000000E-99
 20   18     1.00000000000000E-99   1.00000000000000E-99
 21   18     1.00000000000000E-99   1.00000000000000E-99
 22   18     1.00000000000000E-99   1.00000000000000E-99
 23   18     1.00000000000000E-99   1.00000000000000E-99
 24   18     1.00000000000000E-99   1.00000000000000E-99
 25   18     1.00000000000000E-99   1.00000000000000E-99
 26   18     1.00000000000000E-99   1.00000000000000E-99
 27   18     1.00000000000000E-99   1.00000000000000E-99
 28   18     1.00000000000000E-99   1.00000000000000E-99
 29   18     1.00000000000000E-99   1.00000000000000E-99
 30   18     3.02440220799115E-24   1.45171305983575E-22
 31   18     2.91255223562394E-20   1.42715059545573E-18
 32   18     8.32085058919000E-18   4.16042529459500E-16
 33   18     1.84010773106524E-19   9.38454942843274E-18
 34   18     1.00093362156517E-15   5.20485483213891E-14
 35   18     2.55589964521356E-18   1.35462681196319E-16
 36   18     4.40191461487668E-17   2.37703389203341E-15
 37   18     4.00936822279018E-18   2.20515252253460E-16
 38   18     3.84043273976608E-12   2.15064233426900E-10
 39   18     1.28961689127757E-21   7.35081628028214E-20
 40   18     2.81628395877533E-18   1.63344469608969E-16
 41   18     1.00000000000000E-99   1.00000000000000E-99
 42   18     4.61599987862078E-22   2.76959992717247E-20
 43   18     1.00000000000000E-99   1.00000000000000E-99
 44   18     7.25370215841950E-25   4.49729533822009E-23
 45   18     1.00000000000000E-99   1.00000000000000E-99
 46   18     1.00000000000000E-99   1.00000000000000E-99
 47   18     1.00000000000000E-99   1.00000000000000E-99
 48   18     1.00000000000000E-99   1.00000000000000E-99
 49   18     1.00000000000000E-99   1.00000000000000E-99
 10   19     1.00000000000000E-99   1.00000000000000E-99
 11   19     1.00000000000000E-99   1.00000000000000E-99
 12   19     1.00000000000000E-99   1.00000000000000E-99
 13   19     1.00000000000000E-99   1.00000000000000E-99
 14   19     1.00000000000000E-99   1.00000000000000E-99
 15   19     1.00000000000000E-99   1.00000000000000E-99
 16   19     1.00000000000000E-99   1.00000000000000E-99
 17   19     1.00000000000000E-99   1.00000000000000E-99
 18   19     1.00000000000000E-99   1.00000000000000E-99
 19   19     1.00000000000000E-99   1.00000000000000E-99
 20   19     1.00000000000000E-99   1.00000000000000E-99
 21   19     1.00000000000000E-99   1.00000000000000E-99
 22   19     1.00000000000000E-99   1.00000000000000E-99
 23   19     1.00000000000000E-99   1.00000000000000E-99
 24   19     1.00000000000000E-99   1.00000000000000E-99
 25   19     1.00000000000000E-99   1.00000000000000E-99
 26   19     1.00000000000000E-99   1.00000000000000E-99
 27   19     1.00000000000000E-99   1.00000000000000E-99
 28   19     1.00000000000000E-99   1.00000000000000E-99
 29   19     1.00000000000000E-99   1.00000000000000E-99
 30   19     1.00000000000000E-99   1.00000000000000E-99
 31   19     1.00000000000000E-99   1.00000000000000E-99
 32   19     6.70919130788809E-24   3.42168756702292E-22
 33   19     2.45036524729172E-24   1.27418992859170E-22
 34   19     2.06674681804414E-22   1.09537581356339E-20
 35   19     7.72890668220143E-21   4.17360960838877E-19
 36   19     1.06732121552972E-18   5.87026668541346E-17
 37   19     8.28989614021063E-20   4.64234183851795E-18
 38   19     2.02796747929749E-16   1.15594146319957E-14
 39   19     3.21714302954372E-19   1.86594295713536E-17
 40   19     3.01863871194542E-15   1.78099684004780E-13
 41   19     1.66848090111907E-19   1.00108854067144E-17
 42   19     7.09340239841699E-13   4.32697546303437E-11
 43   19     4.13379524358737E-18   2.56295305102417E-16
 44   19     3.27217502506624E-15   2.06147026579173E-13
 45   19     1.00000000000000E-99   1.00000000000000E-99
 46   19     1.00000000000000E-99   1.00000000000000E-99
 47   19     1.00000000000000E-99   1.00000000000000E-99
 48   19     1.00000000000000E-99   1.00000000000000E-99
 49   19     1.00000000000000E-99   1.00000000000000E-99
 50   19     1.00000000000000E-99   1.00000000000000E-99
 51   19     1.00000000000000E-99   1.00000000000000E-99
 10   20     1.00000000000000E-99   1.00000000000000E-99
 11   20     1.00000000000000E-99   1.00000000000000E-99
 12   20     1.00000000000000E-99   1.00000000000000E-99
 13   20     1.00000000000000E-99   1.00000000000000E-99
 14   20     1.00000000000000E-99   1.00000000000000E-99
 15   20     1.00000000000000E-99   1.00000000000000E-99
 16   20     1.00000000000000E-99   1.00000000000000E-99
 17   20     1.00000000000000E-99   1.00000000000000E-99
 18   20     1.00000000000000E-99   1.00000000000000E-99
 19   20     1.00000000000000E-99   1.00000000000000E-99
 20   20     1.00000000000000E-99   1.00000000000000E-99
 21   20     1.00000000000000E-99   1.00000000000000E-99
 22   20     1.00000000000000E-99   1.00000000000000E-99
 23   20     1.00000000000000E-99   1.00000000000000E-99
 24   20     1.00000000000000E-99   1.00000000000000E-99
 25   20     1.00000000000000E-99   1.00000000000000E-99
 26   20     1.00000000000000E-99   1.00000000000000E-99
 27   20     1.00000000000000E-99   1.00000000000000E-99
 28   20     1.00000000000000E-99   1.00000000000000E-99
 29   20     1.00000000000000E-99   1.00000000000000E-99
 30   20     1.00000000000000E-99   1.00000000000000E-99
 31   20     1.00000000000000E-99   1.00000000000000E-99
 32   20     1.00000000000000E-99   1.00000000000000E-99
 33   20     1.00000000000000E-99   1.00000000000000E-99
 34   20     1.09441793761985E-25   5.90985686314716E-24
 35   20     7.50067739564916E-24   4.12537256760704E-22
 36   20     3.89447159771123E-21   2.18090409471829E-19
 37   20     1.58870628972526E-22   9.05562585143400E-21
 38   20     9.03264985371925E-18   5.23893691515717E-16
 39   20     1.41893199582562E-19   8.37169877537118E-18
 40   20     1.75818125829292E-17   1.05490875497575E-15
 41   20     1.55432439001939E-17   9.48137877911825E-16
 42   20     9.18369277540682E-13   5.69388952075223E-11
 43   20     5.52873598477003E-21   3.48310367040512E-19
 44   20     2.40851188840931E-15   1.54144760858196E-13
 45   20     1.87135097173682E-23   1.21637813162893E-21
 46   20     1.36395487847950E-18   9.00210219796471E-17
 47   20     1.00000000000000E-99   1.00000000000000E-99
 48   20     1.66199887404357E-24   1.13015923434963E-22
 49   20     1.00000000000000E-99   1.00000000000000E-99
 50   20     1.00000000000000E-99   1.00000000000000E-99
 51   20     1.00000000000000E-99   1.00000000000000E-99
 52   20     1.00000000000000E-99   1.00000000000000E-99
 53   20     1.00000000000000E-99   1.00000000000000E-99
 11   21     1.00000000000000E-99   1.00000000000000E-99
 12   21     1.00000000000000E-99   1.00000000000000E-99
 13   21     1.00000000000000E-99   1.00000000000000E-99
 14   21     1.00000000000000E-99   1.00000000000000E-99
 15   21     1.00000000000000E-99   1.00000000000000E-99
 16   21     1.00000000000000E-99   1.00000000000000E-99
 17   21     1.00000000000000E-99   1.00000000000000E-99
 18   21     1.00000000000000E-99   1.00000000000000E-99
 19   21     1.00000000000000E-99   1.00000000000000E-99
 20   21     1.00000000000000E-99   1.00000000000000E-99
 21   21     1.00000000000000E-99   1.00000000000000E-99
 22   21     1.00000000000000E-99   1.00000000000000E-99
 23   21     1.00000000000000E-99   1.00000000000000E-99
 24   21     1.00000000000000E-99   1.00000000000000E-99
 25   21     1.00000000000000E-99   1.00000000000000E-99
 26   21     1.00000000000000E-99   1.00000000000000E-99
 27   21     1.00000000000000E-99   1.00000000000000E-99
 28   21     1.00000000000000E-99   1.00000000000000E-99
 29   21     1.00000000000000E-99   1.00000000000000E-99
 30   21     1.00000000000000E-99   1.00000000000000E-99
 31   21     1.00000000000000E-99   1.00000000000000E-99
 32   21     1.00000000000000E-99   1.00000000000000E-99
 33   21     1.00000000000000E-99   1.00000000000000E-99
 34   21     1.00000000000000E-99   1.00000000000000E-99
 35   21     1.00000000000000E-99   1.00000000000000E-99
 36   21     1.00000000000000E-99   1.00000000000000E-99
 37   21     1.00000000000000E-99   1.00000000000000E-99
 38   21     7.47322512837184E-25   4.40920282573939E-23
 39   21     9.67771051466604E-22   5.80662630879962E-20
 40   21     6.29327740871449E-17   3.83889921931584E-15
 41   21     2.16695267135207E-20   1.34351065623828E-18
 42   21     1.94698363609963E-18   1.22659969074276E-16
 43   21     7.07812043721803E-20   4.52999707981954E-18
 44   21     1.65646252931194E-16   1.07670064405276E-14
 45   21     1.98327500953094E-19   1.30896150629042E-17
 46   21     1.60697943922018E-13   1.07667622427752E-11
 47   21     6.27907364583651E-18   4.26977007916882E-16
 48   21     1.33578275978622E-13   9.21690104252491E-12
 49   21     1.50317534876983E-19   1.05222274413888E-17
 50   21     2.03808810905030E-18   1.44704255742572E-16
 51   21     1.00000000000000E-99   1.00000000000000E-99
 52   21     1.00000000000000E-99   1.00000000000000E-99
 53   21     1.00000000000000E-99   1.00000000000000E-99
 54   21     1.00000000000000E-99   1.00000000000000E-99
 55   21     1.00000000000000E-99   1.00000000000000E-99
 12   22     1.00000000000000E-99   1.00000000000000E-99
 13   22     1.00000000000000E-99   1.00000000000000E-99
 14   22     1.00000000000000E-99   1.00000000000000E-99
 15   22     1.00000000000000E-99   1.00000000000000E-99
 16   22     1.00000000000000E-99   1.00000000000000E-99
 17   22     1.00000000000000E-99   1.00000000000000E-99
 18   22     1.00000000000000E-99   1.00000000000000E-99
 19   22     1.00000000000000E-99   1.00000000000000E-99
 20   22     1.00000000000000E-99   1.00000000000000E-99
 21   22     1.00000000000000E-99   1.00000000000000E-99
 22   22     1.00000000000000E-99   1.00000000000000E-99
 23   22     1.00000000000000E-99   1.00000000000000E-99
 24   22     1.00000000000000E-99   1.00000000000000E-99
 25   22     1.00000000000000E-99   1.00000000000000E-99
 26   22     1.00000000000000E-99   1.00000000000000E-99
 27   22     1.00000000000000E-99   1.00000000000000E-99
 28   22     1.00000000000000E-99   1.00000000000000E-99
 29   22     1.00000000000000E-99   1.00000000000000E-99
 30   22     1.00000000000000E-99   1.00000000000000E-99
 31   22     1.00000000000000E-99   1.00000000000000E-99
 32   22     1.00000000000000E-99   1.00000000000000E-99
 33   22     1.00000000000000E-99   1.00000000000000E-99
 34   22     1.00000000000000E-99   1.00000000000000E-99
 35   22     1.00000000000000E-99   1.00000000000000E-99
 36   22     1.00000000000000E-99   1.00000000000000E-99
 37   22     1.00000000000000E-99   1.00000000000000E-99
 38   22     3.35844800737845E-24   2.01506880442707E-22
 39   22     9.54030787643357E-25   5.81958780462448E-23
 40   22     1.54637513861196E-22   9.58752585939415E-21
 41   22     5.80651138141846E-23   3.65810217029363E-21
 42   22     2.01446875626679E-18   1.28926000401075E-16
 43   22     2.42925777902640E-20   1.57901755636716E-18
 44   22     2.96695021919425E-17   1.95818714466821E-15
 45   22     3.30615343793794E-19   2.21512280341842E-17
 46   22     3.13661940485691E-15   2.13290119530270E-13
 47   22     1.46621772126048E-18   1.01169022766973E-16
 48   22     2.20834127553925E-13   1.54583889287747E-11
 49   22     1.25805128341684E-17   8.93216411225957E-16
 50   22     9.98179370736400E-14   7.18689146930208E-12
 51   22     1.00000000000000E-99   1.00000000000000E-99
 52   22     1.00000000000000E-99   1.00000000000000E-99
 53   22     1.00000000000000E-99   1.00000000000000E-99
 54   22     1.00000000000000E-99   1.00000000000000E-99
 55   22     1.00000000000000E-99   1.00000000000000E-99
 56   22     1.00000000000000E-99   1.00000000000000E-99
 57   22     1.00000000000000E-99   1.00000000000000E-99
 58   22     1.00000000000000E-99   1.00000000000000E-99
 13   23     1.00000000000000E-99   1.00000000000000E-99
 14   23     1.00000000000000E-99   1.00000000000000E-99
 15   23     1.00000000000000E-99   1.00000000000000E-99
 16   23     1.00000000000000E-99   1.00000000000000E-99
 17   23     1.00000000000000E-99   1.00000000000000E-99
 18   23     1.00000000000000E-99   1.00000000000000E-99
 19   23     1.00000000000000E-99   1.00000000000000E-99
 20   23     1.00000000000000E-99   1.00000000000000E-99
 21   23     1.00000000000000E-99   1.00000000000000E-99
 22   23     1.00000000000000E-99   1.00000000000000E-99
 23   23     1.00000000000000E-99   1.00000000000000E-99
 24   23     1.00000000000000E-99   1.00000000000000E-99
 25   23     1.00000000000000E-99   1.00000000000000E-99
 26   23     1.00000000000000E-99   1.00000000000000E-99
 27   23     1.00000000000000E-99   1.00000000000000E-99
 28   23     1.00000000000000E-99   1.00000000000000E-99
 29   23     1.00000000000000E-99   1.00000000000000E-99
 30   23     1.00000000000000E-99   1.00000000000000E-99
 31   23     1.00000000000000E-99   1.00000000000000E-99
 32   23     1.00000000000000E-99   1.00000000000000E-99
 33   23     1.00000000000000E-99   1.00000000000000E-99
 34   23     1.00000000000000E-99   1.00000000000000E-99
 35   23     1.00000000000000E-99   1.00000000000000E-99
 36   23     1.00000000000000E-99   1.00000000000000E-99
 37   23     1.00000000000000E-99   1.00000000000000E-99
 38   23     1.00000000000000E-99   1.00000000000000E-99
 39   23     1.00000000000000E-99   1.00000000000000E-99
 40   23     1.00000000000000E-99   1.00000000000000E-99
 41   23     1.00000000000000E-99   1.00000000000000E-99
 42   23     7.83039303653186E-25   5.08975547374571E-23
 43   23     1.42701336047607E-24   9.41828817914205E-23
 44   23     4.52102077940245E-22   3.02908392219964E-20
 45   23     1.00788240532182E-21   6.85360035618836E-20
 46   23     3.53252965392236E-19   2.43744546120643E-17
 47   23     1.58685240240316E-20   1.11079668168221E-18
 48   23     8.32150831944699E-19   5.90827090680736E-17
 49   23     1.33601373327063E-19   9.61929887954852E-18
 50   23     1.62345009621602E-13   1.18511857023770E-11
 51   23     9.95772321374940E-22   7.36871517817456E-20
 52   23     1.29126764570672E-22   9.68450734280039E-21
 53   23     1.00000000000000E-99   1.00000000000000E-99
 54   23     1.00000000000000E-99   1.00000000000000E-99
 55   23     1.00000000000000E-99   1.00000000000000E-99
 56   23     1.00000000000000E-99   1.00000000000000E-99
 57   23     1.00000000000000E-99   1.00000000000000E-99
 58   23     1.00000000000000E-99   1.00000000000000E-99
 59   23     1.00000000000000E-99   1.00000000000000E-99
 60   23     1.00000000000000E-99   1.00000000000000E-99
 14   24     1.00000000000000E-99   1.00000000000000E-99
 15   24     1.00000000000000E-99   1.00000000000000E-99
 16   24     1.00000000000000E-99   1.00000000000000E-99
 17   24     1.00000000000000E-99   1.00000000000000E-99
 18   24     1.00000000000000E-99   1.00000000000000E-99
 19   24     1.00000000000000E-99   1.00000000000000E-99
 20   24     1.00000000000000E-99   1.00000000000000E-99
 21   24     1.00000000000000E-99   1.00000000000000E-99
 22   24     1.00000000000000E-99   1.00000000000000E-99
 23   24     1.00000000000000E-99   1.00000000000000E-99
 24   24     1.00000000000000E-99   1.00000000000000E-99
 25   24     1.00000000000000E-99   1.00000000000000E-99
 26   24     1.00000000000000E-99   1.00000000000000E-99
 27   24     1.00000000000000E-99   1.00000000000000E-99
 28   24     1.00000000000000E-99   1.00000000000000E-99
 29   24     1.00000000000000E-99   1.00000000000000E-99
 30   24     1.00000000000000E-99   1.00000000000000E-99
 31   24     1.00000000000000E-99   1.00000000000000E-99
 32   24     1.00000000000000E-99   1.00000000000000E-99
 33   24     1.00000000000000E-99   1.00000000000000E-99
 34   24     1.00000000000000E-99   1.00000000000000E-99
 35   24     1.00000000000000E-99   1.00000000000000E-99
 36   24     1.00000000000000E-99   1.00000000000000E-99
 37   24     1.00000000000000E-99   1.00000000000000E-99
 38   24     1.00000000000000E-99   1.00000000000000E-99
 39   24     1.00000000000000E-99   1.00000000000000E-99
 40   24     1.00000000000000E-99   1.00000000000000E-99
 41   24     1.00000000000000E-99   1.00000000000000E-99
 42   24     1.00000000000000E-99   1.00000000000000E-99
 43   24     1.00000000000000E-99   1.00000000000000E-99
 44   24     1.00000000000000E-99   1.00000000000000E-99
 45   24     1.00000000000000E-99   1.00000000000000E-99
 46   24     7.97719125601017E-22   5.58403387920712E-20
 47   24     4.45523502714685E-20   3.16321686927426E-18
 48   24     2.32952688609794E-18   1.67725935799052E-16
 49   24     2.48469203797193E-19   1.81382518771951E-17
 50   24     3.41323411442598E-13   2.52579324467522E-11
 51   24     4.88878159847001E-21   3.66658619885251E-19
 52   24     1.47708706677401E-17   1.12258617074824E-15
 53   24     1.00000000000000E-99   1.00000000000000E-99
 54   24     1.00000000000000E-99   1.00000000000000E-99
 55   24     1.00000000000000E-99   1.00000000000000E-99
 56   24     1.00000000000000E-99   1.00000000000000E-99
 57   24     1.00000000000000E-99   1.00000000000000E-99
 58   24     1.00000000000000E-99   1.00000000000000E-99
 59   24     1.00000000000000E-99   1.00000000000000E-99
 60   24     1.00000000000000E-99   1.00000000000000E-99
 61   24     1.00000000000000E-99   1.00000000000000E-99
 62   24     1.00000000000000E-99   1.00000000000000E-99
 15   25     1.00000000000000E-99   1.00000000000000E-99
 16   25     1.00000000000000E-99   1.00000000000000E-99
 17   25     1.00000000000000E-99   1.00000000000000E-99
 18   25     1.00000000000000E-99   1.00000000000000E-99
 19   25     1.00000000000000E-99   1.00000000000000E-99
 20   25     1.00000000000000E-99   1.00000000000000E-99
 21   25     1.00000000000000E-99   1.00000000000000E-99
 22   25     1.00000000000000E-99   1.00000000000000E-99
 23   25     1.00000000000000E-99   1.00000000000000E-99
 24   25     1.00000000000000E-99   1.00000000000000E-99
 25   25     1.00000000000000E-99   1.00000000000000E-99
 26   25     1.00000000000000E-99   1.00000000000000E-99
 27   25     1.00000000000000E-99   1.00000000000000E-99
 28   25     1.00000000000000E-99   1.00000000000000E-99
 29   25     1.00000000000000E-99   1.00000000000000E-99
 30   25     1.00000000000000E-99   1.00000000000000E-99
 31   25     1.00000000000000E-99   1.00000000000000E-99
 32   25     1.00000000000000E-99   1.00000000000000E-99
 33   25     1.00000000000000E-99   1.00000000000000E-99
 34   25     1.00000000000000E-99   1.00000000000000E-99
 35   25     1.00000000000000E-99   1.00000000000000E-99
 36   25     1.00000000000000E-99   1.00000000000000E-99
 37   25     1.00000000000000E-99   1.00000000000000E-99
 38   25     1.00000000000000E-99   1.00000000000000E-99
 39   25     1.00000000000000E-99   1.00000000000000E-99
 40   25     1.00000000000000E-99   1.00000000000000E-99
 41   25     1.00000000000000E-99   1.00000000000000E-99
 42   25     1.00000000000000E-99   1.00000000000000E-99
 43   25     1.00000000000000E-99   1.00000000000000E-99
 44   25     1.00000000000000E-99   1.00000000000000E-99
 45   25     1.00000000000000E-99   1.00000000000000E-99
 46   25     1.00000000000000E-99   1.00000000000000E-99
 47   25     4.41933023778491E-22   3.18191777120514E-20
 48   25     3.72025286415087E-20   2.71578459083014E-18
 49   25     6.12673616997550E-21   4.53378476578187E-19
 50   25     2.94293169309464E-13   2.20719876982098E-11
 51   25     1.46771772902850E-17   1.11546547406166E-15
 52   25     1.81826023852896E-14   1.40006038366730E-12
 53   25     3.32346610946672E-21   2.59230356538404E-19
 54   25     9.52454794063025E-20   7.52439287309790E-18
 55   25     1.00000000000000E-99   1.00000000000000E-99
 56   25     1.00000000000000E-99   1.00000000000000E-99
 57   25     1.00000000000000E-99   1.00000000000000E-99
 58   25     1.00000000000000E-99   1.00000000000000E-99
 59   25     1.00000000000000E-99   1.00000000000000E-99
 60   25     1.00000000000000E-99   1.00000000000000E-99
 61   25     1.00000000000000E-99   1.00000000000000E-99
 62   25     1.00000000000000E-99   1.00000000000000E-99
 63   25     1.00000000000000E-99   1.00000000000000E-99
 64   25     1.00000000000000E-99   1.00000000000000E-99
 16   26     1.00000000000000E-99   1.00000000000000E-99
 17   26     1.00000000000000E-99   1.00000000000000E-99
 18   26     1.00000000000000E-99   1.00000000000000E-99
 19   26     1.00000000000000E-99   1.00000000000000E-99
 20   26     1.00000000000000E-99   1.00000000000000E-99
 21   26     1.00000000000000E-99   1.00000000000000E-99
 22   26     1.00000000000000E-99   1.00000000000000E-99
 23   26     1.00000000000000E-99   1.00000000000000E-99
 24   26     1.00000000000000E-99   1.00000000000000E-99
 25   26     1.00000000000000E-99   1.00000000000000E-99
 26   26     1.00000000000000E-99   1.00000000000000E-99
 27   26     1.00000000000000E-99   1.00000000000000E-99
 28   26     1.00000000000000E-99   1.00000000000000E-99
 29   26     1.00000000000000E-99   1.00000000000000E-99
 30   26     1.00000000000000E-99   1.00000000000000E-99
 31   26     1.00000000000000E-99   1.00000000000000E-99
 32   26     1.00000000000000E-99   1.00000000000000E-99
 33   26     1.00000000000000E-99   1.00000000000000E-99
 34   26     1.00000000000000E-99   1.00000000000000E-99
 35   26     1.00000000000000E-99   1.00000000000000E-99
 36   26     1.00000000000000E-99   1.00000000000000E-99
 37   26     1.00000000000000E-99   1.00000000000000E-99
 38   26     1.00000000000000E-99   1.00000000000000E-99
 39   26     1.00000000000000E-99   1.00000000000000E-99
 40   26     1.00000000000000E-99   1.00000000000000E-99
 41   26     1.00000000000000E-99   1.00000000000000E-99
 42   26     1.00000000000000E-99   1.00000000000000E-99
 43   26     1.00000000000000E-99   1.00000000000000E-99
 44   26     1.00000000000000E-99   1.00000000000000E-99
 45   26     1.00000000000000E-99   1.00000000000000E-99
 46   26     1.00000000000000E-99   1.00000000000000E-99
 47   26     1.54364862668148E-21   1.12686349747748E-19
 48   26     1.27524954800181E-19   9.43684665521338E-18
 49   26     1.56528928649073E-19   1.17396696486805E-17
 50   26     2.00885084694814E-14   1.52672664368059E-12
 51   26     1.55452424929847E-18   1.19698367195982E-16
 52   26     1.30196163412697E-11   1.01553007461903E-09
 53   26     1.38684721543035E-16   1.09560930018997E-14
 54   26     2.15839291656264E-13   1.72671433325012E-11
 55   26     2.82795482463952E-22   2.29064340795801E-20
 56   26     5.32172635721606E-19   4.36381561291717E-17
 57   26     1.00000000000000E-99   1.00000000000000E-99
 58   26     1.00000000000000E-99   1.00000000000000E-99
 59   26     1.00000000000000E-99   1.00000000000000E-99
 60   26     1.00000000000000E-99   1.00000000000000E-99
 61   26     1.00000000000000E-99   1.00000000000000E-99
 62   26     1.00000000000000E-99   1.00000000000000E-99
 63   26     1.00000000000000E-99   1.00000000000000E-99
 64   26     1.00000000000000E-99   1.00000000000000E-99
 65   26     1.00000000000000E-99   1.00000000000000E-99
 66   26     1.00000000000000E-99   1.00000000000000E-99
 17   27     1.00000000000000E-99   1.00000000000000E-99
 18   27     1.00000000000000E-99   1.00000000000000E-99
 19   27     1.00000000000000E-99   1.00000000000000E-99
 20   27     1.00000000000000E-99   1.00000000000000E-99
 21   27     1.00000000000000E-99   1.00000000000000E-99
 22   27     1.00000000000000E-99   1.00000000000000E-99
 23   27     1.00000000000000E-99   1.00000000000000E-99
 24   27     1.00000000000000E-99   1.00000000000000E-99
 25   27     1.00000000000000E-99   1.00000000000000E-99
 26   27     1.00000000000000E-99   1.00000000000000E-99
 27   27     1.00000000000000E-99   1.00000000000000E-99
 28   27     1.00000000000000E-99   1.00000000000000E-99
 29   27     1.00000000000000E-99   1.00000000000000E-99
 30   27     1.00000000000000E-99   1.00000000000000E-99
 31   27     1.00000000000000E-99   1.00000000000000E-99
 32   27     1.00000000000000E-99   1.00000000000000E-99
 33   27     1.00000000000000E-99   1.00000000000000E-99
 34   27     1.00000000000000E-99   1.00000000000000E-99
 35   27     1.00000000000000E-99   1.00000000000000E-99
 36   27     1.00000000000000E-99   1.00000000000000E-99
 37   27     1.00000000000000E-99   1.00000000000000E-99
 38   27     1.00000000000000E-99   1.00000000000000E-99
 39   27     1.00000000000000E-99   1.00000000000000E-99
 40   27     1.00000000000000E-99   1.00000000000000E-99
 41   27     1.00000000000000E-99   1.00000000000000E-99
 42   27     1.00000000000000E-99   1.00000000000000E-99
 43   27     1.00000000000000E-99   1.00000000000000E-99
 44   27     1.00000000000000E-99   1.00000000000000E-99
 45   27     1.00000000000000E-99   1.00000000000000E-99
 46   27     1.00000000000000E-99   1.00000000000000E-99
 47   27     1.00000000000000E-99   1.00000000000000E-99
 48   27     6.25978496814920E-23   4.69483872611190E-21
 49   27     1.31065880603394E-20   9.96100692585791E-19
 50   27     1.08743774130291E-17   8.37327060803243E-16
 51   27     4.39282491856794E-19   3.42640343648299E-17
 52   27     9.63111371173669E-15   7.60857983227198E-13
 53   27     2.89447614499422E-17   2.31558091599537E-15
 54   27     5.03282938087638E-12   4.07659179850987E-10
 55   27     3.73197908392186E-17   3.06022284881592E-15
 56   27     5.74930879265614E-13   4.77192629790460E-11
 57   27     2.03013844167364E-21   1.70531629100586E-19
 58   27     2.60823241895155E-22   2.21699755610881E-20
 59   27     1.00000000000000E-99   1.00000000000000E-99
 60   27     1.00000000000000E-99   1.00000000000000E-99
 61   27     1.00000000000000E-99   1.00000000000000E-99
 62   27     1.00000000000000E-99   1.00000000000000E-99
 63   27     1.00000000000000E-99   1.00000000000000E-99
 64   27     1.00000000000000E-99   1.00000000000000E-99
 65   27     1.00000000000000E-99   1.00000000000000E-99
 66   27     1.00000000000000E-99   1.00000000000000E-99
 67   27     1.00000000000000E-99   1.00000000000000E-99
 68   27     1.00000000000000E-99   1.00000000000000E-99
 69   27     1.00000000000000E-99   1.00000000000000E-99
 18   28     1.00000000000000E-99   1.00000000000000E-99
 19   28     1.00000000000000E-99   1.00000000000000E-99
 20   28     1.00000000000000E-99   1.00000000000000E-99
 21   28     1.00000000000000E-99   1.00000000000000E-99
 22   28     1.00000000000000E-99   1.00000000000000E-99
 23   28     1.00000000000000E-99   1.00000000000000E-99
 24   28     1.00000000000000E-99   1.00000000000000E-99
 25   28     1.00000000000000E-99   1.00000000000000E-99
 26   28     1.00000000000000E-99   1.00000000000000E-99
 27   28     1.00000000000000E-99   1.00000000000000E-99
 28   28     1.00000000000000E-99   1.00000000000000E-99
 29   28     1.00000000000000E-99   1.00000000000000E-99
 30   28     1.00000000000000E-99   1.00000000000000E-99
 31   28     1.00000000000000E-99   1.00000000000000E-99
 32   28     1.00000000000000E-99   1.00000000000000E-99
 33   28     1.00000000000000E-99   1.00000000000000E-99
 34   28     1.00000000000000E-99   1.00000000000000E-99
 35   28     1.00000000000000E-99   1.00000000000000E-99
 36   28     1.00000000000000E-99   1.00000000000000E-99
 37   28     1.00000000000000E-99   1.00000000000000E-99
 38   28     1.00000000000000E-99   1.00000000000000E-99
 39   28     1.00000000000000E-99   1.00000000000000E-99
 40   28     1.00000000000000E-99   1.00000000000000E-99
 41   28     1.00000000000000E-99   1.00000000000000E-99
 42   28     1.00000000000000E-99   1.00000000000000E-99
 43   28     1.00000000000000E-99   1.00000000000000E-99
 44   28     1.00000000000000E-99   1.00000000000000E-99
 45   28     1.00000000000000E-99   1.00000000000000E-99
 46   28     1.00000000000000E-99   1.00000000000000E-99
 47   28     1.00000000000000E-99   1.00000000000000E-99
 48   28     1.00000000000000E-99   1.00000000000000E-99
 49   28     5.76938511215374E-23   4.44242653635838E-21
 50   28     9.78653411522547E-18   7.63349660987587E-16
 51   28     2.32051534828464E-19   1.83320712514486E-17
 52   28     3.52290380828237E-15   2.81832304662590E-13
 53   28     1.91651755438319E-18   1.55237921905038E-16
 54   28     4.16981764089190E-09   3.41925046553135E-07
 55   28     1.19077397346623E-16   9.88342397976973E-15
 56   28     1.10453801687031E-09   9.27811934171057E-08
 57   28     6.43228048431558E-16   5.46743841166824E-14
 58   28     9.25895435895733E-14   7.96270074870330E-12
 59   28     8.57421789422672E-20   7.45956956797724E-18
 60   28     3.30854151748044E-14   2.91151653538279E-12
 61   28     4.21454025508565E-21   3.75094082702622E-19
 62   28     4.18257763261862E-18   3.76431986935676E-16
 63   28     1.00000000000000E-99   1.00000000000000E-99
 64   28     5.51718959402524E-25   5.07581442650322E-23
 65   28     1.00000000000000E-99   1.00000000000000E-99
 66   28     1.00000000000000E-99   1.00000000000000E-99
 67   28     1.00000000000000E-99   1.00000000000000E-99
 68   28     1.00000000000000E-99   1.00000000000000E-99
 69   28     1.00000000000000E-99   1.00000000000000E-99
 70   28     1.00000000000000E-99   1.00000000000000E-99
 71   28     1.00000000000000E-99   1.00000000000000E-99
 19   29     1.00000000000000E-99   1.00000000000000E-99
 20   29     1.00000000000000E-99   1.00000000000000E-99
 21   29     1.00000000000000E-99   1.00000000000000E-99
 22   29     1.00000000000000E-99   1.00000000000000E-99
 23   29     1.00000000000000E-99   1.00000000000000E-99
 24   29     1.00000000000000E-99   1.00000000000000E-99
 25   29     1.00000000000000E-99   1.00000000000000E-99
 26   29     1.00000000000000E-99   1.00000000000000E-99
 27   29     1.00000000000000E-99   1.00000000000000E-99
 28   29     1.00000000000000E-99   1.00000000000000E-99
 29   29     1.00000000000000E-99   1.00000000000000E-99
 30   29     1.00000000000000E-99   1.00000000000000E-99
 31   29     1.00000000000000E-99   1.00000000000000E-99
 32   29     1.00000000000000E-99   1.00000000000000E-99
 33   29     1.00000000000000E-99   1.00000000000000E-99
 34   29     1.00000000000000E-99   1.00000000000000E-99
 35   29     1.00000000000000E-99   1.00000000000000E-99
 36   29     1.00000000000000E-99   1.00000000000000E-99
 37   29     1.00000000000000E-99   1.00000000000000E-99
 38   29     1.00000000000000E-99   1.00000000000000E-99
 39   29     1.00000000000000E-99   1.00000000000000E-99
 40   29     1.00000000000000E-99   1.00000000000000E-99
 41   29     1.00000000000000E-99   1.00000000000000E-99
 42   29     1.00000000000000E-99   1.00000000000000E-99
 43   29     1.00000000000000E-99   1.00000000000000E-99
 44   29     1.00000000000000E-99   1.00000000000000E-99
 45   29     1.00000000000000E-99   1.00000000000000E-99
 46   29     1.00000000000000E-99   1.00000000000000E-99
 47   29     1.00000000000000E-99   1.00000000000000E-99
 48   29     1.00000000000000E-99   1.00000000000000E-99
 49   29     1.00000000000000E-99   1.00000000000000E-99
 50   29     3.03185260360379E-23   2.39516355684699E-21
 51   29     1.20720678409250E-18   9.65765427274001E-17
 52   29     1.03109622290089E-16   8.35187940549725E-15
 53   29     1.10136250418723E-17   9.03117253433527E-16
 54   29     8.56928819978227E-16   7.11250920581929E-14
 55   29     4.35696949142840E-17   3.65985437279985E-15
 56   29     6.91502660006126E-14   5.87777261005207E-12
 57   29     3.03478302354144E-16   2.60991340024564E-14
 58   29     5.89632759191344E-14   5.12980500496470E-12
 59   29     6.73889982636109E-17   5.93023184719776E-15
 60   29     5.95030895946166E-10   5.29577497392088E-08
 61   29     6.14420952357727E-14   5.52978857121954E-12
 62   29     1.24364766448886E-10   1.13171937468486E-08
 63   29     1.39461604312367E-15   1.28304675967377E-13
 64   29     7.28910024890686E-13   6.77886323148338E-11
 65   29     1.95645464580739E-22   1.83906736705894E-20
 66   29     4.60333521936257E-24   4.37316845839445E-22
 67   29     1.00000000000000E-99   1.00000000000000E-99
 68   29     1.00000000000000E-99   1.00000000000000E-99
 69   29     1.00000000000000E-99   1.00000000000000E-99
 70   29     1.00000000000000E-99   1.00000000000000E-99
 71   29     1.00000000000000E-99   1.00000000000000E-99
 72   29     1.00000000000000E-99   1.00000000000000E-99
 73   29     1.00000000000000E-99   1.00000000000000E-99
 21   30     1.00000000000000E-99   1.00000000000000E-99
 22   30     1.00000000000000E-99   1.00000000000000E-99
 23   30     1.00000000000000E-99   1.00000000000000E-99
 24   30     1.00000000000000E-99   1.00000000000000E-99
 25   30     1.00000000000000E-99   1.00000000000000E-99
 26   30     1.00000000000000E-99   1.00000000000000E-99
 27   30     1.00000000000000E-99   1.00000000000000E-99
 28   30     1.00000000000000E-99   1.00000000000000E-99
 29   30     1.00000000000000E-99   1.00000000000000E-99
 30   30     1.00000000000000E-99   1.00000000000000E-99
 31   30     1.00000000000000E-99   1.00000000000000E-99
 32   30     1.00000000000000E-99   1.00000000000000E-99
 33   30     1.00000000000000E-99   1.00000000000000E-99
 34   30     1.00000000000000E-99   1.00000000000000E-99
 35   30     1.00000000000000E-99   1.00000000000000E-99
 36   30     1.00000000000000E-99   1.00000000000000E-99
 37   30     1.00000000000000E-99   1.00000000000000E-99
 38   30     1.00000000000000E-99   1.00000000000000E-99
 39   30     1.00000000000000E-99   1.00000000000000E-99
 40   30     1.00000000000000E-99   1.00000000000000E-99
 41   30     1.00000000000000E-99   1.00000000000000E-99
 42   30     1.00000000000000E-99   1.00000000000000E-99
 43   30     1.00000000000000E-99   1.00000000000000E-99
 44   30     1.00000000000000E-99   1.00000000000000E-99
 45   30     1.00000000000000E-99   1.00000000000000E-99
 46   30     1.00000000000000E-99   1.00000000000000E-99
 47   30     1.00000000000000E-99   1.00000000000000E-99
 48   30     1.00000000000000E-99   1.00000000000000E-99
 49   30     1.00000000000000E-99   1.00000000000000E-99
 50   30     6.15114522983512E-25   4.92091618386810E-23
 51   30     9.72649310232739E-25   7.87845941288519E-23
 52   30     5.17148315870013E-23   4.24061619013411E-21
 53   30     1.80066740914764E-22   1.49455394959254E-20
 54   30     1.39730148840465E-20   1.17373325025990E-18
 55   30     2.32164119763597E-21   1.97339501799057E-19
 56   30     8.35512591226903E-15   7.18540828455137E-13
 57   30     3.21984098258297E-17   2.80126165484718E-15
 58   30     3.63324160700710E-14   3.19725261416625E-12
 59   30     4.15267927382768E-17   3.69588455370663E-15
 60   30     1.63012991368066E-12   1.46711692231260E-10
 61   30     1.96343554444091E-16   1.78672634544123E-14
 62   30     6.23211938809734E-13   5.73354983704955E-11
 63   30     2.63155808739600E-15   2.44734902127828E-13
 64   30     8.69401097834880E-10   8.17237031964787E-08
 65   30     1.67251548755839E-17   1.58888971318047E-15
 66   30     2.06538049287953E-16   1.98276527316435E-14
 67   30     1.09129243908932E-24   1.05855366591664E-22
 68   30     1.03758313383020E-21   1.01683147115360E-19
 69   30     1.00000000000000E-99   1.00000000000000E-99
 70   30     1.00000000000000E-99   1.00000000000000E-99
 71   30     1.00000000000000E-99   1.00000000000000E-99
 72   30     1.00000000000000E-99   1.00000000000000E-99
 73   30     1.00000000000000E-99   1.00000000000000E-99
 74   30     1.00000000000000E-99   1.00000000000000E-99
 75   30     1.00000000000000E-99   1.00000000000000E-99
 22   31     1.00000000000000E-99   1.00000000000000E-99
 23   31     1.00000000000000E-99   1.00000000000000E-99
 24   31     1.00000000000000E-99   1.00000000000000E-99
 25   31     1.00000000000000E-99   1.00000000000000E-99
 26   31     1.00000000000000E-99   1.00000000000000E-99
 27   31     1.00000000000000E-99   1.00000000000000E-99
 28   31     1.00000000000000E-99   1.00000000000000E-99
 29   31     1.00000000000000E-99   1.00000000000000E-99
 30   31     1.00000000000000E-99   1.00000000000000E-99
 31   31     1.00000000000000E-99   1.00000000000000E-99
 32   31     1.00000000000000E-99   1.00000000000000E-99
 33   31     1.00000000000000E-99   1.00000000000000E-99
 34   31     1.00000000000000E-99   1.00000000000000E-99
 35   31     1.00000000000000E-99   1.00000000000000E-99
 36   31     1.00000000000000E-99   1.00000000000000E-99
 37   31     1.00000000000000E-99   1.00000000000000E-99
 38   31     1.00000000000000E-99   1.00000000000000E-99
 39   31     1.00000000000000E-99   1.00000000000000E-99
 40   31     1.00000000000000E-99   1.00000000000000E-99
 41   31     1.00000000000000E-99   1.00000000000000E-99
 42   31     1.00000000000000E-99   1.00000000000000E-99
 43   31     1.00000000000000E-99   1.00000000000000E-99
 44   31     1.00000000000000E-99   1.00000000000000E-99
 45   31     1.00000000000000E-99   1.00000000000000E-99
 46   31     1.00000000000000E-99   1.00000000000000E-99
 47   31     1.00000000000000E-99   1.00000000000000E-99
 48   31     1.00000000000000E-99   1.00000000000000E-99
 49   31     1.00000000000000E-99   1.00000000000000E-99
 50   31     1.00000000000000E-99   1.00000000000000E-99
 51   31     1.00000000000000E-99   1.00000000000000E-99
 52   31     1.00000000000000E-99   1.00000000000000E-99
 53   31     1.00000000000000E-99   1.00000000000000E-99
 54   31     2.51100088508394E-23   2.13435075232135E-21
 55   31     1.52820279290383E-23   1.31425440189730E-21
 56   31     2.86601974872378E-21   2.49343718138968E-19
 57   31     1.27918144179348E-21   1.12567966877826E-19
 58   31     4.67462823007906E-19   4.16041912477037E-17
 59   31     1.10147654597655E-20   9.91328891378893E-19
 60   31     4.43543854597978E-18   4.03624907684160E-16
 61   31     1.71442404235345E-17   1.57727011896517E-15
 62   31     1.08306564569664E-13   1.00725105049788E-11
 63   31     6.25503813774480E-15   5.87973584948011E-13
 64   31     7.83616269430891E-10   7.44435455959347E-08
 65   31     8.31756498257867E-15   7.98486238327553E-13
 66   31     6.78587894046074E-11   6.58230257224692E-09
 67   31     2.43840168238415E-15   2.38963364873647E-13
 68   31     1.05478092834017E-11   1.04423311905677E-09
 69   31     3.13932163507278E-16   3.13932163507278E-14
 70   31     3.01044981511450E-14   3.04055431326565E-12
 71   31     1.42475933581786E-23   1.45325452253422E-21
 72   31     1.00000000000000E-99   1.00000000000000E-99
 73   31     1.00000000000000E-99   1.00000000000000E-99
 74   31     1.00000000000000E-99   1.00000000000000E-99
 75   31     1.00000000000000E-99   1.00000000000000E-99
 76   31     1.00000000000000E-99   1.00000000000000E-99
 77   31     1.00000000000000E-99   1.00000000000000E-99
 23   32     1.00000000000000E-99   1.00000000000000E-99
 24   32     1.00000000000000E-99   1.00000000000000E-99
 25   32     1.00000000000000E-99   1.00000000000000E-99
 26   32     1.00000000000000E-99   1.00000000000000E-99
 27   32     1.00000000000000E-99   1.00000000000000E-99
 28   32     1.00000000000000E-99   1.00000000000000E-99
 29   32     1.00000000000000E-99   1.00000000000000E-99
 30   32     1.00000000000000E-99   1.00000000000000E-99
 31   32     1.00000000000000E-99   1.00000000000000E-99
 32   32     1.00000000000000E-99   1.00000000000000E-99
 33   32     1.00000000000000E-99   1.00000000000000E-99
 34   32     1.00000000000000E-99   1.00000000000000E-99
 35   32     1.00000000000000E-99   1.00000000000000E-99
 36   32     1.00000000000000E-99   1.00000000000000E-99
 37   32     1.00000000000000E-99   1.00000000000000E-99
 38   32     1.00000000000000E-99   1.00000000000000E-99
 39   32     1.00000000000000E-99   1.00000000000000E-99
 40   32     1.00000000000000E-99   1.00000000000000E-99
 41   32     1.00000000000000E-99   1.00000000000000E-99
 42   32     1.00000000000000E-99   1.00000000000000E-99
 43   32     1.00000000000000E-99   1.00000000000000E-99
 44   32     1.00000000000000E-99   1.00000000000000E-99
 45   32     1.00000000000000E-99   1.00000000000000E-99
 46   32     1.00000000000000E-99   1.00000000000000E-99
 47   32     1.00000000000000E-99   1.00000000000000E-99
 48   32     1.00000000000000E-99   1.00000000000000E-99
 49   32     1.00000000000000E-99   1.00000000000000E-99
 50   32     1.00000000000000E-99   1.00000000000000E-99
 51   32     1.00000000000000E-99   1.00000000000000E-99
 52   32     1.00000000000000E-99   1.00000000000000E-99
 53   32     1.00000000000000E-99   1.00000000000000E-99
 54   32     1.00000000000000E-99   1.00000000000000E-99
 55   32     1.00000000000000E-99   1.00000000000000E-99
 56   32     1.00000000000000E-99   1.00000000000000E-99
 57   32     1.00000000000000E-99   1.00000000000000E-99
 58   32     4.74497113411468E-24   4.27047402070321E-22
 59   32     3.29195184329784E-22   2.99567617740103E-20
 60   32     4.37883878172855E-20   4.02853167919027E-18
 61   32     1.20978156327790E-17   1.12509685384844E-15
 62   32     3.14071906783349E-15   2.95227592376348E-13
 63   32     8.01259304542026E-17   7.61196339314925E-15
 64   32     1.55690767409570E-13   1.49463136713187E-11
 65   32     1.23813554412136E-16   1.20099147779772E-14
 66   32     1.14500074458770E-13   1.12210072969594E-11
 67   32     1.77773670511076E-16   1.75995933805966E-14
 68   32     6.44152691302409E-11   6.44152691302409E-09
 69   32     2.42822563338723E-14   2.45250788972110E-12
 70   32     5.18509628025786E-10   5.28879820586302E-08
 71   32     3.01548971195889E-18   3.10595440331766E-16
 72   32     8.78008944825867E-18   9.13129302618902E-16
 73   32     1.03594101271829E-25   1.08773806335421E-23
 74   32     1.13539673302391E-25   1.20352053700535E-23
 75   32     1.00000000000000E-99   1.00000000000000E-99
 76   32     1.00000000000000E-99   1.00000000000000E-99
 77   32     1.00000000000000E-99   1.00000000000000E-99
 78   32     1.00000000000000E-99   1.00000000000000E-99
 79   32     1.00000000000000E-99   1.00000000000000E-99
 80   32     1.00000000000000E-99   1.00000000000000E-99
 24   33     1.00000000000000E-99   1.00000000000000E-99
 25   33     1.00000000000000E-99   1.00000000000000E-99
 26   33     1.00000000000000E-99   1.00000000000000E-99
 27   33     1.00000000000000E-99   1.00000000000000E-99
 28   33     1.00000000000000E-99   1.00000000000000E-99
 29   33     1.00000000000000E-99   1.00000000000000E-99
 30   33     1.00000000000000E-99   1.00000000000000E-99
 31   33     1.00000000000000E-99   1.00000000000000E-99
 32   33     1.00000000000000E-99   1.00000000000000E-99
 33   33     1.00000000000000E-99   1.00000000000000E-99
 34   33     1.00000000000000E-99   1.00000000000000E-99
 35   33     1.00000000000000E-99   1.00000000000000E-99
 36   33     1.00000000000000E-99   1.00000000000000E-99
 37   33     1.00000000000000E-99   1.00000000000000E-99
 38   33     1.00000000000000E-99   1.00000000000000E-99
 39   33     1.00000000000000E-99   1.00000000000000E-99
 40   33     1.00000000000000E-99   1.00000000000000E-99
 41   33     1.00000000000000E-99   1.00000000000000E-99
 42   33     1.00000000000000E-99   1.00000000000000E-99
 43   33     1.00000000000000E-99   1.00000000000000E-99
 44   33     1.00000000000000E-99   1.00000000000000E-99
 45   33     1.00000000000000E-99   1.00000000000000E-99
 46   33     1.00000000000000E-99   1.00000000000000E-99
 47   33     1.00000000000000E-99   1.00000000000000E-99
 48   33     1.00000000000000E-99   1.00000000000000E-99
 49   33     1.00000000000000E-99   1.00000000000000E-99
 50   33     1.00000000000000E-99   1.00000000000000E-99
 51   33     1.00000000000000E-99   1.00000000000000E-99
 52   33     1.00000000000000E-99   1.00000000000000E-99
 53   33     1.00000000000000E-99   1.00000000000000E-99
 54   33     1.00000000000000E-99   1.00000000000000E-99
 55   33     1.00000000000000E-99   1.00000000000000E-99
 56   33     1.00000000000000E-99   1.00000000000000E-99
 57   33     1.00000000000000E-99   1.00000000000000E-99
 58   33     1.00000000000000E-99   1.00000000000000E-99
 59   33     1.26818154552759E-25   1.16672702188539E-23
 60   33     1.19051086383961E-23   1.10717510337084E-21
 61   33     5.59516565912906E-23   5.25945571958132E-21
 62   33     1.14001210040315E-20   1.08301149538299E-18
 63   33     1.10038314386709E-21   1.05636781811241E-19
 64   33     6.58134723059521E-20   6.38390681367736E-18
 65   33     5.85865541778196E-19   5.74148230942632E-17
 66   33     3.94946430782062E-17   3.90996966474241E-15
 67   33     3.15669156344618E-17   3.15669156344618E-15
 68   33     2.81712061487063E-15   2.84529182101934E-13
 69   33     6.15486776158187E-16   6.27796511681351E-14
 70   33     7.46978147781436E-10   7.69387492214879E-08
 71   33     9.99848409013992E-15   1.03984234537455E-12
 72   33     8.80491454052610E-13   9.24516026755241E-11
 73   33     3.74925586528323E-18   3.97421121720023E-16
 74   33     4.27823569722274E-17   4.57771219602833E-15
 75   33     7.14680747774885E-23   7.71855207596876E-21
 76   33     8.54999984033168E-24   9.31949982596154E-22
 77   33     1.00000000000000E-99   1.00000000000000E-99
 78   33     1.00000000000000E-99   1.00000000000000E-99
 79   33     1.00000000000000E-99   1.00000000000000E-99
 80   33     1.00000000000000E-99   1.00000000000000E-99
 81   33     1.00000000000000E-99   1.00000000000000E-99
 82   33     1.00000000000000E-99   1.00000000000000E-99
 25   34     1.00000000000000E-99   1.00000000000000E-99
 26   34     1.00000000000000E-99   1.00000000000000E-99
 27   34     1.00000000000000E-99   1.00000000000000E-99
 28   34     1.00000000000000E-99   1.00000000000000E-99
 29   34     1.00000000000000E-99   1.00000000000000E-99
 30   34     1.00000000000000E-99   1.00000000000000E-99
 31   34     1.00000000000000E-99   1.00000000000000E-99
 32   34     1.00000000000000E-99   1.00000000000000E-99
 33   34     1.00000000000000E-99   1.00000000000000E-99
 34   34     1.00000000000000E-99   1.00000000000000E-99
 35   34     1.00000000000000E-99   1.00000000000000E-99
 36   34     1.00000000000000E-99   1.00000000000000E-99
 37   34     1.00000000000000E-99   1.00000000000000E-99
 38   34     1.00000000000000E-99   1.00000000000000E-99
 39   34     1.00000000000000E-99   1.00000000000000E-99
 40   34     1.00000000000000E-99   1.00000000000000E-99
 41   34     1.00000000000000E-99   1.00000000000000E-99
 42   34     1.00000000000000E-99   1.00000000000000E-99
 43   34     1.00000000000000E-99   1.00000000000000E-99
 44   34     1.00000000000000E-99   1.00000000000000E-99
 45   34     1.00000000000000E-99   1.00000000000000E-99
 46   34     1.00000000000000E-99   1.00000000000000E-99
 47   34     1.00000000000000E-99   1.00000000000000E-99
 48   34     1.00000000000000E-99   1.00000000000000E-99
 49   34     1.00000000000000E-99   1.00000000000000E-99
 50   34     1.00000000000000E-99   1.00000000000000E-99
 51   34     1.00000000000000E-99   1.00000000000000E-99
 52   34     1.00000000000000E-99   1.00000000000000E-99
 53   34     1.00000000000000E-99   1.00000000000000E-99
 54   34     1.00000000000000E-99   1.00000000000000E-99
 55   34     1.00000000000000E-99   1.00000000000000E-99
 56   34     1.00000000000000E-99   1.00000000000000E-99
 57   34     1.00000000000000E-99   1.00000000000000E-99
 58   34     1.00000000000000E-99   1.00000000000000E-99
 59   34     1.00000000000000E-99   1.00000000000000E-99
 60   34     1.00000000000000E-99   1.00000000000000E-99
 61   34     1.00000000000000E-99   1.00000000000000E-99
 62   34     1.00000000000000E-99   1.00000000000000E-99
 63   34     2.34303389572331E-25   2.27274287885161E-23
 64   34     8.24164995595847E-24   8.07681695683930E-22
 65   34     2.90653803741399E-23   2.87747265703985E-21
 66   34     2.92226197133197E-19   2.92226197133197E-17
 67   34     4.22585129980707E-17   4.26810981280514E-15
 68   34     1.24780093839161E-15   1.27275695715944E-13
 69   34     1.05625732824878E-16   1.08794504809624E-14
 70   34     2.46328315392825E-11   2.56181448008538E-09
 71   34     4.96875141003333E-15   5.21718898053500E-13
 72   34     2.73084130127470E-10   2.89469177935119E-08
 73   34     1.29814105384519E-14   1.38901092761435E-12
 74   34     3.05075108276317E-10   3.29481116938423E-08
 75   34     4.62364186557223E-16   5.03976963347373E-14
 76   34     3.16312314043579E-14   3.47943545447937E-12
 77   34     1.26380249992792E-19   1.40282077491999E-17
 78   34     1.65320626405461E-16   1.85159101574116E-14
 79   34     9.57511528113338E-25   1.08198802676807E-22
 80   34     4.03005237520863E-24   4.59425970773784E-22
 81   34     4.25108616575014E-21   4.88874909061266E-19
 82   34     6.46802719180067E-22   7.50291154248877E-20
 83   34     1.00000000000000E-99   1.00000000000000E-99
 84   34     1.00000000000000E-99   1.00000000000000E-99
 26   35     1.00000000000000E-99   1.00000000000000E-99
 27   35     1.00000000000000E-99   1.00000000000000E-99
 28   35     1.00000000000000E-99   1.00000000000000E-99
 29   35     1.00000000000000E-99   1.00000000000000E-99
 30   35     1.00000000000000E-99   1.00000000000000E-99
 31   35     1.00000000000000E-99   1.00000000000000E-99
 32   35     1.00000000000000E-99   1.00000000000000E-99
 33   35     1.00000000000000E-99   1.00000000000000E-99
 34   35     1.00000000000000E-99   1.00000000000000E-99
 35   35     1.00000000000000E-99   1.00000000000000E-99
 36   35     1.00000000000000E-99   1.00000000000000E-99
 37   35     1.00000000000000E-99   1.00000000000000E-99
 38   35     1.00000000000000E-99   1.00000000000000E-99
 39   35     1.00000000000000E-99   1.00000000000000E-99
 40   35     1.00000000000000E-99   1.00000000000000E-99
 41   35     1.00000000000000E-99   1.00000000000000E-99
 42   35     1.00000000000000E-99   1.00000000000000E-99
 43   35     1.00000000000000E-99   1.00000000000000E-99
 44   35     1.00000000000000E-99   1.00000000000000E-99
 45   35     1.00000000000000E-99   1.00000000000000E-99
 46   35     1.00000000000000E-99   1.00000000000000E-99
 47   35     1.00000000000000E-99   1.00000000000000E-99
 48   35     1.00000000000000E-99   1.00000000000000E-99
 49   35     1.00000000000000E-99   1.00000000000000E-99
 50   35     1.00000000000000E-99   1.00000000000000E-99
 51   35     1.00000000000000E-99   1.00000000000000E-99
 52   35     1.00000000000000E-99   1.00000000000000E-99
 53   35     1.00000000000000E-99   1.00000000000000E-99
 54   35     1.00000000000000E-99   1.00000000000000E-99
 55   35     1.00000000000000E-99   1.00000000000000E-99
 56   35     1.00000000000000E-99   1.00000000000000E-99
 57   35     1.00000000000000E-99   1.00000000000000E-99
 58   35     1.00000000000000E-99   1.00000000000000E-99
 59   35     1.00000000000000E-99   1.00000000000000E-99
 60   35     1.00000000000000E-99   1.00000000000000E-99
 61   35     1.00000000000000E-99   1.00000000000000E-99
 62   35     1.00000000000000E-99   1.00000000000000E-99
 63   35     1.00000000000000E-99   1.00000000000000E-99
 64   35     1.00000000000000E-99   1.00000000000000E-99
 65   35     2.72358513080295E-25   2.72358513080295E-23
 66   35     2.16342821503615E-23   2.18506249718651E-21
 67   35     1.72725161116411E-20   1.76179664338739E-18
 68   35     2.27181857466853E-18   2.33997313190858E-16
 69   35     4.04598579238054E-18   4.20782522407576E-16
 70   35     7.83472840284868E-16   8.22646482299111E-14
 71   35     8.22904874010476E-17   8.72279166451105E-15
 72   35     3.49911598264234E-12   3.74405410142730E-10
 73   35     5.71761566114567E-14   6.17502491403732E-12
 74   35     6.06856993917012E-10   6.61474123369544E-08
 75   35     2.80757276206461E-18   3.08833003827107E-16
 76   35     2.17110735856002E-18   2.40992916800162E-16
 77   35     1.54681629726831E-17   1.73243425294051E-15
 78   35     1.79273222989056E-14   2.02578741977634E-12
 79   35     2.42135807660234E-18   2.76034820732667E-16
 80   35     8.79110013523092E-19   1.01097651555156E-16
 81   35     5.94453993049740E-13   6.89566631937698E-11
 82   35     1.36747914100532E-12   1.59995059497622E-10
 83   35     5.36200872434906E-25   6.32717029473189E-23
 84   35     1.00000000000000E-99   1.00000000000000E-99
 85   35     1.00000000000000E-99   1.00000000000000E-99
 86   35     1.00000000000000E-99   1.00000000000000E-99
 27   36     1.00000000000000E-99   1.00000000000000E-99
 28   36     1.00000000000000E-99   1.00000000000000E-99
 29   36     1.00000000000000E-99   1.00000000000000E-99
 30   36     1.00000000000000E-99   1.00000000000000E-99
 31   36     1.00000000000000E-99   1.00000000000000E-99
 32   36     1.00000000000000E-99   1.00000000000000E-99
 33   36     1.00000000000000E-99   1.00000000000000E-99
 34   36     1.00000000000000E-99   1.00000000000000E-99
 35   36     1.00000000000000E-99   1.00000000000000E-99
 36   36     1.00000000000000E-99   1.00000000000000E-99
 37   36     1.00000000000000E-99   1.00000000000000E-99
 38   36     1.00000000000000E-99   1.00000000000000E-99
 39   36     1.00000000000000E-99   1.00000000000000E-99
 40   36     1.00000000000000E-99   1.00000000000000E-99
 41   36     1.00000000000000E-99   1.00000000000000E-99
 42   36     1.00000000000000E-99   1.00000000000000E-99
 43   36     1.00000000000000E-99   1.00000000000000E-99
 44   36     1.00000000000000E-99   1.00000000000000E-99
 45   36     1.00000000000000E-99   1.00000000000000E-99
 46   36     1.00000000000000E-99   1.00000000000000E-99
 47   36     1.00000000000000E-99   1.00000000000000E-99
 48   36     1.00000000000000E-99   1.00000000000000E-99
 49   36     1.00000000000000E-99   1.00000000000000E-99
 50   36     1.00000000000000E-99   1.00000000000000E-99
 51   36     1.00000000000000E-99   1.00000000000000E-99
 52   36     1.00000000000000E-99   1.00000000000000E-99
 53   36     1.00000000000000E-99   1.00000000000000E-99
 54   36     1.00000000000000E-99   1.00000000000000E-99
 55   36     1.00000000000000E-99   1.00000000000000E-99
 56   36     1.00000000000000E-99   1.00000000000000E-99
 57   36     1.00000000000000E-99   1.00000000000000E-99
 58   36     1.00000000000000E-99   1.00000000000000E-99
 59   36     1.00000000000000E-99   1.00000000000000E-99
 60   36     1.00000000000000E-99   1.00000000000000E-99
 61   36     1.00000000000000E-99   1.00000000000000E-99
 62   36     1.00000000000000E-99   1.00000000000000E-99
 63   36     1.00000000000000E-99   1.00000000000000E-99
 64   36     1.00000000000000E-99   1.00000000000000E-99
 65   36     1.00000000000000E-99   1.00000000000000E-99
 66   36     1.31915961661121E-25   1.34554280894344E-23
 67   36     9.21163596887024E-25   9.48798504793634E-23
 68   36     1.61223532673250E-22   1.67672473980180E-20
 69   36     6.95116503066647E-20   7.29872328219979E-18
 70   36     2.57829677942955E-17   2.73299458619532E-15
 71   36     9.38608776123793E-17   1.00431139045246E-14
 72   36     1.84895589954164E-13   1.99687237150497E-11
 73   36     2.95571837484683E-14   3.22173302858304E-12
 74   36     7.23198131458461E-13   7.95517944604307E-11
 75   36     6.56158469831854E-17   7.28335901513358E-15
 76   36     7.09764854736539E-17   7.94936637304924E-15
 77   36     6.27350268339373E-16   7.08905803223492E-14
 78   36     2.19696589708895E-13   2.50454112268140E-11
 79   36     1.79265757326549E-16   2.06155620925532E-14
 80   36     1.14252714910531E-15   1.32533149296216E-13
 81   36     2.00163479397984E-13   2.34191270895641E-11
 82   36     3.14313380532639E-10   3.70889789028514E-08
 83   36     1.72863953570980E-22   2.05708104749466E-20
 84   36     1.00000000000000E-99   1.00000000000000E-99
 85   36     1.00000000000000E-99   1.00000000000000E-99
 86   36     1.00000000000000E-99   1.00000000000000E-99
 87   36     1.00000000000000E-99   1.00000000000000E-99
 88   36     1.00000000000000E-99   1.00000000000000E-99
 29   37     1.00000000000000E-99   1.00000000000000E-99
 30   37     1.00000000000000E-99   1.00000000000000E-99
 31   37     1.00000000000000E-99   1.00000000000000E-99
 32   37     1.00000000000000E-99   1.00000000000000E-99
 33   37     1.00000000000000E-99   1.00000000000000E-99
 34   37     1.00000000000000E-99   1.00000000000000E-99
 35   37     1.00000000000000E-99   1.00000000000000E-99
 36   37     1.00000000000000E-99   1.00000000000000E-99
 37   37     1.00000000000000E-99   1.00000000000000E-99
 38   37     1.00000000000000E-99   1.00000000000000E-99
 39   37     1.00000000000000E-99   1.00000000000000E-99
 40   37     1.00000000000000E-99   1.00000000000000E-99
 41   37     1.00000000000000E-99   1.00000000000000E-99
 42   37     1.00000000000000E-99   1.00000000000000E-99
 43   37     1.00000000000000E-99   1.00000000000000E-99
 44   37     1.00000000000000E-99   1.00000000000000E-99
 45   37     1.00000000000000E-99   1.00000000000000E-99
 46   37     1.00000000000000E-99   1.00000000000000E-99
 47   37     1.00000000000000E-99   1.00000000000000E-99
 48   37     1.00000000000000E-99   1.00000000000000E-99
 49   37     1.00000000000000E-99   1.00000000000000E-99
 50   37     1.00000000000000E-99   1.00000000000000E-99
 51   37     1.00000000000000E-99   1.00000000000000E-99
 52   37     1.00000000000000E-99   1.00000000000000E-99
 53   37     1.00000000000000E-99   1.00000000000000E-99
 54   37     1.00000000000000E-99   1.00000000000000E-99
 55   37     1.00000000000000E-99   1.00000000000000E-99
 56   37     1.00000000000000E-99   1.00000000000000E-99
 57   37     1.00000000000000E-99   1.00000000000000E-99
 58   37     1.00000000000000E-99   1.00000000000000E-99
 59   37     1.00000000000000E-99   1.00000000000000E-99
 60   37     1.00000000000000E-99   1.00000000000000E-99
 61   37     1.00000000000000E-99   1.00000000000000E-99
 62   37     1.00000000000000E-99   1.00000000000000E-99
 63   37     1.00000000000000E-99   1.00000000000000E-99
 64   37     1.00000000000000E-99   1.00000000000000E-99
 65   37     1.00000000000000E-99   1.00000000000000E-99
 66   37     1.00000000000000E-99   1.00000000000000E-99
 67   37     1.00000000000000E-99   1.00000000000000E-99
 68   37     3.96390037903453E-25   4.16209539798625E-23
 69   37     6.61229889956369E-23   7.00903683353751E-21
 70   37     1.13963843020398E-20   1.21941312031826E-18
 71   37     8.83830868372800E-21   9.54537337842624E-19
 72   37     2.03118334410922E-18   2.21398984507904E-16
 73   37     3.15401210039520E-19   3.46941331043472E-17
 74   37     7.88711384224972E-19   8.75469636489719E-17
 75   37     4.40256560465881E-20   4.93087347721787E-18
 76   37     2.93566766049039E-19   3.31730445635414E-17
 77   37     5.24528769579181E-20   5.97962797320267E-18
 78   37     5.64512640144580E-18   6.49189536166267E-16
 79   37     7.04424115900469E-18   8.17131974444544E-16
 80   37     3.73841752377504E-17   4.37394850281680E-15
 81   37     9.95973366643974E-16   1.17524857263989E-13
 82   37     4.02404678623542E-10   4.78861567562015E-08
 83   37     2.23898510074238E-20   2.68678212089086E-18
 84   37     1.39867463477217E-25   1.69239630807432E-23
 85   37     1.00000000000000E-99   1.00000000000000E-99
 86   37     1.00000000000000E-99   1.00000000000000E-99
 87   37     1.00000000000000E-99   1.00000000000000E-99
 88   37     1.00000000000000E-99   1.00000000000000E-99
 89   37     1.00000000000000E-99   1.00000000000000E-99
 90   37     1.00000000000000E-99   1.00000000000000E-99
 91   37     1.00000000000000E-99   1.00000000000000E-99
 30   38     1.00000000000000E-99   1.00000000000000E-99
 31   38     1.00000000000000E-99   1.00000000000000E-99
 32   38     1.00000000000000E-99   1.00000000000000E-99
 33   38     1.00000000000000E-99   1.00000000000000E-99
 34   38     1.00000000000000E-99   1.00000000000000E-99
 35   38     1.00000000000000E-99   1.00000000000000E-99
 36   38     1.00000000000000E-99   1.00000000000000E-99
 37   38     1.00000000000000E-99   1.00000000000000E-99
 38   38     1.00000000000000E-99   1.00000000000000E-99
 39   38     1.00000000000000E-99   1.00000000000000E-99
 40   38     1.00000000000000E-99   1.00000000000000E-99
 41   38     1.00000000000000E-99   1.00000000000000E-99
 42   38     1.00000000000000E-99   1.00000000000000E-99
 43   38     1.00000000000000E-99   1.00000000000000E-99
 44   38     1.00000000000000E-99   1.00000000000000E-99
 45   38     1.00000000000000E-99   1.00000000000000E-99
 46   38     1.00000000000000E-99   1.00000000000000E-99
 47   38     1.00000000000000E-99   1.00000000000000E-99
 48   38     1.00000000000000E-99   1.00000000000000E-99
 49   38     1.00000000000000E-99   1.00000000000000E-99
 50   38     1.00000000000000E-99   1.00000000000000E-99
 51   38     1.00000000000000E-99   1.00000000000000E-99
 52   38     1.00000000000000E-99   1.00000000000000E-99
 53   38     1.00000000000000E-99   1.00000000000000E-99
 54   38     1.00000000000000E-99   1.00000000000000E-99
 55   38     1.00000000000000E-99   1.00000000000000E-99
 56   38     1.00000000000000E-99   1.00000000000000E-99
 57   38     1.00000000000000E-99   1.00000000000000E-99
 58   38     1.00000000000000E-99   1.00000000000000E-99
 59   38     1.00000000000000E-99   1.00000000000000E-99
 60   38     1.00000000000000E-99   1.00000000000000E-99
 61   38     1.00000000000000E-99   1.00000000000000E-99
 62   38     1.00000000000000E-99   1.00000000000000E-99
 63   38     1.00000000000000E-99   1.00000000000000E-99
 64   38     1.00000000000000E-99   1.00000000000000E-99
 65   38     1.00000000000000E-99   1.00000000000000E-99
 66   38     1.00000000000000E-99   1.00000000000000E-99
 67   38     1.00000000000000E-99   1.00000000000000E-99
 68   38     1.00000000000000E-99   1.00000000000000E-99
 69   38     1.00000000000000E-99   1.00000000000000E-99
 70   38     1.69847306379254E-25   1.83435090889595E-23
 71   38     1.00000000000000E-99   1.00000000000000E-99
 72   38     1.38307591477537E-24   1.52138350625291E-22
 73   38     2.31884285351246E-25   2.57391556739883E-23
 74   38     3.27714770316313E-25   3.67040542754271E-23
 75   38     3.79740440688450E-25   4.29106697977948E-23
 76   38     8.89080345343972E-24   1.01355159369213E-21
 77   38     9.98558711915063E-24   1.14834251870232E-21
 78   38     1.12166816917573E-17   1.30113507624385E-15
 79   38     4.05654121076947E-17   4.74615321660028E-15
 80   38     9.56210003405427E-17   1.12832780401840E-14
 81   38     2.47375613837132E-16   2.94376980466187E-14
 82   38     6.30896533538708E-10   7.57075840246449E-08
 83   38     1.08842833420523E-19   1.31699828438833E-17
 84   38     1.32588825658010E-22   1.61758367302772E-20
 85   38     1.00000000000000E-99   1.00000000000000E-99
 86   38     1.00000000000000E-99   1.00000000000000E-99
 87   38     1.00000000000000E-99   1.00000000000000E-99
 88   38     1.00000000000000E-99   1.00000000000000E-99
 89   38     1.00000000000000E-99   1.00000000000000E-99
 90   38     1.00000000000000E-99   1.00000000000000E-99
 91   38     1.00000000000000E-99   1.00000000000000E-99
 92   38     1.00000000000000E-99   1.00000000000000E-99
 93   38     1.00000000000000E-99   1.00000000000000E-99
 31   39     1.00000000000000E-99   1.00000000000000E-99
 32   39     1.00000000000000E-99   1.00000000000000E-99
 33   39     1.00000000000000E-99   1.00000000000000E-99
 34   39     1.00000000000000E-99   1.00000000000000E-99
 35   39     1.00000000000000E-99   1.00000000000000E-99
 36   39     1.00000000000000E-99   1.00000000000000E-99
 37   39     1.00000000000000E-99   1.00000000000000E-99
 38   39     1.00000000000000E-99   1.00000000000000E-99
 39   39     1.00000000000000E-99   1.00000000000000E-99
 40   39     1.00000000000000E-99   1.00000000000000E-99
 41   39     1.00000000000000E-99   1.00000000000000E-99
 42   39     1.00000000000000E-99   1.00000000000000E-99
 43   39     1.00000000000000E-99   1.00000000000000E-99
 44   39     1.00000000000000E-99   1.00000000000000E-99
 45   39     1.00000000000000E-99   1.00000000000000E-99
 46   39     1.00000000000000E-99   1.00000000000000E-99
 47   39     1.00000000000000E-99   1.00000000000000E-99
 48   39     1.00000000000000E-99   1.00000000000000E-99
 49   39     1.00000000000000E-99   1.00000000000000E-99
 50   39     1.00000000000000E-99   1.00000000000000E-99
 51   39     1.00000000000000E-99   1.00000000000000E-99
 52   39     1.00000000000000E-99   1.00000000000000E-99
 53   39     1.00000000000000E-99   1.00000000000000E-99
 54   39     1.00000000000000E-99   1.00000000000000E-99
 55   39     1.00000000000000E-99   1.00000000000000E-99
 56   39     1.00000000000000E-99   1.00000000000000E-99
 57   39     1.00000000000000E-99   1.00000000000000E-99
 58   39     1.00000000000000E-99   1.00000000000000E-99
 59   39     1.00000000000000E-99   1.00000000000000E-99
 60   39     1.00000000000000E-99   1.00000000000000E-99
 61   39     1.00000000000000E-99   1.00000000000000E-99
 62   39     1.00000000000000E-99   1.00000000000000E-99
 63   39     1.00000000000000E-99   1.00000000000000E-99
 64   39     1.00000000000000E-99   1.00000000000000E-99
 65   39     1.00000000000000E-99   1.00000000000000E-99
 66   39     1.00000000000000E-99   1.00000000000000E-99
 67   39     1.00000000000000E-99   1.00000000000000E-99
 68   39     1.00000000000000E-99   1.00000000000000E-99
 69   39     1.00000000000000E-99   1.00000000000000E-99
 70   39     1.00000000000000E-99   1.00000000000000E-99
 71   39     1.00000000000000E-99   1.00000000000000E-99
 72   39     1.00000000000000E-99   1.00000000000000E-99
 73   39     1.00000000000000E-99   1.00000000000000E-99
 74   39     1.00000000000000E-99   1.00000000000000E-99
 75   39     1.00000000000000E-99   1.00000000000000E-99
 76   39     1.12077834764046E-24   1.28889509978653E-22
 77   39     6.75993826327316E-25   7.84152838539686E-23
 78   39     3.72917978401521E-22   4.36314034729779E-20
 79   39     1.32440927063562E-18   1.56280293935004E-16
 80   39     1.92989042528966E-17   2.29656960609470E-15
 81   39     3.84382683047171E-17   4.61259219656605E-15
 82   39     9.05892113472480E-10   1.09612945730170E-07
 83   39     3.94766105255002E-17   4.81614648411103E-15
 84   39     3.26814374214222E-19   4.01981680283494E-17
 85   39     1.00000000000000E-99   1.00000000000000E-99
 86   39     1.00000000000000E-99   1.00000000000000E-99
 87   39     1.00000000000000E-99   1.00000000000000E-99
 88   39     1.00000000000000E-99   1.00000000000000E-99
 89   39     1.00000000000000E-99   1.00000000000000E-99
 90   39     1.00000000000000E-99   1.00000000000000E-99
 91   39     1.00000000000000E-99   1.00000000000000E-99
 92   39     1.00000000000000E-99   1.00000000000000E-99
 93   39     1.00000000000000E-99   1.00000000000000E-99
 94   39     1.00000000000000E-99   1.00000000000000E-99
 95   39     1.46830796840803E-18   1.96753267766676E-16
 32   40     1.00000000000000E-99   1.00000000000000E-99
 33   40     1.00000000000000E-99   1.00000000000000E-99
 34   40     1.00000000000000E-99   1.00000000000000E-99
 35   40     1.00000000000000E-99   1.00000000000000E-99
 36   40     1.00000000000000E-99   1.00000000000000E-99
 37   40     1.00000000000000E-99   1.00000000000000E-99
 38   40     1.00000000000000E-99   1.00000000000000E-99
 39   40     1.00000000000000E-99   1.00000000000000E-99
 40   40     1.00000000000000E-99   1.00000000000000E-99
 41   40     1.00000000000000E-99   1.00000000000000E-99
 42   40     1.00000000000000E-99   1.00000000000000E-99
 43   40     1.00000000000000E-99   1.00000000000000E-99
 44   40     1.00000000000000E-99   1.00000000000000E-99
 45   40     1.00000000000000E-99   1.00000000000000E-99
 46   40     1.00000000000000E-99   1.00000000000000E-99
 47   40     1.00000000000000E-99   1.00000000000000E-99
 48   40     1.00000000000000E-99   1.00000000000000E-99
 49   40     1.00000000000000E-99   1.00000000000000E-99
 50   40     1.00000000000000E-99   1.00000000000000E-99
 51   40     1.00000000000000E-99   1.00000000000000E-99
 52   40     1.00000000000000E-99   1.00000000000000E-99
 53   40     1.00000000000000E-99   1.00000000000000E-99
 54   40     1.00000000000000E-99   1.00000000000000E-99
 55   40     1.00000000000000E-99   1.00000000000000E-99
 56   40     1.00000000000000E-99   1.00000000000000E-99
 57   40     1.00000000000000E-99   1.00000000000000E-99
 58   40     1.00000000000000E-99   1.00000000000000E-99
 59   40     1.00000000000000E-99   1.00000000000000E-99
 60   40     1.00000000000000E-99   1.00000000000000E-99
 61   40     1.00000000000000E-99   1.00000000000000E-99
 62   40     1.00000000000000E-99   1.00000000000000E-99
 63   40     1.00000000000000E-99   1.00000000000000E-99
 64   40     1.00000000000000E-99   1.00000000000000E-99
 65   40     1.00000000000000E-99   1.00000000000000E-99
 66   40     1.00000000000000E-99   1.00000000000000E-99
 67   40     1.00000000000000E-99   1.00000000000000E-99
 68   40     1.00000000000000E-99   1.00000000000000E-99
 69   40     1.00000000000000E-99   1.00000000000000E-99
 70   40     1.00000000000000E-99   1.00000000000000E-99
 71   40     1.00000000000000E-99   1.00000000000000E-99
 72   40     1.00000000000000E-99   1.00000000000000E-99
 73   40     1.00000000000000E-99   1.00000000000000E-99
 74   40     1.00000000000000E-99   1.00000000000000E-99
 75   40     1.00000000000000E-99   1.00000000000000E-99
 76   40     1.00000000000000E-99   1.00000000000000E-99
 77   40     2.70642606555026E-25   3.16651849669380E-23
 78   40     4.34975071499429E-22   5.13270584369327E-20
 79   40     9.19739484805843E-18   1.09448998691895E-15
 80   40     3.79085279750135E-17   4.54902335700162E-15
 81   40     3.64105502167530E-16   4.40567657622711E-14
 82   40     2.62208760541047E-09   3.19894687860078E-07
 83   40     1.59389713950228E-16   1.96049348158780E-14
 84   40     9.30609007462031E-16   1.15395516925292E-13
 85   40     8.97277500862417E-25   1.12159687607802E-22
 86   40     6.91810651216529E-24   8.71681420532827E-22
 87   40     5.68464957319272E-25   7.21950495795475E-23
 88   40     3.77903850402544E-25   4.83716928515256E-23
 89   40     3.52783965875599E-25   4.55091315979522E-23
 90   40     2.77861654893292E-23   3.61220151361279E-21
 91   40     5.78937600373530E-25   7.58408256489324E-23
 92   40     2.81157376675918E-24   3.71127737212211E-22
 93   40     1.00000000000000E-99   1.00000000000000E-99
 94   40     1.00000000000000E-99   1.00000000000000E-99
 95   40     1.00000000000000E-99   1.00000000000000E-99
 96   40     1.00000000000000E-99   1.00000000000000E-99
 97   40     4.08132528577562E-24   5.59141564151259E-22
 33   41     1.00000000000000E-99   1.00000000000000E-99
 34   41     1.00000000000000E-99   1.00000000000000E-99
 35   41     1.00000000000000E-99   1.00000000000000E-99
 36   41     1.00000000000000E-99   1.00000000000000E-99
 37   41     1.00000000000000E-99   1.00000000000000E-99
 38   41     1.00000000000000E-99   1.00000000000000E-99
 39   41     1.00000000000000E-99   1.00000000000000E-99
 40   41     1.00000000000000E-99   1.00000000000000E-99
 41   41     1.00000000000000E-99   1.00000000000000E-99
 42   41     1.00000000000000E-99   1.00000000000000E-99
 43   41     1.00000000000000E-99   1.00000000000000E-99
 44   41     1.00000000000000E-99   1.00000000000000E-99
 45   41     1.00000000000000E-99   1.00000000000000E-99
 46   41     1.00000000000000E-99   1.00000000000000E-99
 47   41     1.00000000000000E-99   1.00000000000000E-99
 48   41     1.00000000000000E-99   1.00000000000000E-99
 49   41     1.00000000000000E-99   1.00000000000000E-99
 50   41     1.00000000000000E-99   1.00000000000000E-99
 51   41     1.00000000000000E-99   1.00000000000000E-99
 52   41     1.00000000000000E-99   1.00000000000000E-99
 53   41     1.00000000000000E-99   1.00000000000000E-99
 54   41     1.00000000000000E-99   1.00000000000000E-99
 55   41     1.00000000000000E-99   1.00000000000000E-99
 56   41     1.00000000000000E-99   1.00000000000000E-99
 57   41     1.00000000000000E-99   1.00000000000000E-99
 58   41     1.00000000000000E-99   1.00000000000000E-99
 59   41     1.00000000000000E-99   1.00000000000000E-99
 60   41     1.00000000000000E-99   1.00000000000000E-99
 61   41     1.00000000000000E-99   1.00000000000000E-99
 62   41     1.00000000000000E-99   1.00000000000000E-99
 63   41     1.00000000000000E-99   1.00000000000000E-99
 64   41     1.00000000000000E-99   1.00000000000000E-99
 65   41     1.00000000000000E-99   1.00000000000000E-99
 66   41     1.00000000000000E-99   1.00000000000000E-99
 67   41     1.00000000000000E-99   1.00000000000000E-99
 68   41     1.00000000000000E-99   1.00000000000000E-99
 69   41     1.00000000000000E-99   1.00000000000000E-99
 70   41     1.00000000000000E-99   1.00000000000000E-99
 71   41     1.00000000000000E-99   1.00000000000000E-99
 72   41     1.00000000000000E-99   1.00000000000000E-99
 73   41     1.00000000000000E-99   1.00000000000000E-99
 74   41     1.00000000000000E-99   1.00000000000000E-99
 75   41     1.00000000000000E-99   1.00000000000000E-99
 76   41     1.00000000000000E-99   1.00000000000000E-99
 77   41     1.00000000000000E-99   1.00000000000000E-99
 78   41     7.24617079073381E-25   8.62294324097323E-23
 79   41     3.64504230370934E-19   4.37405076445121E-17
 80   41     1.22291149467152E-18   1.47972290855254E-16
 81   41     4.22104732008227E-17   5.14967773050036E-15
 82   41     2.01426884451764E-08   2.47755067875670E-06
 83   41     6.56795718639471E-12   8.14426691112944E-10
 84   41     3.96559421658364E-10   4.95699277072955E-08
 85   41     2.13946286984648E-17   2.69572321600656E-15
 86   41     4.97853540551721E-18   6.32273996500685E-16
 87   41     1.00000000000000E-99   1.00000000000000E-99
 88   41     1.00000000000000E-99   1.00000000000000E-99
 89   41     1.00000000000000E-99   1.00000000000000E-99
 90   41     1.00000000000000E-99   1.00000000000000E-99
 91   41     1.00000000000000E-99   1.00000000000000E-99
 92   41     1.00000000000000E-99   1.00000000000000E-99
 93   41     1.00000000000000E-99   1.00000000000000E-99
 94   41     1.00000000000000E-99   1.00000000000000E-99
 95   41     1.00000000000000E-99   1.00000000000000E-99
 96   41     1.00000000000000E-99   1.00000000000000E-99
 97   41     1.00000000000000E-99   1.00000000000000E-99
 98   41     1.00000000000000E-99   1.00000000000000E-99
 99   41     5.81975786976638E-18   8.14766101767293E-16
 35   42     1.00000000000000E-99   1.00000000000000E-99
 36   42     1.00000000000000E-99   1.00000000000000E-99
 37   42     1.00000000000000E-99   1.00000000000000E-99
 38   42     1.00000000000000E-99   1.00000000000000E-99
 39   42     1.00000000000000E-99   1.00000000000000E-99
 40   42     1.00000000000000E-99   1.00000000000000E-99
 41   42     1.00000000000000E-99   1.00000000000000E-99
 42   42     1.00000000000000E-99   1.00000000000000E-99
 43   42     1.00000000000000E-99   1.00000000000000E-99
 44   42     1.00000000000000E-99   1.00000000000000E-99
 45   42     1.00000000000000E-99   1.00000000000000E-99
 46   42     1.00000000000000E-99   1.00000000000000E-99
 47   42     1.00000000000000E-99   1.00000000000000E-99
 48   42     1.00000000000000E-99   1.00000000000000E-99
 49   42     1.00000000000000E-99   1.00000000000000E-99
 50   42     1.00000000000000E-99   1.00000000000000E-99
 51   42     1.00000000000000E-99   1.00000000000000E-99
 52   42     1.00000000000000E-99   1.00000000000000E-99
 53   42     1.00000000000000E-99   1.00000000000000E-99
 54   42     1.00000000000000E-99   1.00000000000000E-99
 55   42     1.00000000000000E-99   1.00000000000000E-99
 56   42     1.00000000000000E-99   1.00000000000000E-99
 57   42     1.00000000000000E-99   1.00000000000000E-99
 58   42     1.00000000000000E-99   1.00000000000000E-99
 59   42     1.00000000000000E-99   1.00000000000000E-99
 60   42     1.00000000000000E-99   1.00000000000000E-99
 61   42     1.00000000000000E-99   1.00000000000000E-99
 62   42     1.00000000000000E-99   1.00000000000000E-99
 63   42     1.00000000000000E-99   1.00000000000000E-99
 64   42     1.00000000000000E-99   1.00000000000000E-99
 65   42     1.00000000000000E-99   1.00000000000000E-99
 66   42     1.00000000000000E-99   1.00000000000000E-99
 67   42     1.00000000000000E-99   1.00000000000000E-99
 68   42     1.00000000000000E-99   1.00000000000000E-99
 69   42     1.00000000000000E-99   1.00000000000000E-99
 70   42     1.00000000000000E-99   1.00000000000000E-99
 71   42     1.00000000000000E-99   1.00000000000000E-99
 72   42     1.00000000000000E-99   1.00000000000000E-99
 73   42     1.00000000000000E-99   1.00000000000000E-99
 74   42     1.00000000000000E-99   1.00000000000000E-99
 75   42     1.00000000000000E-99   1.00000000000000E-99
 76   42     1.00000000000000E-99   1.00000000000000E-99
 77   42     1.00000000000000E-99   1.00000000000000E-99
 78   42     3.08840689106440E-25   3.70608826927728E-23
 79   42     9.01224202160437E-18   1.09048128461413E-15
 80   42     1.22920511033539E-16   1.49963023460917E-14
 81   42     3.23121161139626E-15   3.97439028201741E-13
 82   42     7.71793152254354E-07   9.57023508795400E-05
 83   42     5.77941380735674E-10   7.22426725919592E-08
 84   42     1.28264238565115E-06   1.61612940592045E-04
 85   42     1.42169603844626E-12   1.80555396882675E-10
 86   42     3.15947956439759E-11   4.04413384242891E-09
 87   42     3.57861868268771E-24   4.61641810066714E-22
 88   42     2.66282124421090E-21   3.46166761747417E-19
 89   42     3.46235666799125E-24   4.53568723506853E-22
 90   42     3.05399975047289E-21   4.03127967062421E-19
 91   42     2.09186921668294E-24   2.78218605818831E-22
 92   42     8.37669544345648E-22   1.12247718942317E-19
 93   42     2.20447724466255E-24   2.97604428029445E-22
 94   42     1.10786757726096E-22   1.50669990507490E-20
 95   42     1.97172093753091E-24   2.70125768441734E-22
 96   42     1.03708675396354E-22   1.43117972046968E-20
 97   42     1.00000000000000E-99   1.00000000000000E-99
 98   42     1.00000000000000E-99   1.00000000000000E-99
 99   42     1.00000000000000E-99   1.00000000000000E-99
100   42     1.00000000000000E-99   1.00000000000000E-99
101   42     1.00000000000000E-99   1.00000000000000E-99
102   42     2.79665602936473E-13   4.02718468228521E-11
 36   43     1.00000000000000E-99   1.00000000000000E-99
 37   43     1.00000000000000E-99   1.00000000000000E-99
 38   43     1.00000000000000E-99   1.00000000000000E-99
 39   43     1.00000000000000E-99   1.00000000000000E-99
 40   43     1.00000000000000E-99   1.00000000000000E-99
 41   43     1.00000000000000E-99   1.00000000000000E-99
 42   43     1.00000000000000E-99   1.00000000000000E-99
 43   43     1.00000000000000E-99   1.00000000000000E-99
 44   43     1.00000000000000E-99   1.00000000000000E-99
 45   43     1.00000000000000E-99   1.00000000000000E-99
 46   43     1.00000000000000E-99   1.00000000000000E-99
 47   43     1.00000000000000E-99   1.00000000000000E-99
 48   43     1.00000000000000E-99   1.00000000000000E-99
 49   43     1.00000000000000E-99   1.00000000000000E-99
 50   43     1.00000000000000E-99   1.00000000000000E-99
 51   43     1.00000000000000E-99   1.00000000000000E-99
 52   43     1.00000000000000E-99   1.00000000000000E-99
 53   43     1.00000000000000E-99   1.00000000000000E-99
 54   43     1.00000000000000E-99   1.00000000000000E-99
 55   43     1.00000000000000E-99   1.00000000000000E-99
 56   43     1.00000000000000E-99   1.00000000000000E-99
 57   43     1.00000000000000E-99   1.00000000000000E-99
 58   43     1.00000000000000E-99   1.00000000000000E-99
 59   43     1.00000000000000E-99   1.00000000000000E-99
 60   43     1.00000000000000E-99   1.00000000000000E-99
 61   43     1.00000000000000E-99   1.00000000000000E-99
 62   43     1.00000000000000E-99   1.00000000000000E-99
 63   43     1.00000000000000E-99   1.00000000000000E-99
 64   43     1.00000000000000E-99   1.00000000000000E-99
 65   43     1.00000000000000E-99   1.00000000000000E-99
 66   43     1.00000000000000E-99   1.00000000000000E-99
 67   43     1.00000000000000E-99   1.00000000000000E-99
 68   43     1.00000000000000E-99   1.00000000000000E-99
 69   43     1.00000000000000E-99   1.00000000000000E-99
 70   43     1.00000000000000E-99   1.00000000000000E-99
 71   43     1.00000000000000E-99   1.00000000000000E-99
 72   43     1.00000000000000E-99   1.00000000000000E-99
 73   43     1.00000000000000E-99   1.00000000000000E-99
 74   43     1.00000000000000E-99   1.00000000000000E-99
 75   43     1.00000000000000E-99   1.00000000000000E-99
 76   43     1.00000000000000E-99   1.00000000000000E-99
 77   43     1.00000000000000E-99   1.00000000000000E-99
 78   43     1.00000000000000E-99   1.00000000000000E-99
 79   43     1.15111207025714E-18   1.40435672571371E-16
 80   43     4.11973449422415E-17   5.06727342789570E-15
 81   43     1.94758085593330E-15   2.41500026135729E-13
 82   43     1.01876419688621E-09   1.27345524610776E-07
 83   43     4.64565671945451E-11   5.85352746651268E-09
 84   43     6.42667275109844E-06   8.16187439389502E-04
 85   43     4.01062563878511E-10   5.13360081764494E-08
 86   43     5.06516964653893E-09   6.53406884403522E-07
 87   43     7.59926562823530E-18   9.87904531670588E-16
 88   43     2.58483866637574E-16   3.38613865295222E-14
 89   43     8.37804989495529E-19   1.10590258613410E-16
 90   43     1.06313034335144E-16   1.41396335665741E-14
 91   43     8.65689753277771E-20   1.16002426939221E-17
 92   43     1.52544435753507E-16   2.05934988267235E-14
 93   43     1.72785473464832E-19   2.34988243912172E-17
 94   43     5.62079456099409E-18   7.70048854856191E-16
 95   43     1.83465576153675E-19   2.53182495092071E-17
 96   43     1.83890101054377E-18   2.55607240465584E-16
 97   43     3.62898448476025E-19   5.08057827866435E-17
 98   43     2.90191339511546E-19   4.09169788711280E-17
 99   43     3.78536732577113E-19   5.37522160259501E-17
100   43     2.86389669308834E-21   4.09537227111633E-19
101   43     1.00000000000000E-99   1.00000000000000E-99
102   43     1.00000000000000E-99   1.00000000000000E-99
103   43     3.09967423981207E-20   4.52552439012562E-18
104   43     2.30513152756839E-15   3.38854334552553E-13
 37   44     1.00000000000000E-99   1.00000000000000E-99
 38   44     1.00000000000000E-99   1.00000000000000E-99
 39   44     1.00000000000000E-99   1.00000000000000E-99
 40   44     1.00000000000000E-99   1.00000000000000E-99
 41   44     1.00000000000000E-99   1.00000000000000E-99
 42   44     1.00000000000000E-99   1.00000000000000E-99
 43   44     1.00000000000000E-99   1.00000000000000E-99
 44   44     1.00000000000000E-99   1.00000000000000E-99
 45   44     1.00000000000000E-99   1.00000000000000E-99
 46   44     1.00000000000000E-99   1.00000000000000E-99
 47   44     1.00000000000000E-99   1.00000000000000E-99
 48   44     1.00000000000000E-99   1.00000000000000E-99
 49   44     1.00000000000000E-99   1.00000000000000E-99
 50   44     1.00000000000000E-99   1.00000000000000E-99
 51   44     1.00000000000000E-99   1.00000000000000E-99
 52   44     1.00000000000000E-99   1.00000000000000E-99
 53   44     1.00000000000000E-99   1.00000000000000E-99
 54   44     1.00000000000000E-99   1.00000000000000E-99
 55   44     1.00000000000000E-99   1.00000000000000E-99
 56   44     1.00000000000000E-99   1.00000000000000E-99
 57   44     1.00000000000000E-99   1.00000000000000E-99
 58   44     1.00000000000000E-99   1.00000000000000E-99
 59   44     1.00000000000000E-99   1.00000000000000E-99
 60   44     1.00000000000000E-99   1.00000000000000E-99
 61   44     1.00000000000000E-99   1.00000000000000E-99
 62   44     1.00000000000000E-99   1.00000000000000E-99
 63   44     1.00000000000000E-99   1.00000000000000E-99
 64   44     1.00000000000000E-99   1.00000000000000E-99
 65   44     1.00000000000000E-99   1.00000000000000E-99
 66   44     1.00000000000000E-99   1.00000000000000E-99
 67   44     1.00000000000000E-99   1.00000000000000E-99
 68   44     1.00000000000000E-99   1.00000000000000E-99
 69   44     1.00000000000000E-99   1.00000000000000E-99
 70   44     1.00000000000000E-99   1.00000000000000E-99
 71   44     1.00000000000000E-99   1.00000000000000E-99
 72   44     1.00000000000000E-99   1.00000000000000E-99
 73   44     1.00000000000000E-99   1.00000000000000E-99
 74   44     1.00000000000000E-99   1.00000000000000E-99
 75   44     1.00000000000000E-99   1.00000000000000E-99
 76   44     1.00000000000000E-99   1.00000000000000E-99
 77   44     1.00000000000000E-99   1.00000000000000E-99
 78   44     1.79699531447299E-25   2.19233428365704E-23
 79   44     5.81735496893859E-21   7.15534661179446E-19
 80   44     2.14665704862684E-18   2.66185474029728E-16
 81   44     6.78001968134030E-14   8.47502460167537E-12
 82   44     1.38930948509070E-11   1.75052995121428E-09
 83   44     3.43376293561434E-12   4.36087892823021E-10
 84   44     9.52966372663990E-07   1.21979695700991E-04
 85   44     1.37319967645839E-09   1.77142758263132E-07
 86   44     1.12145036654897E-04   1.45788547651366E-02
 87   44     3.49572512677195E-14   4.57939991607125E-12
 88   44     4.72023861685005E-11   6.23071497424206E-09
 89   44     2.41347448254178E-16   3.20992106178057E-14
 90   44     6.18816031549268E-13   8.29213482276020E-11
 91   44     7.35106714053039E-17   9.92394063971603E-15
 92   44     1.23333443589868E-12   1.67733483282220E-10
 93   44     7.76440614985866E-18   1.06372364253064E-15
 94   44     3.18010888380614E-15   4.38855025965248E-13
 95   44     4.68093990035813E-21   6.50650646149780E-19
 96   44     2.06306683255351E-18   2.88829356557491E-16
 97   44     1.00068617956838E-21   1.41096751319142E-19
 98   44     1.97017379079180E-19   2.79764678292436E-17
 99   44     1.75564090944860E-21   2.51056650051149E-19
100   44     3.58373155425065E-19   5.16057343812093E-17
101   44     1.58196907133254E-21   2.29385515343218E-19
102   44     1.69157015731581E-22   2.46969242968108E-20
103   44     1.00000000000000E-99   1.00000000000000E-99
104   44     1.00000000000000E-99   1.00000000000000E-99
105   44     2.90064352924741E-25   4.32195885857864E-23
106   44     1.51316727803656E-22   2.26975091705485E-20
 38   45     1.00000000000000E-99   1.00000000000000E-99
 39   45     1.00000000000000E-99   1.00000000000000E-99
 40   45     1.00000000000000E-99   1.00000000000000E-99
 41   45     1.00000000000000E-99   1.00000000000000E-99
 42   45     1.00000000000000E-99   1.00000000000000E-99
 43   45     1.00000000000000E-99   1.00000000000000E-99
 44   45     1.00000000000000E-99   1.00000000000000E-99
 45   45     1.00000000000000E-99   1.00000000000000E-99
 46   45     1.00000000000000E-99   1.00000000000000E-99
 47   45     1.00000000000000E-99   1.00000000000000E-99
 48   45     1.00000000000000E-99   1.00000000000000E-99
 49   45     1.00000000000000E-99   1.00000000000000E-99
 50   45     1.00000000000000E-99   1.00000000000000E-99
 51   45     1.00000000000000E-99   1.00000000000000E-99
 52   45     1.00000000000000E-99   1.00000000000000E-99
 53   45     1.00000000000000E-99   1.00000000000000E-99
 54   45     1.00000000000000E-99   1.00000000000000E-99
 55   45     1.00000000000000E-99   1.00000000000000E-99
 56   45     1.00000000000000E-99   1.00000000000000E-99
 57   45     1.00000000000000E-99   1.00000000000000E-99
 58   45     1.00000000000000E-99   1.00000000000000E-99
 59   45     1.00000000000000E-99   1.00000000000000E-99
 60   45     1.00000000000000E-99   1.00000000000000E-99
 61   45     1.00000000000000E-99   1.00000000000000E-99
 62   45     1.00000000000000E-99   1.00000000000000E-99
 63   45     1.00000000000000E-99   1.00000000000000E-99
 64   45     1.00000000000000E-99   1.00000000000000E-99
 65   45     1.00000000000000E-99   1.00000000000000E-99
 66   45     1.00000000000000E-99   1.00000000000000E-99
 67   45     1.00000000000000E-99   1.00000000000000E-99
 68   45     1.00000000000000E-99   1.00000000000000E-99
 69   45     1.00000000000000E-99   1.00000000000000E-99
 70   45     1.00000000000000E-99   1.00000000000000E-99
 71   45     1.00000000000000E-99   1.00000000000000E-99
 72   45     1.00000000000000E-99   1.00000000000000E-99
 73   45     1.00000000000000E-99   1.00000000000000E-99
 74   45     1.00000000000000E-99   1.00000000000000E-99
 75   45     1.00000000000000E-99   1.00000000000000E-99
 76   45     1.00000000000000E-99   1.00000000000000E-99
 77   45     1.00000000000000E-99   1.00000000000000E-99
 78   45     1.00000000000000E-99   1.00000000000000E-99
 79   45     1.00000000000000E-99   1.00000000000000E-99
 80   45     2.48349788018100E-22   3.10437235022625E-20
 81   45     5.62153951305779E-17   7.08313978645282E-15
 82   45     1.10277263099721E-13   1.40052124136646E-11
 83   45     9.50272866456932E-13   1.21634926906487E-10
 84   45     6.56036821837620E-10   8.46287500170530E-08
 85   45     1.68922884637970E-10   2.19599750029361E-08
 86   45     2.35713778185742E-07   3.08785049423321E-05
 87   45     4.17500292843667E-12   5.51100386553641E-10
 88   45     3.30574742135118E-09   4.39664407039707E-07
 89   45     3.83469563111254E-12   5.13849214569080E-10
 90   45     9.21088012227297E-09   1.24346881650685E-06
 91   45     3.89834200156885E-11   5.30174512213364E-09
 92   45     4.16918011018135E-06   5.71177675094845E-04
 93   45     2.00791599305680E-08   2.77092407041838E-06
 94   45     1.67420105936720E-05   2.32713947252040E-03
 95   45     4.95016684546103E-09   6.93023358364544E-07
 96   45     1.83048815072315E-06   2.58098829251964E-04
 97   45     4.62482984113964E-11   6.56725837441829E-09
 98   45     3.38657765489562E-10   4.84280604650074E-08
 99   45     3.83705983780493E-15   5.52536616643909E-13
100   45     7.50427578985312E-15   1.08811998952870E-12
101   45     8.41021520500305E-21   1.22789141993045E-18
102   45     1.52592817754890E-21   2.24311442099688E-19
103   45     1.00000000000000E-99   1.00000000000000E-99
104   45     1.00000000000000E-99   1.00000000000000E-99
105   45     1.00000000000000E-99   1.00000000000000E-99
106   45     1.00000000000000E-99   1.00000000000000E-99
107   45     1.00000000000000E-99   1.00000000000000E-99
108   45     1.00000000000000E-99   1.00000000000000E-99
 40   46     1.00000000000000E-99   1.00000000000000E-99
 41   46     1.00000000000000E-99   1.00000000000000E-99
 42   46     1.00000000000000E-99   1.00000000000000E-99
 43   46     1.00000000000000E-99   1.00000000000000E-99
 44   46     1.00000000000000E-99   1.00000000000000E-99
 45   46     1.00000000000000E-99   1.00000000000000E-99
 46   46     1.00000000000000E-99   1.00000000000000E-99
 47   46     1.00000000000000E-99   1.00000000000000E-99
 48   46     1.00000000000000E-99   1.00000000000000E-99
 49   46     1.00000000000000E-99   1.00000000000000E-99
 50   46     1.00000000000000E-99   1.00000000000000E-99
 51   46     1.00000000000000E-99   1.00000000000000E-99
 52   46     1.00000000000000E-99   1.00000000000000E-99
 53   46     1.00000000000000E-99   1.00000000000000E-99
 54   46     1.00000000000000E-99   1.00000000000000E-99
 55   46     1.00000000000000E-99   1.00000000000000E-99
 56   46     1.00000000000000E-99   1.00000000000000E-99
 57   46     1.00000000000000E-99   1.00000000000000E-99
 58   46     1.00000000000000E-99   1.00000000000000E-99
 59   46     1.00000000000000E-99   1.00000000000000E-99
 60   46     1.00000000000000E-99   1.00000000000000E-99
 61   46     1.00000000000000E-99   1.00000000000000E-99
 62   46     1.00000000000000E-99   1.00000000000000E-99
 63   46     1.00000000000000E-99   1.00000000000000E-99
 64   46     1.00000000000000E-99   1.00000000000000E-99
 65   46     1.00000000000000E-99   1.00000000000000E-99
 66   46     1.00000000000000E-99   1.00000000000000E-99
 67   46     1.00000000000000E-99   1.00000000000000E-99
 68   46     1.00000000000000E-99   1.00000000000000E-99
 69   46     1.00000000000000E-99   1.00000000000000E-99
 70   46     1.00000000000000E-99   1.00000000000000E-99
 71   46     1.00000000000000E-99   1.00000000000000E-99
 72   46     1.00000000000000E-99   1.00000000000000E-99
 73   46     1.00000000000000E-99   1.00000000000000E-99
 74   46     1.00000000000000E-99   1.00000000000000E-99
 75   46     1.00000000000000E-99   1.00000000000000E-99
 76   46     1.00000000000000E-99   1.00000000000000E-99
 77   46     1.00000000000000E-99   1.00000000000000E-99
 78   46     1.00000000000000E-99   1.00000000000000E-99
 79   46     1.00000000000000E-99   1.00000000000000E-99
 80   46     1.30131218805107E-22   1.63965335694434E-20
 81   46     4.20202684238073E-19   5.33657408982353E-17
 82   46     6.83555964065250E-17   8.74951634003520E-15
 83   46     2.75496139763379E-14   3.55390020294759E-12
 84   46     2.67373136296094E-13   3.47585077184922E-11
 85   46     4.72697150137755E-14   6.19233266680459E-12
 86   46     6.40732448019423E-08   8.45766831385638E-06
 87   46     2.27426375260417E-14   3.02477079096354E-12
 88   46     2.90833178207297E-10   3.89716458797778E-08
 89   46     3.78667532819635E-13   5.11201169306507E-11
 90   46     8.55531556871447E-10   1.16352291734517E-07
 91   46     2.07855828417544E-12   2.84762484932035E-10
 92   46     4.54596000135783E-10   6.27342480187381E-08
 93   46     5.40343857309123E-12   7.51077961659680E-10
 94   46     1.41484499510139E-06   1.98078299314195E-04
 95   46     6.74728707711204E-10   9.51367477872798E-08
 96   46     2.30170592684762E-05   3.26842241612362E-03
 97   46     1.87755389305438E-09   2.68490206706777E-07
 98   46     2.61720710706958E-06   3.76877823418020E-04
 99   46     4.41029359380346E-11   6.39492571101501E-09
100   46     1.69886949154282E-08   2.48034945765252E-06
101   46     2.74925292334709E-14   4.04140179732022E-12
102   46     4.15715271187776E-13   6.15258601357909E-11
103   46     3.85347113682684E-21   5.74167199387199E-19
104   46     2.67128581918358E-23   4.00692872877537E-21
105   46     1.00000000000000E-99   1.00000000000000E-99
106   46     1.00000000000000E-99   1.00000000000000E-99
107   46     1.00000000000000E-99   1.00000000000000E-99
108   46     1.00000000000000E-99   1.00000000000000E-99
109   46     1.00000000000000E-99   1.00000000000000E-99
110   46     1.00000000000000E-99   1.00000000000000E-99
 41   47     1.00000000000000E-99   1.00000000000000E-99
 42   47     1.00000000000000E-99   1.00000000000000E-99
 43   47     1.00000000000000E-99   1.00000000000000E-99
 44   47     1.00000000000000E-99   1.00000000000000E-99
 45   47     1.00000000000000E-99   1.00000000000000E-99
 46   47     1.00000000000000E-99   1.00000000000000E-99
 47   47     1.00000000000000E-99   1.00000000000000E-99
 48   47     1.00000000000000E-99   1.00000000000000E-99
 49   47     1.00000000000000E-99   1.00000000000000E-99
 50   47     1.00000000000000E-99   1.00000000000000E-99
 51   47     1.00000000000000E-99   1.00000000000000E-99
 52   47     1.00000000000000E-99   1.00000000000000E-99
 53   47     1.00000000000000E-99   1.00000000000000E-99
 54   47     1.00000000000000E-99   1.00000000000000E-99
 55   47     1.00000000000000E-99   1.00000000000000E-99
 56   47     1.00000000000000E-99   1.00000000000000E-99
 57   47     1.00000000000000E-99   1.00000000000000E-99
 58   47     1.00000000000000E-99   1.00000000000000E-99
 59   47     1.00000000000000E-99   1.00000000000000E-99
 60   47     1.00000000000000E-99   1.00000000000000E-99
 61   47     1.00000000000000E-99   1.00000000000000E-99
 62   47     1.00000000000000E-99   1.00000000000000E-99
 63   47     1.00000000000000E-99   1.00000000000000E-99
 64   47     1.00000000000000E-99   1.00000000000000E-99
 65   47     1.00000000000000E-99   1.00000000000000E-99
 66   47     1.00000000000000E-99   1.00000000000000E-99
 67   47     1.00000000000000E-99   1.00000000000000E-99
 68   47     1.00000000000000E-99   1.00000000000000E-99
 69   47     1.00000000000000E-99   1.00000000000000E-99
 70   47     1.00000000000000E-99   1.00000000000000E-99
 71   47     1.00000000000000E-99   1.00000000000000E-99
 72   47     1.00000000000000E-99   1.00000000000000E-99
 73   47     1.00000000000000E-99   1.00000000000000E-99
 74   47     1.00000000000000E-99   1.00000000000000E-99
 75   47     1.00000000000000E-99   1.00000000000000E-99
 76   47     1.00000000000000E-99   1.00000000000000E-99
 77   47     1.00000000000000E-99   1.00000000000000E-99
 78   47     1.00000000000000E-99   1.00000000000000E-99
 79   47     1.00000000000000E-99   1.00000000000000E-99
 80   47     1.00000000000000E-99   1.00000000000000E-99
 81   47     1.44315465029745E-24   1.84723795238074E-22
 82   47     2.57211174142668E-21   3.31802414644042E-19
 83   47     3.94766394108724E-17   5.13196312341341E-15
 84   47     1.28827349127980E-15   1.68763827357654E-13
 85   47     2.53595802930704E-16   3.34746459868529E-14
 86   47     1.52508868596149E-11   2.02836795232879E-09
 87   47     1.92846075054783E-16   2.58413740573409E-14
 88   47     2.49912014096517E-14   3.37381219030298E-12
 89   47     1.32059398719549E-16   1.79600782258586E-14
 90   47     1.01357126000620E-12   1.38859262620850E-10
 91   47     2.44444135847573E-14   3.37332907469651E-12
 92   47     4.23501399228468E-13   5.88666944927570E-11
 93   47     6.08740480932951E-13   8.52236673306131E-11
 94   47     7.88345446254176E-11   1.11156707921839E-08
 95   47     2.37064561220251E-12   3.36631676932756E-10
 96   47     2.07839339764219E-08   2.97210255862833E-06
 97   47     4.59854861569650E-10   6.62191000660296E-08
 98   47     3.05518209971850E-06   4.43001404459183E-04
 99   47     1.36675260527322E-08   1.99545880369891E-06
100   47     1.94203986366883E-05   2.85479859959318E-03
101   47     3.70960494728648E-09   5.49021532198399E-07
102   47     3.28588916667013E-07   4.89597485833850E-05
103   47     5.21009306557824E-13   7.81513959836736E-11
104   47     5.84744178254940E-14   8.82963709164960E-12
105   47     1.15590018380047E-21   1.75696827937671E-19
106   47     1.52000584348494E-23   2.32560894053196E-21
107   47     1.00000000000000E-99   1.00000000000000E-99
108   47     1.00000000000000E-99   1.00000000000000E-99
109   47     1.00000000000000E-99   1.00000000000000E-99
110   47     1.00000000000000E-99   1.00000000000000E-99
111   47     1.00000000000000E-99   1.00000000000000E-99
112   47     1.00000000000000E-99   1.00000000000000E-99
113   47     1.00000000000000E-99   1.00000000000000E-99
 42   48     1.00000000000000E-99   1.00000000000000E-99
 43   48     1.00000000000000E-99   1.00000000000000E-99
 44   48     1.00000000000000E-99   1.00000000000000E-99
 45   48     1.00000000000000E-99   1.00000000000000E-99
 46   48     1.00000000000000E-99   1.00000000000000E-99
 47   48     1.00000000000000E-99   1.00000000000000E-99
 48   48     1.00000000000000E-99   1.00000000000000E-99
 49   48     1.00000000000000E-99   1.00000000000000E-99
 50   48     1.00000000000000E-99   1.00000000000000E-99
 51   48     1.00000000000000E-99   1.00000000000000E-99
 52   48     1.00000000000000E-99   1.00000000000000E-99
 53   48     1.00000000000000E-99   1.00000000000000E-99
 54   48     1.00000000000000E-99   1.00000000000000E-99
 55   48     1.00000000000000E-99   1.00000000000000E-99
 56   48     1.00000000000000E-99   1.00000000000000E-99
 57   48     1.00000000000000E-99   1.00000000000000E-99
 58   48     1.00000000000000E-99   1.00000000000000E-99
 59   48     1.00000000000000E-99   1.00000000000000E-99
 60   48     1.00000000000000E-99   1.00000000000000E-99
 61   48     1.00000000000000E-99   1.00000000000000E-99
 62   48     1.00000000000000E-99   1.00000000000000E-99
 63   48     1.00000000000000E-99   1.00000000000000E-99
 64   48     1.00000000000000E-99   1.00000000000000E-99
 65   48     1.00000000000000E-99   1.00000000000000E-99
 66   48     1.00000000000000E-99   1.00000000000000E-99
 67   48     1.00000000000000E-99   1.00000000000000E-99
 68   48     1.00000000000000E-99   1.00000000000000E-99
 69   48     1.00000000000000E-99   1.00000000000000E-99
 70   48     1.00000000000000E-99   1.00000000000000E-99
 71   48     1.00000000000000E-99   1.00000000000000E-99
 72   48     1.00000000000000E-99   1.00000000000000E-99
 73   48     1.00000000000000E-99   1.00000000000000E-99
 74   48     1.00000000000000E-99   1.00000000000000E-99
 75   48     1.00000000000000E-99   1.00000000000000E-99
 76   48     1.00000000000000E-99   1.00000000000000E-99
 77   48     1.00000000000000E-99   1.00000000000000E-99
 78   48     1.00000000000000E-99   1.00000000000000E-99
 79   48     1.00000000000000E-99   1.00000000000000E-99
 80   48     1.00000000000000E-99   1.00000000000000E-99
 81   48     1.00000000000000E-99   1.00000000000000E-99
 82   48     1.74123568956900E-23   2.26360639643970E-21
 83   48     1.02351920827899E-19   1.34081016284548E-17
 84   48     7.10746005751119E-19   9.38184727591477E-17
 85   48     2.26053569851564E-19   3.00651247902580E-17
 86   48     1.86697468487713E-18   2.50174607773536E-16
 87   48     4.90704673592026E-19   6.62451309349235E-17
 88   48     4.11418497850467E-15   5.59529157076635E-13
 89   48     2.26168140793400E-19   3.09850352886958E-17
 90   48     2.09175479405865E-15   2.88662161580094E-13
 91   48     1.77460331390822E-18   2.46669860633242E-16
 92   48     4.66376467776465E-17   6.52927054887052E-15
 93   48     4.69107685253093E-16   6.61441836206861E-14
 94   48     1.19131130835651E-12   1.69166205786625E-10
 95   48     2.41231705303817E-13   3.44961338584458E-11
 96   48     8.36438823451346E-11   1.20447190576994E-08
 97   48     3.89441000075629E-12   5.64689450109661E-10
 98   48     2.28486227117418E-09   3.33589891591430E-07
 99   48     1.79413690220665E-11   2.63738124624377E-09
100   48     5.30622478644337E-06   7.85321268393619E-04
101   48     5.06087726080999E-09   7.54070711860689E-07
102   48     2.14130181707442E-05   3.21195272561163E-03
103   48     5.53659454793594E-10   8.36025776738327E-08
104   48     8.89088870610608E-09   1.35141508332812E-06
105   48     1.54330011718531E-15   2.36124917929353E-13
106   48     1.68599340290075E-15   2.59642984046716E-13
107   48     2.97873847544760E-22   4.61704463694378E-20
108   48     9.68850519973270E-22   1.51140681115830E-19
109   48     1.00000000000000E-99   1.00000000000000E-99
110   48     1.00000000000000E-99   1.00000000000000E-99
111   48     1.00000000000000E-99   1.00000000000000E-99
112   48     1.00000000000000E-99   1.00000000000000E-99
113   48     1.00000000000000E-99   1.00000000000000E-99
114   48     1.00000000000000E-99   1.00000000000000E-99
115   48     1.00000000000000E-99   1.00000000000000E-99
 43   49     1.00000000000000E-99   1.00000000000000E-99
 44   49     1.00000000000000E-99   1.00000000000000E-99
 45   49     1.00000000000000E-99   1.00000000000000E-99
 46   49     1.00000000000000E-99   1.00000000000000E-99
 47   49     1.00000000000000E-99   1.00000000000000E-99
 48   49     1.00000000000000E-99   1.00000000000000E-99
 49   49     1.00000000000000E-99   1.00000000000000E-99
 50   49     1.00000000000000E-99   1.00000000000000E-99
 51   49     1.00000000000000E-99   1.00000000000000E-99
 52   49     1.00000000000000E-99   1.00000000000000E-99
 53   49     1.00000000000000E-99   1.00000000000000E-99
 54   49     1.00000000000000E-99   1.00000000000000E-99
 55   49     1.00000000000000E-99   1.00000000000000E-99
 56   49     1.00000000000000E-99   1.00000000000000E-99
 57   49     1.00000000000000E-99   1.00000000000000E-99
 58   49     1.00000000000000E-99   1.00000000000000E-99
 59   49     1.00000000000000E-99   1.00000000000000E-99
 60   49     1.00000000000000E-99   1.00000000000000E-99
 61   49     1.00000000000000E-99   1.00000000000000E-99
 62   49     1.00000000000000E-99   1.00000000000000E-99
 63   49     1.00000000000000E-99   1.00000000000000E-99
 64   49     1.00000000000000E-99   1.00000000000000E-99
 65   49     1.00000000000000E-99   1.00000000000000E-99
 66   49     1.00000000000000E-99   1.00000000000000E-99
 67   49     1.00000000000000E-99   1.00000000000000E-99
 68   49     1.00000000000000E-99   1.00000000000000E-99
 69   49     1.00000000000000E-99   1.00000000000000E-99
 70   49     1.00000000000000E-99   1.00000000000000E-99
 71   49     1.00000000000000E-99   1.00000000000000E-99
 72   49     1.00000000000000E-99   1.00000000000000E-99
 73   49     1.00000000000000E-99   1.00000000000000E-99
 74   49     1.00000000000000E-99   1.00000000000000E-99
 75   49     1.00000000000000E-99   1.00000000000000E-99
 76   49     1.00000000000000E-99   1.00000000000000E-99
 77   49     1.00000000000000E-99   1.00000000000000E-99
 78   49     1.00000000000000E-99   1.00000000000000E-99
 79   49     1.00000000000000E-99   1.00000000000000E-99
 80   49     1.00000000000000E-99   1.00000000000000E-99
 81   49     1.00000000000000E-99   1.00000000000000E-99
 82   49     1.00000000000000E-99   1.00000000000000E-99
 83   49     1.00000000000000E-99   1.00000000000000E-99
 84   49     1.00000000000000E-99   1.00000000000000E-99
 85   49     1.11335003947487E-24   1.49188905289633E-22
 86   49     4.31729440789577E-23   5.82834745065930E-21
 87   49     3.90755892393072E-24   5.31428013654578E-22
 88   49     1.75269456957447E-21   2.40119156031702E-19
 89   49     9.46526789318567E-24   1.30620696925962E-21
 90   49     2.89592264308565E-21   4.02533247388905E-19
 91   49     3.18480281167484E-21   4.45872393634478E-19
 92   49     3.29325782498411E-20   4.64349353322760E-18
 93   49     1.52404813278440E-19   2.16414834855385E-17
 94   49     1.44089791494688E-17   2.06048401837403E-15
 95   49     1.47786262270998E-17   2.12812217670237E-15
 96   49     1.96515796538928E-14   2.84947904981445E-12
 97   49     1.13379043199529E-13   1.65533403071313E-11
 98   49     4.23263170133134E-12   6.22196860095707E-10
 99   49     1.25136557655305E-12   1.85202105329851E-10
100   49     1.32587810846829E-08   1.97555838161775E-06
101   49     1.65924572399772E-09   2.48886858599658E-07
102   49     2.68703327950209E-05   4.05742025204815E-03
103   49     4.83609576425124E-08   7.35086556166189E-06
104   49     5.67390436504459E-06   8.68107367851823E-04
105   49     6.84105372923098E-10   1.05352227430157E-07
106   49     2.34422701068125E-08   3.63355186655593E-06
107   49     3.45915045644433E-13   5.39627471205315E-11
108   49     2.12124532499838E-12   3.33035516024745E-10
109   49     1.38771512270762E-17   2.19258989387804E-15
110   49     7.76848431677849E-17   1.23518900636778E-14
111   49     2.09618595022547E-23   3.35389752036076E-21
112   49     1.35944905138393E-24   2.18871297272813E-22
113   49     1.00000000000000E-99   1.00000000000000E-99
114   49     1.00000000000000E-99   1.00000000000000E-99
115   49     1.00000000000000E-99   1.00000000000000E-99
116   49     1.00000000000000E-99   1.00000000000000E-99
117   49     1.00000000000000E-99   1.00000000000000E-99
 44   50     1.00000000000000E-99   1.00000000000000E-99
 45   50     1.00000000000000E-99   1.00000000000000E-99
 46   50     1.00000000000000E-99   1.00000000000000E-99
 47   50     1.00000000000000E-99   1.00000000000000E-99
 48   50     1.00000000000000E-99   1.00000000000000E-99
 49   50     1.00000000000000E-99   1.00000000000000E-99
 50   50     1.00000000000000E-99   1.00000000000000E-99
 51   50     1.00000000000000E-99   1.00000000000000E-99
 52   50     1.00000000000000E-99   1.00000000000000E-99
 53   50     1.00000000000000E-99   1.00000000000000E-99
 54   50     1.00000000000000E-99   1.00000000000000E-99
 55   50     1.00000000000000E-99   1.00000000000000E-99
 56   50     1.00000000000000E-99   1.00000000000000E-99
 57   50     1.00000000000000E-99   1.00000000000000E-99
 58   50     1.00000000000000E-99   1.00000000000000E-99
 59   50     1.00000000000000E-99   1.00000000000000E-99
 60   50     1.00000000000000E-99   1.00000000000000E-99
 61   50     1.00000000000000E-99   1.00000000000000E-99
 62   50     1.00000000000000E-99   1.00000000000000E-99
 63   50     1.00000000000000E-99   1.00000000000000E-99
 64   50     1.00000000000000E-99   1.00000000000000E-99
 65   50     1.00000000000000E-99   1.00000000000000E-99
 66   50     1.00000000000000E-99   1.00000000000000E-99
 67   50     1.00000000000000E-99   1.00000000000000E-99
 68   50     1.00000000000000E-99   1.00000000000000E-99
 69   50     1.00000000000000E-99   1.00000000000000E-99
 70   50     1.00000000000000E-99   1.00000000000000E-99
 71   50     1.00000000000000E-99   1.00000000000000E-99
 72   50     1.00000000000000E-99   1.00000000000000E-99
 73   50     1.00000000000000E-99   1.00000000000000E-99
 74   50     1.00000000000000E-99   1.00000000000000E-99
 75   50     1.00000000000000E-99   1.00000000000000E-99
 76   50     1.00000000000000E-99   1.00000000000000E-99
 77   50     1.00000000000000E-99   1.00000000000000E-99
 78   50     1.00000000000000E-99   1.00000000000000E-99
 79   50     1.00000000000000E-99   1.00000000000000E-99
 80   50     1.00000000000000E-99   1.00000000000000E-99
 81   50     1.00000000000000E-99   1.00000000000000E-99
 82   50     1.00000000000000E-99   1.00000000000000E-99
 83   50     1.00000000000000E-99   1.00000000000000E-99
 84   50     1.00000000000000E-99   1.00000000000000E-99
 85   50     1.00000000000000E-99   1.00000000000000E-99
 86   50     1.00000000000000E-99   1.00000000000000E-99
 87   50     1.00000000000000E-99   1.00000000000000E-99
 88   50     1.00000000000000E-99   1.00000000000000E-99
 89   50     1.00000000000000E-99   1.00000000000000E-99
 90   50     2.18576741212922E-24   3.06007437698091E-22
 91   50     3.06828191423069E-25   4.32627749906527E-23
 92   50     2.64134233626024E-21   3.75070611748954E-19
 93   50     1.02898787720662E-22   1.47145266440547E-20
 94   50     2.62582268022793E-20   3.78118465952821E-18
 95   50     4.58519741752464E-20   6.64853625541073E-18
 96   50     1.22405644099346E-17   1.78712240385045E-15
 97   50     3.48357981586938E-16   5.12086232932799E-14
 98   50     7.48927757336831E-14   1.10841308085851E-11
 99   50     6.12526642754821E-13   9.12664697704683E-11
100   50     4.83138845929407E-11   7.24708268894110E-09
101   50     4.00608129677775E-12   6.04918275813440E-10
102   50     9.52030502479497E-08   1.44708636376884E-05
103   50     1.11569751929331E-09   1.70701720451876E-07
104   50     1.54021952744525E-05   2.37193807226568E-03
105   50     4.03694509110771E-09   6.25726489121695E-07
106   50     1.22774417847004E-05   1.91528091841326E-03
107   50     6.73849902867371E-10   1.05794434750177E-07
108   50     7.34468607719369E-08   1.16046040019660E-05
109   50     2.44757041446754E-12   3.89163695900339E-10
110   50     1.71195535218952E-09   2.73912856350323E-07
111   50     6.53629164164180E-16   1.05234295430433E-13
112   50     3.50926884962768E-14   5.68501553639685E-12
113   50     1.58721308468775E-20   2.58715732804104E-18
114   50     1.22299215733472E-19   2.00570713802893E-17
115   50     1.00000000000000E-99   1.00000000000000E-99
116   50     2.36613336874784E-25   3.92778139212141E-23
117   50     1.00000000000000E-99   1.00000000000000E-99
118   50     1.00000000000000E-99   1.00000000000000E-99
119   50     1.00000000000000E-99   1.00000000000000E-99
 46   51     1.00000000000000E-99   1.00000000000000E-99
 47   51     1.00000000000000E-99   1.00000000000000E-99
 48   51     1.00000000000000E-99   1.00000000000000E-99
 49   51     1.00000000000000E-99   1.00000000000000E-99
 50   51     1.00000000000000E-99   1.00000000000000E-99
 51   51     1.00000000000000E-99   1.00000000000000E-99
 52   51     1.00000000000000E-99   1.00000000000000E-99
 53   51     1.00000000000000E-99   1.00000000000000E-99
 54   51     1.00000000000000E-99   1.00000000000000E-99
 55   51     1.00000000000000E-99   1.00000000000000E-99
 56   51     1.00000000000000E-99   1.00000000000000E-99
 57   51     1.00000000000000E-99   1.00000000000000E-99
 58   51     1.00000000000000E-99   1.00000000000000E-99
 59   51     1.00000000000000E-99   1.00000000000000E-99
 60   51     1.00000000000000E-99   1.00000000000000E-99
 61   51     1.00000000000000E-99   1.00000000000000E-99
 62   51     1.00000000000000E-99   1.00000000000000E-99
 63   51     1.00000000000000E-99   1.00000000000000E-99
 64   51     1.00000000000000E-99   1.00000000000000E-99
 65   51     1.00000000000000E-99   1.00000000000000E-99
 66   51     1.00000000000000E-99   1.00000000000000E-99
 67   51     1.00000000000000E-99   1.00000000000000E-99
 68   51     1.00000000000000E-99   1.00000000000000E-99
 69   51     1.00000000000000E-99   1.00000000000000E-99
 70   51     1.00000000000000E-99   1.00000000000000E-99
 71   51     1.00000000000000E-99   1.00000000000000E-99
 72   51     1.00000000000000E-99   1.00000000000000E-99
 73   51     1.00000000000000E-99   1.00000000000000E-99
 74   51     1.00000000000000E-99   1.00000000000000E-99
 75   51     1.00000000000000E-99   1.00000000000000E-99
 76   51     1.00000000000000E-99   1.00000000000000E-99
 77   51     1.00000000000000E-99   1.00000000000000E-99
 78   51     1.00000000000000E-99   1.00000000000000E-99
 79   51     1.34029066857257E-22   1.74237786914434E-20
 80   51     6.46286994020042E-22   8.46635962166255E-20
 81   51     7.49763226148361E-22   9.89687458515837E-20
 82   51     5.34195771457958E-20   7.10480376039084E-18
 83   51     2.60486928190670E-21   3.49052483775498E-19
 84   51     4.29204426035228E-20   5.79425975147558E-18
 85   51     6.76031100512100E-21   9.19402296696457E-19
 86   51     1.47856804450199E-19   2.02563822096773E-17
 87   51     2.32246715270731E-21   3.20500467073609E-19
 88   51     1.68691380078711E-20   2.34481018309408E-18
 89   51     3.70738762898139E-21   5.19034268057394E-19
 90   51     3.74950852360517E-20   5.28680701828329E-18
 91   51     3.77442463040280E-21   5.35968297517197E-19
 92   51     3.76980555874090E-20   5.39082194899948E-18
 93   51     3.71584337487850E-21   5.35081445982504E-19
 94   51     4.98106373700178E-20   7.22254241865258E-18
 95   51     5.05435027098109E-21   7.37935139563239E-19
 96   51     1.29262736727092E-19   1.90016222988826E-17
 97   51     9.30924509964163E-20   1.37776827474696E-17
 98   51     4.93836519557697E-18   7.35816414140968E-16
 99   51     4.62921574568715E-16   6.94382361853072E-14
100   51     2.63073011697517E-14   3.97240247663251E-12
101   51     2.25137967440048E-13   3.42209710508874E-11
102   51     1.97199860810573E-11   3.01715787040177E-09
103   51     2.08859240563966E-12   3.21643230468507E-10
104   51     1.28767041093741E-08   1.99588913695298E-06
105   51     4.91789974345586E-10   7.67192359979113E-08
106   51     6.05004912010541E-06   9.49857711856549E-04
107   51     1.56982719803781E-08   2.48032697289974E-06
108   51     9.77947033418778E-06   1.55493578313586E-03
109   51     3.08885584212808E-08   4.94216934740493E-06
110   51     9.54849067976253E-06   1.53730699944177E-03
111   51     7.00348196614368E-10   1.13456407851528E-07
112   51     7.29741515549820E-08   1.18947867034621E-05
113   51     5.51118753107238E-12   9.03834755095871E-10
114   51     3.13664668580457E-10   5.17546703157754E-08
115   51     6.48910342874404E-15   1.07719116917151E-12
116   51     1.91142892034336E-13   3.19208629697341E-11
117   51     1.39543719635650E-18   2.34433448987892E-16
118   51     5.70114297766570E-19   9.63493163225503E-17
119   51     1.00000000000000E-99   1.00000000000000E-99
120   51     1.00000000000000E-99   1.00000000000000E-99
121   51     1.00000000000000E-99   1.00000000000000E-99
 47   52     1.00000000000000E-99   1.00000000000000E-99
 48   52     1.00000000000000E-99   1.00000000000000E-99
 49   52     1.00000000000000E-99   1.00000000000000E-99
 50   52     1.00000000000000E-99   1.00000000000000E-99
 51   52     1.00000000000000E-99   1.00000000000000E-99
 52   52     1.00000000000000E-99   1.00000000000000E-99
 53   52     1.00000000000000E-99   1.00000000000000E-99
 54   52     1.00000000000000E-99   1.00000000000000E-99
 55   52     1.00000000000000E-99   1.00000000000000E-99
 56   52     1.00000000000000E-99   1.00000000000000E-99
 57   52     1.00000000000000E-99   1.00000000000000E-99
 58   52     1.00000000000000E-99   1.00000000000000E-99
 59   52     1.00000000000000E-99   1.00000000000000E-99
 60   52     1.00000000000000E-99   1.00000000000000E-99
 61   52     1.00000000000000E-99   1.00000000000000E-99
 62   52     1.00000000000000E-99   1.00000000000000E-99
 63   52     1.00000000000000E-99   1.00000000000000E-99
 64   52     1.00000000000000E-99   1.00000000000000E-99
 65   52     1.00000000000000E-99   1.00000000000000E-99
 66   52     1.00000000000000E-99   1.00000000000000E-99
 67   52     1.00000000000000E-99   1.00000000000000E-99
 68   52     1.00000000000000E-99   1.00000000000000E-99
 69   52     1.00000000000000E-99   1.00000000000000E-99
 70   52     1.00000000000000E-99   1.00000000000000E-99
 71   52     1.00000000000000E-99   1.00000000000000E-99
 72   52     1.00000000000000E-99   1.00000000000000E-99
 73   52     1.00000000000000E-99   1.00000000000000E-99
 74   52     1.00000000000000E-99   1.00000000000000E-99
 75   52     1.00000000000000E-99   1.00000000000000E-99
 76   52     1.00000000000000E-99   1.00000000000000E-99
 77   52     1.00000000000000E-99   1.00000000000000E-99
 78   52     1.00000000000000E-99   1.00000000000000E-99
 79   52     1.00000000000000E-99   1.00000000000000E-99
 80   52     1.00000000000000E-99   1.00000000000000E-99
 81   52     1.00000000000000E-99   1.00000000000000E-99
 82   52     1.00000000000000E-99   1.00000000000000E-99
 83   52     1.00000000000000E-99   1.00000000000000E-99
 84   52     1.00000000000000E-99   1.00000000000000E-99
 85   52     1.00000000000000E-99   1.00000000000000E-99
 86   52     1.00000000000000E-99   1.00000000000000E-99
 87   52     1.00000000000000E-99   1.00000000000000E-99
 88   52     1.00000000000000E-99   1.00000000000000E-99
 89   52     1.00000000000000E-99   1.00000000000000E-99
 90   52     1.00000000000000E-99   1.00000000000000E-99
 91   52     1.00000000000000E-99   1.00000000000000E-99
 92   52     1.00000000000000E-99   1.00000000000000E-99
 93   52     1.00000000000000E-99   1.00000000000000E-99
 94   52     1.00000000000000E-99   1.00000000000000E-99
 95   52     1.00000000000000E-99   1.00000000000000E-99
 96   52     1.48995133644753E-23   2.20512797794234E-21
 97   52     7.11420026637394E-23   1.06001583968972E-20
 98   52     2.10338148132158E-20   3.15507222198237E-18
 99   52     1.10989967598694E-21   1.67594851074028E-19
100   52     9.88478300696322E-18   1.50248701705841E-15
101   52     2.36117714973492E-16   3.61260103909443E-14
102   52     1.75498494319210E-14   2.70267681251584E-12
103   52     4.74862779151897E-13   7.36037307685440E-11
104   52     4.63028017398769E-11   7.22323707142080E-09
105   52     3.07892061250371E-12   4.83390536163082E-10
106   52     1.01897324501702E-09   1.60997772712689E-07
107   52     1.13087776788039E-11   1.79809565092981E-09
108   52     3.54398712300765E-08   5.67037939681224E-06
109   52     1.42207097523462E-10   2.28953427012775E-08
110   52     3.56630378206710E-06   5.77741212694871E-04
111   52     4.34524036933539E-09   7.08274180201668E-07
112   52     1.72372065251064E-05   2.82690187011744E-03
113   52     8.47759745506577E-10   1.39880358008585E-07
114   52     3.76800802535055E-06   6.25489332208191E-04
115   52     6.33769432954165E-10   1.05839495303346E-07
116   52     3.34682927473220E-08   5.62267318155010E-06
117   52     4.22618901377229E-11   7.14225943327516E-09
118   52     5.82674518222952E-10   9.90546680979019E-08
119   52     2.53297608075841E-17   4.33138909809689E-15
120   52     2.30273438912866E-15   3.96070314930130E-13
121   52     3.24183984074682E-22   5.60838292449199E-20
122   52     1.00000000000000E-99   1.00000000000000E-99
123   52     1.00000000000000E-99   1.00000000000000E-99
124   52     1.00000000000000E-99   1.00000000000000E-99
 48   53     1.00000000000000E-99   1.00000000000000E-99
 49   53     1.00000000000000E-99   1.00000000000000E-99
 50   53     1.00000000000000E-99   1.00000000000000E-99
 51   53     1.00000000000000E-99   1.00000000000000E-99
 52   53     1.00000000000000E-99   1.00000000000000E-99
 53   53     1.00000000000000E-99   1.00000000000000E-99
 54   53     1.00000000000000E-99   1.00000000000000E-99
 55   53     1.00000000000000E-99   1.00000000000000E-99
 56   53     1.00000000000000E-99   1.00000000000000E-99
 57   53     1.00000000000000E-99   1.00000000000000E-99
 58   53     1.00000000000000E-99   1.00000000000000E-99
 59   53     1.00000000000000E-99   1.00000000000000E-99
 60   53     1.00000000000000E-99   1.00000000000000E-99
 61   53     1.00000000000000E-99   1.00000000000000E-99
 62   53     1.00000000000000E-99   1.00000000000000E-99
 63   53     1.00000000000000E-99   1.00000000000000E-99
 64   53     1.00000000000000E-99   1.00000000000000E-99
 65   53     1.00000000000000E-99   1.00000000000000E-99
 66   53     1.00000000000000E-99   1.00000000000000E-99
 67   53     1.00000000000000E-99   1.00000000000000E-99
 68   53     1.00000000000000E-99   1.00000000000000E-99
 69   53     1.00000000000000E-99   1.00000000000000E-99
 70   53     1.00000000000000E-99   1.00000000000000E-99
 71   53     1.00000000000000E-99   1.00000000000000E-99
 72   53     1.00000000000000E-99   1.00000000000000E-99
 73   53     1.00000000000000E-99   1.00000000000000E-99
 74   53     1.00000000000000E-99   1.00000000000000E-99
 75   53     1.00000000000000E-99   1.00000000000000E-99
 76   53     1.00000000000000E-99   1.00000000000000E-99
 77   53     1.00000000000000E-99   1.00000000000000E-99
 78   53     1.00000000000000E-99   1.00000000000000E-99
 79   53     1.00000000000000E-99   1.00000000000000E-99
 80   53     1.00000000000000E-99   1.00000000000000E-99
 81   53     1.00000000000000E-99   1.00000000000000E-99
 82   53     1.00000000000000E-99   1.00000000000000E-99
 83   53     1.00000000000000E-99   1.00000000000000E-99
 84   53     1.00000000000000E-99   1.00000000000000E-99
 85   53     1.00000000000000E-99   1.00000000000000E-99
 86   53     1.00000000000000E-99   1.00000000000000E-99
 87   53     1.00000000000000E-99   1.00000000000000E-99
 88   53     1.00000000000000E-99   1.00000000000000E-99
 89   53     1.00000000000000E-99   1.00000000000000E-99
 90   53     1.00000000000000E-99   1.00000000000000E-99
 91   53     1.00000000000000E-99   1.00000000000000E-99
 92   53     1.00000000000000E-99   1.00000000000000E-99
 93   53     1.00000000000000E-99   1.00000000000000E-99
 94   53     1.00000000000000E-99   1.00000000000000E-99
 95   53     1.00000000000000E-99   1.00000000000000E-99
 96   53     1.00000000000000E-99   1.00000000000000E-99
 97   53     1.00000000000000E-99   1.00000000000000E-99
 98   53     2.49436788356971E-25   3.76649550419027E-23
 99   53     1.73907283589285E-24   2.64339071055713E-22
100   53     2.09899712911072E-21   3.21146560753940E-19
101   53     2.88313870050986E-20   4.44003359878518E-18
102   53     1.31464747975389E-18   2.03770359361853E-16
103   53     5.17461871337405E-18   8.07240519286352E-16
104   53     4.90747526790449E-16   7.70473617061005E-14
105   53     8.61346637228990E-16   1.36092768682180E-13
106   53     1.88668141412966E-13   2.99982344846616E-11
107   53     1.78769873666568E-13   2.86031797866509E-11
108   53     1.37373459581601E-11   2.21171269926378E-09
109   53     1.82313612054904E-12   2.95348051528944E-10
110   53     1.17281564497000E-09   1.91168950130111E-07
111   53     2.78918847766687E-11   4.57426910337367E-09
112   53     4.84357154875411E-08   7.99189305544428E-06
113   53     3.00609247255889E-10   4.99011350444775E-08
114   53     1.25554964985298E-06   2.09676791525448E-04
115   53     2.19540551570922E-08   3.68828126639149E-06
116   53     4.34284052381006E-06   7.33940048523901E-04
117   53     4.67919921121953E-09   7.95463865907320E-07
118   53     1.29546849316936E-05   2.21525112331960E-03
119   53     8.90760841613885E-11   1.53210864757588E-08
120   53     2.69353105013408E-09   4.65980871673196E-07
121   53     4.06604200198136E-14   7.07491308344757E-12
122   53     2.15499466765428E-12   3.77124066839499E-10
123   53     1.18184336311309E-14   2.08004431907903E-12
124   53     1.00000000000000E-99   1.00000000000000E-99
125   53     1.00000000000000E-99   1.00000000000000E-99
126   53     1.00000000000000E-99   1.00000000000000E-99
 49   54     1.00000000000000E-99   1.00000000000000E-99
 50   54     1.00000000000000E-99   1.00000000000000E-99
 51   54     1.00000000000000E-99   1.00000000000000E-99
 52   54     1.00000000000000E-99   1.00000000000000E-99
 53   54     1.00000000000000E-99   1.00000000000000E-99
 54   54     1.00000000000000E-99   1.00000000000000E-99
 55   54     1.00000000000000E-99   1.00000000000000E-99
 56   54     1.00000000000000E-99   1.00000000000000E-99
 57   54     1.00000000000000E-99   1.00000000000000E-99
 58   54     1.00000000000000E-99   1.00000000000000E-99
 59   54     1.00000000000000E-99   1.00000000000000E-99
 60   54     1.00000000000000E-99   1.00000000000000E-99
 61   54     1.00000000000000E-99   1.00000000000000E-99
 62   54     1.00000000000000E-99   1.00000000000000E-99
 63   54     1.00000000000000E-99   1.00000000000000E-99
 64   54     1.00000000000000E-99   1.00000000000000E-99
 65   54     1.00000000000000E-99   1.00000000000000E-99
 66   54     1.00000000000000E-99   1.00000000000000E-99
 67   54     1.00000000000000E-99   1.00000000000000E-99
 68   54     1.00000000000000E-99   1.00000000000000E-99
 69   54     1.00000000000000E-99   1.00000000000000E-99
 70   54     1.00000000000000E-99   1.00000000000000E-99
 71   54     1.00000000000000E-99   1.00000000000000E-99
 72   54     1.00000000000000E-99   1.00000000000000E-99
 73   54     1.00000000000000E-99   1.00000000000000E-99
 74   54     1.00000000000000E-99   1.00000000000000E-99
 75   54     1.00000000000000E-99   1.00000000000000E-99
 76   54     1.00000000000000E-99   1.00000000000000E-99
 77   54     1.00000000000000E-99   1.00000000000000E-99
 78   54     1.00000000000000E-99   1.00000000000000E-99
 79   54     1.00000000000000E-99   1.00000000000000E-99
 80   54     1.00000000000000E-99   1.00000000000000E-99
 81   54     1.00000000000000E-99   1.00000000000000E-99
 82   54     1.00000000000000E-99   1.00000000000000E-99
 83   54     1.00000000000000E-99   1.00000000000000E-99
 84   54     1.00000000000000E-99   1.00000000000000E-99
 85   54     1.00000000000000E-99   1.00000000000000E-99
 86   54     1.00000000000000E-99   1.00000000000000E-99
 87   54     1.00000000000000E-99   1.00000000000000E-99
 88   54     1.00000000000000E-99   1.00000000000000E-99
 89   54     1.00000000000000E-99   1.00000000000000E-99
 90   54     1.00000000000000E-99   1.00000000000000E-99
 91   54     1.00000000000000E-99   1.00000000000000E-99
 92   54     1.00000000000000E-99   1.00000000000000E-99
 93   54     1.00000000000000E-99   1.00000000000000E-99
 94   54     1.00000000000000E-99   1.00000000000000E-99
 95   54     1.00000000000000E-99   1.00000000000000E-99
 96   54     1.00000000000000E-99   1.00000000000000E-99
 97   54     1.00000000000000E-99   1.00000000000000E-99
 98   54     1.00000000000000E-99   1.00000000000000E-99
 99   54     1.00000000000000E-99   1.00000000000000E-99
100   54     1.00000000000000E-99   1.00000000000000E-99
101   54     1.00452557628599E-24   1.55701464324328E-22
102   54     8.91717470037139E-23   1.39107925325794E-20
103   54     2.03510115499891E-21   3.19510881334829E-19
104   54     1.14994347784679E-19   1.81691069499792E-17
105   54     4.45147271690191E-19   7.07784161987404E-17
106   54     1.72517122144126E-17   2.76027395430602E-15
107   54     7.67965493347919E-17   1.23642444429015E-14
108   54     6.19378931335175E-15   1.00339386876298E-12
109   54     2.64277767389311E-15   4.30772760844577E-13
110   54     2.42217182109937E-13   3.97236178660296E-11
111   54     1.26083567741739E-15   2.08037886773869E-13
112   54     3.79703431386265E-10   6.30307696101201E-08
113   54     3.44046863101706E-12   5.74558261379848E-10
114   54     2.02982775303796E-09   3.41011062510378E-07
115   54     4.26460022671643E-11   7.20717438315076E-09
116   54     1.45533404594928E-06   2.47406787811378E-04
117   54     1.00013480060262E-09   1.71023050903049E-07
118   54     5.08116985174844E-06   8.73961214500733E-04
119   54     1.43555243208809E-09   2.48350570751240E-07
120   54     1.37335026893756E-06   2.38962946795136E-04
121   54     1.68997963492540E-10   2.95746436111945E-08
122   54     1.85052381118944E-06   3.25692190769342E-04
123   54     5.10061491046916E-09   9.02808839153041E-07
124   54     6.16234814777385E-06   1.09689797030375E-03
125   54     2.74867442222749E-08   4.92012721578721E-06
126   54     1.11539698067386E-07   2.00771456521295E-05
127   54     1.00000000000000E-99   1.00000000000000E-99
128   54     1.00000000000000E-99   1.00000000000000E-99
 51   55     1.00000000000000E-99   1.00000000000000E-99
 52   55     1.00000000000000E-99   1.00000000000000E-99
 53   55     1.00000000000000E-99   1.00000000000000E-99
 54   55     1.00000000000000E-99   1.00000000000000E-99
 55   55     1.00000000000000E-99   1.00000000000000E-99
 56   55     1.00000000000000E-99   1.00000000000000E-99
 57   55     1.00000000000000E-99   1.00000000000000E-99
 58   55     1.00000000000000E-99   1.00000000000000E-99
 59   55     1.00000000000000E-99   1.00000000000000E-99
 60   55     1.00000000000000E-99   1.00000000000000E-99
 61   55     1.00000000000000E-99   1.00000000000000E-99
 62   55     1.00000000000000E-99   1.00000000000000E-99
 63   55     1.00000000000000E-99   1.00000000000000E-99
 64   55     1.00000000000000E-99   1.00000000000000E-99
 65   55     1.00000000000000E-99   1.00000000000000E-99
 66   55     1.00000000000000E-99   1.00000000000000E-99
 67   55     1.00000000000000E-99   1.00000000000000E-99
 68   55     1.00000000000000E-99   1.00000000000000E-99
 69   55     1.00000000000000E-99   1.00000000000000E-99
 70   55     1.00000000000000E-99   1.00000000000000E-99
 71   55     1.00000000000000E-99   1.00000000000000E-99
 72   55     1.00000000000000E-99   1.00000000000000E-99
 73   55     1.00000000000000E-99   1.00000000000000E-99
 74   55     1.00000000000000E-99   1.00000000000000E-99
 75   55     1.00000000000000E-99   1.00000000000000E-99
 76   55     1.00000000000000E-99   1.00000000000000E-99
 77   55     1.00000000000000E-99   1.00000000000000E-99
 78   55     1.00000000000000E-99   1.00000000000000E-99
 79   55     1.00000000000000E-99   1.00000000000000E-99
 80   55     1.00000000000000E-99   1.00000000000000E-99
 81   55     1.00000000000000E-99   1.00000000000000E-99
 82   55     1.00000000000000E-99   1.00000000000000E-99
 83   55     1.00000000000000E-99   1.00000000000000E-99
 84   55     1.00000000000000E-99   1.00000000000000E-99
 85   55     1.00000000000000E-99   1.00000000000000E-99
 86   55     1.00000000000000E-99   1.00000000000000E-99
 87   55     1.00000000000000E-99   1.00000000000000E-99
 88   55     1.00000000000000E-99   1.00000000000000E-99
 89   55     1.00000000000000E-99   1.00000000000000E-99
 90   55     1.00000000000000E-99   1.00000000000000E-99
 91   55     1.00000000000000E-99   1.00000000000000E-99
 92   55     1.00000000000000E-99   1.00000000000000E-99
 93   55     1.00000000000000E-99   1.00000000000000E-99
 94   55     1.00000000000000E-99   1.00000000000000E-99
 95   55     1.00000000000000E-99   1.00000000000000E-99
 96   55     1.00000000000000E-99   1.00000000000000E-99
 97   55     1.00000000000000E-99   1.00000000000000E-99
 98   55     1.00000000000000E-99   1.00000000000000E-99
 99   55     1.00000000000000E-99   1.00000000000000E-99
100   55     1.00000000000000E-99   1.00000000000000E-99
101   55     1.00000000000000E-99   1.00000000000000E-99
102   55     1.00000000000000E-99   1.00000000000000E-99
103   55     1.00000000000000E-99   1.00000000000000E-99
104   55     9.67502928613981E-25   1.53832965649623E-22
105   55     8.40420419683544E-24   1.34467267149367E-21
106   55     2.59174125454999E-22   4.17270341982549E-20
107   55     1.18171597275163E-21   1.91437987585764E-19
108   55     5.48283943967947E-20   8.93702828667753E-18
109   55     3.11937483919438E-18   5.11577473627878E-16
110   55     6.90993050952568E-17   1.14013853407174E-14
111   55     5.25810388743088E-17   8.72845245313527E-15
112   55     1.03292246524583E-13   1.72498051696053E-11
113   55     1.01008985234650E-13   1.69695095194212E-11
114   55     3.00659514650718E-12   5.08114579759714E-10
115   55     8.83960155117028E-13   1.50273226369895E-10
116   55     2.11182960799586E-11   3.61122862967292E-09
117   55     2.04194586341703E-12   3.51214688507728E-10
118   55     3.15106389385310E-10   5.45134053636586E-08
119   55     2.37741967119006E-11   4.13671022787071E-09
120   55     6.17949980007480E-10   1.08141246501309E-07
121   55     6.18465554143868E-12   1.08849937529321E-09
122   55     1.11157174295791E-09   1.96748198503550E-07
123   55     1.54257373377182E-10   2.74578124611383E-08
124   55     1.10476519161507E-06   1.97752969299097E-04
125   55     2.66147525295754E-07   4.79065545532357E-05
126   55     9.40337465708906E-06   1.70201081293312E-03
127   55     2.07924484666156E-20   3.78422562092405E-18
128   55     1.00000000000000E-99   1.00000000000000E-99
129   55     1.00000000000000E-99   1.00000000000000E-99
130   55     1.00000000000000E-99   1.00000000000000E-99
 52   56     1.00000000000000E-99   1.00000000000000E-99
 53   56     1.00000000000000E-99   1.00000000000000E-99
 54   56     1.00000000000000E-99   1.00000000000000E-99
 55   56     1.00000000000000E-99   1.00000000000000E-99
 56   56     1.00000000000000E-99   1.00000000000000E-99
 57   56     1.00000000000000E-99   1.00000000000000E-99
 58   56     1.00000000000000E-99   1.00000000000000E-99
 59   56     1.00000000000000E-99   1.00000000000000E-99
 60   56     1.00000000000000E-99   1.00000000000000E-99
 61   56     1.00000000000000E-99   1.00000000000000E-99
 62   56     1.00000000000000E-99   1.00000000000000E-99
 63   56     1.00000000000000E-99   1.00000000000000E-99
 64   56     1.00000000000000E-99   1.00000000000000E-99
 65   56     1.00000000000000E-99   1.00000000000000E-99
 66   56     1.00000000000000E-99   1.00000000000000E-99
 67   56     1.00000000000000E-99   1.00000000000000E-99
 68   56     1.00000000000000E-99   1.00000000000000E-99
 69   56     1.00000000000000E-99   1.00000000000000E-99
 70   56     1.00000000000000E-99   1.00000000000000E-99
 71   56     1.00000000000000E-99   1.00000000000000E-99
 72   56     1.00000000000000E-99   1.00000000000000E-99
 73   56     1.00000000000000E-99   1.00000000000000E-99
 74   56     1.00000000000000E-99   1.00000000000000E-99
 75   56     1.00000000000000E-99   1.00000000000000E-99
 76   56     1.00000000000000E-99   1.00000000000000E-99
 77   56     1.00000000000000E-99   1.00000000000000E-99
 78   56     1.00000000000000E-99   1.00000000000000E-99
 79   56     1.00000000000000E-99   1.00000000000000E-99
 80   56     1.00000000000000E-99   1.00000000000000E-99
 81   56     1.00000000000000E-99   1.00000000000000E-99
 82   56     1.00000000000000E-99   1.00000000000000E-99
 83   56     1.00000000000000E-99   1.00000000000000E-99
 84   56     1.00000000000000E-99   1.00000000000000E-99
 85   56     1.00000000000000E-99   1.00000000000000E-99
 86   56     1.00000000000000E-99   1.00000000000000E-99
 87   56     1.00000000000000E-99   1.00000000000000E-99
 88   56     1.00000000000000E-99   1.00000000000000E-99
 89   56     1.00000000000000E-99   1.00000000000000E-99
 90   56     1.00000000000000E-99   1.00000000000000E-99
 91   56     1.00000000000000E-99   1.00000000000000E-99
 92   56     1.00000000000000E-99   1.00000000000000E-99
 93   56     1.00000000000000E-99   1.00000000000000E-99
 94   56     1.00000000000000E-99   1.00000000000000E-99
 95   56     1.00000000000000E-99   1.00000000000000E-99
 96   56     1.00000000000000E-99   1.00000000000000E-99
 97   56     1.00000000000000E-99   1.00000000000000E-99
 98   56     1.00000000000000E-99   1.00000000000000E-99
 99   56     1.00000000000000E-99   1.00000000000000E-99
100   56     1.00000000000000E-99   1.00000000000000E-99
101   56     1.00000000000000E-99   1.00000000000000E-99
102   56     1.00000000000000E-99   1.00000000000000E-99
103   56     1.00000000000000E-99   1.00000000000000E-99
104   56     1.00000000000000E-99   1.00000000000000E-99
105   56     1.00000000000000E-99   1.00000000000000E-99
106   56     2.27337167139821E-25   3.68286210766510E-23
107   56     6.33592082181841E-25   1.03275509395640E-22
108   56     2.24613257458022E-23   3.68365742231157E-21
109   56     7.42225879347486E-22   1.22467270092335E-19
110   56     6.18289029328044E-20   1.02635978868455E-17
111   56     5.92249875145661E-20   9.89057291493253E-18
112   56     2.22222918100469E-18   3.73334502408788E-16
113   56     2.20866663217479E-18   3.73264660837539E-16
114   56     8.33080757112860E-17   1.41623728709186E-14
115   56     8.19017183697036E-17   1.40051938412193E-14
116   56     1.49071642927877E-15   2.56403225835948E-13
117   56     7.32857059701231E-16   1.26784271328313E-13
118   56     6.06377370414244E-14   1.05509662452078E-11
119   56     1.11310326594486E-14   1.94793071540350E-12
120   56     8.14455421918207E-12   1.43344154257604E-09
121   56     1.08531860540937E-12   1.92101393157459E-10
122   56     4.15680058395194E-11   7.39910503943446E-09
123   56     2.40634729980144E-11   4.30736166664457E-09
124   56     2.74739485129198E-08   4.94531073232557E-06
125   56     4.89079113906860E-08   8.85233196171416E-06
126   56     1.34271251032826E-05   2.44373676879743E-03
127   56     9.75094016459760E-20   1.78442205012136E-17
128   56     1.00000000000000E-99   1.00000000000000E-99
129   56     1.00000000000000E-99   1.00000000000000E-99
130   56     1.00000000000000E-99   1.00000000000000E-99
131   56     1.00000000000000E-99   1.00000000000000E-99
132   56     1.00000000000000E-99   1.00000000000000E-99
133   56     1.00000000000000E-99   1.00000000000000E-99
 53   57     1.00000000000000E-99   1.00000000000000E-99
 54   57     1.00000000000000E-99   1.00000000000000E-99
 55   57     1.00000000000000E-99   1.00000000000000E-99
 56   57     1.00000000000000E-99   1.00000000000000E-99
 57   57     1.00000000000000E-99   1.00000000000000E-99
 58   57     1.00000000000000E-99   1.00000000000000E-99
 59   57     1.00000000000000E-99   1.00000000000000E-99
 60   57     1.00000000000000E-99   1.00000000000000E-99
 61   57     1.00000000000000E-99   1.00000000000000E-99
 62   57     1.00000000000000E-99   1.00000000000000E-99
 63   57     1.00000000000000E-99   1.00000000000000E-99
 64   57     1.00000000000000E-99   1.00000000000000E-99
 65   57     1.00000000000000E-99   1.00000000000000E-99
 66   57     1.00000000000000E-99   1.00000000000000E-99
 67   57     1.00000000000000E-99   1.00000000000000E-99
 68   57     1.00000000000000E-99   1.00000000000000E-99
 69   57     1.00000000000000E-99   1.00000000000000E-99
 70   57     1.00000000000000E-99   1.00000000000000E-99
 71   57     1.00000000000000E-99   1.00000000000000E-99
 72   57     1.00000000000000E-99   1.00000000000000E-99
 73   57     1.00000000000000E-99   1.00000000000000E-99
 74   57     1.00000000000000E-99   1.00000000000000E-99
 75   57     1.00000000000000E-99   1.00000000000000E-99
 76   57     1.00000000000000E-99   1.00000000000000E-99
 77   57     1.00000000000000E-99   1.00000000000000E-99
 78   57     1.00000000000000E-99   1.00000000000000E-99
 79   57     1.00000000000000E-99   1.00000000000000E-99
 80   57     1.00000000000000E-99   1.00000000000000E-99
 81   57     1.00000000000000E-99   1.00000000000000E-99
 82   57     1.00000000000000E-99   1.00000000000000E-99
 83   57     1.00000000000000E-99   1.00000000000000E-99
 84   57     1.00000000000000E-99   1.00000000000000E-99
 85   57     1.00000000000000E-99   1.00000000000000E-99
 86   57     1.00000000000000E-99   1.00000000000000E-99
 87   57     1.00000000000000E-99   1.00000000000000E-99
 88   57     1.00000000000000E-99   1.00000000000000E-99
 89   57     1.00000000000000E-99   1.00000000000000E-99
 90   57     1.00000000000000E-99   1.00000000000000E-99
 91   57     1.00000000000000E-99   1.00000000000000E-99
 92   57     1.00000000000000E-99   1.00000000000000E-99
 93   57     1.00000000000000E-99   1.00000000000000E-99
 94   57     1.00000000000000E-99   1.00000000000000E-99
 95   57     1.00000000000000E-99   1.00000000000000E-99
 96   57     1.00000000000000E-99   1.00000000000000E-99
 97   57     1.00000000000000E-99   1.00000000000000E-99
 98   57     1.00000000000000E-99   1.00000000000000E-99
 99   57     1.00000000000000E-99   1.00000000000000E-99
100   57     1.00000000000000E-99   1.00000000000000E-99
101   57     1.00000000000000E-99   1.00000000000000E-99
102   57     1.00000000000000E-99   1.00000000000000E-99
103   57     1.00000000000000E-99   1.00000000000000E-99
104   57     1.00000000000000E-99   1.00000000000000E-99
105   57     1.00000000000000E-99   1.00000000000000E-99
106   57     1.00000000000000E-99   1.00000000000000E-99
107   57     1.00000000000000E-99   1.00000000000000E-99
108   57     1.00000000000000E-99   1.00000000000000E-99
109   57     1.00000000000000E-99   1.00000000000000E-99
110   57     1.00000000000000E-99   1.00000000000000E-99
111   57     1.29811425786620E-25   2.18083195321522E-23
112   57     5.73854482702827E-24   9.69814075767778E-22
113   57     1.01355955463632E-23   1.72305124288175E-21
114   57     2.88281663405648E-22   4.92961644423658E-20
115   57     8.88609787939777E-22   1.52840883525642E-19
116   57     1.88187511520821E-20   3.25564394931020E-18
117   57     3.87722270931980E-19   6.74636751421646E-17
118   57     9.90080338424501E-18   1.73264059224288E-15
119   57     9.29647273920106E-18   1.63617920209939E-15
120   57     8.66521529933247E-17   1.53374310798185E-14
121   57     1.67173890567999E-15   2.97569525211039E-13
122   57     4.37988071718727E-14   7.83998648376521E-12
123   57     1.58472438707710E-12   2.85250389673879E-10
124   57     1.16668351302595E-10   2.11169715857697E-08
125   57     3.16463156142244E-09   5.75962944178883E-07
126   57     1.75437501627615E-05   3.21050627978535E-03
127   57     1.69592745966540E-16   3.12050652578434E-14
128   57     2.09624548738775E-23   3.87805415166734E-21
129   57     1.00000000000000E-99   1.00000000000000E-99
130   57     1.00000000000000E-99   1.00000000000000E-99
131   57     1.00000000000000E-99   1.00000000000000E-99
132   57     1.00000000000000E-99   1.00000000000000E-99
133   57     1.00000000000000E-99   1.00000000000000E-99
134   57     1.00000000000000E-99   1.00000000000000E-99
135   57     1.00000000000000E-99   1.00000000000000E-99
 55   58     1.00000000000000E-99   1.00000000000000E-99
 56   58     1.00000000000000E-99   1.00000000000000E-99
 57   58     1.00000000000000E-99   1.00000000000000E-99
 58   58     1.00000000000000E-99   1.00000000000000E-99
 59   58     1.00000000000000E-99   1.00000000000000E-99
 60   58     1.00000000000000E-99   1.00000000000000E-99
 61   58     1.00000000000000E-99   1.00000000000000E-99
 62   58     1.00000000000000E-99   1.00000000000000E-99
 63   58     1.00000000000000E-99   1.00000000000000E-99
 64   58     1.00000000000000E-99   1.00000000000000E-99
 65   58     1.00000000000000E-99   1.00000000000000E-99
 66   58     1.00000000000000E-99   1.00000000000000E-99
 67   58     1.00000000000000E-99   1.00000000000000E-99
 68   58     1.00000000000000E-99   1.00000000000000E-99
 69   58     1.00000000000000E-99   1.00000000000000E-99
 70   58     1.00000000000000E-99   1.00000000000000E-99
 71   58     1.00000000000000E-99   1.00000000000000E-99
 72   58     1.00000000000000E-99   1.00000000000000E-99
 73   58     1.00000000000000E-99   1.00000000000000E-99
 74   58     1.00000000000000E-99   1.00000000000000E-99
 75   58     1.00000000000000E-99   1.00000000000000E-99
 76   58     1.00000000000000E-99   1.00000000000000E-99
 77   58     1.00000000000000E-99   1.00000000000000E-99
 78   58     1.00000000000000E-99   1.00000000000000E-99
 79   58     1.00000000000000E-99   1.00000000000000E-99
 80   58     1.00000000000000E-99   1.00000000000000E-99
 81   58     1.00000000000000E-99   1.00000000000000E-99
 82   58     1.00000000000000E-99   1.00000000000000E-99
 83   58     1.00000000000000E-99   1.00000000000000E-99
 84   58     1.00000000000000E-99   1.00000000000000E-99
 85   58     1.00000000000000E-99   1.00000000000000E-99
 86   58     1.00000000000000E-99   1.00000000000000E-99
 87   58     1.00000000000000E-99   1.00000000000000E-99
 88   58     1.00000000000000E-99   1.00000000000000E-99
 89   58     1.00000000000000E-99   1.00000000000000E-99
 90   58     1.00000000000000E-99   1.00000000000000E-99
 91   58     1.00000000000000E-99   1.00000000000000E-99
 92   58     1.00000000000000E-99   1.00000000000000E-99
 93   58     1.00000000000000E-99   1.00000000000000E-99
 94   58     1.00000000000000E-99   1.00000000000000E-99
 95   58     1.00000000000000E-99   1.00000000000000E-99
 96   58     1.00000000000000E-99   1.00000000000000E-99
 97   58     1.00000000000000E-99   1.00000000000000E-99
 98   58     1.00000000000000E-99   1.00000000000000E-99
 99   58     1.00000000000000E-99   1.00000000000000E-99
100   58     1.00000000000000E-99   1.00000000000000E-99
101   58     1.00000000000000E-99   1.00000000000000E-99
102   58     1.00000000000000E-99   1.00000000000000E-99
103   58     1.00000000000000E-99   1.00000000000000E-99
104   58     1.00000000000000E-99   1.00000000000000E-99
105   58     1.00000000000000E-99   1.00000000000000E-99
106   58     1.00000000000000E-99   1.00000000000000E-99
107   58     1.00000000000000E-99   1.00000000000000E-99
108   58     1.00000000000000E-99   1.00000000000000E-99
109   58     1.00000000000000E-99   1.00000000000000E-99
110   58     1.00000000000000E-99   1.00000000000000E-99
111   58     1.00000000000000E-99   1.00000000000000E-99
112   58     1.00000000000000E-99   1.00000000000000E-99
113   58     1.00000000000000E-99   1.00000000000000E-99
114   58     1.00000000000000E-99   1.00000000000000E-99
115   58     3.89514022560007E-25   6.73859259028812E-23
116   58     1.07632064811386E-23   1.87279792771811E-21
117   58     1.08963897140366E-23   1.90686819995640E-21
118   58     1.64925407652381E-20   2.90268717468190E-18
119   58     6.64860529178751E-21   1.17680313664639E-18
120   58     1.92786025045416E-18   3.43159124580841E-16
121   58     1.29731520961787E-17   2.32219422521599E-15
122   58     5.83906297927412E-14   1.05103133626934E-11
123   58     6.58254792672475E-12   1.19144117473718E-09
124   58     3.54249475082175E-11   6.44734044649558E-09
125   58     8.80253548074813E-11   1.61086399297691E-08
126   58     2.18674262361093E-05   4.02360642744411E-03
127   58     2.41818745572000E-16   4.47364679308200E-14
128   58     1.25409902307136E-20   2.33262418291272E-18
129   58     1.00000000000000E-99   1.00000000000000E-99
130   58     1.00000000000000E-99   1.00000000000000E-99
131   58     1.00000000000000E-99   1.00000000000000E-99
132   58     1.00000000000000E-99   1.00000000000000E-99
133   58     1.00000000000000E-99   1.00000000000000E-99
134   58     1.00000000000000E-99   1.00000000000000E-99
135   58     1.00000000000000E-99   1.00000000000000E-99
136   58     1.00000000000000E-99   1.00000000000000E-99
137   58     1.00000000000000E-99   1.00000000000000E-99
 56   59     1.00000000000000E-99   1.00000000000000E-99
 57   59     1.00000000000000E-99   1.00000000000000E-99
 58   59     1.00000000000000E-99   1.00000000000000E-99
 59   59     1.00000000000000E-99   1.00000000000000E-99
 60   59     1.00000000000000E-99   1.00000000000000E-99
 61   59     1.00000000000000E-99   1.00000000000000E-99
 62   59     1.00000000000000E-99   1.00000000000000E-99
 63   59     1.00000000000000E-99   1.00000000000000E-99
 64   59     1.00000000000000E-99   1.00000000000000E-99
 65   59     1.00000000000000E-99   1.00000000000000E-99
 66   59     1.00000000000000E-99   1.00000000000000E-99
 67   59     1.00000000000000E-99   1.00000000000000E-99
 68   59     1.00000000000000E-99   1.00000000000000E-99
 69   59     1.00000000000000E-99   1.00000000000000E-99
 70   59     1.00000000000000E-99   1.00000000000000E-99
 71   59     1.00000000000000E-99   1.00000000000000E-99
 72   59     1.00000000000000E-99   1.00000000000000E-99
 73   59     1.00000000000000E-99   1.00000000000000E-99
 74   59     1.00000000000000E-99   1.00000000000000E-99
 75   59     1.00000000000000E-99   1.00000000000000E-99
 76   59     1.00000000000000E-99   1.00000000000000E-99
 77   59     1.00000000000000E-99   1.00000000000000E-99
 78   59     1.00000000000000E-99   1.00000000000000E-99
 79   59     1.00000000000000E-99   1.00000000000000E-99
 80   59     1.00000000000000E-99   1.00000000000000E-99
 81   59     1.00000000000000E-99   1.00000000000000E-99
 82   59     1.00000000000000E-99   1.00000000000000E-99
 83   59     1.00000000000000E-99   1.00000000000000E-99
 84   59     1.00000000000000E-99   1.00000000000000E-99
 85   59     1.00000000000000E-99   1.00000000000000E-99
 86   59     1.00000000000000E-99   1.00000000000000E-99
 87   59     1.00000000000000E-99   1.00000000000000E-99
 88   59     1.00000000000000E-99   1.00000000000000E-99
 89   59     1.00000000000000E-99   1.00000000000000E-99
 90   59     1.00000000000000E-99   1.00000000000000E-99
 91   59     1.00000000000000E-99   1.00000000000000E-99
 92   59     1.00000000000000E-99   1.00000000000000E-99
 93   59     1.00000000000000E-99   1.00000000000000E-99
 94   59     1.00000000000000E-99   1.00000000000000E-99
 95   59     1.00000000000000E-99   1.00000000000000E-99
 96   59     1.00000000000000E-99   1.00000000000000E-99
 97   59     1.00000000000000E-99   1.00000000000000E-99
 98   59     1.00000000000000E-99   1.00000000000000E-99
 99   59     1.00000000000000E-99   1.00000000000000E-99
100   59     1.00000000000000E-99   1.00000000000000E-99
101   59     1.00000000000000E-99   1.00000000000000E-99
102   59     1.00000000000000E-99   1.00000000000000E-99
103   59     1.00000000000000E-99   1.00000000000000E-99
104   59     1.00000000000000E-99   1.00000000000000E-99
105   59     1.00000000000000E-99   1.00000000000000E-99
106   59     1.00000000000000E-99   1.00000000000000E-99
107   59     1.00000000000000E-99   1.00000000000000E-99
108   59     1.00000000000000E-99   1.00000000000000E-99
109   59     1.00000000000000E-99   1.00000000000000E-99
110   59     1.00000000000000E-99   1.00000000000000E-99
111   59     1.00000000000000E-99   1.00000000000000E-99
112   59     1.00000000000000E-99   1.00000000000000E-99
113   59     1.00000000000000E-99   1.00000000000000E-99
114   59     1.00000000000000E-99   1.00000000000000E-99
115   59     1.00000000000000E-99   1.00000000000000E-99
116   59     1.00000000000000E-99   1.00000000000000E-99
117   59     1.00000000000000E-99   1.00000000000000E-99
118   59     2.55031698474780E-23   4.51406106300360E-21
119   59     3.60692234958744E-22   6.42032178226564E-20
120   59     2.78510362681017E-19   4.98533549199020E-17
121   59     9.39232153366095E-20   1.69061787605897E-17
122   59     5.25919068225289E-18   9.51913513487772E-16
123   59     5.53029549013263E-14   1.00651377920414E-11
124   59     5.45542516167073E-12   9.98342804585744E-10
125   59     8.76874012665976E-11   1.61344818330540E-08
126   59     2.77079163317553E-05   5.12596452137474E-03
127   59     6.42310601841020E-14   1.19469771942430E-11
128   59     5.47537451939941E-18   1.02389503512769E-15
129   59     1.00000000000000E-99   1.00000000000000E-99
130   59     1.00000000000000E-99   1.00000000000000E-99
131   59     1.00000000000000E-99   1.00000000000000E-99
132   59     1.00000000000000E-99   1.00000000000000E-99
133   59     1.00000000000000E-99   1.00000000000000E-99
134   59     1.00000000000000E-99   1.00000000000000E-99
135   59     1.00000000000000E-99   1.00000000000000E-99
136   59     1.00000000000000E-99   1.00000000000000E-99
137   59     1.00000000000000E-99   1.00000000000000E-99
138   59     1.00000000000000E-99   1.00000000000000E-99
139   59     1.00000000000000E-99   1.00000000000000E-99
 58   60     1.00000000000000E-99   1.00000000000000E-99
 59   60     1.00000000000000E-99   1.00000000000000E-99
 60   60     1.00000000000000E-99   1.00000000000000E-99
 61   60     1.00000000000000E-99   1.00000000000000E-99
 62   60     1.00000000000000E-99   1.00000000000000E-99
 63   60     1.00000000000000E-99   1.00000000000000E-99
 64   60     1.00000000000000E-99   1.00000000000000E-99
 65   60     1.00000000000000E-99   1.00000000000000E-99
 66   60     1.00000000000000E-99   1.00000000000000E-99
 67   60     1.00000000000000E-99   1.00000000000000E-99
 68   60     1.00000000000000E-99   1.00000000000000E-99
 69   60     1.00000000000000E-99   1.00000000000000E-99
 70   60     1.00000000000000E-99   1.00000000000000E-99
 71   60     1.00000000000000E-99   1.00000000000000E-99
 72   60     1.00000000000000E-99   1.00000000000000E-99
 73   60     1.00000000000000E-99   1.00000000000000E-99
 74   60     1.00000000000000E-99   1.00000000000000E-99
 75   60     1.00000000000000E-99   1.00000000000000E-99
 76   60     1.00000000000000E-99   1.00000000000000E-99
 77   60     1.00000000000000E-99   1.00000000000000E-99
 78   60     1.00000000000000E-99   1.00000000000000E-99
 79   60     1.00000000000000E-99   1.00000000000000E-99
 80   60     1.00000000000000E-99   1.00000000000000E-99
 81   60     1.00000000000000E-99   1.00000000000000E-99
 82   60     1.00000000000000E-99   1.00000000000000E-99
 83   60     1.00000000000000E-99   1.00000000000000E-99
 84   60     1.00000000000000E-99   1.00000000000000E-99
 85   60     1.00000000000000E-99   1.00000000000000E-99
 86   60     1.00000000000000E-99   1.00000000000000E-99
 87   60     1.00000000000000E-99   1.00000000000000E-99
 88   60     1.00000000000000E-99   1.00000000000000E-99
 89   60     1.00000000000000E-99   1.00000000000000E-99
 90   60     1.00000000000000E-99   1.00000000000000E-99
 91   60     1.00000000000000E-99   1.00000000000000E-99
 92   60     1.00000000000000E-99   1.00000000000000E-99
 93   60     1.00000000000000E-99   1.00000000000000E-99
 94   60     1.00000000000000E-99   1.00000000000000E-99
 95   60     1.00000000000000E-99   1.00000000000000E-99
 96   60     1.00000000000000E-99   1.00000000000000E-99
 97   60     1.00000000000000E-99   1.00000000000000E-99
 98   60     1.00000000000000E-99   1.00000000000000E-99
 99   60     1.00000000000000E-99   1.00000000000000E-99
100   60     1.00000000000000E-99   1.00000000000000E-99
101   60     1.00000000000000E-99   1.00000000000000E-99
102   60     1.00000000000000E-99   1.00000000000000E-99
103   60     1.00000000000000E-99   1.00000000000000E-99
104   60     1.00000000000000E-99   1.00000000000000E-99
105   60     1.00000000000000E-99   1.00000000000000E-99
106   60     1.00000000000000E-99   1.00000000000000E-99
107   60     1.00000000000000E-99   1.00000000000000E-99
108   60     1.00000000000000E-99   1.00000000000000E-99
109   60     1.00000000000000E-99   1.00000000000000E-99
110   60     1.00000000000000E-99   1.00000000000000E-99
111   60     1.00000000000000E-99   1.00000000000000E-99
112   60     1.00000000000000E-99   1.00000000000000E-99
113   60     1.00000000000000E-99   1.00000000000000E-99
114   60     1.00000000000000E-99   1.00000000000000E-99
115   60     1.00000000000000E-99   1.00000000000000E-99
116   60     1.00000000000000E-99   1.00000000000000E-99
117   60     1.00000000000000E-99   1.00000000000000E-99
118   60     5.82526853364748E-25   1.03689779898925E-22
119   60     1.00000000000000E-99   1.00000000000000E-99
120   60     6.14790090140727E-21   1.10662216225331E-18
121   60     8.94743000591125E-20   1.61948483106994E-17
122   60     3.48111146378246E-17   6.33562286408408E-15
123   60     1.87211501958796E-12   3.42597048584597E-10
124   60     1.01661282574584E-11   1.87056759937235E-09
125   60     1.15286802268376E-11   2.13280584196496E-09
126   60     3.75813124716233E-05   6.99012411972194E-03
127   60     1.28179046332526E-13   2.39694816641824E-11
128   60     1.70049164455612E-15   3.19692429176551E-13
129   60     1.00000000000000E-99   1.00000000000000E-99
130   60     1.00000000000000E-99   1.00000000000000E-99
131   60     1.00000000000000E-99   1.00000000000000E-99
132   60     1.00000000000000E-99   1.00000000000000E-99
133   60     1.00000000000000E-99   1.00000000000000E-99
134   60     1.00000000000000E-99   1.00000000000000E-99
135   60     1.00000000000000E-99   1.00000000000000E-99
136   60     1.00000000000000E-99   1.00000000000000E-99
137   60     1.00000000000000E-99   1.00000000000000E-99
138   60     1.00000000000000E-99   1.00000000000000E-99
139   60     1.00000000000000E-99   1.00000000000000E-99
140   60     1.00000000000000E-99   1.00000000000000E-99
141   60     1.00000000000000E-99   1.00000000000000E-99
 59   61     1.00000000000000E-99   1.00000000000000E-99
 60   61     1.00000000000000E-99   1.00000000000000E-99
 61   61     1.00000000000000E-99   1.00000000000000E-99
 62   61     1.00000000000000E-99   1.00000000000000E-99
 63   61     1.00000000000000E-99   1.00000000000000E-99
 64   61     1.00000000000000E-99   1.00000000000000E-99
 65   61     1.00000000000000E-99   1.00000000000000E-99
 66   61     1.00000000000000E-99   1.00000000000000E-99
 67   61     1.00000000000000E-99   1.00000000000000E-99
 68   61     1.00000000000000E-99   1.00000000000000E-99
 69   61     1.00000000000000E-99   1.00000000000000E-99
 70   61     1.00000000000000E-99   1.00000000000000E-99
 71   61     1.00000000000000E-99   1.00000000000000E-99
 72   61     1.00000000000000E-99   1.00000000000000E-99
 73   61     1.00000000000000E-99   1.00000000000000E-99
 74   61     1.00000000000000E-99   1.00000000000000E-99
 75   61     1.00000000000000E-99   1.00000000000000E-99
 76   61     1.00000000000000E-99   1.00000000000000E-99
 77   61     1.00000000000000E-99   1.00000000000000E-99
 78   61     1.00000000000000E-99   1.00000000000000E-99
 79   61     1.00000000000000E-99   1.00000000000000E-99
 80   61     1.00000000000000E-99   1.00000000000000E-99
 81   61     1.00000000000000E-99   1.00000000000000E-99
 82   61     1.00000000000000E-99   1.00000000000000E-99
 83   61     1.00000000000000E-99   1.00000000000000E-99
 84   61     1.00000000000000E-99   1.00000000000000E-99
 85   61     1.00000000000000E-99   1.00000000000000E-99
 86   61     1.00000000000000E-99   1.00000000000000E-99
 87   61     1.00000000000000E-99   1.00000000000000E-99
 88   61     1.00000000000000E-99   1.00000000000000E-99
 89   61     1.00000000000000E-99   1.00000000000000E-99
 90   61     1.00000000000000E-99   1.00000000000000E-99
 91   61     1.00000000000000E-99   1.00000000000000E-99
 92   61     1.00000000000000E-99   1.00000000000000E-99
 93   61     1.00000000000000E-99   1.00000000000000E-99
 94   61     1.00000000000000E-99   1.00000000000000E-99
 95   61     1.00000000000000E-99   1.00000000000000E-99
 96   61     1.00000000000000E-99   1.00000000000000E-99
 97   61     1.00000000000000E-99   1.00000000000000E-99
 98   61     1.00000000000000E-99   1.00000000000000E-99
 99   61     1.00000000000000E-99   1.00000000000000E-99
100   61     1.00000000000000E-99   1.00000000000000E-99
101   61     1.00000000000000E-99   1.00000000000000E-99
102   61     1.00000000000000E-99   1.00000000000000E-99
103   61     1.00000000000000E-99   1.00000000000000E-99
104   61     1.00000000000000E-99   1.00000000000000E-99
105   61     1.00000000000000E-99   1.00000000000000E-99
106   61     1.00000000000000E-99   1.00000000000000E-99
107   61     1.00000000000000E-99   1.00000000000000E-99
108   61     1.00000000000000E-99   1.00000000000000E-99
109   61     1.00000000000000E-99   1.00000000000000E-99
110   61     1.00000000000000E-99   1.00000000000000E-99
111   61     1.00000000000000E-99   1.00000000000000E-99
112   61     1.00000000000000E-99   1.00000000000000E-99
113   61     1.00000000000000E-99   1.00000000000000E-99
114   61     1.00000000000000E-99   1.00000000000000E-99
115   61     1.00000000000000E-99   1.00000000000000E-99
116   61     1.00000000000000E-99   1.00000000000000E-99
117   61     1.00000000000000E-99   1.00000000000000E-99
118   61     1.00000000000000E-99   1.00000000000000E-99
119   61     1.00000000000000E-99   1.00000000000000E-99
120   61     5.22121024427569E-21   9.45039054213901E-19
121   61     5.58588386654486E-21   1.01663086371116E-18
122   61     1.34433477660730E-19   2.46013264119136E-17
123   61     6.35148545823055E-15   1.16867332431442E-12
124   61     9.18979328283261E-13   1.70011175732403E-10
125   61     2.58741678063378E-12   4.81259521197883E-10
126   61     5.49440600922599E-05   1.02745392372526E-02
127   61     1.12518509813824E-11   2.11534798449990E-09
128   61     7.54109654860308E-13   1.42526724768598E-10
129   61     1.75371206667829E-21   3.33205292668875E-19
130   61     1.75362486455809E-22   3.34942349130596E-20
131   61     1.00000000000000E-99   1.00000000000000E-99
132   61     1.00000000000000E-99   1.00000000000000E-99
133   61     1.00000000000000E-99   1.00000000000000E-99
134   61     1.00000000000000E-99   1.00000000000000E-99
135   61     1.00000000000000E-99   1.00000000000000E-99
136   61     1.00000000000000E-99   1.00000000000000E-99
137   61     1.00000000000000E-99   1.00000000000000E-99
138   61     1.00000000000000E-99   1.00000000000000E-99
139   61     1.00000000000000E-99   1.00000000000000E-99
140   61     1.00000000000000E-99   1.00000000000000E-99
141   61     1.00000000000000E-99   1.00000000000000E-99
142   61     1.00000000000000E-99   1.00000000000000E-99
143   61     1.00000000000000E-99   1.00000000000000E-99
144   61     1.00000000000000E-99   1.00000000000000E-99
 61   62     1.00000000000000E-99   1.00000000000000E-99
 62   62     1.00000000000000E-99   1.00000000000000E-99
 63   62     1.00000000000000E-99   1.00000000000000E-99
 64   62     1.00000000000000E-99   1.00000000000000E-99
 65   62     1.00000000000000E-99   1.00000000000000E-99
 66   62     1.00000000000000E-99   1.00000000000000E-99
 67   62     1.00000000000000E-99   1.00000000000000E-99
 68   62     1.00000000000000E-99   1.00000000000000E-99
 69   62     1.00000000000000E-99   1.00000000000000E-99
 70   62     1.00000000000000E-99   1.00000000000000E-99
 71   62     1.00000000000000E-99   1.00000000000000E-99
 72   62     1.00000000000000E-99   1.00000000000000E-99
 73   62     1.00000000000000E-99   1.00000000000000E-99
 74   62     1.00000000000000E-99   1.00000000000000E-99
 75   62     1.00000000000000E-99   1.00000000000000E-99
 76   62     1.00000000000000E-99   1.00000000000000E-99
 77   62     1.00000000000000E-99   1.00000000000000E-99
 78   62     1.00000000000000E-99   1.00000000000000E-99
 79   62     1.00000000000000E-99   1.00000000000000E-99
 80   62     1.00000000000000E-99   1.00000000000000E-99
 81   62     1.00000000000000E-99   1.00000000000000E-99
 82   62     1.00000000000000E-99   1.00000000000000E-99
 83   62     1.00000000000000E-99   1.00000000000000E-99
 84   62     1.00000000000000E-99   1.00000000000000E-99
 85   62     1.00000000000000E-99   1.00000000000000E-99
 86   62     1.00000000000000E-99   1.00000000000000E-99
 87   62     1.00000000000000E-99   1.00000000000000E-99
 88   62     1.00000000000000E-99   1.00000000000000E-99
 89   62     1.00000000000000E-99   1.00000000000000E-99
 90   62     1.00000000000000E-99   1.00000000000000E-99
 91   62     1.00000000000000E-99   1.00000000000000E-99
 92   62     1.00000000000000E-99   1.00000000000000E-99
 93   62     1.00000000000000E-99   1.00000000000000E-99
 94   62     1.00000000000000E-99   1.00000000000000E-99
 95   62     1.00000000000000E-99   1.00000000000000E-99
 96   62     1.00000000000000E-99   1.00000000000000E-99
 97   62     1.00000000000000E-99   1.00000000000000E-99
 98   62     1.00000000000000E-99   1.00000000000000E-99
 99   62     1.00000000000000E-99   1.00000000000000E-99
100   62     1.00000000000000E-99   1.00000000000000E-99
101   62     1.00000000000000E-99   1.00000000000000E-99
102   62     1.00000000000000E-99   1.00000000000000E-99
103   62     1.00000000000000E-99   1.00000000000000E-99
104   62     1.00000000000000E-99   1.00000000000000E-99
105   62     1.00000000000000E-99   1.00000000000000E-99
106   62     1.00000000000000E-99   1.00000000000000E-99
107   62     1.00000000000000E-99   1.00000000000000E-99
108   62     1.00000000000000E-99   1.00000000000000E-99
109   62     1.00000000000000E-99   1.00000000000000E-99
110   62     1.00000000000000E-99   1.00000000000000E-99
111   62     1.00000000000000E-99   1.00000000000000E-99
112   62     1.00000000000000E-99   1.00000000000000E-99
113   62     1.00000000000000E-99   1.00000000000000E-99
114   62     1.00000000000000E-99   1.00000000000000E-99
115   62     1.00000000000000E-99   1.00000000000000E-99
116   62     1.00000000000000E-99   1.00000000000000E-99
117   62     1.00000000000000E-99   1.00000000000000E-99
118   62     1.00000000000000E-99   1.00000000000000E-99
119   62     1.00000000000000E-99   1.00000000000000E-99
120   62     1.11868300450031E-22   2.03600306819057E-20
121   62     1.61724554840622E-21   2.95955935358339E-19
122   62     7.54253229587310E-20   1.38782594244065E-17
123   62     1.87289484459718E-14   3.46485546250479E-12
124   62     4.05622065456822E-12   7.54457041749689E-10
125   62     5.13558457045678E-12   9.60354314675418E-10
126   62     7.94395369058863E-05   1.49346329383066E-02
127   62     6.51952819285522E-11   1.23219082844964E-08
128   62     2.03694001024638E-10   3.87018601946811E-08
129   62     1.24597584588199E-18   2.37981386563461E-16
130   62     1.27332548191629E-17   2.44478492527929E-15
131   62     1.30371174343973E-24   2.51616366483868E-22
132   62     1.35402689974000E-24   2.62681218549561E-22
133   62     1.00000000000000E-99   1.00000000000000E-99
134   62     1.00000000000000E-99   1.00000000000000E-99
135   62     1.00000000000000E-99   1.00000000000000E-99
136   62     1.00000000000000E-99   1.00000000000000E-99
137   62     1.00000000000000E-99   1.00000000000000E-99
138   62     1.00000000000000E-99   1.00000000000000E-99
139   62     1.00000000000000E-99   1.00000000000000E-99
140   62     1.00000000000000E-99   1.00000000000000E-99
141   62     1.00000000000000E-99   1.00000000000000E-99
142   62     1.00000000000000E-99   1.00000000000000E-99
143   62     1.00000000000000E-99   1.00000000000000E-99
144   62     1.00000000000000E-99   1.00000000000000E-99
145   62     1.00000000000000E-99   1.00000000000000E-99
146   62     1.00000000000000E-99   1.00000000000000E-99
 62   63     1.00000000000000E-99   1.00000000000000E-99
 63   63     1.00000000000000E-99   1.00000000000000E-99
 64   63     1.00000000000000E-99   1.00000000000000E-99
 65   63     1.00000000000000E-99   1.00000000000000E-99
 66   63     1.00000000000000E-99   1.00000000000000E-99
 67   63     1.00000000000000E-99   1.00000000000000E-99
 68   63     1.00000000000000E-99   1.00000000000000E-99
 69   63     1.00000000000000E-99   1.00000000000000E-99
 70   63     1.00000000000000E-99   1.00000000000000E-99
 71   63     1.00000000000000E-99   1.00000000000000E-99
 72   63     1.00000000000000E-99   1.00000000000000E-99
 73   63     1.00000000000000E-99   1.00000000000000E-99
 74   63     1.00000000000000E-99   1.00000000000000E-99
 75   63     1.00000000000000E-99   1.00000000000000E-99
 76   63     1.00000000000000E-99   1.00000000000000E-99
 77   63     1.00000000000000E-99   1.00000000000000E-99
 78   63     1.00000000000000E-99   1.00000000000000E-99
 79   63     1.00000000000000E-99   1.00000000000000E-99
 80   63     1.00000000000000E-99   1.00000000000000E-99
 81   63     1.00000000000000E-99   1.00000000000000E-99
 82   63     1.00000000000000E-99   1.00000000000000E-99
 83   63     1.00000000000000E-99   1.00000000000000E-99
 84   63     1.00000000000000E-99   1.00000000000000E-99
 85   63     1.00000000000000E-99   1.00000000000000E-99
 86   63     1.00000000000000E-99   1.00000000000000E-99
 87   63     1.00000000000000E-99   1.00000000000000E-99
 88   63     1.00000000000000E-99   1.00000000000000E-99
 89   63     1.00000000000000E-99   1.00000000000000E-99
 90   63     1.00000000000000E-99   1.00000000000000E-99
 91   63     1.00000000000000E-99   1.00000000000000E-99
 92   63     1.00000000000000E-99   1.00000000000000E-99
 93   63     1.00000000000000E-99   1.00000000000000E-99
 94   63     1.00000000000000E-99   1.00000000000000E-99
 95   63     1.00000000000000E-99   1.00000000000000E-99
 96   63     1.00000000000000E-99   1.00000000000000E-99
 97   63     1.00000000000000E-99   1.00000000000000E-99
 98   63     1.00000000000000E-99   1.00000000000000E-99
 99   63     1.00000000000000E-99   1.00000000000000E-99
100   63     1.00000000000000E-99   1.00000000000000E-99
101   63     1.00000000000000E-99   1.00000000000000E-99
102   63     1.00000000000000E-99   1.00000000000000E-99
103   63     1.00000000000000E-99   1.00000000000000E-99
104   63     1.00000000000000E-99   1.00000000000000E-99
105   63     1.00000000000000E-99   1.00000000000000E-99
106   63     1.00000000000000E-99   1.00000000000000E-99
107   63     1.00000000000000E-99   1.00000000000000E-99
108   63     1.00000000000000E-99   1.00000000000000E-99
109   63     1.00000000000000E-99   1.00000000000000E-99
110   63     1.00000000000000E-99   1.00000000000000E-99
111   63     1.00000000000000E-99   1.00000000000000E-99
112   63     1.00000000000000E-99   1.00000000000000E-99
113   63     1.00000000000000E-99   1.00000000000000E-99
114   63     1.00000000000000E-99   1.00000000000000E-99
115   63     1.00000000000000E-99   1.00000000000000E-99
116   63     1.00000000000000E-99   1.00000000000000E-99
117   63     1.00000000000000E-99   1.00000000000000E-99
118   63     1.00000000000000E-99   1.00000000000000E-99
119   63     1.00000000000000E-99   1.00000000000000E-99
120   63     1.26913691132683E-24   2.32252054772809E-22
121   63     5.19671529355431E-23   9.56195614013992E-21
122   63     4.10959812352373E-21   7.60275652851890E-19
123   63     3.17812810170183E-15   5.91131826916540E-13
124   63     4.80997774993235E-13   8.99465839237349E-11
125   63     3.01124995472597E-13   5.66114991488483E-11
126   63     1.15523032605430E-04   2.18338531624264E-02
127   63     4.18635493150769E-09   7.95407436986460E-07
128   63     3.58795202657855E-08   6.85298837076504E-06
129   63     2.34405841842721E-13   4.50059216338025E-11
130   63     9.52754604373333E-12   1.83881638644053E-09
131   63     9.96131204736966E-18   1.93249453718971E-15
132   63     2.75138077041018E-17   5.36519250229985E-15
133   63     2.20687389476278E-22   4.32547283373505E-20
134   63     3.88917874975326E-21   7.66168213701392E-19
135   63     1.21637994428775E-23   2.40843228968975E-21
136   63     6.17424744232381E-22   1.22867524102244E-19
137   63     1.00000000000000E-99   1.00000000000000E-99
138   63     1.00000000000000E-99   1.00000000000000E-99
139   63     1.00000000000000E-99   1.00000000000000E-99
140   63     1.00000000000000E-99   1.00000000000000E-99
141   63     1.00000000000000E-99   1.00000000000000E-99
142   63     1.00000000000000E-99   1.00000000000000E-99
143   63     1.00000000000000E-99   1.00000000000000E-99
144   63     1.00000000000000E-99   1.00000000000000E-99
145   63     1.00000000000000E-99   1.00000000000000E-99
146   63     1.00000000000000E-99   1.00000000000000E-99
147   63     1.00000000000000E-99   1.00000000000000E-99
148   63     1.00000000000000E-99   1.00000000000000E-99
 81   64     1.00000000000000E-99   1.00000000000000E-99
 82   64     1.00000000000000E-99   1.00000000000000E-99
 83   64     1.00000000000000E-99   1.00000000000000E-99
 84   64     1.00000000000000E-99   1.00000000000000E-99
 85   64     1.00000000000000E-99   1.00000000000000E-99
 86   64     1.00000000000000E-99   1.00000000000000E-99
 87   64     1.00000000000000E-99   1.00000000000000E-99
 88   64     1.00000000000000E-99   1.00000000000000E-99
 89   64     1.00000000000000E-99   1.00000000000000E-99
 90   64     1.00000000000000E-99   1.00000000000000E-99
 91   64     1.00000000000000E-99   1.00000000000000E-99
 92   64     1.00000000000000E-99   1.00000000000000E-99
 93   64     1.00000000000000E-99   1.00000000000000E-99
 94   64     1.00000000000000E-99   1.00000000000000E-99
 95   64     1.00000000000000E-99   1.00000000000000E-99
 96   64     1.00000000000000E-99   1.00000000000000E-99
 97   64     1.00000000000000E-99   1.00000000000000E-99
 98   64     1.00000000000000E-99   1.00000000000000E-99
 99   64     1.00000000000000E-99   1.00000000000000E-99
100   64     1.00000000000000E-99   1.00000000000000E-99
101   64     1.00000000000000E-99   1.00000000000000E-99
102   64     1.00000000000000E-99   1.00000000000000E-99
103   64     1.00000000000000E-99   1.00000000000000E-99
104   64     1.00000000000000E-99   1.00000000000000E-99
105   64     1.00000000000000E-99   1.00000000000000E-99
106   64     1.00000000000000E-99   1.00000000000000E-99
107   64     1.00000000000000E-99   1.00000000000000E-99
108   64     1.00000000000000E-99   1.00000000000000E-99
109   64     1.00000000000000E-99   1.00000000000000E-99
110   64     1.00000000000000E-99   1.00000000000000E-99
111   64     1.00000000000000E-99   1.00000000000000E-99
112   64     1.00000000000000E-99   1.00000000000000E-99
113   64     1.00000000000000E-99   1.00000000000000E-99
114   64     1.00000000000000E-99   1.00000000000000E-99
115   64     1.00000000000000E-99   1.00000000000000E-99
116   64     1.00000000000000E-99   1.00000000000000E-99
117   64     1.00000000000000E-99   1.00000000000000E-99
118   64     1.00000000000000E-99   1.00000000000000E-99
119   64     1.00000000000000E-99   1.00000000000000E-99
120   64     8.85684566394099E-24   1.62965960216514E-21
121   64     2.95190831885964E-23   5.46103038989033E-21
122   64     3.68695264627234E-21   6.85773192206656E-19
123   64     2.34167843269895E-14   4.37893866914703E-12
124   64     1.39461529871416E-12   2.62187676158262E-10
125   64     2.33965371533150E-12   4.42194552197653E-10
126   64     1.12566089065262E-04   2.13875569223997E-02
127   64     1.75687287044432E-08   3.35562718254864E-06
128   64     1.29608059302340E-05   2.48847473860493E-03
129   64     5.06254011316069E-11   9.77070241840012E-09
130   64     9.59576011427970E-08   1.86157746217026E-05
131   64     2.75451959447307E-13   5.37131320922249E-11
132   64     9.78858145711418E-11   1.91856196559438E-08
133   64     5.45150526936745E-15   1.07394653806539E-12
134   64     1.05071789510373E-12   2.08042143230539E-10
135   64     1.08990833592266E-14   2.16891758848610E-12
136   64     4.42849802029981E-11   8.85699604059963E-09
137   64     8.71909781033175E-15   1.75253865987668E-12
138   64     5.87817516039830E-13   1.18739138240046E-10
139   64     2.42554266920512E-17   4.92385161848639E-15
140   64     3.33224044432157E-16   6.79777050641600E-14
141   64     4.73925993332770E-21   9.71548286332179E-19
142   64     1.14001613761192E-19   2.34843324348056E-17
143   64     4.07734197021331E-25   8.44009787834156E-23
144   64     2.58915886057439E-24   5.38545042999473E-22
145   64     1.00000000000000E-99   1.00000000000000E-99
146   64     1.00000000000000E-99   1.00000000000000E-99
147   64     1.00000000000000E-99   1.00000000000000E-99
148   64     1.00000000000000E-99   1.00000000000000E-99
149   64     1.00000000000000E-99   1.00000000000000E-99
150   64     1.00000000000000E-99   1.00000000000000E-99
 82   65     1.00000000000000E-99   1.00000000000000E-99
 83   65     1.00000000000000E-99   1.00000000000000E-99
 84   65     1.00000000000000E-99   1.00000000000000E-99
 85   65     1.00000000000000E-99   1.00000000000000E-99
 86   65     1.00000000000000E-99   1.00000000000000E-99
 87   65     1.00000000000000E-99   1.00000000000000E-99
 88   65     1.00000000000000E-99   1.00000000000000E-99
 89   65     1.00000000000000E-99   1.00000000000000E-99
 90   65     1.00000000000000E-99   1.00000000000000E-99
 91   65     1.00000000000000E-99   1.00000000000000E-99
 92   65     1.00000000000000E-99   1.00000000000000E-99
 93   65     1.00000000000000E-99   1.00000000000000E-99
 94   65     1.00000000000000E-99   1.00000000000000E-99
 95   65     1.00000000000000E-99   1.00000000000000E-99
 96   65     1.00000000000000E-99   1.00000000000000E-99
 97   65     1.00000000000000E-99   1.00000000000000E-99
 98   65     1.00000000000000E-99   1.00000000000000E-99
 99   65     1.00000000000000E-99   1.00000000000000E-99
100   65     1.00000000000000E-99   1.00000000000000E-99
101   65     1.00000000000000E-99   1.00000000000000E-99
102   65     1.00000000000000E-99   1.00000000000000E-99
103   65     1.00000000000000E-99   1.00000000000000E-99
104   65     1.00000000000000E-99   1.00000000000000E-99
105   65     1.00000000000000E-99   1.00000000000000E-99
106   65     1.00000000000000E-99   1.00000000000000E-99
107   65     1.00000000000000E-99   1.00000000000000E-99
108   65     1.00000000000000E-99   1.00000000000000E-99
109   65     1.00000000000000E-99   1.00000000000000E-99
110   65     1.00000000000000E-99   1.00000000000000E-99
111   65     1.00000000000000E-99   1.00000000000000E-99
112   65     1.00000000000000E-99   1.00000000000000E-99
113   65     1.00000000000000E-99   1.00000000000000E-99
114   65     1.00000000000000E-99   1.00000000000000E-99
115   65     1.00000000000000E-99   1.00000000000000E-99
116   65     1.00000000000000E-99   1.00000000000000E-99
117   65     1.00000000000000E-99   1.00000000000000E-99
118   65     1.00000000000000E-99   1.00000000000000E-99
119   65     1.00000000000000E-99   1.00000000000000E-99
120   65     1.03399350181183E-25   1.91288797835188E-23
121   65     3.24162961443712E-24   6.02943108285305E-22
122   65     4.30783346239315E-22   8.05564857467519E-20
123   65     1.43425645902894E-16   2.69640214297442E-14
124   65     3.42145970719665E-14   6.46655884660168E-12
125   65     1.65343182394703E-13   3.14152046549936E-11
126   65     1.10252427159781E-06   2.10582135875182E-04
127   65     3.54865291238398E-09   6.81341359177724E-07
128   65     1.09890038470569E-05   2.12087774248198E-03
129   65     7.74649450359465E-09   1.50281993369736E-06
130   65     1.11814810117778E-05   2.18038879729668E-03
131   65     2.39208736312340E-08   4.68849123172187E-06
132   65     3.75976110730177E-05   7.40672938138449E-03
133   65     4.10266311103835E-08   8.12327295985592E-06
134   65     2.47757266796069E-13   4.93036960924177E-11
135   65     4.58143800513857E-12   9.16287601027714E-10
136   65     1.02628000089605E-07   2.06282280180107E-05
137   65     1.06227498732978E-09   2.14579547440616E-07
138   65     3.27745966879897E-07   6.65324312766190E-05
139   65     4.24304853278427E-10   8.65581900687990E-08
140   65     3.32295626371451E-08   6.81206034061474E-06
141   65     1.39481852195667E-11   2.87332615523074E-09
142   65     8.48719377804295E-11   1.75684911205489E-08
143   65     1.93990978882520E-13   4.03501236075642E-11
144   65     8.14763890482133E-12   1.70285653110766E-09
145   65     3.95422647855137E-16   8.30387560495788E-14
146   65     1.10541613453204E-16   2.33242804386260E-14
147   65     5.06547669420291E-23   1.07388105917102E-20
148   65     2.27588318401096E-25   4.84763118194335E-23
149   65     1.00000000000000E-99   1.00000000000000E-99
150   65     1.00000000000000E-99   1.00000000000000E-99
151   65     1.00000000000000E-99   1.00000000000000E-99
152   65     1.00000000000000E-99   1.00000000000000E-99
153   65     1.00000000000000E-99   1.00000000000000E-99
 82   66     1.00000000000000E-99   1.00000000000000E-99
 83   66     1.00000000000000E-99   1.00000000000000E-99
 84   66     1.00000000000000E-99   1.00000000000000E-99
 85   66     1.00000000000000E-99   1.00000000000000E-99
 86   66     1.00000000000000E-99   1.00000000000000E-99
 87   66     1.00000000000000E-99   1.00000000000000E-99
 88   66     1.00000000000000E-99   1.00000000000000E-99
 89   66     1.00000000000000E-99   1.00000000000000E-99
 90   66     1.00000000000000E-99   1.00000000000000E-99
 91   66     1.00000000000000E-99   1.00000000000000E-99
 92   66     1.00000000000000E-99   1.00000000000000E-99
 93   66     1.00000000000000E-99   1.00000000000000E-99
 94   66     1.00000000000000E-99   1.00000000000000E-99
 95   66     1.00000000000000E-99   1.00000000000000E-99
 96   66     1.00000000000000E-99   1.00000000000000E-99
 97   66     1.00000000000000E-99   1.00000000000000E-99
 98   66     1.00000000000000E-99   1.00000000000000E-99
 99   66     1.00000000000000E-99   1.00000000000000E-99
100   66     1.00000000000000E-99   1.00000000000000E-99
101   66     1.00000000000000E-99   1.00000000000000E-99
102   66     1.00000000000000E-99   1.00000000000000E-99
103   66     1.00000000000000E-99   1.00000000000000E-99
104   66     1.00000000000000E-99   1.00000000000000E-99
105   66     1.00000000000000E-99   1.00000000000000E-99
106   66     1.00000000000000E-99   1.00000000000000E-99
107   66     1.00000000000000E-99   1.00000000000000E-99
108   66     1.00000000000000E-99   1.00000000000000E-99
109   66     1.00000000000000E-99   1.00000000000000E-99
110   66     1.00000000000000E-99   1.00000000000000E-99
111   66     1.00000000000000E-99   1.00000000000000E-99
112   66     1.00000000000000E-99   1.00000000000000E-99
113   66     1.00000000000000E-99   1.00000000000000E-99
114   66     1.00000000000000E-99   1.00000000000000E-99
115   66     1.00000000000000E-99   1.00000000000000E-99
116   66     1.00000000000000E-99   1.00000000000000E-99
117   66     1.00000000000000E-99   1.00000000000000E-99
118   66     1.00000000000000E-99   1.00000000000000E-99
119   66     1.00000000000000E-99   1.00000000000000E-99
120   66     1.00000000000000E-99   1.00000000000000E-99
121   66     1.08078151117839E-25   2.02106142590358E-23
122   66     4.71641225754228E-23   8.86685504417949E-21
123   66     5.31690479182256E-19   1.00489500565446E-16
124   66     3.84537662156032E-15   7.30621558096461E-13
125   66     5.28456719971410E-14   1.00935233514539E-11
126   66     2.45768263436010E-09   4.71875065797140E-07
127   66     1.62008483080650E-11   3.12676372345655E-09
128   66     1.07009999414530E-07   2.07599398864188E-05
129   66     2.12729276572870E-11   4.14822089317096E-09
130   66     3.48403648783198E-09   6.82871151615069E-07
131   66     4.44253382010550E-12   8.75179162560782E-10
132   66     6.78188555749455E-10   1.34281334038392E-07
133   66     4.49146200100007E-12   8.93800938199014E-10
134   66     3.17100275829106E-11   6.34200551658211E-09
135   66     1.47657047328364E-12   2.96790665130011E-10
136   66     7.10909846395168E-10   1.43603788971824E-07
137   66     1.84252785315523E-11   3.74033154190512E-09
138   66     2.26430694399793E-07   4.61918616575578E-05
139   66     1.87448605479854E-09   3.84269641233701E-07
140   66     7.25033325479060E-06   1.49356865048686E-03
141   66     7.87457120484400E-09   1.63003623940271E-06
142   66     3.73632704039345E-06   7.77156024401837E-04
143   66     1.47896262564696E-09   3.09103188760216E-07
144   66     6.99769069457355E-06   1.46951504586045E-03
145   66     2.26878381343890E-09   4.78713384635609E-07
146   66     7.55013080750906E-08   1.60062773119192E-05
147   66     1.66074284420798E-13   3.53738225816300E-11
148   66     1.77433631941347E-14   3.79707972354484E-12
149   66     1.32094218815253E-21   2.84002570452793E-19
150   66     8.73778302998877E-24   1.88736113447757E-21
151   66     1.00000000000000E-99   1.00000000000000E-99
152   66     1.00000000000000E-99   1.00000000000000E-99
153   66     1.00000000000000E-99   1.00000000000000E-99
154   66     1.00000000000000E-99   1.00000000000000E-99
155   66     1.00000000000000E-99   1.00000000000000E-99
 84   67     1.00000000000000E-99   1.00000000000000E-99
 85   67     1.00000000000000E-99   1.00000000000000E-99
 86   67     1.00000000000000E-99   1.00000000000000E-99
 87   67     1.00000000000000E-99   1.00000000000000E-99
 88   67     1.00000000000000E-99   1.00000000000000E-99
 89   67     1.00000000000000E-99   1.00000000000000E-99
 90   67     1.00000000000000E-99   1.00000000000000E-99
 91   67     1.00000000000000E-99   1.00000000000000E-99
 92   67     1.00000000000000E-99   1.00000000000000E-99
 93   67     1.00000000000000E-99   1.00000000000000E-99
 94   67     1.00000000000000E-99   1.00000000000000E-99
 95   67     1.00000000000000E-99   1.00000000000000E-99
 96   67     1.00000000000000E-99   1.00000000000000E-99
 97   67     1.00000000000000E-99   1.00000000000000E-99
 98   67     1.00000000000000E-99   1.00000000000000E-99
 99   67     1.00000000000000E-99   1.00000000000000E-99
100   67     1.00000000000000E-99   1.00000000000000E-99
101   67     1.00000000000000E-99   1.00000000000000E-99
102   67     1.00000000000000E-99   1.00000000000000E-99
103   67     1.00000000000000E-99   1.00000000000000E-99
104   67     1.00000000000000E-99   1.00000000000000E-99
105   67     1.00000000000000E-99   1.00000000000000E-99
106   67     1.00000000000000E-99   1.00000000000000E-99
107   67     1.00000000000000E-99   1.00000000000000E-99
108   67     1.00000000000000E-99   1.00000000000000E-99
109   67     1.00000000000000E-99   1.00000000000000E-99
110   67     1.00000000000000E-99   1.00000000000000E-99
111   67     1.00000000000000E-99   1.00000000000000E-99
112   67     1.00000000000000E-99   1.00000000000000E-99
113   67     1.00000000000000E-99   1.00000000000000E-99
114   67     1.00000000000000E-99   1.00000000000000E-99
115   67     1.00000000000000E-99   1.00000000000000E-99
116   67     1.00000000000000E-99   1.00000000000000E-99
117   67     1.00000000000000E-99   1.00000000000000E-99
118   67     1.00000000000000E-99   1.00000000000000E-99
119   67     1.00000000000000E-99   1.00000000000000E-99
120   67     1.00000000000000E-99   1.00000000000000E-99
121   67     1.00000000000000E-99   1.00000000000000E-99
122   67     1.00000000000000E-99   1.00000000000000E-99
123   67     9.22591344086716E-25   1.75292355376476E-22
124   67     2.97670227281674E-19   5.68550134107997E-17
125   67     1.47189245749413E-17   2.82603351838873E-15
126   67     1.71244868901697E-14   3.30502596980274E-12
127   67     4.16743011225250E-16   8.08481441776984E-14
128   67     5.61087265405672E-13   1.09412016754106E-10
129   67     9.00522688737984E-16   1.76502446992645E-13
130   67     9.60959481223547E-15   1.89309017801039E-12
131   67     4.58940895870946E-16   9.08702973824474E-14
132   67     6.62628584505316E-15   1.31863088316558E-12
133   67     4.29682311475441E-16   8.59364622950881E-14
134   67     2.37878782815084E-15   4.78136353458319E-13
135   67     2.79219549056560E-15   5.64023489094251E-13
136   67     2.02329701331527E-13   4.10729293703000E-11
137   67     2.46351639751353E-13   5.02557345092761E-11
138   67     8.89691689686708E-12   1.82386796385775E-09
139   67     7.47049170571727E-13   1.53892129137776E-10
140   67     9.80631579649796E-10   2.02990736987508E-07
141   67     3.52324299411519E-11   7.32834542775960E-09
142   67     2.40139270276966E-08   5.01891074878858E-06
143   67     9.93656339660791E-10   2.08667831328766E-07
144   67     1.15399619967542E-05   2.43493198131513E-03
145   67     8.31715090073751E-08   1.76323599095635E-05
146   67     3.32544184949829E-06   7.08319113943137E-04
147   67     5.52158770135037E-10   1.18161976808898E-07
148   67     9.31758140657768E-10   2.00328000241420E-07
149   67     2.51180995829302E-15   5.42550950991292E-13
150   67     2.87576827135639E-16   6.24041714884337E-14
151   67     7.42731152847747E-22   1.61915391320809E-19
152   67     2.41317939997746E-23   5.28486288595064E-21
153   67     1.00000000000000E-99   1.00000000000000E-99
154   67     1.00000000000000E-99   1.00000000000000E-99
155   67     1.00000000000000E-99   1.00000000000000E-99
156   67     1.00000000000000E-99   1.00000000000000E-99
157   67     1.00000000000000E-99   1.00000000000000E-99
 85   68     1.00000000000000E-99   1.00000000000000E-99
 86   68     1.00000000000000E-99   1.00000000000000E-99
 87   68     1.00000000000000E-99   1.00000000000000E-99
 88   68     1.00000000000000E-99   1.00000000000000E-99
 89   68     1.00000000000000E-99   1.00000000000000E-99
 90   68     1.00000000000000E-99   1.00000000000000E-99
 91   68     1.00000000000000E-99   1.00000000000000E-99
 92   68     1.00000000000000E-99   1.00000000000000E-99
 93   68     1.00000000000000E-99   1.00000000000000E-99
 94   68     1.00000000000000E-99   1.00000000000000E-99
 95   68     1.00000000000000E-99   1.00000000000000E-99
 96   68     1.00000000000000E-99   1.00000000000000E-99
 97   68     1.00000000000000E-99   1.00000000000000E-99
 98   68     1.00000000000000E-99   1.00000000000000E-99
 99   68     1.00000000000000E-99   1.00000000000000E-99
100   68     1.00000000000000E-99   1.00000000000000E-99
101   68     1.00000000000000E-99   1.00000000000000E-99
102   68     1.00000000000000E-99   1.00000000000000E-99
103   68     1.00000000000000E-99   1.00000000000000E-99
104   68     1.00000000000000E-99   1.00000000000000E-99
105   68     1.00000000000000E-99   1.00000000000000E-99
106   68     1.00000000000000E-99   1.00000000000000E-99
107   68     1.00000000000000E-99   1.00000000000000E-99
108   68     1.00000000000000E-99   1.00000000000000E-99
109   68     1.00000000000000E-99   1.00000000000000E-99
110   68     1.00000000000000E-99   1.00000000000000E-99
111   68     1.00000000000000E-99   1.00000000000000E-99
112   68     1.00000000000000E-99   1.00000000000000E-99
113   68     1.00000000000000E-99   1.00000000000000E-99
114   68     1.00000000000000E-99   1.00000000000000E-99
115   68     1.00000000000000E-99   1.00000000000000E-99
116   68     1.00000000000000E-99   1.00000000000000E-99
117   68     1.00000000000000E-99   1.00000000000000E-99
118   68     1.00000000000000E-99   1.00000000000000E-99
119   68     1.00000000000000E-99   1.00000000000000E-99
120   68     1.00000000000000E-99   1.00000000000000E-99
121   68     1.00000000000000E-99   1.00000000000000E-99
122   68     1.00000000000000E-99   1.00000000000000E-99
123   68     1.00000000000000E-99   1.00000000000000E-99
124   68     6.18819598619618E-24   1.18813362934967E-21
125   68     3.91981322172754E-22   7.56523951793414E-20
126   68     2.78484521828749E-19   5.40259972347773E-17
127   68     3.49392681674201E-20   6.81315729264693E-18
128   68     1.08658995598925E-17   2.12971631373892E-15
129   68     1.63632354461885E-20   3.22355738289913E-18
130   68     2.45149183860020E-19   4.85395384042841E-17
131   68     3.57229267799290E-21   7.10886242920586E-19
132   68     9.31228163244730E-20   1.86245632648946E-17
133   68     3.60401295898274E-21   7.24406604755531E-19
134   68     9.79750266360439E-20   1.97909553804809E-17
135   68     1.17660867588996E-19   2.38851561205662E-17
136   68     7.59924448774684E-18   1.55024587550036E-15
137   68     2.57299539975807E-17   5.27464056950405E-15
138   68     3.08839517224650E-15   6.36209405482779E-13
139   68     1.72791865909069E-15   3.57679162431774E-13
140   68     6.67503361217063E-12   1.38840699133149E-09
141   68     1.68795179700072E-12   3.52781925573151E-10
142   68     1.60643651323516E-10   3.37351667779384E-08
143   68     1.76739635340091E-12   3.72920630567592E-10
144   68     8.06571331785174E-09   1.70993122338457E-06
145   68     2.52037887804365E-09   5.36840701023298E-07
146   68     1.33840771570960E-05   2.86419251161855E-03
147   68     7.41381835344086E-09   1.59397094598978E-06
148   68     6.42548004971056E-07   1.38790369073748E-04
149   68     2.40723138208190E-11   5.22369209911773E-09
150   68     1.29069123264146E-10   2.81370688715839E-08
151   68     3.79030233662638E-15   8.30076211721177E-13
152   68     2.42625528164733E-15   5.33776161962412E-13
153   68     6.36512459988504E-23   1.40669253657459E-20
154   68     7.72330443947336E-25   1.71457358556309E-22
155   68     1.00000000000000E-99   1.00000000000000E-99
156   68     1.00000000000000E-99   1.00000000000000E-99
157   68     1.00000000000000E-99   1.00000000000000E-99
158   68     1.00000000000000E-99   1.00000000000000E-99
159   68     1.00000000000000E-99   1.00000000000000E-99
 86   69     1.00000000000000E-99   1.00000000000000E-99
 87   69     1.00000000000000E-99   1.00000000000000E-99
 88   69     1.00000000000000E-99   1.00000000000000E-99
 89   69     1.00000000000000E-99   1.00000000000000E-99
 90   69     1.00000000000000E-99   1.00000000000000E-99
 91   69     1.00000000000000E-99   1.00000000000000E-99
 92   69     1.00000000000000E-99   1.00000000000000E-99
 93   69     1.00000000000000E-99   1.00000000000000E-99
 94   69     1.00000000000000E-99   1.00000000000000E-99
 95   69     1.00000000000000E-99   1.00000000000000E-99
 96   69     1.00000000000000E-99   1.00000000000000E-99
 97   69     1.00000000000000E-99   1.00000000000000E-99
 98   69     1.00000000000000E-99   1.00000000000000E-99
 99   69     1.00000000000000E-99   1.00000000000000E-99
100   69     1.00000000000000E-99   1.00000000000000E-99
101   69     1.00000000000000E-99   1.00000000000000E-99
102   69     1.00000000000000E-99   1.00000000000000E-99
103   69     1.00000000000000E-99   1.00000000000000E-99
104   69     1.00000000000000E-99   1.00000000000000E-99
105   69     1.00000000000000E-99   1.00000000000000E-99
106   69     1.00000000000000E-99   1.00000000000000E-99
107   69     1.00000000000000E-99   1.00000000000000E-99
108   69     1.00000000000000E-99   1.00000000000000E-99
109   69     1.00000000000000E-99   1.00000000000000E-99
110   69     1.00000000000000E-99   1.00000000000000E-99
111   69     1.00000000000000E-99   1.00000000000000E-99
112   69     1.00000000000000E-99   1.00000000000000E-99
113   69     1.00000000000000E-99   1.00000000000000E-99
114   69     1.00000000000000E-99   1.00000000000000E-99
115   69     1.00000000000000E-99   1.00000000000000E-99
116   69     1.00000000000000E-99   1.00000000000000E-99
117   69     1.00000000000000E-99   1.00000000000000E-99
118   69     1.00000000000000E-99   1.00000000000000E-99
119   69     1.00000000000000E-99   1.00000000000000E-99
120   69     1.00000000000000E-99   1.00000000000000E-99
121   69     1.00000000000000E-99   1.00000000000000E-99
122   69     1.00000000000000E-99   1.00000000000000E-99
123   69     1.00000000000000E-99   1.00000000000000E-99
124   69     1.00000000000000E-99   1.00000000000000E-99
125   69     1.00000000000000E-99   1.00000000000000E-99
126   69     1.01356344017462E-25   1.97644870834051E-23
127   69     1.00000000000000E-99   1.00000000000000E-99
128   69     1.03499266317625E-24   2.03893554645722E-22
129   69     1.00000000000000E-99   1.00000000000000E-99
130   69     1.00000000000000E-99   1.00000000000000E-99
131   69     1.00000000000000E-99   1.00000000000000E-99
132   69     1.00000000000000E-99   1.00000000000000E-99
133   69     1.00000000000000E-99   1.00000000000000E-99
134   69     4.24683892612677E-25   8.62108302003734E-23
135   69     5.50834170257412E-24   1.12370170732512E-21
136   69     2.08175563047345E-22   4.26759904247058E-20
137   69     2.55495741254004E-20   5.26321226983248E-18
138   69     6.65166330754596E-19   1.37689430466201E-16
139   69     1.76637890925447E-18   3.67406813124929E-16
140   69     5.88855523333446E-17   1.23070804376690E-14
141   69     1.72897786548343E-16   3.63085351751519E-14
142   69     2.56187456422012E-13   5.40555533050446E-11
143   69     4.88422863098666E-13   1.03545646976917E-10
144   69     3.36810449682956E-11   7.17406257824697E-09
145   69     6.29309468752660E-12   1.34672226313069E-09
146   69     8.56821401062293E-07   1.84216601228393E-04
147   69     4.56714950608488E-08   9.86504293314333E-06
148   69     8.58619931311910E-06   1.86320525094684E-03
149   69     1.61699336270497E-08   3.52504553069683E-06
150   69     3.05928431103596E-07   6.69983264116874E-05
151   69     2.96991640913428E-10   6.53381610009542E-08
152   69     8.79849269492139E-10   1.94446688557763E-07
153   69     2.36908541902115E-15   5.25936963022694E-13
154   69     6.86749707641912E-17   1.53145184804146E-14
155   69     3.11933469751762E-23   6.98730972243947E-21
156   69     1.16503468040190E-25   2.62132803090427E-23
157   69     1.00000000000000E-99   1.00000000000000E-99
158   69     1.00000000000000E-99   1.00000000000000E-99
159   69     1.00000000000000E-99   1.00000000000000E-99
160   69     1.00000000000000E-99   1.00000000000000E-99
161   69     1.00000000000000E-99   1.00000000000000E-99
 88   70     1.00000000000000E-99   1.00000000000000E-99
 89   70     1.00000000000000E-99   1.00000000000000E-99
 90   70     1.00000000000000E-99   1.00000000000000E-99
 91   70     1.00000000000000E-99   1.00000000000000E-99
 92   70     1.00000000000000E-99   1.00000000000000E-99
 93   70     1.00000000000000E-99   1.00000000000000E-99
 94   70     1.00000000000000E-99   1.00000000000000E-99
 95   70     1.00000000000000E-99   1.00000000000000E-99
 96   70     1.00000000000000E-99   1.00000000000000E-99
 97   70     1.00000000000000E-99   1.00000000000000E-99
 98   70     1.00000000000000E-99   1.00000000000000E-99
 99   70     1.00000000000000E-99   1.00000000000000E-99
100   70     1.00000000000000E-99   1.00000000000000E-99
101   70     1.00000000000000E-99   1.00000000000000E-99
102   70     1.00000000000000E-99   1.00000000000000E-99
103   70     1.00000000000000E-99   1.00000000000000E-99
104   70     1.00000000000000E-99   1.00000000000000E-99
105   70     1.00000000000000E-99   1.00000000000000E-99
106   70     1.00000000000000E-99   1.00000000000000E-99
107   70     1.00000000000000E-99   1.00000000000000E-99
108   70     1.00000000000000E-99   1.00000000000000E-99
109   70     1.00000000000000E-99   1.00000000000000E-99
110   70     1.00000000000000E-99   1.00000000000000E-99
111   70     1.00000000000000E-99   1.00000000000000E-99
112   70     1.00000000000000E-99   1.00000000000000E-99
113   70     1.00000000000000E-99   1.00000000000000E-99
114   70     1.00000000000000E-99   1.00000000000000E-99
115   70     1.00000000000000E-99   1.00000000000000E-99
116   70     1.00000000000000E-99   1.00000000000000E-99
117   70     1.00000000000000E-99   1.00000000000000E-99
118   70     1.00000000000000E-99   1.00000000000000E-99
119   70     1.00000000000000E-99   1.00000000000000E-99
120   70     1.00000000000000E-99   1.00000000000000E-99
121   70     1.00000000000000E-99   1.00000000000000E-99
122   70     1.00000000000000E-99   1.00000000000000E-99
123   70     1.00000000000000E-99   1.00000000000000E-99
124   70     1.00000000000000E-99   1.00000000000000E-99
125   70     1.00000000000000E-99   1.00000000000000E-99
126   70     1.00000000000000E-99   1.00000000000000E-99
127   70     1.00000000000000E-99   1.00000000000000E-99
128   70     1.00000000000000E-99   1.00000000000000E-99
129   70     1.00000000000000E-99   1.00000000000000E-99
130   70     1.00000000000000E-99   1.00000000000000E-99
131   70     1.00000000000000E-99   1.00000000000000E-99
132   70     1.00000000000000E-99   1.00000000000000E-99
133   70     1.00000000000000E-99   1.00000000000000E-99
134   70     1.00000000000000E-99   1.00000000000000E-99
135   70     1.00000000000000E-99   1.00000000000000E-99
136   70     1.28067735450100E-25   2.63819535027206E-23
137   70     2.90721277442818E-25   6.01793044306633E-23
138   70     4.35700392308442E-23   9.06256816001559E-21
139   70     3.03835977581198E-21   6.35017193144704E-19
140   70     1.84764520474501E-19   3.88005492996452E-17
141   70     8.50336975729585E-19   1.79421101878942E-16
142   70     5.06022794111311E-15   1.07276832351598E-12
143   70     2.09216139263357E-14   4.45630376630950E-12
144   70     4.67735080306122E-13   1.00095307185510E-10
145   70     5.27835380874647E-13   1.13484606888049E-10
146   70     3.11860545036609E-10   6.73618777279076E-08
147   70     2.55050883889805E-11   5.53460418040877E-09
148   70     4.54296274050348E-07   9.90365877429759E-05
149   70     6.13215346947159E-09   1.34294160981428E-06
150   70     5.86792560813813E-06   1.29094363379039E-03
151   70     2.34314259570076E-08   5.17834513649867E-06
152   70     2.08457563922625E-06   4.62775791908229E-04
153   70     1.08308743606890E-11   2.41528498243365E-09
154   70     2.11379714195294E-11   4.73490559797458E-09
155   70     3.65132914878390E-17   8.21549058476378E-15
156   70     9.45536493374827E-18   2.13691247502711E-15
157   70     7.14266368280833E-24   1.62138465599749E-21
158   70     5.02559083135550E-25   1.14583470954905E-22
159   70     1.00000000000000E-99   1.00000000000000E-99
160   70     1.00000000000000E-99   1.00000000000000E-99
161   70     1.00000000000000E-99   1.00000000000000E-99
162   70     1.00000000000000E-99   1.00000000000000E-99
163   70     1.00000000000000E-99   1.00000000000000E-99
164   70     1.00000000000000E-99   1.00000000000000E-99
 90   71     1.00000000000000E-99   1.00000000000000E-99
 91   71     1.00000000000000E-99   1.00000000000000E-99
 92   71     1.00000000000000E-99   1.00000000000000E-99
 93   71     1.00000000000000E-99   1.00000000000000E-99
 94   71     1.00000000000000E-99   1.00000000000000E-99
 95   71     1.00000000000000E-99   1.00000000000000E-99
 96   71     1.00000000000000E-99   1.00000000000000E-99
 97   71     1.00000000000000E-99   1.00000000000000E-99
 98   71     1.00000000000000E-99   1.00000000000000E-99
 99   71     1.00000000000000E-99   1.00000000000000E-99
100   71     1.00000000000000E-99   1.00000000000000E-99
101   71     1.00000000000000E-99   1.00000000000000E-99
102   71     1.00000000000000E-99   1.00000000000000E-99
103   71     1.00000000000000E-99   1.00000000000000E-99
104   71     1.00000000000000E-99   1.00000000000000E-99
105   71     1.00000000000000E-99   1.00000000000000E-99
106   71     1.00000000000000E-99   1.00000000000000E-99
107   71     1.00000000000000E-99   1.00000000000000E-99
108   71     1.00000000000000E-99   1.00000000000000E-99
109   71     1.00000000000000E-99   1.00000000000000E-99
110   71     1.00000000000000E-99   1.00000000000000E-99
111   71     1.00000000000000E-99   1.00000000000000E-99
112   71     1.00000000000000E-99   1.00000000000000E-99
113   71     1.00000000000000E-99   1.00000000000000E-99
114   71     1.00000000000000E-99   1.00000000000000E-99
115   71     1.00000000000000E-99   1.00000000000000E-99
116   71     1.00000000000000E-99   1.00000000000000E-99
117   71     1.00000000000000E-99   1.00000000000000E-99
118   71     1.00000000000000E-99   1.00000000000000E-99
119   71     1.00000000000000E-99   1.00000000000000E-99
120   71     1.00000000000000E-99   1.00000000000000E-99
121   71     1.00000000000000E-99   1.00000000000000E-99
122   71     1.00000000000000E-99   1.00000000000000E-99
123   71     1.00000000000000E-99   1.00000000000000E-99
124   71     1.00000000000000E-99   1.00000000000000E-99
125   71     1.00000000000000E-99   1.00000000000000E-99
126   71     1.00000000000000E-99   1.00000000000000E-99
127   71     1.00000000000000E-99   1.00000000000000E-99
128   71     1.00000000000000E-99   1.00000000000000E-99
129   71     1.00000000000000E-99   1.00000000000000E-99
130   71     1.00000000000000E-99   1.00000000000000E-99
131   71     1.00000000000000E-99   1.00000000000000E-99
132   71     1.00000000000000E-99   1.00000000000000E-99
133   71     1.00000000000000E-99   1.00000000000000E-99
134   71     1.00000000000000E-99   1.00000000000000E-99
135   71     1.00000000000000E-99   1.00000000000000E-99
136   71     1.00000000000000E-99   1.00000000000000E-99
137   71     1.00000000000000E-99   1.00000000000000E-99
138   71     1.00000000000000E-99   1.00000000000000E-99
139   71     5.01199743977024E-24   1.05251946235175E-21
140   71     3.15725862418612E-22   6.66181569703270E-20
141   71     1.42121374534266E-21   3.01297314012644E-19
142   71     3.80832710539797E-20   8.11173673449768E-18
143   71     1.60849045168009E-18   3.44216956659539E-16
144   71     7.28046356217602E-17   1.56529966586784E-14
145   71     4.75970363836899E-15   1.02809598588770E-12
146   71     1.05009952982576E-13   2.27871597972191E-11
147   71     2.66081119324510E-13   5.80056840127432E-11
148   71     4.54999842770828E-11   9.96449655668114E-09
149   71     1.81927874458314E-11   4.00241323808290E-09
150   71     7.08139746161937E-08   1.56498883901788E-05
151   71     7.27928861411411E-08   1.61600207233333E-05
152   71     7.48939879524565E-06   1.67013593133978E-03
153   71     1.74964090446630E-09   3.91919562600451E-07
154   71     1.45804890245633E-08   3.28061003052675E-06
155   71     2.39526038858103E-12   5.41328847819313E-10
156   71     8.74037568204832E-13   1.98406527982497E-10
157   71     7.41947064315616E-17   1.69163930663960E-14
158   71     1.22728975240993E-17   2.81049353301874E-15
159   71     1.07392840562540E-22   2.47003533293842E-20
160   71     2.12211404438953E-22   4.90208344253981E-20
161   71     1.00000000000000E-99   1.00000000000000E-99
162   71     1.00000000000000E-99   1.00000000000000E-99
163   71     1.00000000000000E-99   1.00000000000000E-99
164   71     1.00000000000000E-99   1.00000000000000E-99
165   71     1.00000000000000E-99   1.00000000000000E-99
166   71     1.00000000000000E-99   1.00000000000000E-99
 92   72     1.00000000000000E-99   1.00000000000000E-99
 93   72     1.00000000000000E-99   1.00000000000000E-99
 94   72     1.00000000000000E-99   1.00000000000000E-99
 95   72     1.00000000000000E-99   1.00000000000000E-99
 96   72     1.00000000000000E-99   1.00000000000000E-99
 97   72     1.00000000000000E-99   1.00000000000000E-99
 98   72     1.00000000000000E-99   1.00000000000000E-99
 99   72     1.00000000000000E-99   1.00000000000000E-99
100   72     1.00000000000000E-99   1.00000000000000E-99
101   72     1.00000000000000E-99   1.00000000000000E-99
102   72     1.00000000000000E-99   1.00000000000000E-99
103   72     1.00000000000000E-99   1.00000000000000E-99
104   72     1.00000000000000E-99   1.00000000000000E-99
105   72     1.00000000000000E-99   1.00000000000000E-99
106   72     1.00000000000000E-99   1.00000000000000E-99
107   72     1.00000000000000E-99   1.00000000000000E-99
108   72     1.00000000000000E-99   1.00000000000000E-99
109   72     1.00000000000000E-99   1.00000000000000E-99
110   72     1.00000000000000E-99   1.00000000000000E-99
111   72     1.00000000000000E-99   1.00000000000000E-99
112   72     1.00000000000000E-99   1.00000000000000E-99
113   72     1.00000000000000E-99   1.00000000000000E-99
114   72     1.00000000000000E-99   1.00000000000000E-99
115   72     1.00000000000000E-99   1.00000000000000E-99
116   72     1.00000000000000E-99   1.00000000000000E-99
117   72     1.00000000000000E-99   1.00000000000000E-99
118   72     1.00000000000000E-99   1.00000000000000E-99
119   72     1.00000000000000E-99   1.00000000000000E-99
120   72     1.00000000000000E-99   1.00000000000000E-99
121   72     1.00000000000000E-99   1.00000000000000E-99
122   72     1.00000000000000E-99   1.00000000000000E-99
123   72     1.00000000000000E-99   1.00000000000000E-99
124   72     1.00000000000000E-99   1.00000000000000E-99
125   72     1.00000000000000E-99   1.00000000000000E-99
126   72     1.00000000000000E-99   1.00000000000000E-99
127   72     1.00000000000000E-99   1.00000000000000E-99
128   72     1.00000000000000E-99   1.00000000000000E-99
129   72     1.00000000000000E-99   1.00000000000000E-99
130   72     1.00000000000000E-99   1.00000000000000E-99
131   72     1.00000000000000E-99   1.00000000000000E-99
132   72     1.00000000000000E-99   1.00000000000000E-99
133   72     1.00000000000000E-99   1.00000000000000E-99
134   72     1.00000000000000E-99   1.00000000000000E-99
135   72     1.00000000000000E-99   1.00000000000000E-99
136   72     1.00000000000000E-99   1.00000000000000E-99
137   72     1.00000000000000E-99   1.00000000000000E-99
138   72     1.00000000000000E-99   1.00000000000000E-99
139   72     1.00000000000000E-99   1.00000000000000E-99
140   72     1.00000000000000E-99   1.00000000000000E-99
141   72     2.90009965474482E-25   6.17721226460647E-23
142   72     2.23277545811524E-22   4.77813948036661E-20
143   72     5.53474919314016E-22   1.18997107652513E-19
144   72     3.95616430628244E-20   8.54531490157007E-18
145   72     6.48932461819642E-19   1.40818344214862E-16
146   72     2.40563139987401E-16   5.24427645172533E-14
147   72     2.80271585371207E-15   6.13794771962943E-13
148   72     8.92273805277620E-14   1.96300237161076E-11
149   72     7.49746228443088E-13   1.65693916485923E-10
150   72     1.00382863240375E-09   2.22849956393631E-07
151   72     2.44435797136280E-10   5.45091827613904E-08
152   72     8.17491710063688E-06   1.83118143054266E-03
153   72     1.61739615598490E-09   3.63914135096601E-07
154   72     1.13151112178147E-06   2.55721513522611E-04
155   72     1.01769576244886E-11   2.31016938075891E-09
156   72     6.28787192435327E-10   1.43363479875255E-07
157   72     1.11266023596560E-13   2.54799194036123E-11
158   72     4.71616571138077E-11   1.08471811361758E-08
159   72     1.25645268928675E-14   2.90240571225239E-12
160   72     1.44710044201180E-13   3.35727302546738E-11
161   72     4.89538247158354E-18   1.14062411587896E-15
162   72     5.22284943580291E-18   1.22214676797788E-15
163   72     1.00000000000000E-99   1.00000000000000E-99
164   72     1.00000000000000E-99   1.00000000000000E-99
165   72     1.00000000000000E-99   1.00000000000000E-99
166   72     1.00000000000000E-99   1.00000000000000E-99
167   72     1.00000000000000E-99   1.00000000000000E-99
168   72     1.00000000000000E-99   1.00000000000000E-99
 96   73     1.00000000000000E-99   1.00000000000000E-99
 97   73     1.00000000000000E-99   1.00000000000000E-99
 98   73     1.00000000000000E-99   1.00000000000000E-99
 99   73     1.00000000000000E-99   1.00000000000000E-99
100   73     1.00000000000000E-99   1.00000000000000E-99
101   73     1.00000000000000E-99   1.00000000000000E-99
102   73     1.00000000000000E-99   1.00000000000000E-99
103   73     1.00000000000000E-99   1.00000000000000E-99
104   73     1.00000000000000E-99   1.00000000000000E-99
105   73     1.00000000000000E-99   1.00000000000000E-99
106   73     1.00000000000000E-99   1.00000000000000E-99
107   73     1.00000000000000E-99   1.00000000000000E-99
108   73     1.00000000000000E-99   1.00000000000000E-99
109   73     1.00000000000000E-99   1.00000000000000E-99
110   73     1.00000000000000E-99   1.00000000000000E-99
111   73     1.00000000000000E-99   1.00000000000000E-99
112   73     1.00000000000000E-99   1.00000000000000E-99
113   73     1.00000000000000E-99   1.00000000000000E-99
114   73     1.00000000000000E-99   1.00000000000000E-99
115   73     1.00000000000000E-99   1.00000000000000E-99
116   73     1.00000000000000E-99   1.00000000000000E-99
117   73     1.00000000000000E-99   1.00000000000000E-99
118   73     1.00000000000000E-99   1.00000000000000E-99
119   73     1.00000000000000E-99   1.00000000000000E-99
120   73     1.00000000000000E-99   1.00000000000000E-99
121   73     1.00000000000000E-99   1.00000000000000E-99
122   73     1.00000000000000E-99   1.00000000000000E-99
123   73     1.00000000000000E-99   1.00000000000000E-99
124   73     1.00000000000000E-99   1.00000000000000E-99
125   73     1.00000000000000E-99   1.00000000000000E-99
126   73     1.00000000000000E-99   1.00000000000000E-99
127   73     1.00000000000000E-99   1.00000000000000E-99
128   73     1.00000000000000E-99   1.00000000000000E-99
129   73     1.00000000000000E-99   1.00000000000000E-99
130   73     1.00000000000000E-99   1.00000000000000E-99
131   73     1.00000000000000E-99   1.00000000000000E-99
132   73     1.00000000000000E-99   1.00000000000000E-99
133   73     1.00000000000000E-99   1.00000000000000E-99
134   73     1.00000000000000E-99   1.00000000000000E-99
135   73     1.00000000000000E-99   1.00000000000000E-99
136   73     1.00000000000000E-99   1.00000000000000E-99
137   73     1.00000000000000E-99   1.00000000000000E-99
138   73     1.00000000000000E-99   1.00000000000000E-99
139   73     1.00000000000000E-99   1.00000000000000E-99
140   73     1.00000000000000E-99   1.00000000000000E-99
141   73     1.00000000000000E-99   1.00000000000000E-99
142   73     1.00000000000000E-99   1.00000000000000E-99
143   73     1.60727711851550E-25   3.47171857599347E-23
144   73     3.16565957580183E-23   6.86948127948998E-21
145   73     1.84714740661125E-22   4.02678134641252E-20
146   73     2.85332120167034E-20   6.24877343165803E-18
147   73     3.95647493242169E-18   8.70424485132773E-16
148   73     1.73870204380409E-15   3.84253151680703E-13
149   73     9.47877256145267E-14   2.10428750864249E-11
150   73     1.69138852301204E-12   3.77179640631684E-10
151   73     4.66829573433858E-13   1.04569824449184E-10
152   73     1.80192078456368E-07   4.05432176526827E-05
153   73     1.99123798635415E-10   4.50019784916039E-08
154   73     4.88489160441026E-07   1.10887039420113E-04
155   73     5.61389859498795E-10   1.27996887965725E-07
156   73     2.69601142920814E-07   6.17386617288663E-05
157   73     1.91136981443328E-09   4.39615057319655E-07
158   73     6.45917794184584E-07   1.49207010456639E-04
159   73     1.12832066285920E-08   2.61770393783335E-06
160   73     2.76344260948252E-06   6.43882128009428E-04
161   73     7.92997778289739E-10   1.85561480119799E-07
162   73     1.35919110897673E-08   3.19409910609532E-06
163   73     4.79525970293474E-15   1.13168128989260E-12
164   73     5.71222284039747E-17   1.35379681317420E-14
165   73     1.90020501883918E-24   4.52248794483724E-22
166   73     1.00000000000000E-99   1.00000000000000E-99
167   73     1.00000000000000E-99   1.00000000000000E-99
168   73     1.00000000000000E-99   1.00000000000000E-99
169   73     1.00000000000000E-99   1.00000000000000E-99
170   73     1.00000000000000E-99   1.00000000000000E-99
 98   74     1.00000000000000E-99   1.00000000000000E-99
 99   74     1.00000000000000E-99   1.00000000000000E-99
100   74     1.00000000000000E-99   1.00000000000000E-99
101   74     1.00000000000000E-99   1.00000000000000E-99
102   74     1.00000000000000E-99   1.00000000000000E-99
103   74     1.00000000000000E-99   1.00000000000000E-99
104   74     1.00000000000000E-99   1.00000000000000E-99
105   74     1.00000000000000E-99   1.00000000000000E-99
106   74     1.00000000000000E-99   1.00000000000000E-99
107   74     1.00000000000000E-99   1.00000000000000E-99
108   74     1.00000000000000E-99   1.00000000000000E-99
109   74     1.00000000000000E-99   1.00000000000000E-99
110   74     1.00000000000000E-99   1.00000000000000E-99
111   74     1.00000000000000E-99   1.00000000000000E-99
112   74     1.00000000000000E-99   1.00000000000000E-99
113   74     1.00000000000000E-99   1.00000000000000E-99
114   74     1.00000000000000E-99   1.00000000000000E-99
115   74     1.00000000000000E-99   1.00000000000000E-99
116   74     1.00000000000000E-99   1.00000000000000E-99
117   74     1.00000000000000E-99   1.00000000000000E-99
118   74     1.00000000000000E-99   1.00000000000000E-99
119   74     1.00000000000000E-99   1.00000000000000E-99
120   74     1.00000000000000E-99   1.00000000000000E-99
121   74     1.00000000000000E-99   1.00000000000000E-99
122   74     1.00000000000000E-99   1.00000000000000E-99
123   74     1.00000000000000E-99   1.00000000000000E-99
124   74     1.00000000000000E-99   1.00000000000000E-99
125   74     1.00000000000000E-99   1.00000000000000E-99
126   74     1.00000000000000E-99   1.00000000000000E-99
127   74     1.00000000000000E-99   1.00000000000000E-99
128   74     1.00000000000000E-99   1.00000000000000E-99
129   74     1.00000000000000E-99   1.00000000000000E-99
130   74     1.00000000000000E-99   1.00000000000000E-99
131   74     1.00000000000000E-99   1.00000000000000E-99
132   74     1.00000000000000E-99   1.00000000000000E-99
133   74     1.00000000000000E-99   1.00000000000000E-99
134   74     1.00000000000000E-99   1.00000000000000E-99
135   74     1.00000000000000E-99   1.00000000000000E-99
136   74     1.00000000000000E-99   1.00000000000000E-99
137   74     1.00000000000000E-99   1.00000000000000E-99
138   74     1.00000000000000E-99   1.00000000000000E-99
139   74     1.00000000000000E-99   1.00000000000000E-99
140   74     1.00000000000000E-99   1.00000000000000E-99
141   74     1.00000000000000E-99   1.00000000000000E-99
142   74     1.00000000000000E-99   1.00000000000000E-99
143   74     1.00000000000000E-99   1.00000000000000E-99
144   74     1.00000000000000E-99   1.00000000000000E-99
145   74     6.20839427479472E-24   1.35963834618004E-21
146   74     4.67824337352914E-21   1.02921354217641E-18
147   74     1.61911129481897E-20   3.57823596154992E-18
148   74     1.15769323672891E-17   2.57007898553817E-15
149   74     3.18600917696009E-15   7.10480046462100E-13
150   74     5.05235217265352E-14   1.13172688667439E-11
151   74     3.69745714302984E-14   8.31927857181713E-12
152   74     3.34490006078410E-12   7.55947413737207E-10
153   74     1.72250165043763E-13   3.91007874649341E-11
154   74     1.28687774258227E-11   2.93408125308757E-09
155   74     2.21274276557088E-13   5.06718093315732E-11
156   74     1.07518765316571E-10   2.47293160228113E-08
157   74     2.59043209589874E-12   5.98389814152608E-10
158   74     1.90092792730836E-08   4.41015279135539E-06
159   74     8.44333054644684E-10   1.96729601732211E-07
160   74     1.85552552118108E-06   4.34192971956373E-04
161   74     1.00969515050601E-08   2.37278360368911E-06
162   74     2.03814959278754E-06   4.81003303897860E-04
163   74     2.47589787661618E-11   5.86787796758035E-09
164   74     1.54424695364600E-12   3.67530774967747E-10
165   74     7.92423522540193E-20   1.89389221887106E-17
166   74     1.92453097940209E-22   4.61887435056502E-20
167   74     1.00000000000000E-99   1.00000000000000E-99
168   74     1.00000000000000E-99   1.00000000000000E-99
169   74     1.00000000000000E-99   1.00000000000000E-99
170   74     1.00000000000000E-99   1.00000000000000E-99
171   74     1.00000000000000E-99   1.00000000000000E-99
172   74     1.00000000000000E-99   1.00000000000000E-99
173   74     1.00000000000000E-99   1.00000000000000E-99
 99   75     1.00000000000000E-99   1.00000000000000E-99
100   75     1.00000000000000E-99   1.00000000000000E-99
101   75     1.00000000000000E-99   1.00000000000000E-99
102   75     1.00000000000000E-99   1.00000000000000E-99
103   75     1.00000000000000E-99   1.00000000000000E-99
104   75     1.00000000000000E-99   1.00000000000000E-99
105   75     1.00000000000000E-99   1.00000000000000E-99
106   75     1.00000000000000E-99   1.00000000000000E-99
107   75     1.00000000000000E-99   1.00000000000000E-99
108   75     1.00000000000000E-99   1.00000000000000E-99
109   75     1.00000000000000E-99   1.00000000000000E-99
110   75     1.00000000000000E-99   1.00000000000000E-99
111   75     1.00000000000000E-99   1.00000000000000E-99
112   75     1.00000000000000E-99   1.00000000000000E-99
113   75     1.00000000000000E-99   1.00000000000000E-99
114   75     1.00000000000000E-99   1.00000000000000E-99
115   75     1.00000000000000E-99   1.00000000000000E-99
116   75     1.00000000000000E-99   1.00000000000000E-99
117   75     1.00000000000000E-99   1.00000000000000E-99
118   75     1.00000000000000E-99   1.00000000000000E-99
119   75     1.00000000000000E-99   1.00000000000000E-99
120   75     1.00000000000000E-99   1.00000000000000E-99
121   75     1.00000000000000E-99   1.00000000000000E-99
122   75     1.00000000000000E-99   1.00000000000000E-99
123   75     1.00000000000000E-99   1.00000000000000E-99
124   75     1.00000000000000E-99   1.00000000000000E-99
125   75     1.00000000000000E-99   1.00000000000000E-99
126   75     1.00000000000000E-99   1.00000000000000E-99
127   75     1.00000000000000E-99   1.00000000000000E-99
128   75     1.00000000000000E-99   1.00000000000000E-99
129   75     1.00000000000000E-99   1.00000000000000E-99
130   75     1.00000000000000E-99   1.00000000000000E-99
131   75     1.00000000000000E-99   1.00000000000000E-99
132   75     1.00000000000000E-99   1.00000000000000E-99
133   75     1.00000000000000E-99   1.00000000000000E-99
134   75     1.00000000000000E-99   1.00000000000000E-99
135   75     1.00000000000000E-99   1.00000000000000E-99
136   75     1.00000000000000E-99   1.00000000000000E-99
137   75     1.00000000000000E-99   1.00000000000000E-99
138   75     1.00000000000000E-99   1.00000000000000E-99
139   75     1.00000000000000E-99   1.00000000000000E-99
140   75     1.00000000000000E-99   1.00000000000000E-99
141   75     1.00000000000000E-99   1.00000000000000E-99
142   75     1.00000000000000E-99   1.00000000000000E-99
143   75     1.00000000000000E-99   1.00000000000000E-99
144   75     1.00000000000000E-99   1.00000000000000E-99
145   75     1.00000000000000E-99   1.00000000000000E-99
146   75     9.38917485693663E-24   2.07500764338300E-21
147   75     2.56560517894714E-23   5.69564349726264E-21
148   75     8.92486437425407E-22   1.99024475545866E-19
149   75     5.49826428954811E-21   1.23161120085878E-18
150   75     1.10198267458954E-19   2.47946101782646E-17
151   75     1.05186680996821E-19   2.37721899052815E-17
152   75     6.05446881953411E-18   1.37436442203424E-15
153   75     2.93580972996303E-18   6.69364618431572E-16
154   75     7.53810274057946E-16   1.72622552759270E-13
155   75     7.99089971801022E-16   1.83790693514235E-13
156   75     4.05559549204517E-13   9.36842558662435E-11
157   75     9.25492258596217E-14   2.14714203994322E-11
158   75     5.34344628923554E-12   1.24502298539188E-09
159   75     1.94472950281059E-12   4.55066703657677E-10
160   75     4.24618798504304E-08   9.97854176485114E-06
161   75     1.61500933487283E-09   3.81142203029988E-07
162   75     3.61964060381077E-06   8.57854823103154E-04
163   75     3.82207477818054E-10   9.09653797206968E-08
164   75     1.23573023454694E-10   2.95339526056718E-08
165   75     1.35779819507806E-16   3.25871566818734E-14
166   75     3.30857324539049E-20   7.97366152139108E-18
167   75     1.00000000000000E-99   1.00000000000000E-99
168   75     1.00000000000000E-99   1.00000000000000E-99
169   75     1.00000000000000E-99   1.00000000000000E-99
170   75     1.00000000000000E-99   1.00000000000000E-99
171   75     1.00000000000000E-99   1.00000000000000E-99
172   75     1.00000000000000E-99   1.00000000000000E-99
173   75     1.00000000000000E-99   1.00000000000000E-99
174   75     1.00000000000000E-99   1.00000000000000E-99
175   75     1.00000000000000E-99   1.00000000000000E-99
101   76     1.00000000000000E-99   1.00000000000000E-99
102   76     1.00000000000000E-99   1.00000000000000E-99
103   76     1.00000000000000E-99   1.00000000000000E-99
104   76     1.00000000000000E-99   1.00000000000000E-99
105   76     1.00000000000000E-99   1.00000000000000E-99
106   76     1.00000000000000E-99   1.00000000000000E-99
107   76     1.00000000000000E-99   1.00000000000000E-99
108   76     1.00000000000000E-99   1.00000000000000E-99
109   76     1.00000000000000E-99   1.00000000000000E-99
110   76     1.00000000000000E-99   1.00000000000000E-99
111   76     1.00000000000000E-99   1.00000000000000E-99
112   76     1.00000000000000E-99   1.00000000000000E-99
113   76     1.00000000000000E-99   1.00000000000000E-99
114   76     1.00000000000000E-99   1.00000000000000E-99
115   76     1.00000000000000E-99   1.00000000000000E-99
116   76     1.00000000000000E-99   1.00000000000000E-99
117   76     1.00000000000000E-99   1.00000000000000E-99
118   76     1.00000000000000E-99   1.00000000000000E-99
119   76     1.00000000000000E-99   1.00000000000000E-99
120   76     1.00000000000000E-99   1.00000000000000E-99
121   76     1.00000000000000E-99   1.00000000000000E-99
122   76     1.00000000000000E-99   1.00000000000000E-99
123   76     1.00000000000000E-99   1.00000000000000E-99
124   76     1.00000000000000E-99   1.00000000000000E-99
125   76     1.00000000000000E-99   1.00000000000000E-99
126   76     1.00000000000000E-99   1.00000000000000E-99
127   76     1.00000000000000E-99   1.00000000000000E-99
128   76     1.00000000000000E-99   1.00000000000000E-99
129   76     1.00000000000000E-99   1.00000000000000E-99
130   76     1.00000000000000E-99   1.00000000000000E-99
131   76     1.00000000000000E-99   1.00000000000000E-99
132   76     1.00000000000000E-99   1.00000000000000E-99
133   76     1.00000000000000E-99   1.00000000000000E-99
134   76     1.00000000000000E-99   1.00000000000000E-99
135   76     1.00000000000000E-99   1.00000000000000E-99
136   76     1.00000000000000E-99   1.00000000000000E-99
137   76     1.00000000000000E-99   1.00000000000000E-99
138   76     1.00000000000000E-99   1.00000000000000E-99
139   76     1.00000000000000E-99   1.00000000000000E-99
140   76     1.00000000000000E-99   1.00000000000000E-99
141   76     1.00000000000000E-99   1.00000000000000E-99
142   76     1.00000000000000E-99   1.00000000000000E-99
143   76     1.00000000000000E-99   1.00000000000000E-99
144   76     1.00000000000000E-99   1.00000000000000E-99
145   76     1.00000000000000E-99   1.00000000000000E-99
146   76     1.00000000000000E-99   1.00000000000000E-99
147   76     1.00000000000000E-99   1.00000000000000E-99
148   76     1.00000000000000E-99   1.00000000000000E-99
149   76     1.00000000000000E-99   1.00000000000000E-99
150   76     4.82252057619859E-25   1.08988965022088E-22
151   76     8.90778336776037E-24   2.02206682448160E-21
152   76     1.66773816008647E-21   3.80244300499715E-19
153   76     1.19563105681887E-20   2.73799512011521E-18
154   76     3.72542671928950E-19   8.56848145436586E-17
155   76     1.59473179435971E-19   3.68383044497094E-17
156   76     5.34384356615386E-15   1.23977170734769E-12
157   76     3.33752910764186E-15   7.77644282080555E-13
158   76     2.36157444051292E-13   5.52608419080023E-11
159   76     2.49892821421107E-13   5.87248130339601E-11
160   76     2.42626463871700E-10   5.72598454737211E-08
161   76     6.82970389568896E-11   1.61863982327828E-08
162   76     4.12197962876513E-06   9.81031151646102E-04
163   76     1.50636364115435E-09   3.60020910235889E-07
164   76     1.74404905653867E-09   4.18571773569280E-07
165   76     1.09939608375508E-15   2.64954456184974E-13
166   76     7.11632172208572E-18   1.72214985674474E-15
167   76     1.23661098922230E-22   3.00496470381020E-20
168   76     1.27523645835871E-23   3.11157695839525E-21
169   76     1.00000000000000E-99   1.00000000000000E-99
170   76     1.00000000000000E-99   1.00000000000000E-99
171   76     1.00000000000000E-99   1.00000000000000E-99
172   76     1.00000000000000E-99   1.00000000000000E-99
173   76     1.00000000000000E-99   1.00000000000000E-99
174   76     1.00000000000000E-99   1.00000000000000E-99
175   76     1.00000000000000E-99   1.00000000000000E-99
176   76     1.00000000000000E-99   1.00000000000000E-99
177   76     1.00000000000000E-99   1.00000000000000E-99
103   77     1.00000000000000E-99   1.00000000000000E-99
104   77     1.00000000000000E-99   1.00000000000000E-99
105   77     1.00000000000000E-99   1.00000000000000E-99
106   77     1.00000000000000E-99   1.00000000000000E-99
107   77     1.00000000000000E-99   1.00000000000000E-99
108   77     1.00000000000000E-99   1.00000000000000E-99
109   77     1.00000000000000E-99   1.00000000000000E-99
110   77     1.00000000000000E-99   1.00000000000000E-99
111   77     1.00000000000000E-99   1.00000000000000E-99
112   77     1.00000000000000E-99   1.00000000000000E-99
113   77     1.00000000000000E-99   1.00000000000000E-99
114   77     1.00000000000000E-99   1.00000000000000E-99
115   77     1.00000000000000E-99   1.00000000000000E-99
116   77     1.00000000000000E-99   1.00000000000000E-99
117   77     1.00000000000000E-99   1.00000000000000E-99
118   77     1.00000000000000E-99   1.00000000000000E-99
119   77     1.00000000000000E-99   1.00000000000000E-99
120   77     1.00000000000000E-99   1.00000000000000E-99
121   77     1.00000000000000E-99   1.00000000000000E-99
122   77     1.00000000000000E-99   1.00000000000000E-99
123   77     1.00000000000000E-99   1.00000000000000E-99
124   77     1.00000000000000E-99   1.00000000000000E-99
125   77     1.00000000000000E-99   1.00000000000000E-99
126   77     1.00000000000000E-99   1.00000000000000E-99
127   77     1.00000000000000E-99   1.00000000000000E-99
128   77     1.00000000000000E-99   1.00000000000000E-99
129   77     1.00000000000000E-99   1.00000000000000E-99
130   77     1.00000000000000E-99   1.00000000000000E-99
131   77     1.00000000000000E-99   1.00000000000000E-99
132   77     1.00000000000000E-99   1.00000000000000E-99
133   77     1.00000000000000E-99   1.00000000000000E-99
134   77     1.00000000000000E-99   1.00000000000000E-99
135   77     1.00000000000000E-99   1.00000000000000E-99
136   77     1.00000000000000E-99   1.00000000000000E-99
137   77     1.00000000000000E-99   1.00000000000000E-99
138   77     1.00000000000000E-99   1.00000000000000E-99
139   77     1.00000000000000E-99   1.00000000000000E-99
140   77     1.00000000000000E-99   1.00000000000000E-99
141   77     1.00000000000000E-99   1.00000000000000E-99
142   77     1.00000000000000E-99   1.00000000000000E-99
143   77     1.00000000000000E-99   1.00000000000000E-99
144   77     1.00000000000000E-99   1.00000000000000E-99
145   77     1.00000000000000E-99   1.00000000000000E-99
146   77     1.00000000000000E-99   1.00000000000000E-99
147   77     1.00000000000000E-99   1.00000000000000E-99
148   77     1.00000000000000E-99   1.00000000000000E-99
149   77     1.00000000000000E-99   1.00000000000000E-99
150   77     1.00000000000000E-99   1.00000000000000E-99
151   77     1.00000000000000E-99   1.00000000000000E-99
152   77     1.00000000000000E-99   1.00000000000000E-99
153   77     1.92387452330644E-23   4.42491140360480E-21
154   77     4.15408795760438E-22   9.59594318206612E-20
155   77     1.78563849261068E-21   4.14268130285678E-19
156   77     6.17714529555317E-19   1.43927485386389E-16
157   77     2.42217519595083E-18   5.66788995852494E-16
158   77     2.31776848655087E-15   5.44675594339456E-13
159   77     4.72746203572406E-14   1.11568104043088E-11
160   77     1.90683674925218E-12   4.51920309572767E-10
161   77     1.01092420130311E-11   2.40599959910140E-09
162   77     2.70106407853226E-06   6.45554314769209E-04
163   77     4.56371243015993E-09   1.09529098323838E-06
164   77     1.59850372694423E-07   3.85239398193559E-05
165   77     3.21857250236789E-13   7.78894545573030E-11
166   77     1.99496469454813E-12   4.84776420775195E-10
167   77     1.18797445113349E-16   2.89865766076572E-14
168   77     5.76611610911334E-22   1.41269844673277E-19
169   77     1.00000000000000E-99   1.00000000000000E-99
170   77     1.00000000000000E-99   1.00000000000000E-99
171   77     1.00000000000000E-99   1.00000000000000E-99
172   77     1.00000000000000E-99   1.00000000000000E-99
173   77     1.00000000000000E-99   1.00000000000000E-99
174   77     1.00000000000000E-99   1.00000000000000E-99
175   77     1.00000000000000E-99   1.00000000000000E-99
176   77     1.00000000000000E-99   1.00000000000000E-99
177   77     1.00000000000000E-99   1.00000000000000E-99
178   77     1.00000000000000E-99   1.00000000000000E-99
179   77     1.00000000000000E-99   1.00000000000000E-99
105   78     1.00000000000000E-99   1.00000000000000E-99
106   78     1.00000000000000E-99   1.00000000000000E-99
107   78     1.00000000000000E-99   1.00000000000000E-99
108   78     1.00000000000000E-99   1.00000000000000E-99
109   78     1.00000000000000E-99   1.00000000000000E-99
110   78     1.00000000000000E-99   1.00000000000000E-99
111   78     1.00000000000000E-99   1.00000000000000E-99
112   78     1.00000000000000E-99   1.00000000000000E-99
113   78     1.00000000000000E-99   1.00000000000000E-99
114   78     1.00000000000000E-99   1.00000000000000E-99
115   78     1.00000000000000E-99   1.00000000000000E-99
116   78     1.00000000000000E-99   1.00000000000000E-99
117   78     1.00000000000000E-99   1.00000000000000E-99
118   78     1.00000000000000E-99   1.00000000000000E-99
119   78     1.00000000000000E-99   1.00000000000000E-99
120   78     1.00000000000000E-99   1.00000000000000E-99
121   78     1.00000000000000E-99   1.00000000000000E-99
122   78     1.00000000000000E-99   1.00000000000000E-99
123   78     1.00000000000000E-99   1.00000000000000E-99
124   78     1.00000000000000E-99   1.00000000000000E-99
125   78     1.00000000000000E-99   1.00000000000000E-99
126   78     1.00000000000000E-99   1.00000000000000E-99
127   78     1.00000000000000E-99   1.00000000000000E-99
128   78     1.00000000000000E-99   1.00000000000000E-99
129   78     1.00000000000000E-99   1.00000000000000E-99
130   78     1.00000000000000E-99   1.00000000000000E-99
131   78     1.00000000000000E-99   1.00000000000000E-99
132   78     1.00000000000000E-99   1.00000000000000E-99
133   78     1.00000000000000E-99   1.00000000000000E-99
134   78     1.00000000000000E-99   1.00000000000000E-99
135   78     1.00000000000000E-99   1.00000000000000E-99
136   78     1.00000000000000E-99   1.00000000000000E-99
137   78     1.00000000000000E-99   1.00000000000000E-99
138   78     1.00000000000000E-99   1.00000000000000E-99
139   78     1.00000000000000E-99   1.00000000000000E-99
140   78     1.00000000000000E-99   1.00000000000000E-99
141   78     1.00000000000000E-99   1.00000000000000E-99
142   78     1.00000000000000E-99   1.00000000000000E-99
143   78     1.00000000000000E-99   1.00000000000000E-99
144   78     1.00000000000000E-99   1.00000000000000E-99
145   78     1.00000000000000E-99   1.00000000000000E-99
146   78     1.00000000000000E-99   1.00000000000000E-99
147   78     1.00000000000000E-99   1.00000000000000E-99
148   78     1.00000000000000E-99   1.00000000000000E-99
149   78     1.00000000000000E-99   1.00000000000000E-99
150   78     1.00000000000000E-99   1.00000000000000E-99
151   78     1.00000000000000E-99   1.00000000000000E-99
152   78     1.00000000000000E-99   1.00000000000000E-99
153   78     1.00000000000000E-99   1.00000000000000E-99
154   78     4.47772747953304E-25   1.03883277525167E-22
155   78     1.40124139794421E-23   3.26489245721001E-21
156   78     8.02010137150931E-21   1.87670372093318E-18
157   78     1.62400081487998E-20   3.81640191496795E-18
158   78     5.40254606400491E-16   1.27500087110516E-13
159   78     6.14135663519431E-14   1.45550152254105E-11
160   78     5.09184554891457E-13   1.21185924064167E-10
161   78     1.20345204637904E-13   2.87625039084591E-11
162   78     1.35976543604411E-07   3.26343704650587E-05
163   78     3.93181489648991E-09   9.47567390054067E-07
164   78     1.93452951330053E-06   4.68156142218729E-04
165   78     6.28170815198471E-12   1.52645508093228E-09
166   78     1.22456188469460E-09   2.98793099865484E-07
167   78     9.22253220742757E-23   2.25952039081975E-20
168   78     2.12700312748929E-17   5.23242769362366E-15
169   78     3.96170874832856E-22   9.78542060837154E-20
170   78     5.07508467343457E-21   1.25862099901177E-18
171   78     2.02901139370707E-23   5.05223837033059E-21
172   78     1.23375658928022E-20   3.08439147320055E-18
173   78     6.94120384791873E-24   1.74224216582760E-21
174   78     1.18080947447620E-22   2.97563987568003E-20
175   78     1.00000000000000E-99   1.00000000000000E-99
176   78     1.00000000000000E-99   1.00000000000000E-99
177   78     1.00000000000000E-99   1.00000000000000E-99
178   78     1.00000000000000E-99   1.00000000000000E-99
179   78     1.00000000000000E-99   1.00000000000000E-99
180   78     1.00000000000000E-99   1.00000000000000E-99
181   78     1.00000000000000E-99   1.00000000000000E-99
182   78     1.00000000000000E-99   1.00000000000000E-99
106   79     1.00000000000000E-99   1.00000000000000E-99
107   79     1.00000000000000E-99   1.00000000000000E-99
108   79     1.00000000000000E-99   1.00000000000000E-99
109   79     1.00000000000000E-99   1.00000000000000E-99
110   79     1.00000000000000E-99   1.00000000000000E-99
111   79     1.00000000000000E-99   1.00000000000000E-99
112   79     1.00000000000000E-99   1.00000000000000E-99
113   79     1.00000000000000E-99   1.00000000000000E-99
114   79     1.00000000000000E-99   1.00000000000000E-99
115   79     1.00000000000000E-99   1.00000000000000E-99
116   79     1.00000000000000E-99   1.00000000000000E-99
117   79     1.00000000000000E-99   1.00000000000000E-99
118   79     1.00000000000000E-99   1.00000000000000E-99
119   79     1.00000000000000E-99   1.00000000000000E-99
120   79     1.00000000000000E-99   1.00000000000000E-99
121   79     1.00000000000000E-99   1.00000000000000E-99
122   79     1.00000000000000E-99   1.00000000000000E-99
123   79     1.00000000000000E-99   1.00000000000000E-99
124   79     1.00000000000000E-99   1.00000000000000E-99
125   79     1.00000000000000E-99   1.00000000000000E-99
126   79     1.00000000000000E-99   1.00000000000000E-99
127   79     1.00000000000000E-99   1.00000000000000E-99
128   79     1.00000000000000E-99   1.00000000000000E-99
129   79     1.00000000000000E-99   1.00000000000000E-99
130   79     1.00000000000000E-99   1.00000000000000E-99
131   79     1.00000000000000E-99   1.00000000000000E-99
132   79     1.00000000000000E-99   1.00000000000000E-99
133   79     1.00000000000000E-99   1.00000000000000E-99
134   79     1.00000000000000E-99   1.00000000000000E-99
135   79     1.00000000000000E-99   1.00000000000000E-99
136   79     1.00000000000000E-99   1.00000000000000E-99
137   79     1.00000000000000E-99   1.00000000000000E-99
138   79     1.00000000000000E-99   1.00000000000000E-99
139   79     1.00000000000000E-99   1.00000000000000E-99
140   79     1.00000000000000E-99   1.00000000000000E-99
141   79     1.00000000000000E-99   1.00000000000000E-99
142   79     1.00000000000000E-99   1.00000000000000E-99
143   79     1.00000000000000E-99   1.00000000000000E-99
144   79     1.00000000000000E-99   1.00000000000000E-99
145   79     1.00000000000000E-99   1.00000000000000E-99
146   79     1.00000000000000E-99   1.00000000000000E-99
147   79     1.00000000000000E-99   1.00000000000000E-99
148   79     1.00000000000000E-99   1.00000000000000E-99
149   79     1.00000000000000E-99   1.00000000000000E-99
150   79     1.00000000000000E-99   1.00000000000000E-99
151   79     1.00000000000000E-99   1.00000000000000E-99
152   79     1.00000000000000E-99   1.00000000000000E-99
153   79     1.00000000000000E-99   1.00000000000000E-99
154   79     1.00000000000000E-99   1.00000000000000E-99
155   79     1.68135674200846E-25   3.93437477629980E-23
156   79     2.01429279834620E-20   4.73358807611357E-18
157   79     3.08681672870332E-22   7.28488747973984E-20
158   79     2.83290136903929E-18   6.71397624462312E-16
159   79     6.80234848193155E-17   1.61895893869971E-14
160   79     9.63887524482300E-15   2.30369118351270E-12
161   79     5.15941629629930E-14   1.23825991111183E-11
162   79     1.10929945723827E-07   2.67341169194423E-05
163   79     1.96206632861128E-07   4.74820051523930E-05
164   79     9.05105326076905E-07   2.19940594236688E-04
165   79     5.23390620199528E-20   1.27707311328685E-17
166   79     2.75814804958002E-19   6.75746272147104E-17
167   79     4.25862031519900E-21   1.04762059753895E-18
168   79     5.29726504217646E-19   1.30842446541758E-16
169   79     9.06772859480181E-21   2.24879669151085E-18
170   79     4.82520450989026E-20   1.20147592296268E-17
171   79     1.98471909788949E-16   4.96179774472373E-14
172   79     6.95305326478195E-14   1.74521636946027E-11
173   79     2.30921153655985E-16   5.81921307213082E-14
174   79     2.14639226889306E-19   5.43037244029945E-17
175   79     2.00586430553281E-22   5.09489533605334E-20
176   79     3.96293725622634E-17   1.01054900033772E-14
177   79     9.89779223799762E-21   2.53383481292739E-18
178   79     2.61042780189036E-21   6.70879945085824E-19
179   79     1.00000000000000E-99   1.00000000000000E-99
180   79     1.00000000000000E-99   1.00000000000000E-99
181   79     1.00000000000000E-99   1.00000000000000E-99
182   79     1.00000000000000E-99   1.00000000000000E-99
183   79     1.00000000000000E-99   1.00000000000000E-99
184   79     1.00000000000000E-99   1.00000000000000E-99
109   80     1.00000000000000E-99   1.00000000000000E-99
110   80     1.00000000000000E-99   1.00000000000000E-99
111   80     1.00000000000000E-99   1.00000000000000E-99
112   80     1.00000000000000E-99   1.00000000000000E-99
113   80     1.00000000000000E-99   1.00000000000000E-99
114   80     1.00000000000000E-99   1.00000000000000E-99
115   80     1.00000000000000E-99   1.00000000000000E-99
116   80     1.00000000000000E-99   1.00000000000000E-99
117   80     1.00000000000000E-99   1.00000000000000E-99
118   80     1.00000000000000E-99   1.00000000000000E-99
119   80     1.00000000000000E-99   1.00000000000000E-99
120   80     1.00000000000000E-99   1.00000000000000E-99
121   80     1.00000000000000E-99   1.00000000000000E-99
122   80     1.00000000000000E-99   1.00000000000000E-99
123   80     1.00000000000000E-99   1.00000000000000E-99
124   80     1.00000000000000E-99   1.00000000000000E-99
125   80     1.00000000000000E-99   1.00000000000000E-99
126   80     1.00000000000000E-99   1.00000000000000E-99
127   80     1.00000000000000E-99   1.00000000000000E-99
128   80     1.00000000000000E-99   1.00000000000000E-99
129   80     1.00000000000000E-99   1.00000000000000E-99
130   80     1.00000000000000E-99   1.00000000000000E-99
131   80     1.00000000000000E-99   1.00000000000000E-99
132   80     1.00000000000000E-99   1.00000000000000E-99
133   80     1.00000000000000E-99   1.00000000000000E-99
134   80     1.00000000000000E-99   1.00000000000000E-99
135   80     1.00000000000000E-99   1.00000000000000E-99
136   80     1.00000000000000E-99   1.00000000000000E-99
137   80     1.00000000000000E-99   1.00000000000000E-99
138   80     1.00000000000000E-99   1.00000000000000E-99
139   80     1.00000000000000E-99   1.00000000000000E-99
140   80     1.00000000000000E-99   1.00000000000000E-99
141   80     1.00000000000000E-99   1.00000000000000E-99
142   80     1.00000000000000E-99   1.00000000000000E-99
143   80     1.00000000000000E-99   1.00000000000000E-99
144   80     1.00000000000000E-99   1.00000000000000E-99
145   80     1.00000000000000E-99   1.00000000000000E-99
146   80     1.00000000000000E-99   1.00000000000000E-99
147   80     1.00000000000000E-99   1.00000000000000E-99
148   80     1.00000000000000E-99   1.00000000000000E-99
149   80     1.00000000000000E-99   1.00000000000000E-99
150   80     1.00000000000000E-99   1.00000000000000E-99
151   80     1.00000000000000E-99   1.00000000000000E-99
152   80     1.00000000000000E-99   1.00000000000000E-99
153   80     1.00000000000000E-99   1.00000000000000E-99
154   80     1.00000000000000E-99   1.00000000000000E-99
155   80     1.00000000000000E-99   1.00000000000000E-99
156   80     1.16841016501015E-24   2.75744798942396E-22
157   80     1.42031819749226E-23   3.36615412805666E-21
158   80     3.05936809963480E-19   7.28129607713082E-17
159   80     6.35363180898019E-16   1.51851800234627E-13
160   80     5.05228646964672E-14   1.21254875271521E-11
161   80     1.87190728039895E-14   4.51129654576148E-12
162   80     7.70319544524091E-08   1.86417329774830E-05
163   80     4.42850485411058E-07   1.07612667954887E-04
164   80     5.10908387580564E-13   1.24661646569658E-10
165   80     3.32955048771783E-14   8.15739869490869E-12
166   80     2.35670120298196E-13   5.79748495933562E-11
167   80     2.73934037179437E-14   6.76617071833210E-12
168   80     1.24078094928983E-12   3.07713675423877E-10
169   80     7.13288388450568E-14   1.77608808724192E-11
170   80     2.62101333232187E-11   6.55253333080468E-09
171   80     1.04648295493473E-12   2.62667221688617E-10
172   80     2.38158822619723E-08   6.00160233001702E-06
173   80     1.05010972665402E-10   2.65677760843467E-08
174   80     9.57383136064641E-08   2.43175316560419E-05
175   80     8.44316977506885E-10   2.15300829264256E-07
176   80     2.12952768515317E-07   5.45159087399212E-05
177   80     1.62871414593400E-11   4.18579535505037E-09
178   80     3.11569953750687E-10   8.03850480676772E-08
179   80     6.55249744320277E-18   1.69709683778952E-15
180   80     2.47727155257452E-17   6.44090603669375E-15
181   80     2.35550521877669E-23   6.14786862100717E-21
182   80     2.14600985044520E-24   5.62254580816642E-22
183   80     1.00000000000000E-99   1.00000000000000E-99
184   80     1.00000000000000E-99   1.00000000000000E-99
185   80     1.00000000000000E-99   1.00000000000000E-99
186   80     1.00000000000000E-99   1.00000000000000E-99
110   81     1.00000000000000E-99   1.00000000000000E-99
111   81     1.00000000000000E-99   1.00000000000000E-99
112   81     1.00000000000000E-99   1.00000000000000E-99
113   81     1.00000000000000E-99   1.00000000000000E-99
114   81     1.00000000000000E-99   1.00000000000000E-99
115   81     1.00000000000000E-99   1.00000000000000E-99
116   81     1.00000000000000E-99   1.00000000000000E-99
117   81     1.00000000000000E-99   1.00000000000000E-99
118   81     1.00000000000000E-99   1.00000000000000E-99
119   81     1.00000000000000E-99   1.00000000000000E-99
120   81     1.00000000000000E-99   1.00000000000000E-99
121   81     1.00000000000000E-99   1.00000000000000E-99
122   81     1.00000000000000E-99   1.00000000000000E-99
123   81     1.00000000000000E-99   1.00000000000000E-99
124   81     1.00000000000000E-99   1.00000000000000E-99
125   81     1.00000000000000E-99   1.00000000000000E-99
126   81     1.00000000000000E-99   1.00000000000000E-99
127   81     1.00000000000000E-99   1.00000000000000E-99
128   81     1.00000000000000E-99   1.00000000000000E-99
129   81     1.00000000000000E-99   1.00000000000000E-99
130   81     1.00000000000000E-99   1.00000000000000E-99
131   81     1.00000000000000E-99   1.00000000000000E-99
132   81     1.00000000000000E-99   1.00000000000000E-99
133   81     1.00000000000000E-99   1.00000000000000E-99
134   81     1.00000000000000E-99   1.00000000000000E-99
135   81     1.00000000000000E-99   1.00000000000000E-99
136   81     1.00000000000000E-99   1.00000000000000E-99
137   81     1.00000000000000E-99   1.00000000000000E-99
138   81     1.00000000000000E-99   1.00000000000000E-99
139   81     1.00000000000000E-99   1.00000000000000E-99
140   81     1.00000000000000E-99   1.00000000000000E-99
141   81     1.00000000000000E-99   1.00000000000000E-99
142   81     1.00000000000000E-99   1.00000000000000E-99
143   81     1.00000000000000E-99   1.00000000000000E-99
144   81     1.00000000000000E-99   1.00000000000000E-99
145   81     1.00000000000000E-99   1.00000000000000E-99
146   81     1.00000000000000E-99   1.00000000000000E-99
147   81     1.00000000000000E-99   1.00000000000000E-99
148   81     1.00000000000000E-99   1.00000000000000E-99
149   81     1.00000000000000E-99   1.00000000000000E-99
150   81     1.00000000000000E-99   1.00000000000000E-99
151   81     1.00000000000000E-99   1.00000000000000E-99
152   81     1.00000000000000E-99   1.00000000000000E-99
153   81     1.00000000000000E-99   1.00000000000000E-99
154   81     1.00000000000000E-99   1.00000000000000E-99
155   81     1.00000000000000E-99   1.00000000000000E-99
156   81     4.89578266191356E-25   1.16030049087351E-22
157   81     1.29005747779002E-24   3.07033679714025E-22
158   81     8.26953640065070E-21   1.97641919975552E-18
159   81     1.97747429890588E-16   4.74593831737410E-14
160   81     1.67790096149580E-15   4.04374131720487E-13
161   81     2.60479295253432E-16   6.30359894513305E-14
162   81     8.37309567182412E-16   2.03466224825326E-13
163   81     3.16290412722320E-15   7.71748607042462E-13
164   81     6.23776074402302E-15   1.52825138228564E-12
165   81     6.36830828134908E-16   1.56660383721187E-13
166   81     2.13128960174414E-15   5.26428531630803E-13
167   81     6.70622280558162E-16   1.66314325578424E-13
168   81     7.91923385142995E-15   1.97188922900606E-12
169   81     2.28193788200868E-15   5.70484470502170E-13
170   81     3.91421207783670E-14   9.82467231537012E-12
171   81     9.15557524827461E-15   2.30720496256520E-12
172   81     5.23511540023563E-13   1.32448419625961E-10
173   81     5.24820456059537E-14   1.33304395839122E-11
174   81     3.29698186573022E-11   8.40730375761207E-09
175   81     3.07135745693774E-12   7.86267508976063E-10
176   81     2.33710325646814E-07   6.00635536912312E-05
177   81     2.73465653176668E-10   7.05541385195804E-08
178   81     2.17335590666066E-08   5.62899179825110E-06
179   81     4.01516890406147E-11   1.04394391505598E-08
180   81     2.41867778839426E-10   6.31274902770902E-08
181   81     1.14420750209621E-14   2.99782365549208E-12
182   81     3.50814379765540E-15   9.22641818783371E-13
183   81     2.57662823619050E-21   6.80229854354291E-19
184   81     7.56621661602041E-25   2.00504740324541E-22
185   81     1.00000000000000E-99   1.00000000000000E-99
186   81     1.00000000000000E-99   1.00000000000000E-99
187   81     1.00000000000000E-99   1.00000000000000E-99
188   81     1.00000000000000E-99   1.00000000000000E-99
112   82     1.00000000000000E-99   1.00000000000000E-99
113   82     1.00000000000000E-99   1.00000000000000E-99
114   82     1.00000000000000E-99   1.00000000000000E-99
115   82     1.00000000000000E-99   1.00000000000000E-99
116   82     1.00000000000000E-99   1.00000000000000E-99
117   82     1.00000000000000E-99   1.00000000000000E-99
118   82     1.00000000000000E-99   1.00000000000000E-99
119   82     1.00000000000000E-99   1.00000000000000E-99
120   82     1.00000000000000E-99   1.00000000000000E-99
121   82     1.00000000000000E-99   1.00000000000000E-99
122   82     1.00000000000000E-99   1.00000000000000E-99
123   82     1.00000000000000E-99   1.00000000000000E-99
124   82     1.00000000000000E-99   1.00000000000000E-99
125   82     1.00000000000000E-99   1.00000000000000E-99
126   82     1.00000000000000E-99   1.00000000000000E-99
127   82     1.00000000000000E-99   1.00000000000000E-99
128   82     1.00000000000000E-99   1.00000000000000E-99
129   82     1.00000000000000E-99   1.00000000000000E-99
130   82     1.00000000000000E-99   1.00000000000000E-99
131   82     1.00000000000000E-99   1.00000000000000E-99
132   82     1.00000000000000E-99   1.00000000000000E-99
133   82     1.00000000000000E-99   1.00000000000000E-99
134   82     1.00000000000000E-99   1.00000000000000E-99
135   82     1.00000000000000E-99   1.00000000000000E-99
136   82     1.00000000000000E-99   1.00000000000000E-99
137   82     1.00000000000000E-99   1.00000000000000E-99
138   82     1.00000000000000E-99   1.00000000000000E-99
139   82     1.00000000000000E-99   1.00000000000000E-99
140   82     1.00000000000000E-99   1.00000000000000E-99
141   82     1.00000000000000E-99   1.00000000000000E-99
142   82     1.00000000000000E-99   1.00000000000000E-99
143   82     1.00000000000000E-99   1.00000000000000E-99
144   82     1.00000000000000E-99   1.00000000000000E-99
145   82     1.00000000000000E-99   1.00000000000000E-99
146   82     1.00000000000000E-99   1.00000000000000E-99
147   82     1.00000000000000E-99   1.00000000000000E-99
148   82     1.00000000000000E-99   1.00000000000000E-99
149   82     1.00000000000000E-99   1.00000000000000E-99
150   82     1.00000000000000E-99   1.00000000000000E-99
151   82     1.00000000000000E-99   1.00000000000000E-99
152   82     1.00000000000000E-99   1.00000000000000E-99
153   82     1.00000000000000E-99   1.00000000000000E-99
154   82     1.00000000000000E-99   1.00000000000000E-99
155   82     1.00000000000000E-99   1.00000000000000E-99
156   82     4.03070560779199E-25   9.59307934654493E-23
157   82     1.31120116863664E-24   3.13377079304157E-22
158   82     2.68852709126019E-22   6.45246501902447E-20
159   82     4.76320667387568E-22   1.14793280840404E-19
160   82     3.71405708406610E-22   8.98801814343997E-20
161   82     8.91080188083601E-23   2.16532485704315E-20
162   82     1.29249449007161E-21   3.15368655577472E-19
163   82     1.48360383302818E-22   3.63482939091905E-20
164   82     8.03322002740958E-21   1.97617212674276E-18
165   82     4.34509852061586E-22   1.07323933459212E-19
166   82     4.51413687667898E-21   1.11950594541639E-18
167   82     3.28586580390890E-21   8.18180585173317E-19
168   82     9.22604754435711E-20   2.30651188608928E-17
169   82     5.41374303015648E-20   1.35884950056928E-17
170   82     7.07839624942684E-18   1.78375585485556E-15
171   82     1.19288547623409E-17   3.01800025487224E-15
172   82     4.45245870364169E-13   1.13092451072499E-10
173   82     1.24453207916493E-13   3.17355680187056E-11
174   82     2.53009338703619E-12   6.47703907081264E-10
175   82     1.69571878492282E-13   4.35799727725164E-11
176   82     1.40816574931920E-10   3.63306763324354E-08
177   82     4.70132649354309E-12   1.21764356182766E-09
178   82     1.22524347773117E-07   3.18563304210104E-05
179   82     2.75652266239481E-10   7.19452414885045E-08
180   82     5.88778699421113E-08   1.54260019248332E-05
181   82     1.23126995580841E-11   3.23823998377611E-09
182   82     5.59554489980403E-11   1.47722385354826E-08
183   82     4.25978134273152E-17   1.12884205582385E-14
184   82     7.43284996701809E-19   1.97713809122681E-16
185   82     1.00000000000000E-99   1.00000000000000E-99
186   82     1.00000000000000E-99   1.00000000000000E-99
187   82     1.00000000000000E-99   1.00000000000000E-99
188   82     1.00000000000000E-99   1.00000000000000E-99
189   82     1.00000000000000E-99   1.00000000000000E-99
190   82     1.00000000000000E-99   1.00000000000000E-99
191   82     1.00000000000000E-99   1.00000000000000E-99
114   83     1.00000000000000E-99   1.00000000000000E-99
115   83     1.00000000000000E-99   1.00000000000000E-99
116   83     1.00000000000000E-99   1.00000000000000E-99
117   83     1.00000000000000E-99   1.00000000000000E-99
118   83     1.00000000000000E-99   1.00000000000000E-99
119   83     1.00000000000000E-99   1.00000000000000E-99
120   83     1.00000000000000E-99   1.00000000000000E-99
121   83     1.00000000000000E-99   1.00000000000000E-99
122   83     1.00000000000000E-99   1.00000000000000E-99
123   83     1.00000000000000E-99   1.00000000000000E-99
124   83     1.00000000000000E-99   1.00000000000000E-99
125   83     1.00000000000000E-99   1.00000000000000E-99
126   83     1.00000000000000E-99   1.00000000000000E-99
127   83     1.00000000000000E-99   1.00000000000000E-99
128   83     1.00000000000000E-99   1.00000000000000E-99
129   83     1.00000000000000E-99   1.00000000000000E-99
130   83     1.00000000000000E-99   1.00000000000000E-99
131   83     1.00000000000000E-99   1.00000000000000E-99
132   83     1.00000000000000E-99   1.00000000000000E-99
133   83     1.00000000000000E-99   1.00000000000000E-99
134   83     1.00000000000000E-99   1.00000000000000E-99
135   83     1.00000000000000E-99   1.00000000000000E-99
136   83     1.00000000000000E-99   1.00000000000000E-99
137   83     1.00000000000000E-99   1.00000000000000E-99
138   83     1.00000000000000E-99   1.00000000000000E-99
139   83     1.00000000000000E-99   1.00000000000000E-99
140   83     1.00000000000000E-99   1.00000000000000E-99
141   83     1.00000000000000E-99   1.00000000000000E-99
142   83     1.00000000000000E-99   1.00000000000000E-99
143   83     1.00000000000000E-99   1.00000000000000E-99
144   83     1.00000000000000E-99   1.00000000000000E-99
145   83     1.00000000000000E-99   1.00000000000000E-99
146   83     1.00000000000000E-99   1.00000000000000E-99
147   83     1.00000000000000E-99   1.00000000000000E-99
148   83     1.00000000000000E-99   1.00000000000000E-99
149   83     1.00000000000000E-99   1.00000000000000E-99
150   83     1.00000000000000E-99   1.00000000000000E-99
151   83     1.00000000000000E-99   1.00000000000000E-99
152   83     1.00000000000000E-99   1.00000000000000E-99
153   83     1.00000000000000E-99   1.00000000000000E-99
154   83     1.00000000000000E-99   1.00000000000000E-99
155   83     1.00000000000000E-99   1.00000000000000E-99
156   83     1.00000000000000E-99   1.00000000000000E-99
157   83     1.00000000000000E-99   1.00000000000000E-99
158   83     1.00000000000000E-99   1.00000000000000E-99
159   83     1.00000000000000E-99   1.00000000000000E-99
160   83     1.00000000000000E-99   1.00000000000000E-99
161   83     1.00000000000000E-99   1.00000000000000E-99
162   83     1.00000000000000E-99   1.00000000000000E-99
163   83     1.00000000000000E-99   1.00000000000000E-99
164   83     1.00000000000000E-99   1.00000000000000E-99
165   83     1.00000000000000E-99   1.00000000000000E-99
166   83     1.00000000000000E-99   1.00000000000000E-99
167   83     1.00000000000000E-99   1.00000000000000E-99
168   83     4.76568042316193E-24   1.19618578621364E-21
169   83     1.56064950802925E-21   3.93283676023372E-19
170   83     2.34675015616908E-20   5.93727789510777E-18
171   83     2.29260725845539E-20   5.82322243647670E-18
172   83     1.32869699783965E-18   3.38817734449112E-16
173   83     3.99952942313196E-18   1.02387953232178E-15
174   83     1.62656677123877E-15   4.18027660208364E-13
175   83     5.12592873818680E-15   1.32248961445219E-12
176   83     2.27376822873183E-12   5.88905971241543E-10
177   83     9.72757528676337E-14   2.52916957455847E-11
178   83     1.09641810814312E-09   2.86165126225354E-07
179   83     1.68389156522721E-10   4.41179590089528E-08
180   83     1.13072586682483E-07   2.97380902974929E-05
181   83     1.04458186567714E-10   2.75769612538765E-08
182   83     1.99006783449603E-09   5.27367976141448E-07
183   83     4.49953620039461E-14   1.19687662930497E-11
184   83     6.91678847882214E-16   1.84678252384551E-13
185   83     1.00000000000000E-99   1.00000000000000E-99
186   83     1.00000000000000E-99   1.00000000000000E-99
187   83     1.00000000000000E-99   1.00000000000000E-99
188   83     1.00000000000000E-99   1.00000000000000E-99
189   83     1.00000000000000E-99   1.00000000000000E-99
190   83     1.00000000000000E-99   1.00000000000000E-99
191   83     1.00000000000000E-99   1.00000000000000E-99
192   83     1.00000000000000E-99   1.00000000000000E-99
193   83     1.00000000000000E-99   1.00000000000000E-99
118   84     1.00000000000000E-99   1.00000000000000E-99
119   84     1.00000000000000E-99   1.00000000000000E-99
120   84     1.00000000000000E-99   1.00000000000000E-99
121   84     1.00000000000000E-99   1.00000000000000E-99
122   84     1.00000000000000E-99   1.00000000000000E-99
123   84     1.00000000000000E-99   1.00000000000000E-99
124   84     1.00000000000000E-99   1.00000000000000E-99
125   84     1.00000000000000E-99   1.00000000000000E-99
126   84     1.00000000000000E-99   1.00000000000000E-99
127   84     1.00000000000000E-99   1.00000000000000E-99
128   84     1.00000000000000E-99   1.00000000000000E-99
129   84     1.00000000000000E-99   1.00000000000000E-99
130   84     1.00000000000000E-99   1.00000000000000E-99
131   84     1.00000000000000E-99   1.00000000000000E-99
132   84     1.00000000000000E-99   1.00000000000000E-99
133   84     1.00000000000000E-99   1.00000000000000E-99
134   84     1.00000000000000E-99   1.00000000000000E-99
135   84     1.00000000000000E-99   1.00000000000000E-99
136   84     1.00000000000000E-99   1.00000000000000E-99
137   84     1.00000000000000E-99   1.00000000000000E-99
138   84     1.00000000000000E-99   1.00000000000000E-99
139   84     1.00000000000000E-99   1.00000000000000E-99
140   84     1.00000000000000E-99   1.00000000000000E-99
141   84     1.00000000000000E-99   1.00000000000000E-99
142   84     1.00000000000000E-99   1.00000000000000E-99
143   84     1.00000000000000E-99   1.00000000000000E-99
144   84     1.00000000000000E-99   1.00000000000000E-99
145   84     1.00000000000000E-99   1.00000000000000E-99
146   84     1.00000000000000E-99   1.00000000000000E-99
147   84     1.00000000000000E-99   1.00000000000000E-99
148   84     1.00000000000000E-99   1.00000000000000E-99
149   84     1.00000000000000E-99   1.00000000000000E-99
150   84     1.00000000000000E-99   1.00000000000000E-99
151   84     1.00000000000000E-99   1.00000000000000E-99
152   84     1.00000000000000E-99   1.00000000000000E-99
153   84     1.00000000000000E-99   1.00000000000000E-99
154   84     1.00000000000000E-99   1.00000000000000E-99
155   84     1.00000000000000E-99   1.00000000000000E-99
156   84     1.00000000000000E-99   1.00000000000000E-99
157   84     1.00000000000000E-99   1.00000000000000E-99
158   84     1.00000000000000E-99   1.00000000000000E-99
159   84     1.00000000000000E-99   1.00000000000000E-99
160   84     1.00000000000000E-99   1.00000000000000E-99
161   84     1.00000000000000E-99   1.00000000000000E-99
162   84     1.00000000000000E-99   1.00000000000000E-99
163   84     1.00000000000000E-99   1.00000000000000E-99
164   84     1.00000000000000E-99   1.00000000000000E-99
165   84     1.00000000000000E-99   1.00000000000000E-99
166   84     1.00000000000000E-99   1.00000000000000E-99
167   84     1.00000000000000E-99   1.00000000000000E-99
168   84     1.00000000000000E-99   1.00000000000000E-99
169   84     1.00000000000000E-99   1.00000000000000E-99
170   84     6.77373117222303E-25   1.72052771774465E-22
171   84     1.70200487498601E-24   4.34011243121433E-22
172   84     2.71032847574039E-18   6.93844089789539E-16
173   84     3.43823295503713E-20   8.83625869444541E-18
174   84     4.27573759689582E-18   1.10314029999912E-15
175   84     4.80403162619197E-17   1.24424419118372E-14
176   84     5.99991194574492E-14   1.55997710589368E-11
177   84     2.89570054539086E-14   7.55777842347014E-12
178   84     4.10959269914873E-12   1.07671328717697E-09
179   84     1.05889185567561E-12   2.78488558042686E-10
180   84     4.05723329978405E-08   1.07110959114299E-05
181   84     1.59753930727976E-10   4.23347916429135E-08
182   84     3.94910776802227E-08   1.05046266629392E-05
183   84     1.00000000000000E-99   1.00000000000000E-99
184   84     1.00000000000000E-99   1.00000000000000E-99
185   84     1.00000000000000E-99   1.00000000000000E-99
186   84     1.00000000000000E-99   1.00000000000000E-99
187   84     1.00000000000000E-99   1.00000000000000E-99
188   84     1.00000000000000E-99   1.00000000000000E-99
189   84     1.00000000000000E-99   1.00000000000000E-99
190   84     1.00000000000000E-99   1.00000000000000E-99
191   84     1.00000000000000E-99   1.00000000000000E-99
192   84     1.00000000000000E-99   1.00000000000000E-99
121   85     1.00000000000000E-99   1.00000000000000E-99
122   85     1.00000000000000E-99   1.00000000000000E-99
123   85     1.00000000000000E-99   1.00000000000000E-99
124   85     1.00000000000000E-99   1.00000000000000E-99
125   85     1.00000000000000E-99   1.00000000000000E-99
126   85     1.00000000000000E-99   1.00000000000000E-99
127   85     1.00000000000000E-99   1.00000000000000E-99
128   85     1.00000000000000E-99   1.00000000000000E-99
129   85     1.00000000000000E-99   1.00000000000000E-99
130   85     1.00000000000000E-99   1.00000000000000E-99
131   85     1.00000000000000E-99   1.00000000000000E-99
132   85     1.00000000000000E-99   1.00000000000000E-99
133   85     1.00000000000000E-99   1.00000000000000E-99
134   85     1.00000000000000E-99   1.00000000000000E-99
135   85     1.00000000000000E-99   1.00000000000000E-99
136   85     1.00000000000000E-99   1.00000000000000E-99
137   85     1.00000000000000E-99   1.00000000000000E-99
138   85     1.00000000000000E-99   1.00000000000000E-99
139   85     1.00000000000000E-99   1.00000000000000E-99
140   85     1.00000000000000E-99   1.00000000000000E-99
141   85     1.00000000000000E-99   1.00000000000000E-99
142   85     1.00000000000000E-99   1.00000000000000E-99
143   85     1.00000000000000E-99   1.00000000000000E-99
144   85     1.00000000000000E-99   1.00000000000000E-99
145   85     1.00000000000000E-99   1.00000000000000E-99
146   85     1.00000000000000E-99   1.00000000000000E-99
147   85     1.00000000000000E-99   1.00000000000000E-99
148   85     1.00000000000000E-99   1.00000000000000E-99
149   85     1.00000000000000E-99   1.00000000000000E-99
150   85     1.00000000000000E-99   1.00000000000000E-99
151   85     1.00000000000000E-99   1.00000000000000E-99
152   85     1.00000000000000E-99   1.00000000000000E-99
153   85     1.00000000000000E-99   1.00000000000000E-99
154   85     1.00000000000000E-99   1.00000000000000E-99
155   85     1.00000000000000E-99   1.00000000000000E-99
156   85     1.00000000000000E-99   1.00000000000000E-99
157   85     1.00000000000000E-99   1.00000000000000E-99
158   85     1.00000000000000E-99   1.00000000000000E-99
159   85     1.00000000000000E-99   1.00000000000000E-99
160   85     1.00000000000000E-99   1.00000000000000E-99
161   85     1.00000000000000E-99   1.00000000000000E-99
162   85     1.00000000000000E-99   1.00000000000000E-99
163   85     1.00000000000000E-99   1.00000000000000E-99
164   85     1.00000000000000E-99   1.00000000000000E-99
165   85     1.00000000000000E-99   1.00000000000000E-99
166   85     1.00000000000000E-99   1.00000000000000E-99
167   85     1.00000000000000E-99   1.00000000000000E-99
168   85     1.00000000000000E-99   1.00000000000000E-99
169   85     1.00000000000000E-99   1.00000000000000E-99
170   85     1.00000000000000E-99   1.00000000000000E-99
171   85     1.00000000000000E-99   1.00000000000000E-99
172   85     2.21661361239384E-20   5.69669698385218E-18
173   85     3.33937270556744E-22   8.61558158036400E-20
174   85     2.67865867168068E-21   6.93772595965296E-19
175   85     2.55902837822868E-20   6.65347378339456E-18
176   85     2.03459002331057E-16   5.31027996084060E-14
177   85     1.15718848266565E-15   3.03183382458400E-13
178   85     4.04436409765106E-14   1.06366775768223E-11
179   85     3.16972487761412E-14   8.36807367690127E-12
180   85     1.00837819392074E-09   2.67220221388996E-07
181   85     5.77236535786514E-11   1.53544918519213E-08
182   85     4.48981145026479E-08   1.19877965722070E-05
183   85     3.69733051785133E-11   9.90884578784157E-09
184   85     2.19124484818473E-11   5.89444864161693E-09
185   85     1.00000000000000E-99   1.00000000000000E-99
186   85     1.00000000000000E-99   1.00000000000000E-99
187   85     1.00000000000000E-99   1.00000000000000E-99
188   85     1.00000000000000E-99   1.00000000000000E-99
189   85     1.00000000000000E-99   1.00000000000000E-99
190   85     1.00000000000000E-99   1.00000000000000E-99
191   85     1.00000000000000E-99   1.00000000000000E-99
192   85     1.00000000000000E-99   1.00000000000000E-99
193   85     1.00000000000000E-99   1.00000000000000E-99
194   85     1.00000000000000E-99   1.00000000000000E-99
124   86     1.00000000000000E-99   1.00000000000000E-99
125   86     1.00000000000000E-99   1.00000000000000E-99
126   86     1.00000000000000E-99   1.00000000000000E-99
127   86     1.00000000000000E-99   1.00000000000000E-99
128   86     1.00000000000000E-99   1.00000000000000E-99
129   86     1.00000000000000E-99   1.00000000000000E-99
130   86     1.00000000000000E-99   1.00000000000000E-99
131   86     1.00000000000000E-99   1.00000000000000E-99
132   86     1.00000000000000E-99   1.00000000000000E-99
133   86     1.00000000000000E-99   1.00000000000000E-99
134   86     1.00000000000000E-99   1.00000000000000E-99
135   86     1.00000000000000E-99   1.00000000000000E-99
136   86     1.00000000000000E-99   1.00000000000000E-99
137   86     1.00000000000000E-99   1.00000000000000E-99
138   86     1.00000000000000E-99   1.00000000000000E-99
139   86     1.00000000000000E-99   1.00000000000000E-99
140   86     1.00000000000000E-99   1.00000000000000E-99
141   86     1.00000000000000E-99   1.00000000000000E-99
142   86     1.00000000000000E-99   1.00000000000000E-99
143   86     1.00000000000000E-99   1.00000000000000E-99
144   86     1.00000000000000E-99   1.00000000000000E-99
145   86     1.00000000000000E-99   1.00000000000000E-99
146   86     1.00000000000000E-99   1.00000000000000E-99
147   86     1.00000000000000E-99   1.00000000000000E-99
148   86     1.00000000000000E-99   1.00000000000000E-99
149   86     1.00000000000000E-99   1.00000000000000E-99
150   86     1.00000000000000E-99   1.00000000000000E-99
151   86     1.00000000000000E-99   1.00000000000000E-99
152   86     1.00000000000000E-99   1.00000000000000E-99
153   86     1.00000000000000E-99   1.00000000000000E-99
154   86     1.00000000000000E-99   1.00000000000000E-99
155   86     1.00000000000000E-99   1.00000000000000E-99
156   86     1.00000000000000E-99   1.00000000000000E-99
157   86     1.00000000000000E-99   1.00000000000000E-99
158   86     1.00000000000000E-99   1.00000000000000E-99
159   86     1.00000000000000E-99   1.00000000000000E-99
160   86     1.00000000000000E-99   1.00000000000000E-99
161   86     1.00000000000000E-99   1.00000000000000E-99
162   86     1.00000000000000E-99   1.00000000000000E-99
163   86     1.00000000000000E-99   1.00000000000000E-99
164   86     1.00000000000000E-99   1.00000000000000E-99
165   86     1.00000000000000E-99   1.00000000000000E-99
166   86     1.00000000000000E-99   1.00000000000000E-99
167   86     1.00000000000000E-99   1.00000000000000E-99
168   86     1.00000000000000E-99   1.00000000000000E-99
169   86     1.00000000000000E-99   1.00000000000000E-99
170   86     1.00000000000000E-99   1.00000000000000E-99
171   86     1.00000000000000E-99   1.00000000000000E-99
172   86     1.51088751412865E-22   3.89808978645192E-20
173   86     2.39255144218914E-24   6.19670823526987E-22
174   86     1.08397339951252E-22   2.81833083873254E-20
175   86     7.86598322989095E-22   2.05302162300154E-19
176   86     6.55545050514790E-18   1.71752803234875E-15
177   86     1.10367454967332E-16   2.90266406564084E-14
178   86     2.93654021535409E-15   7.75246616853481E-13
179   86     9.30540267363407E-15   2.46593170851303E-12
180   86     4.18572289384443E-11   1.11340228976262E-08
181   86     4.17507296416647E-12   1.11474448143245E-09
182   86     2.37067772796734E-08   6.35341631095248E-06
183   86     1.07619376333105E-10   2.89496122336051E-08
126   87     1.00000000000000E-99   1.00000000000000E-99
127   87     1.00000000000000E-99   1.00000000000000E-99
128   87     1.00000000000000E-99   1.00000000000000E-99
129   87     1.00000000000000E-99   1.00000000000000E-99
130   87     1.00000000000000E-99   1.00000000000000E-99
131   87     1.00000000000000E-99   1.00000000000000E-99
132   87     1.00000000000000E-99   1.00000000000000E-99
133   87     1.00000000000000E-99   1.00000000000000E-99
134   87     1.00000000000000E-99   1.00000000000000E-99
135   87     1.00000000000000E-99   1.00000000000000E-99
136   87     1.00000000000000E-99   1.00000000000000E-99
137   87     1.00000000000000E-99   1.00000000000000E-99
138   87     1.00000000000000E-99   1.00000000000000E-99
139   87     1.00000000000000E-99   1.00000000000000E-99
140   87     1.00000000000000E-99   1.00000000000000E-99
141   87     1.00000000000000E-99   1.00000000000000E-99
142   87     1.00000000000000E-99   1.00000000000000E-99
143   87     1.00000000000000E-99   1.00000000000000E-99
144   87     1.00000000000000E-99   1.00000000000000E-99
145   87     1.00000000000000E-99   1.00000000000000E-99
146   87     1.00000000000000E-99   1.00000000000000E-99
147   87     1.00000000000000E-99   1.00000000000000E-99
148   87     1.00000000000000E-99   1.00000000000000E-99
149   87     1.00000000000000E-99   1.00000000000000E-99
150   87     1.00000000000000E-99   1.00000000000000E-99
151   87     1.00000000000000E-99   1.00000000000000E-99
152   87     1.00000000000000E-99   1.00000000000000E-99
153   87     1.00000000000000E-99   1.00000000000000E-99
154   87     1.00000000000000E-99   1.00000000000000E-99
155   87     1.00000000000000E-99   1.00000000000000E-99
156   87     1.00000000000000E-99   1.00000000000000E-99
157   87     1.00000000000000E-99   1.00000000000000E-99
158   87     1.00000000000000E-99   1.00000000000000E-99
159   87     1.00000000000000E-99   1.00000000000000E-99
160   87     1.00000000000000E-99   1.00000000000000E-99
161   87     1.00000000000000E-99   1.00000000000000E-99
162   87     1.00000000000000E-99   1.00000000000000E-99
163   87     1.00000000000000E-99   1.00000000000000E-99
164   87     1.00000000000000E-99   1.00000000000000E-99
165   87     1.00000000000000E-99   1.00000000000000E-99
166   87     1.00000000000000E-99   1.00000000000000E-99
167   87     1.00000000000000E-99   1.00000000000000E-99
168   87     1.00000000000000E-99   1.00000000000000E-99
169   87     1.00000000000000E-99   1.00000000000000E-99
170   87     1.00000000000000E-99   1.00000000000000E-99
171   87     1.00000000000000E-99   1.00000000000000E-99
172   87     1.00000000000000E-99   1.00000000000000E-99
173   87     1.00000000000000E-99   1.00000000000000E-99
174   87     2.63680902328352E-25   6.88207155077000E-23
175   87     9.78174238028107E-25   2.56281650363364E-22
176   87     1.07327144785783E-21   2.82270390786610E-19
177   87     2.65603682144602E-19   7.01193720861748E-17
178   87     6.05866259721843E-18   1.60554558826288E-15
179   87     3.12574794699588E-16   8.31448953900903E-14
180   87     2.19118064105410E-13   5.85045231161445E-11
181   87     1.18475754417945E-12   3.17515021840092E-10
182   87     9.46499827243640E-09   2.54608453528539E-06
183   87     1.08254087860754E-09   2.92286037224036E-07
191   87     1.00000000000000E-99   1.00000000000000E-99
193   87     1.00000000000000E-99   1.00000000000000E-99
129   88     1.00000000000000E-99   1.00000000000000E-99
130   88     1.00000000000000E-99   1.00000000000000E-99
131   88     1.00000000000000E-99   1.00000000000000E-99
132   88     1.00000000000000E-99   1.00000000000000E-99
133   88     1.00000000000000E-99   1.00000000000000E-99
134   88     1.00000000000000E-99   1.00000000000000E-99
135   88     1.00000000000000E-99   1.00000000000000E-99
136   88     1.00000000000000E-99   1.00000000000000E-99
137   88     1.00000000000000E-99   1.00000000000000E-99
138   88     1.00000000000000E-99   1.00000000000000E-99
139   88     1.00000000000000E-99   1.00000000000000E-99
140   88     1.00000000000000E-99   1.00000000000000E-99
141   88     1.00000000000000E-99   1.00000000000000E-99
142   88     1.00000000000000E-99   1.00000000000000E-99
143   88     1.00000000000000E-99   1.00000000000000E-99
144   88     1.00000000000000E-99   1.00000000000000E-99
145   88     1.00000000000000E-99   1.00000000000000E-99
146   88     1.00000000000000E-99   1.00000000000000E-99
147   88     1.00000000000000E-99   1.00000000000000E-99
148   88     1.00000000000000E-99   1.00000000000000E-99
149   88     1.00000000000000E-99   1.00000000000000E-99
150   88     1.00000000000000E-99   1.00000000000000E-99
151   88     1.00000000000000E-99   1.00000000000000E-99
152   88     1.00000000000000E-99   1.00000000000000E-99
153   88     1.00000000000000E-99   1.00000000000000E-99
154   88     1.00000000000000E-99   1.00000000000000E-99
155   88     1.00000000000000E-99   1.00000000000000E-99
156   88     1.00000000000000E-99   1.00000000000000E-99
157   88     1.00000000000000E-99   1.00000000000000E-99
158   88     1.00000000000000E-99   1.00000000000000E-99
159   88     1.00000000000000E-99   1.00000000000000E-99
160   88     1.00000000000000E-99   1.00000000000000E-99
161   88     1.00000000000000E-99   1.00000000000000E-99
162   88     1.00000000000000E-99   1.00000000000000E-99
163   88     1.00000000000000E-99   1.00000000000000E-99
164   88     1.00000000000000E-99   1.00000000000000E-99
165   88     1.00000000000000E-99   1.00000000000000E-99
166   88     1.00000000000000E-99   1.00000000000000E-99
167   88     1.00000000000000E-99   1.00000000000000E-99
168   88     1.00000000000000E-99   1.00000000000000E-99
169   88     1.00000000000000E-99   1.00000000000000E-99
170   88     1.00000000000000E-99   1.00000000000000E-99
171   88     1.00000000000000E-99   1.00000000000000E-99
172   88     1.00000000000000E-99   1.00000000000000E-99
173   88     1.00000000000000E-99   1.00000000000000E-99
174   88     1.00000000000000E-99   1.00000000000000E-99
175   88     1.00000000000000E-99   1.00000000000000E-99
176   88     5.59159644488331E-23   1.47618146144919E-20
177   88     5.47724634525456E-21   1.45147028149246E-18
178   88     1.89968236386972E-17   5.05315508789346E-15
179   88     4.36162910577313E-16   1.16455497124142E-13
180   88     5.80554099578498E-15   1.55588498687038E-12
181   88     1.53481803261882E-14   4.12866050774462E-12
182   88     3.13303260731902E-09   8.45918803976134E-07
183   88     5.56800843043540E-10   1.50893028464799E-07
130   89     1.00000000000000E-99   1.00000000000000E-99
131   89     1.00000000000000E-99   1.00000000000000E-99
132   89     1.00000000000000E-99   1.00000000000000E-99
133   89     1.00000000000000E-99   1.00000000000000E-99
134   89     1.00000000000000E-99   1.00000000000000E-99
135   89     1.00000000000000E-99   1.00000000000000E-99
136   89     1.00000000000000E-99   1.00000000000000E-99
137   89     1.00000000000000E-99   1.00000000000000E-99
138   89     1.00000000000000E-99   1.00000000000000E-99
139   89     1.00000000000000E-99   1.00000000000000E-99
140   89     1.00000000000000E-99   1.00000000000000E-99
141   89     1.00000000000000E-99   1.00000000000000E-99
142   89     1.00000000000000E-99   1.00000000000000E-99
143   89     1.00000000000000E-99   1.00000000000000E-99
144   89     1.00000000000000E-99   1.00000000000000E-99
145   89     1.00000000000000E-99   1.00000000000000E-99
146   89     1.00000000000000E-99   1.00000000000000E-99
147   89     1.00000000000000E-99   1.00000000000000E-99
148   89     1.00000000000000E-99   1.00000000000000E-99
149   89     1.00000000000000E-99   1.00000000000000E-99
150   89     1.00000000000000E-99   1.00000000000000E-99
151   89     1.00000000000000E-99   1.00000000000000E-99
152   89     1.00000000000000E-99   1.00000000000000E-99
153   89     1.00000000000000E-99   1.00000000000000E-99
154   89     1.00000000000000E-99   1.00000000000000E-99
155   89     1.00000000000000E-99   1.00000000000000E-99
156   89     1.00000000000000E-99   1.00000000000000E-99
157   89     1.00000000000000E-99   1.00000000000000E-99
158   89     1.00000000000000E-99   1.00000000000000E-99
159   89     1.00000000000000E-99   1.00000000000000E-99
160   89     1.00000000000000E-99   1.00000000000000E-99
161   89     1.00000000000000E-99   1.00000000000000E-99
162   89     1.00000000000000E-99   1.00000000000000E-99
163   89     1.00000000000000E-99   1.00000000000000E-99
164   89     1.00000000000000E-99   1.00000000000000E-99
165   89     1.00000000000000E-99   1.00000000000000E-99
166   89     1.00000000000000E-99   1.00000000000000E-99
167   89     1.00000000000000E-99   1.00000000000000E-99
168   89     1.00000000000000E-99   1.00000000000000E-99
169   89     1.00000000000000E-99   1.00000000000000E-99
170   89     1.00000000000000E-99   1.00000000000000E-99
171   89     1.00000000000000E-99   1.00000000000000E-99
172   89     1.00000000000000E-99   1.00000000000000E-99
173   89     1.00000000000000E-99   1.00000000000000E-99
174   89     1.00000000000000E-99   1.00000000000000E-99
175   89     1.00000000000000E-99   1.00000000000000E-99
176   89     1.16894801520135E-24   3.09771224028357E-22
177   89     5.37617352965708E-24   1.43006215888878E-21
178   89     2.05920645715559E-20   5.49808124060544E-18
179   89     6.91426318647908E-18   1.85302253397639E-15
180   89     8.77679153975010E-17   2.36095692419278E-14
181   89     7.80177492117325E-16   2.10647922871678E-13
182   89     1.87417211134132E-10   5.07900642173499E-08
183   89     8.41590932192233E-10   2.28912733556287E-07
185   89     1.00000000000000E-99   1.00000000000000E-99
187   89     1.00000000000000E-99   1.00000000000000E-99
188   89     1.00000000000000E-99   1.00000000000000E-99
189   89     1.00000000000000E-99   1.00000000000000E-99
190   89     1.00000000000000E-99   1.00000000000000E-99
191   89     1.00000000000000E-99   1.00000000000000E-99
192   89     1.00000000000000E-99   1.00000000000000E-99
193   89     1.00000000000000E-99   1.00000000000000E-99
195   89     1.00000000000000E-99   1.00000000000000E-99
197   89     1.00000000000000E-99   1.00000000000000E-99
198   89     1.00000000000000E-99   1.00000000000000E-99
199   89     1.00000000000000E-99   1.00000000000000E-99
132   90     1.00000000000000E-99   1.00000000000000E-99
133   90     1.00000000000000E-99   1.00000000000000E-99
134   90     1.00000000000000E-99   1.00000000000000E-99
135   90     1.00000000000000E-99   1.00000000000000E-99
136   90     1.00000000000000E-99   1.00000000000000E-99
137   90     1.00000000000000E-99   1.00000000000000E-99
138   90     1.00000000000000E-99   1.00000000000000E-99
139   90     1.00000000000000E-99   1.00000000000000E-99
140   90     1.00000000000000E-99   1.00000000000000E-99
141   90     1.00000000000000E-99   1.00000000000000E-99
142   90     1.00000000000000E-99   1.00000000000000E-99
143   90     1.00000000000000E-99   1.00000000000000E-99
144   90     1.00000000000000E-99   1.00000000000000E-99
145   90     1.00000000000000E-99   1.00000000000000E-99
146   90     1.00000000000000E-99   1.00000000000000E-99
147   90     1.00000000000000E-99   1.00000000000000E-99
148   90     1.00000000000000E-99   1.00000000000000E-99
149   90     1.00000000000000E-99   1.00000000000000E-99
150   90     1.00000000000000E-99   1.00000000000000E-99
151   90     1.00000000000000E-99   1.00000000000000E-99
152   90     1.00000000000000E-99   1.00000000000000E-99
153   90     1.00000000000000E-99   1.00000000000000E-99
154   90     1.00000000000000E-99   1.00000000000000E-99
155   90     1.00000000000000E-99   1.00000000000000E-99
156   90     1.00000000000000E-99   1.00000000000000E-99
157   90     1.00000000000000E-99   1.00000000000000E-99
158   90     1.00000000000000E-99   1.00000000000000E-99
159   90     1.00000000000000E-99   1.00000000000000E-99
160   90     1.00000000000000E-99   1.00000000000000E-99
161   90     1.00000000000000E-99   1.00000000000000E-99
162   90     1.00000000000000E-99   1.00000000000000E-99
163   90     1.00000000000000E-99   1.00000000000000E-99
164   90     1.00000000000000E-99   1.00000000000000E-99
165   90     1.00000000000000E-99   1.00000000000000E-99
166   90     1.00000000000000E-99   1.00000000000000E-99
167   90     1.00000000000000E-99   1.00000000000000E-99
168   90     1.00000000000000E-99   1.00000000000000E-99
169   90     1.00000000000000E-99   1.00000000000000E-99
170   90     1.00000000000000E-99   1.00000000000000E-99
171   90     1.00000000000000E-99   1.00000000000000E-99
172   90     1.00000000000000E-99   1.00000000000000E-99
173   90     1.00000000000000E-99   1.00000000000000E-99
174   90     1.00000000000000E-99   1.00000000000000E-99
175   90     1.00000000000000E-99   1.00000000000000E-99
176   90     1.00000000000000E-99   1.00000000000000E-99
177   90     3.30800940238904E-25   8.83238510437874E-23
178   90     8.56205737950607E-21   2.29463137770763E-18
179   90     1.32718989201366E-18   3.57014080951674E-16
180   90     5.30493559002952E-17   1.43233260930797E-14
181   90     3.45120918723702E-17   9.35277689741232E-15
182   90     4.30488784614313E-11   1.17092949415093E-08
183   90     2.10329000979871E-10   5.74198172675048E-08
189   90     1.00000000000000E-99   1.00000000000000E-99
190   90     1.00000000000000E-99   1.00000000000000E-99
191   90     1.00000000000000E-99   1.00000000000000E-99
192   90     1.00000000000000E-99   1.00000000000000E-99
193   90     1.00000000000000E-99   1.00000000000000E-99
195   90     1.00000000000000E-99   1.00000000000000E-99
197   90     1.00000000000000E-99   1.00000000000000E-99
202   90     1.00000000000000E-99   1.00000000000000E-99
203   90     1.00000000000000E-99   1.00000000000000E-99
134   91     1.00000000000000E-99   1.00000000000000E-99
135   91     1.00000000000000E-99   1.00000000000000E-99
136   91     1.00000000000000E-99   1.00000000000000E-99
137   91     1.00000000000000E-99   1.00000000000000E-99
138   91     1.00000000000000E-99   1.00000000000000E-99
139   91     1.00000000000000E-99   1.00000000000000E-99
140   91     1.00000000000000E-99   1.00000000000000E-99
141   91     1.00000000000000E-99   1.00000000000000E-99
142   91     1.00000000000000E-99   1.00000000000000E-99
143   91     1.00000000000000E-99   1.00000000000000E-99
144   91     1.00000000000000E-99   1.00000000000000E-99
145   91     1.00000000000000E-99   1.00000000000000E-99
146   91     1.00000000000000E-99   1.00000000000000E-99
147   91     1.00000000000000E-99   1.00000000000000E-99
148   91     1.00000000000000E-99   1.00000000000000E-99
149   91     1.00000000000000E-99   1.00000000000000E-99
150   91     1.00000000000000E-99   1.00000000000000E-99
151   91     1.00000000000000E-99   1.00000000000000E-99
152   91     1.00000000000000E-99   1.00000000000000E-99
153   91     1.00000000000000E-99   1.00000000000000E-99
154   91     1.00000000000000E-99   1.00000000000000E-99
155   91     1.00000000000000E-99   1.00000000000000E-99
156   91     1.00000000000000E-99   1.00000000000000E-99
157   91     1.00000000000000E-99   1.00000000000000E-99
158   91     1.00000000000000E-99   1.00000000000000E-99
159   91     1.00000000000000E-99   1.00000000000000E-99
160   91     1.00000000000000E-99   1.00000000000000E-99
161   91     1.00000000000000E-99   1.00000000000000E-99
162   91     1.00000000000000E-99   1.00000000000000E-99
163   91     1.00000000000000E-99   1.00000000000000E-99
164   91     1.00000000000000E-99   1.00000000000000E-99
165   91     1.00000000000000E-99   1.00000000000000E-99
166   91     1.00000000000000E-99   1.00000000000000E-99
167   91     1.00000000000000E-99   1.00000000000000E-99
168   91     1.00000000000000E-99   1.00000000000000E-99
169   91     1.00000000000000E-99   1.00000000000000E-99
170   91     1.00000000000000E-99   1.00000000000000E-99
171   91     1.00000000000000E-99   1.00000000000000E-99
172   91     1.00000000000000E-99   1.00000000000000E-99
173   91     1.00000000000000E-99   1.00000000000000E-99
174   91     1.00000000000000E-99   1.00000000000000E-99
175   91     1.00000000000000E-99   1.00000000000000E-99
176   91     1.00000000000000E-99   1.00000000000000E-99
177   91     1.00000000000000E-99   1.00000000000000E-99
178   91     1.37905281742482E-24   3.70965207887277E-22
179   91     8.50496812065392E-21   2.29634139257656E-18
180   91     6.38835354581462E-19   1.73124381091576E-16
181   91     3.17046364554584E-19   8.62366111588468E-17
182   91     2.67567732675649E-17   7.30459910204520E-15
183   91     2.40979714388014E-15   6.60284417423158E-13
184   91     4.73355715990665E-11   1.30172821897433E-08
185   91     1.00000000000000E-99   1.00000000000000E-99
187   91     1.00000000000000E-99   1.00000000000000E-99
188   91     1.00000000000000E-99   1.00000000000000E-99
189   91     1.00000000000000E-99   1.00000000000000E-99
190   91     1.00000000000000E-99   1.00000000000000E-99
191   91     1.00000000000000E-99   1.00000000000000E-99
192   91     1.00000000000000E-99   1.00000000000000E-99
193   91     1.00000000000000E-99   1.00000000000000E-99
194   91     1.00000000000000E-99   1.00000000000000E-99
195   91     1.00000000000000E-99   1.00000000000000E-99
196   91     1.00000000000000E-99   1.00000000000000E-99
197   91     1.00000000000000E-99   1.00000000000000E-99
201   91     1.00000000000000E-99   1.00000000000000E-99
203   91     1.00000000000000E-99   1.00000000000000E-99
205   91     1.00000000000000E-99   1.00000000000000E-99
135   92     1.00000000000000E-99   1.00000000000000E-99
136   92     1.00000000000000E-99   1.00000000000000E-99
137   92     1.00000000000000E-99   1.00000000000000E-99
138   92     1.00000000000000E-99   1.00000000000000E-99
139   92     1.00000000000000E-99   1.00000000000000E-99
140   92     1.00000000000000E-99   1.00000000000000E-99
141   92     1.00000000000000E-99   1.00000000000000E-99
142   92     1.00000000000000E-99   1.00000000000000E-99
143   92     1.00000000000000E-99   1.00000000000000E-99
144   92     1.00000000000000E-99   1.00000000000000E-99
145   92     1.00000000000000E-99   1.00000000000000E-99
146   92     1.00000000000000E-99   1.00000000000000E-99
147   92     1.00000000000000E-99   1.00000000000000E-99
148   92     1.00000000000000E-99   1.00000000000000E-99
149   92     1.00000000000000E-99   1.00000000000000E-99
150   92     1.00000000000000E-99   1.00000000000000E-99
151   92     1.00000000000000E-99   1.00000000000000E-99
152   92     1.00000000000000E-99   1.00000000000000E-99
153   92     1.00000000000000E-99   1.00000000000000E-99
154   92     1.00000000000000E-99   1.00000000000000E-99
155   92     1.00000000000000E-99   1.00000000000000E-99
156   92     1.00000000000000E-99   1.00000000000000E-99
157   92     1.00000000000000E-99   1.00000000000000E-99
158   92     1.00000000000000E-99   1.00000000000000E-99
159   92     1.00000000000000E-99   1.00000000000000E-99
160   92     1.00000000000000E-99   1.00000000000000E-99
161   92     1.00000000000000E-99   1.00000000000000E-99
162   92     1.00000000000000E-99   1.00000000000000E-99
163   92     1.00000000000000E-99   1.00000000000000E-99
164   92     1.00000000000000E-99   1.00000000000000E-99
165   92     1.00000000000000E-99   1.00000000000000E-99
166   92     1.00000000000000E-99   1.00000000000000E-99
167   92     1.00000000000000E-99   1.00000000000000E-99
168   92     1.00000000000000E-99   1.00000000000000E-99
169   92     1.00000000000000E-99   1.00000000000000E-99
170   92     1.00000000000000E-99   1.00000000000000E-99
171   92     1.00000000000000E-99   1.00000000000000E-99
172   92     1.00000000000000E-99   1.00000000000000E-99
173   92     1.00000000000000E-99   1.00000000000000E-99
174   92     1.00000000000000E-99   1.00000000000000E-99
175   92     1.00000000000000E-99   1.00000000000000E-99
176   92     1.00000000000000E-99   1.00000000000000E-99
177   92     1.00000000000000E-99   1.00000000000000E-99
178   92     1.00000000000000E-99   1.00000000000000E-99
179   92     1.00000000000000E-99   1.00000000000000E-99
180   92     5.24809962102175E-23   1.42748309691792E-20
181   92     3.13458482142677E-19   8.55741656249507E-17
182   92     1.74781046995218E-18   4.78900068766898E-16
183   92     1.39362478674354E-17   3.83246816354475E-15
184   92     8.63496371321130E-12   2.38324998484632E-09
185   92     1.00000000000000E-99   1.00000000000000E-99
186   92     1.00000000000000E-99   1.00000000000000E-99
187   92     1.00000000000000E-99   1.00000000000000E-99
188   92     1.00000000000000E-99   1.00000000000000E-99
189   92     1.00000000000000E-99   1.00000000000000E-99
190   92     1.00000000000000E-99   1.00000000000000E-99
191   92     1.00000000000000E-99   1.00000000000000E-99
192   92     1.00000000000000E-99   1.00000000000000E-99
193   92     1.00000000000000E-99   1.00000000000000E-99
194   92     1.00000000000000E-99   1.00000000000000E-99
195   92     1.00000000000000E-99   1.00000000000000E-99
196   92     1.00000000000000E-99   1.00000000000000E-99
197   92     1.00000000000000E-99   1.00000000000000E-99
199   92     1.00000000000000E-99   1.00000000000000E-99
201   92     1.00000000000000E-99   1.00000000000000E-99
203   92     1.00000000000000E-99   1.00000000000000E-99
137   93     1.00000000000000E-99   1.00000000000000E-99
138   93     1.00000000000000E-99   1.00000000000000E-99
139   93     1.00000000000000E-99   1.00000000000000E-99
140   93     1.00000000000000E-99   1.00000000000000E-99
141   93     1.00000000000000E-99   1.00000000000000E-99
142   93     1.00000000000000E-99   1.00000000000000E-99
143   93     1.00000000000000E-99   1.00000000000000E-99
144   93     1.00000000000000E-99   1.00000000000000E-99
145   93     1.00000000000000E-99   1.00000000000000E-99
146   93     1.00000000000000E-99   1.00000000000000E-99
147   93     1.00000000000000E-99   1.00000000000000E-99
148   93     1.00000000000000E-99   1.00000000000000E-99
149   93     1.00000000000000E-99   1.00000000000000E-99
150   93     1.00000000000000E-99   1.00000000000000E-99
151   93     1.00000000000000E-99   1.00000000000000E-99
152   93     1.00000000000000E-99   1.00000000000000E-99
153   93     1.00000000000000E-99   1.00000000000000E-99
154   93     1.00000000000000E-99   1.00000000000000E-99
155   93     1.00000000000000E-99   1.00000000000000E-99
156   93     1.00000000000000E-99   1.00000000000000E-99
157   93     1.00000000000000E-99   1.00000000000000E-99
158   93     1.00000000000000E-99   1.00000000000000E-99
159   93     1.00000000000000E-99   1.00000000000000E-99
160   93     1.00000000000000E-99   1.00000000000000E-99
161   93     1.00000000000000E-99   1.00000000000000E-99
162   93     1.00000000000000E-99   1.00000000000000E-99
163   93     1.00000000000000E-99   1.00000000000000E-99
164   93     1.00000000000000E-99   1.00000000000000E-99
165   93     1.00000000000000E-99   1.00000000000000E-99
166   93     1.00000000000000E-99   1.00000000000000E-99
167   93     1.00000000000000E-99   1.00000000000000E-99
168   93     1.00000000000000E-99   1.00000000000000E-99
169   93     1.00000000000000E-99   1.00000000000000E-99
170   93     1.00000000000000E-99   1.00000000000000E-99
171   93     1.00000000000000E-99   1.00000000000000E-99
172   93     1.00000000000000E-99   1.00000000000000E-99
173   93     1.00000000000000E-99   1.00000000000000E-99
174   93     1.00000000000000E-99   1.00000000000000E-99
175   93     1.00000000000000E-99   1.00000000000000E-99
176   93     1.00000000000000E-99   1.00000000000000E-99
177   93     1.00000000000000E-99   1.00000000000000E-99
178   93     1.00000000000000E-99   1.00000000000000E-99
179   93     1.00000000000000E-99   1.00000000000000E-99
180   93     1.00000000000000E-99   1.00000000000000E-99
181   93     7.44191991447918E-22   2.03908605656729E-19
182   93     1.30754218778739E-20   3.59574101641532E-18
183   93     1.66515546056150E-20   4.59582907114973E-18
184   93     2.23896148213861E-17   6.20192330552395E-15
185   93     3.13810329932009E-20   8.72392717210984E-18
186   93     1.00980405294829E-19   2.81735330772572E-17
187   93     5.07269643881472E-21   1.42035500286812E-18
188   93     1.09863504816498E-19   3.08716448534360E-17
189   93     2.68249613506224E-20   7.56463910087552E-18
190   93     4.46965703839687E-19   1.26491294186631E-16
191   93     6.09592795578649E-20   1.73124353944336E-17
192   93     1.21797759537380E-16   3.47123614681533E-14
193   93     2.59978548792923E-17   7.43538649547760E-15
194   93     2.47100876429603E-14   7.09179515352961E-12
195   93     3.40202744672092E-16   9.79783904655626E-14
197   93     1.00000000000000E-99   1.00000000000000E-99
199   93     1.00000000000000E-99   1.00000000000000E-99
200   93     1.00000000000000E-99   1.00000000000000E-99
201   93     1.00000000000000E-99   1.00000000000000E-99
202   93     1.00000000000000E-99   1.00000000000000E-99
203   93     1.00000000000000E-99   1.00000000000000E-99
205   93     1.00000000000000E-99   1.00000000000000E-99
206   93     1.00000000000000E-99   1.00000000000000E-99
207   93     1.00000000000000E-99   1.00000000000000E-99
209   93     1.00000000000000E-99   1.00000000000000E-99
139   94     1.00000000000000E-99   1.00000000000000E-99
140   94     1.00000000000000E-99   1.00000000000000E-99
141   94     1.00000000000000E-99   1.00000000000000E-99
142   94     1.00000000000000E-99   1.00000000000000E-99
143   94     1.00000000000000E-99   1.00000000000000E-99
144   94     1.00000000000000E-99   1.00000000000000E-99
145   94     1.00000000000000E-99   1.00000000000000E-99
146   94     1.00000000000000E-99   1.00000000000000E-99
147   94     1.00000000000000E-99   1.00000000000000E-99
148   94     1.00000000000000E-99   1.00000000000000E-99
149   94     1.00000000000000E-99   1.00000000000000E-99
150   94     1.00000000000000E-99   1.00000000000000E-99
151   94     1.00000000000000E-99   1.00000000000000E-99
152   94     1.00000000000000E-99   1.00000000000000E-99
153   94     1.00000000000000E-99   1.00000000000000E-99
154   94     1.00000000000000E-99   1.00000000000000E-99
155   94     1.00000000000000E-99   1.00000000000000E-99
156   94     1.00000000000000E-99   1.00000000000000E-99
157   94     1.00000000000000E-99   1.00000000000000E-99
158   94     1.00000000000000E-99   1.00000000000000E-99
159   94     1.00000000000000E-99   1.00000000000000E-99
160   94     1.00000000000000E-99   1.00000000000000E-99
161   94     1.00000000000000E-99   1.00000000000000E-99
162   94     1.00000000000000E-99   1.00000000000000E-99
163   94     1.00000000000000E-99   1.00000000000000E-99
164   94     1.00000000000000E-99   1.00000000000000E-99
165   94     1.00000000000000E-99   1.00000000000000E-99
166   94     1.00000000000000E-99   1.00000000000000E-99
167   94     1.00000000000000E-99   1.00000000000000E-99
168   94     1.00000000000000E-99   1.00000000000000E-99
169   94     1.00000000000000E-99   1.00000000000000E-99
170   94     1.00000000000000E-99   1.00000000000000E-99
171   94     1.00000000000000E-99   1.00000000000000E-99
172   94     1.00000000000000E-99   1.00000000000000E-99
173   94     1.00000000000000E-99   1.00000000000000E-99
174   94     1.00000000000000E-99   1.00000000000000E-99
175   94     1.00000000000000E-99   1.00000000000000E-99
176   94     1.00000000000000E-99   1.00000000000000E-99
177   94     1.00000000000000E-99   1.00000000000000E-99
178   94     1.00000000000000E-99   1.00000000000000E-99
179   94     1.00000000000000E-99   1.00000000000000E-99
180   94     1.00000000000000E-99   1.00000000000000E-99
181   94     1.00000000000000E-99   1.00000000000000E-99
182   94     1.42158370575783E-25   3.92357102789160E-23
183   94     2.11116250918011E-25   5.84792015042891E-23
184   94     4.27351932307359E-23   1.18803837181446E-20
185   94     1.00000000000000E-99   1.00000000000000E-99
186   94     1.00000000000000E-99   1.00000000000000E-99
187   94     1.00000000000000E-99   1.00000000000000E-99
188   94     1.00000000000000E-99   1.00000000000000E-99
189   94     1.00000000000000E-99   1.00000000000000E-99
190   94     6.83925600433920E-24   1.94234870523233E-21
191   94     2.32675811745557E-23   6.63126063474838E-21
192   94     8.97978326597303E-22   2.56821801406829E-19
193   94     4.53750694792594E-24   1.30226449405475E-21
194   94     1.22424141216888E-21   3.52581526704637E-19
195   94     1.00000000000000E-99   1.00000000000000E-99
196   94     2.48197264202218E-24   7.19772066186432E-22
197   94     1.00000000000000E-99   1.00000000000000E-99
198   94     1.00000000000000E-99   1.00000000000000E-99
199   94     1.00000000000000E-99   1.00000000000000E-99
200   94     1.00000000000000E-99   1.00000000000000E-99
201   94     1.00000000000000E-99   1.00000000000000E-99
203   94     1.00000000000000E-99   1.00000000000000E-99
205   94     1.00000000000000E-99   1.00000000000000E-99
207   94     1.00000000000000E-99   1.00000000000000E-99
209   94     1.00000000000000E-99   1.00000000000000E-99
141   95     1.00000000000000E-99   1.00000000000000E-99
142   95     1.00000000000000E-99   1.00000000000000E-99
143   95     1.00000000000000E-99   1.00000000000000E-99
144   95     1.00000000000000E-99   1.00000000000000E-99
145   95     1.00000000000000E-99   1.00000000000000E-99
146   95     1.00000000000000E-99   1.00000000000000E-99
147   95     1.00000000000000E-99   1.00000000000000E-99
148   95     1.00000000000000E-99   1.00000000000000E-99
149   95     1.00000000000000E-99   1.00000000000000E-99
150   95     1.00000000000000E-99   1.00000000000000E-99
151   95     1.00000000000000E-99   1.00000000000000E-99
152   95     1.00000000000000E-99   1.00000000000000E-99
153   95     1.00000000000000E-99   1.00000000000000E-99
154   95     1.00000000000000E-99   1.00000000000000E-99
155   95     1.00000000000000E-99   1.00000000000000E-99
156   95     1.00000000000000E-99   1.00000000000000E-99
157   95     1.00000000000000E-99   1.00000000000000E-99
158   95     1.00000000000000E-99   1.00000000000000E-99
159   95     1.00000000000000E-99   1.00000000000000E-99
160   95     1.00000000000000E-99   1.00000000000000E-99
161   95     1.00000000000000E-99   1.00000000000000E-99
162   95     1.00000000000000E-99   1.00000000000000E-99
163   95     1.00000000000000E-99   1.00000000000000E-99
164   95     1.00000000000000E-99   1.00000000000000E-99
165   95     1.00000000000000E-99   1.00000000000000E-99
166   95     1.00000000000000E-99   1.00000000000000E-99
167   95     1.00000000000000E-99   1.00000000000000E-99
168   95     1.00000000000000E-99   1.00000000000000E-99
169   95     1.00000000000000E-99   1.00000000000000E-99
170   95     1.00000000000000E-99   1.00000000000000E-99
171   95     1.00000000000000E-99   1.00000000000000E-99
172   95     1.00000000000000E-99   1.00000000000000E-99
173   95     1.00000000000000E-99   1.00000000000000E-99
174   95     1.00000000000000E-99   1.00000000000000E-99
175   95     1.00000000000000E-99   1.00000000000000E-99
176   95     1.00000000000000E-99   1.00000000000000E-99
177   95     1.00000000000000E-99   1.00000000000000E-99
178   95     1.00000000000000E-99   1.00000000000000E-99
179   95     1.00000000000000E-99   1.00000000000000E-99
180   95     1.00000000000000E-99   1.00000000000000E-99
181   95     1.00000000000000E-99   1.00000000000000E-99
182   95     1.00000000000000E-99   1.00000000000000E-99
183   95     1.00000000000000E-99   1.00000000000000E-99
184   95     1.00000000000000E-99   1.00000000000000E-99
185   95     1.00000000000000E-99   1.00000000000000E-99
186   95     1.00000000000000E-99   1.00000000000000E-99
187   95     1.00000000000000E-99   1.00000000000000E-99
188   95     1.00000000000000E-99   1.00000000000000E-99
189   95     1.00000000000000E-99   1.00000000000000E-99
190   95     1.00000000000000E-99   1.00000000000000E-99
191   95     1.00000000000000E-99   1.00000000000000E-99
192   95     1.00000000000000E-99   1.00000000000000E-99
193   95     1.00000000000000E-99   1.00000000000000E-99
194   95     1.00000000000000E-99   1.00000000000000E-99
195   95     1.00000000000000E-99   1.00000000000000E-99
196   95     1.00000000000000E-99   1.00000000000000E-99
197   95     1.00000000000000E-99   1.00000000000000E-99
198   95     1.00000000000000E-99   1.00000000000000E-99
199   95     1.00000000000000E-99   1.00000000000000E-99
200   95     1.00000000000000E-99   1.00000000000000E-99
201   95     1.00000000000000E-99   1.00000000000000E-99
202   95     1.00000000000000E-99   1.00000000000000E-99
203   95     1.00000000000000E-99   1.00000000000000E-99
204   95     1.00000000000000E-99   1.00000000000000E-99
205   95     1.00000000000000E-99   1.00000000000000E-99
206   95     1.00000000000000E-99   1.00000000000000E-99
207   95     1.00000000000000E-99   1.00000000000000E-99
208   95     1.00000000000000E-99   1.00000000000000E-99
209   95     1.00000000000000E-99   1.00000000000000E-99
211   95     1.00000000000000E-99   1.00000000000000E-99
213   95     1.00000000000000E-99   1.00000000000000E-99
144   96     1.00000000000000E-99   1.00000000000000E-99
145   96     1.00000000000000E-99   1.00000000000000E-99
146   96     1.00000000000000E-99   1.00000000000000E-99
147   96     1.00000000000000E-99   1.00000000000000E-99
148   96     1.00000000000000E-99   1.00000000000000E-99
149   96     1.00000000000000E-99   1.00000000000000E-99
150   96     1.00000000000000E-99   1.00000000000000E-99
151   96     1.00000000000000E-99   1.00000000000000E-99
152   96     1.00000000000000E-99   1.00000000000000E-99
153   96     1.00000000000000E-99   1.00000000000000E-99
154   96     1.00000000000000E-99   1.00000000000000E-99
155   96     1.00000000000000E-99   1.00000000000000E-99
156   96     1.00000000000000E-99   1.00000000000000E-99
157   96     1.00000000000000E-99   1.00000000000000E-99
158   96     1.00000000000000E-99   1.00000000000000E-99
159   96     1.00000000000000E-99   1.00000000000000E-99
160   96     1.00000000000000E-99   1.00000000000000E-99
161   96     1.00000000000000E-99   1.00000000000000E-99
162   96     1.00000000000000E-99   1.00000000000000E-99
163   96     1.00000000000000E-99   1.00000000000000E-99
164   96     1.00000000000000E-99   1.00000000000000E-99
165   96     1.00000000000000E-99   1.00000000000000E-99
166   96     1.00000000000000E-99   1.00000000000000E-99
167   96     1.00000000000000E-99   1.00000000000000E-99
168   96     1.00000000000000E-99   1.00000000000000E-99
169   96     1.00000000000000E-99   1.00000000000000E-99
170   96     1.00000000000000E-99   1.00000000000000E-99
171   96     1.00000000000000E-99   1.00000000000000E-99
172   96     1.00000000000000E-99   1.00000000000000E-99
173   96     1.00000000000000E-99   1.00000000000000E-99
174   96     1.00000000000000E-99   1.00000000000000E-99
175   96     1.00000000000000E-99   1.00000000000000E-99
176   96     1.00000000000000E-99   1.00000000000000E-99
177   96     1.00000000000000E-99   1.00000000000000E-99
178   96     1.00000000000000E-99   1.00000000000000E-99
179   96     1.00000000000000E-99   1.00000000000000E-99
180   96     1.00000000000000E-99   1.00000000000000E-99
181   96     1.00000000000000E-99   1.00000000000000E-99
182   96     1.00000000000000E-99   1.00000000000000E-99
183   96     1.00000000000000E-99   1.00000000000000E-99
184   96     1.00000000000000E-99   1.00000000000000E-99
185   96     1.00000000000000E-99   1.00000000000000E-99
186   96     1.00000000000000E-99   1.00000000000000E-99
187   96     1.00000000000000E-99   1.00000000000000E-99
188   96     1.00000000000000E-99   1.00000000000000E-99
189   96     1.00000000000000E-99   1.00000000000000E-99
190   96     1.00000000000000E-99   1.00000000000000E-99
191   96     1.00000000000000E-99   1.00000000000000E-99
192   96     1.00000000000000E-99   1.00000000000000E-99
193   96     1.00000000000000E-99   1.00000000000000E-99
194   96     1.00000000000000E-99   1.00000000000000E-99
195   96     1.00000000000000E-99   1.00000000000000E-99
196   96     1.00000000000000E-99   1.00000000000000E-99
197   96     1.00000000000000E-99   1.00000000000000E-99
198   96     1.00000000000000E-99   1.00000000000000E-99
199   96     1.00000000000000E-99   1.00000000000000E-99
200   96     1.00000000000000E-99   1.00000000000000E-99
201   96     1.00000000000000E-99   1.00000000000000E-99
202   96     1.00000000000000E-99   1.00000000000000E-99
203   96     1.00000000000000E-99   1.00000000000000E-99
204   96     1.00000000000000E-99   1.00000000000000E-99
205   96     1.00000000000000E-99   1.00000000000000E-99
206   96     1.00000000000000E-99   1.00000000000000E-99
207   96     1.00000000000000E-99   1.00000000000000E-99
208   96     1.00000000000000E-99   1.00000000000000E-99
209   96     1.00000000000000E-99   1.00000000000000E-99
211   96     1.00000000000000E-99   1.00000000000000E-99
213   96     1.00000000000000E-99   1.00000000000000E-99
215   96     1.00000000000000E-99   1.00000000000000E-99
145   97     1.00000000000000E-99   1.00000000000000E-99
146   97     1.00000000000000E-99   1.00000000000000E-99
147   97     1.00000000000000E-99   1.00000000000000E-99
148   97     1.00000000000000E-99   1.00000000000000E-99
149   97     1.00000000000000E-99   1.00000000000000E-99
150   97     1.00000000000000E-99   1.00000000000000E-99
151   97     1.00000000000000E-99   1.00000000000000E-99
152   97     1.00000000000000E-99   1.00000000000000E-99
153   97     1.00000000000000E-99   1.00000000000000E-99
154   97     1.00000000000000E-99   1.00000000000000E-99
155   97     1.00000000000000E-99   1.00000000000000E-99
156   97     1.00000000000000E-99   1.00000000000000E-99
157   97     1.00000000000000E-99   1.00000000000000E-99
158   97     1.00000000000000E-99   1.00000000000000E-99
159   97     1.00000000000000E-99   1.00000000000000E-99
160   97     1.00000000000000E-99   1.00000000000000E-99
161   97     1.00000000000000E-99   1.00000000000000E-99
162   97     1.00000000000000E-99   1.00000000000000E-99
163   97     1.00000000000000E-99   1.00000000000000E-99
164   97     1.00000000000000E-99   1.00000000000000E-99
165   97     1.00000000000000E-99   1.00000000000000E-99
166   97     1.00000000000000E-99   1.00000000000000E-99
167   97     1.00000000000000E-99   1.00000000000000E-99
168   97     1.00000000000000E-99   1.00000000000000E-99
169   97     1.00000000000000E-99   1.00000000000000E-99
170   97     1.00000000000000E-99   1.00000000000000E-99
171   97     1.00000000000000E-99   1.00000000000000E-99
172   97     1.00000000000000E-99   1.00000000000000E-99
173   97     1.00000000000000E-99   1.00000000000000E-99
174   97     1.00000000000000E-99   1.00000000000000E-99
175   97     1.00000000000000E-99   1.00000000000000E-99
176   97     1.00000000000000E-99   1.00000000000000E-99
177   97     1.00000000000000E-99   1.00000000000000E-99
178   97     1.00000000000000E-99   1.00000000000000E-99
179   97     1.00000000000000E-99   1.00000000000000E-99
180   97     1.00000000000000E-99   1.00000000000000E-99
181   97     1.00000000000000E-99   1.00000000000000E-99
182   97     1.00000000000000E-99   1.00000000000000E-99
183   97     1.00000000000000E-99   1.00000000000000E-99
184   97     1.00000000000000E-99   1.00000000000000E-99
185   97     1.00000000000000E-99   1.00000000000000E-99
186   97     1.00000000000000E-99   1.00000000000000E-99
187   97     1.00000000000000E-99   1.00000000000000E-99
188   97     1.00000000000000E-99   1.00000000000000E-99
189   97     1.00000000000000E-99   1.00000000000000E-99
190   97     1.00000000000000E-99   1.00000000000000E-99
191   97     1.00000000000000E-99   1.00000000000000E-99
192   97     1.00000000000000E-99   1.00000000000000E-99
193   97     1.00000000000000E-99   1.00000000000000E-99
194   97     1.00000000000000E-99   1.00000000000000E-99
195   97     1.00000000000000E-99   1.00000000000000E-99
196   97     1.00000000000000E-99   1.00000000000000E-99
197   97     1.00000000000000E-99   1.00000000000000E-99
198   97     1.00000000000000E-99   1.00000000000000E-99
199   97     1.00000000000000E-99   1.00000000000000E-99
200   97     1.00000000000000E-99   1.00000000000000E-99
201   97     1.00000000000000E-99   1.00000000000000E-99
202   97     1.00000000000000E-99   1.00000000000000E-99
203   97     1.00000000000000E-99   1.00000000000000E-99
204   97     1.00000000000000E-99   1.00000000000000E-99
205   97     1.00000000000000E-99   1.00000000000000E-99
206   97     1.00000000000000E-99   1.00000000000000E-99
207   97     1.00000000000000E-99   1.00000000000000E-99
208   97     1.00000000000000E-99   1.00000000000000E-99
209   97     1.00000000000000E-99   1.00000000000000E-99
210   97     1.00000000000000E-99   1.00000000000000E-99
211   97     1.00000000000000E-99   1.00000000000000E-99
213   97     1.00000000000000E-99   1.00000000000000E-99
215   97     1.00000000000000E-99   1.00000000000000E-99
217   97     1.00000000000000E-99   1.00000000000000E-99
147   98     1.00000000000000E-99   1.00000000000000E-99
148   98     1.00000000000000E-99   1.00000000000000E-99
149   98     1.00000000000000E-99   1.00000000000000E-99
150   98     1.00000000000000E-99   1.00000000000000E-99
151   98     1.00000000000000E-99   1.00000000000000E-99
152   98     1.00000000000000E-99   1.00000000000000E-99
153   98     1.00000000000000E-99   1.00000000000000E-99
154   98     1.00000000000000E-99   1.00000000000000E-99
155   98     1.00000000000000E-99   1.00000000000000E-99
156   98     1.00000000000000E-99   1.00000000000000E-99
157   98     1.00000000000000E-99   1.00000000000000E-99
158   98     1.00000000000000E-99   1.00000000000000E-99
159   98     1.00000000000000E-99   1.00000000000000E-99
160   98     1.00000000000000E-99   1.00000000000000E-99
161   98     1.00000000000000E-99   1.00000000000000E-99
162   98     1.00000000000000E-99   1.00000000000000E-99
163   98     1.00000000000000E-99   1.00000000000000E-99
164   98     1.00000000000000E-99   1.00000000000000E-99
165   98     1.00000000000000E-99   1.00000000000000E-99
166   98     1.00000000000000E-99   1.00000000000000E-99
167   98     1.00000000000000E-99   1.00000000000000E-99
168   98     1.00000000000000E-99   1.00000000000000E-99
169   98     1.00000000000000E-99   1.00000000000000E-99
170   98     1.00000000000000E-99   1.00000000000000E-99
171   98     1.00000000000000E-99   1.00000000000000E-99
172   98     1.00000000000000E-99   1.00000000000000E-99
173   98     1.00000000000000E-99   1.00000000000000E-99
174   98     1.00000000000000E-99   1.00000000000000E-99
175   98     1.00000000000000E-99   1.00000000000000E-99
176   98     1.00000000000000E-99   1.00000000000000E-99
177   98     1.00000000000000E-99   1.00000000000000E-99
178   98     1.00000000000000E-99   1.00000000000000E-99
179   98     1.00000000000000E-99   1.00000000000000E-99
180   98     1.00000000000000E-99   1.00000000000000E-99
181   98     1.00000000000000E-99   1.00000000000000E-99
182   98     1.00000000000000E-99   1.00000000000000E-99
183   98     1.00000000000000E-99   1.00000000000000E-99
184   98     1.00000000000000E-99   1.00000000000000E-99
185   98     1.00000000000000E-99   1.00000000000000E-99
186   98     1.00000000000000E-99   1.00000000000000E-99
187   98     1.00000000000000E-99   1.00000000000000E-99
188   98     1.00000000000000E-99   1.00000000000000E-99
189   98     1.00000000000000E-99   1.00000000000000E-99
190   98     1.00000000000000E-99   1.00000000000000E-99
191   98     1.00000000000000E-99   1.00000000000000E-99
192   98     1.00000000000000E-99   1.00000000000000E-99
193   98     1.00000000000000E-99   1.00000000000000E-99
194   98     1.00000000000000E-99   1.00000000000000E-99
195   98     1.00000000000000E-99   1.00000000000000E-99
196   98     1.00000000000000E-99   1.00000000000000E-99
197   98     1.00000000000000E-99   1.00000000000000E-99
198   98     1.00000000000000E-99   1.00000000000000E-99
199   98     1.00000000000000E-99   1.00000000000000E-99
200   98     1.00000000000000E-99   1.00000000000000E-99
201   98     1.00000000000000E-99   1.00000000000000E-99
202   98     1.00000000000000E-99   1.00000000000000E-99
203   98     1.00000000000000E-99   1.00000000000000E-99
204   98     1.00000000000000E-99   1.00000000000000E-99
205   98     1.00000000000000E-99   1.00000000000000E-99
206   98     1.00000000000000E-99   1.00000000000000E-99
207   98     1.00000000000000E-99   1.00000000000000E-99
208   98     1.00000000000000E-99   1.00000000000000E-99
209   98     1.00000000000000E-99   1.00000000000000E-99
210   98     1.00000000000000E-99   1.00000000000000E-99
211   98     1.00000000000000E-99   1.00000000000000E-99
213   98     1.00000000000000E-99   1.00000000000000E-99
215   98     1.00000000000000E-99   1.00000000000000E-99
217   98     1.00000000000000E-99   1.00000000000000E-99
219   98     1.00000000000000E-99   1.00000000000000E-99
221   98     1.00000000000000E-99   1.00000000000000E-99
149   99     1.00000000000000E-99   1.00000000000000E-99
150   99     1.00000000000000E-99   1.00000000000000E-99
151   99     1.00000000000000E-99   1.00000000000000E-99
152   99     1.00000000000000E-99   1.00000000000000E-99
153   99     1.00000000000000E-99   1.00000000000000E-99
154   99     1.00000000000000E-99   1.00000000000000E-99
155   99     1.00000000000000E-99   1.00000000000000E-99
156   99     1.00000000000000E-99   1.00000000000000E-99
157   99     1.00000000000000E-99   1.00000000000000E-99
158   99     1.00000000000000E-99   1.00000000000000E-99
159   99     1.00000000000000E-99   1.00000000000000E-99
160   99     1.00000000000000E-99   1.00000000000000E-99
161   99     1.00000000000000E-99   1.00000000000000E-99
162   99     1.00000000000000E-99   1.00000000000000E-99
163   99     1.00000000000000E-99   1.00000000000000E-99
164   99     1.00000000000000E-99   1.00000000000000E-99
165   99     1.00000000000000E-99   1.00000000000000E-99
166   99     1.00000000000000E-99   1.00000000000000E-99
167   99     1.00000000000000E-99   1.00000000000000E-99
168   99     1.00000000000000E-99   1.00000000000000E-99
169   99     1.00000000000000E-99   1.00000000000000E-99
170   99     1.00000000000000E-99   1.00000000000000E-99
171   99     1.00000000000000E-99   1.00000000000000E-99
172   99     1.00000000000000E-99   1.00000000000000E-99
173   99     1.00000000000000E-99   1.00000000000000E-99
174   99     1.00000000000000E-99   1.00000000000000E-99
175   99     1.00000000000000E-99   1.00000000000000E-99
176   99     1.00000000000000E-99   1.00000000000000E-99
177   99     1.00000000000000E-99   1.00000000000000E-99
178   99     1.00000000000000E-99   1.00000000000000E-99
179   99     1.00000000000000E-99   1.00000000000000E-99
180   99     1.00000000000000E-99   1.00000000000000E-99
181   99     1.00000000000000E-99   1.00000000000000E-99
182   99     1.00000000000000E-99   1.00000000000000E-99
183   99     1.00000000000000E-99   1.00000000000000E-99
184   99     1.00000000000000E-99   1.00000000000000E-99
185   99     1.00000000000000E-99   1.00000000000000E-99
186   99     1.00000000000000E-99   1.00000000000000E-99
187   99     1.00000000000000E-99   1.00000000000000E-99
188   99     1.00000000000000E-99   1.00000000000000E-99
189   99     1.00000000000000E-99   1.00000000000000E-99
190   99     1.00000000000000E-99   1.00000000000000E-99
191   99     1.00000000000000E-99   1.00000000000000E-99
192   99     1.00000000000000E-99   1.00000000000000E-99
193   99     1.00000000000000E-99   1.00000000000000E-99
194   99     1.00000000000000E-99   1.00000000000000E-99
195   99     1.00000000000000E-99   1.00000000000000E-99
196   99     1.00000000000000E-99   1.00000000000000E-99
197   99     1.00000000000000E-99   1.00000000000000E-99
198   99     1.00000000000000E-99   1.00000000000000E-99
199   99     1.00000000000000E-99   1.00000000000000E-99
200   99     1.00000000000000E-99   1.00000000000000E-99
201   99     1.00000000000000E-99   1.00000000000000E-99
202   99     1.00000000000000E-99   1.00000000000000E-99
203   99     1.00000000000000E-99   1.00000000000000E-99
204   99     1.00000000000000E-99   1.00000000000000E-99
205   99     1.00000000000000E-99   1.00000000000000E-99
206   99     1.00000000000000E-99   1.00000000000000E-99
207   99     1.00000000000000E-99   1.00000000000000E-99
208   99     1.00000000000000E-99   1.00000000000000E-99
209   99     1.00000000000000E-99   1.00000000000000E-99
210   99     1.00000000000000E-99   1.00000000000000E-99
211   99     1.00000000000000E-99   1.00000000000000E-99
212   99     1.00000000000000E-99   1.00000000000000E-99
213   99     1.00000000000000E-99   1.00000000000000E-99
215   99     1.00000000000000E-99   1.00000000000000E-99
216   99     1.00000000000000E-99   1.00000000000000E-99
217   99     1.00000000000000E-99   1.00000000000000E-99
219   99     1.00000000000000E-99   1.00000000000000E-99
221   99     1.00000000000000E-99   1.00000000000000E-99
223   99     1.00000000000000E-99   1.00000000000000E-99
151  100     1.00000000000000E-99   1.00000000000000E-99
152  100     1.00000000000000E-99   1.00000000000000E-99
153  100     1.00000000000000E-99   1.00000000000000E-99
154  100     1.00000000000000E-99   1.00000000000000E-99
155  100     1.00000000000000E-99   1.00000000000000E-99
156  100     1.00000000000000E-99   1.00000000000000E-99
157  100     1.00000000000000E-99   1.00000000000000E-99
158  100     1.00000000000000E-99   1.00000000000000E-99
159  100     1.00000000000000E-99   1.00000000000000E-99
160  100     1.00000000000000E-99   1.00000000000000E-99
161  100     1.00000000000000E-99   1.00000000000000E-99
162  100     1.00000000000000E-99   1.00000000000000E-99
163  100     1.00000000000000E-99   1.00000000000000E-99
164  100     1.00000000000000E-99   1.00000000000000E-99
165  100     1.00000000000000E-99   1.00000000000000E-99
166  100     1.00000000000000E-99   1.00000000000000E-99
167  100     1.00000000000000E-99   1.00000000000000E-99
168  100     1.00000000000000E-99   1.00000000000000E-99
169  100     1.00000000000000E-99   1.00000000000000E-99
170  100     1.00000000000000E-99   1.00000000000000E-99
171  100     1.00000000000000E-99   1.00000000000000E-99
172  100     1.00000000000000E-99   1.00000000000000E-99
173  100     1.00000000000000E-99   1.00000000000000E-99
174  100     1.00000000000000E-99   1.00000000000000E-99
175  100     1.00000000000000E-99   1.00000000000000E-99
176  100     1.00000000000000E-99   1.00000000000000E-99
177  100     1.00000000000000E-99   1.00000000000000E-99
178  100     1.00000000000000E-99   1.00000000000000E-99
179  100     1.00000000000000E-99   1.00000000000000E-99
180  100     1.00000000000000E-99   1.00000000000000E-99
181  100     1.00000000000000E-99   1.00000000000000E-99
182  100     1.00000000000000E-99   1.00000000000000E-99
183  100     1.00000000000000E-99   1.00000000000000E-99
184  100     1.00000000000000E-99   1.00000000000000E-99
185  100     1.00000000000000E-99   1.00000000000000E-99
186  100     1.00000000000000E-99   1.00000000000000E-99
187  100     1.00000000000000E-99   1.00000000000000E-99
188  100     1.00000000000000E-99   1.00000000000000E-99
189  100     1.00000000000000E-99   1.00000000000000E-99
190  100     1.00000000000000E-99   1.00000000000000E-99
191  100     1.00000000000000E-99   1.00000000000000E-99
192  100     1.00000000000000E-99   1.00000000000000E-99
193  100     1.00000000000000E-99   1.00000000000000E-99
194  100     1.00000000000000E-99   1.00000000000000E-99
195  100     1.00000000000000E-99   1.00000000000000E-99
196  100     1.00000000000000E-99   1.00000000000000E-99
197  100     1.00000000000000E-99   1.00000000000000E-99
198  100     1.00000000000000E-99   1.00000000000000E-99
199  100     1.00000000000000E-99   1.00000000000000E-99
200  100     1.00000000000000E-99   1.00000000000000E-99
201  100     1.00000000000000E-99   1.00000000000000E-99
202  100     1.00000000000000E-99   1.00000000000000E-99
203  100     1.00000000000000E-99   1.00000000000000E-99
204  100     1.00000000000000E-99   1.00000000000000E-99
205  100     1.00000000000000E-99   1.00000000000000E-99
206  100     1.00000000000000E-99   1.00000000000000E-99
207  100     1.00000000000000E-99   1.00000000000000E-99
208  100     1.00000000000000E-99   1.00000000000000E-99
209  100     1.00000000000000E-99   1.00000000000000E-99
210  100     1.00000000000000E-99   1.00000000000000E-99
211  100     1.00000000000000E-99   1.00000000000000E-99
213  100     1.00000000000000E-99   1.00000000000000E-99
215  100     1.00000000000000E-99   1.00000000000000E-99
217  100     1.00000000000000E-99   1.00000000000000E-99
218  100     1.00000000000000E-99   1.00000000000000E-99
219  100     1.00000000000000E-99   1.00000000000000E-99
221  100     1.00000000000000E-99   1.00000000000000E-99
223  100     1.00000000000000E-99   1.00000000000000E-99
225  100     1.00000000000000E-99   1.00000000000000E-99
152  101     1.00000000000000E-99   1.00000000000000E-99
153  101     1.00000000000000E-99   1.00000000000000E-99
154  101     1.00000000000000E-99   1.00000000000000E-99
155  101     1.00000000000000E-99   1.00000000000000E-99
156  101     1.00000000000000E-99   1.00000000000000E-99
157  101     1.00000000000000E-99   1.00000000000000E-99
158  101     1.00000000000000E-99   1.00000000000000E-99
159  101     1.00000000000000E-99   1.00000000000000E-99
160  101     1.00000000000000E-99   1.00000000000000E-99
161  101     1.00000000000000E-99   1.00000000000000E-99
162  101     1.00000000000000E-99   1.00000000000000E-99
163  101     1.00000000000000E-99   1.00000000000000E-99
164  101     1.00000000000000E-99   1.00000000000000E-99
165  101     1.00000000000000E-99   1.00000000000000E-99
166  101     1.00000000000000E-99   1.00000000000000E-99
167  101     1.00000000000000E-99   1.00000000000000E-99
168  101     1.00000000000000E-99   1.00000000000000E-99
169  101     1.00000000000000E-99   1.00000000000000E-99
170  101     1.00000000000000E-99   1.00000000000000E-99
171  101     1.00000000000000E-99   1.00000000000000E-99
172  101     1.00000000000000E-99   1.00000000000000E-99
173  101     1.00000000000000E-99   1.00000000000000E-99
174  101     1.00000000000000E-99   1.00000000000000E-99
175  101     1.00000000000000E-99   1.00000000000000E-99
176  101     1.00000000000000E-99   1.00000000000000E-99
177  101     1.00000000000000E-99   1.00000000000000E-99
178  101     1.00000000000000E-99   1.00000000000000E-99
179  101     1.00000000000000E-99   1.00000000000000E-99
180  101     1.00000000000000E-99   1.00000000000000E-99
181  101     1.00000000000000E-99   1.00000000000000E-99
182  101     1.00000000000000E-99   1.00000000000000E-99
183  101     1.00000000000000E-99   1.00000000000000E-99
184  101     1.00000000000000E-99   1.00000000000000E-99
185  101     1.00000000000000E-99   1.00000000000000E-99
186  101     1.00000000000000E-99   1.00000000000000E-99
187  101     1.00000000000000E-99   1.00000000000000E-99
188  101     1.00000000000000E-99   1.00000000000000E-99
189  101     1.00000000000000E-99   1.00000000000000E-99
190  101     1.00000000000000E-99   1.00000000000000E-99
191  101     1.00000000000000E-99   1.00000000000000E-99
192  101     1.00000000000000E-99   1.00000000000000E-99
193  101     1.00000000000000E-99   1.00000000000000E-99
194  101     1.00000000000000E-99   1.00000000000000E-99
195  101     1.00000000000000E-99   1.00000000000000E-99
196  101     1.00000000000000E-99   1.00000000000000E-99
197  101     1.00000000000000E-99   1.00000000000000E-99
198  101     1.00000000000000E-99   1.00000000000000E-99
199  101     1.00000000000000E-99   1.00000000000000E-99
200  101     1.00000000000000E-99   1.00000000000000E-99
201  101     1.00000000000000E-99   1.00000000000000E-99
202  101     1.00000000000000E-99   1.00000000000000E-99
203  101     1.00000000000000E-99   1.00000000000000E-99
204  101     1.00000000000000E-99   1.00000000000000E-99
205  101     1.00000000000000E-99   1.00000000000000E-99
206  101     1.00000000000000E-99   1.00000000000000E-99
207  101     1.00000000000000E-99   1.00000000000000E-99
208  101     1.00000000000000E-99   1.00000000000000E-99
209  101     1.00000000000000E-99   1.00000000000000E-99
210  101     1.00000000000000E-99   1.00000000000000E-99
211  101     1.00000000000000E-99   1.00000000000000E-99
212  101     1.00000000000000E-99   1.00000000000000E-99
213  101     1.00000000000000E-99   1.00000000000000E-99
214  101     1.00000000000000E-99   1.00000000000000E-99
215  101     1.00000000000000E-99   1.00000000000000E-99
216  101     1.00000000000000E-99   1.00000000000000E-99
217  101     1.00000000000000E-99   1.00000000000000E-99
218  101     1.00000000000000E-99   1.00000000000000E-99
219  101     1.00000000000000E-99   1.00000000000000E-99
220  101     1.00000000000000E-99   1.00000000000000E-99
221  101     1.00000000000000E-99   1.00000000000000E-99
223  101     1.00000000000000E-99   1.00000000000000E-99
225  101     1.00000000000000E-99   1.00000000000000E-99
227  101     1.00000000000000E-99   1.00000000000000E-99
152  102     1.00000000000000E-99   1.00000000000000E-99
153  102     1.00000000000000E-99   1.00000000000000E-99
154  102     1.00000000000000E-99   1.00000000000000E-99
155  102     1.00000000000000E-99   1.00000000000000E-99
156  102     1.00000000000000E-99   1.00000000000000E-99
157  102     1.00000000000000E-99   1.00000000000000E-99
158  102     1.00000000000000E-99   1.00000000000000E-99
159  102     1.00000000000000E-99   1.00000000000000E-99
160  102     1.00000000000000E-99   1.00000000000000E-99
161  102     1.00000000000000E-99   1.00000000000000E-99
162  102     1.00000000000000E-99   1.00000000000000E-99
163  102     1.00000000000000E-99   1.00000000000000E-99
164  102     1.00000000000000E-99   1.00000000000000E-99
165  102     1.00000000000000E-99   1.00000000000000E-99
166  102     1.00000000000000E-99   1.00000000000000E-99
167  102     1.00000000000000E-99   1.00000000000000E-99
168  102     1.00000000000000E-99   1.00000000000000E-99
169  102     1.00000000000000E-99   1.00000000000000E-99
170  102     1.00000000000000E-99   1.00000000000000E-99
171  102     1.00000000000000E-99   1.00000000000000E-99
172  102     1.00000000000000E-99   1.00000000000000E-99
173  102     1.00000000000000E-99   1.00000000000000E-99
174  102     1.00000000000000E-99   1.00000000000000E-99
175  102     1.00000000000000E-99   1.00000000000000E-99
176  102     1.00000000000000E-99   1.00000000000000E-99
177  102     1.00000000000000E-99   1.00000000000000E-99
178  102     1.00000000000000E-99   1.00000000000000E-99
179  102     1.00000000000000E-99   1.00000000000000E-99
180  102     1.00000000000000E-99   1.00000000000000E-99
181  102     1.00000000000000E-99   1.00000000000000E-99
182  102     1.00000000000000E-99   1.00000000000000E-99
183  102     1.00000000000000E-99   1.00000000000000E-99
184  102     1.00000000000000E-99   1.00000000000000E-99
185  102     1.00000000000000E-99   1.00000000000000E-99
186  102     1.00000000000000E-99   1.00000000000000E-99
187  102     1.00000000000000E-99   1.00000000000000E-99
188  102     1.00000000000000E-99   1.00000000000000E-99
189  102     1.00000000000000E-99   1.00000000000000E-99
190  102     1.00000000000000E-99   1.00000000000000E-99
191  102     1.00000000000000E-99   1.00000000000000E-99
192  102     1.00000000000000E-99   1.00000000000000E-99
193  102     1.00000000000000E-99   1.00000000000000E-99
194  102     1.00000000000000E-99   1.00000000000000E-99
195  102     1.00000000000000E-99   1.00000000000000E-99
196  102     1.00000000000000E-99   1.00000000000000E-99
197  102     1.00000000000000E-99   1.00000000000000E-99
198  102     1.00000000000000E-99   1.00000000000000E-99
199  102     1.00000000000000E-99   1.00000000000000E-99
200  102     1.00000000000000E-99   1.00000000000000E-99
201  102     1.00000000000000E-99   1.00000000000000E-99
202  102     1.00000000000000E-99   1.00000000000000E-99
203  102     1.00000000000000E-99   1.00000000000000E-99
204  102     1.00000000000000E-99   1.00000000000000E-99
205  102     1.00000000000000E-99   1.00000000000000E-99
206  102     1.00000000000000E-99   1.00000000000000E-99
207  102     1.00000000000000E-99   1.00000000000000E-99
208  102     1.00000000000000E-99   1.00000000000000E-99
209  102     1.00000000000000E-99   1.00000000000000E-99
210  102     1.00000000000000E-99   1.00000000000000E-99
211  102     1.00000000000000E-99   1.00000000000000E-99
212  102     1.00000000000000E-99   1.00000000000000E-99
213  102     1.00000000000000E-99   1.00000000000000E-99
214  102     1.00000000000000E-99   1.00000000000000E-99
215  102     1.00000000000000E-99   1.00000000000000E-99
216  102     1.00000000000000E-99   1.00000000000000E-99
217  102     1.00000000000000E-99   1.00000000000000E-99
218  102     1.00000000000000E-99   1.00000000000000E-99
219  102     1.00000000000000E-99   1.00000000000000E-99
221  102     1.00000000000000E-99   1.00000000000000E-99
223  102     1.00000000000000E-99   1.00000000000000E-99
225  102     1.00000000000000E-99   1.00000000000000E-99
227  102     1.00000000000000E-99   1.00000000000000E-99
229  102     1.00000000000000E-99   1.00000000000000E-99
153  103     1.00000000000000E-99   1.00000000000000E-99
154  103     1.00000000000000E-99   1.00000000000000E-99
155  103     1.00000000000000E-99   1.00000000000000E-99
156  103     1.00000000000000E-99   1.00000000000000E-99
157  103     1.00000000000000E-99   1.00000000000000E-99
158  103     1.00000000000000E-99   1.00000000000000E-99
159  103     1.00000000000000E-99   1.00000000000000E-99
160  103     1.00000000000000E-99   1.00000000000000E-99
161  103     1.00000000000000E-99   1.00000000000000E-99
162  103     1.00000000000000E-99   1.00000000000000E-99
163  103     1.00000000000000E-99   1.00000000000000E-99
164  103     1.00000000000000E-99   1.00000000000000E-99
165  103     1.00000000000000E-99   1.00000000000000E-99
166  103     1.00000000000000E-99   1.00000000000000E-99
167  103     1.00000000000000E-99   1.00000000000000E-99
168  103     1.00000000000000E-99   1.00000000000000E-99
169  103     1.00000000000000E-99   1.00000000000000E-99
170  103     1.00000000000000E-99   1.00000000000000E-99
171  103     1.00000000000000E-99   1.00000000000000E-99
172  103     1.00000000000000E-99   1.00000000000000E-99
173  103     1.00000000000000E-99   1.00000000000000E-99
174  103     1.00000000000000E-99   1.00000000000000E-99
175  103     1.00000000000000E-99   1.00000000000000E-99
176  103     1.00000000000000E-99   1.00000000000000E-99
177  103     1.00000000000000E-99   1.00000000000000E-99
178  103     1.00000000000000E-99   1.00000000000000E-99
179  103     1.00000000000000E-99   1.00000000000000E-99
180  103     1.00000000000000E-99   1.00000000000000E-99
181  103     1.00000000000000E-99   1.00000000000000E-99
182  103     1.00000000000000E-99   1.00000000000000E-99
183  103     1.00000000000000E-99   1.00000000000000E-99
184  103     1.00000000000000E-99   1.00000000000000E-99
185  103     1.00000000000000E-99   1.00000000000000E-99
186  103     1.00000000000000E-99   1.00000000000000E-99
187  103     1.00000000000000E-99   1.00000000000000E-99
188  103     1.00000000000000E-99   1.00000000000000E-99
189  103     1.00000000000000E-99   1.00000000000000E-99
190  103     1.00000000000000E-99   1.00000000000000E-99
191  103     1.00000000000000E-99   1.00000000000000E-99
192  103     1.00000000000000E-99   1.00000000000000E-99
193  103     1.00000000000000E-99   1.00000000000000E-99
194  103     1.00000000000000E-99   1.00000000000000E-99
195  103     1.00000000000000E-99   1.00000000000000E-99
196  103     1.00000000000000E-99   1.00000000000000E-99
197  103     1.00000000000000E-99   1.00000000000000E-99
198  103     1.00000000000000E-99   1.00000000000000E-99
199  103     1.00000000000000E-99   1.00000000000000E-99
200  103     1.00000000000000E-99   1.00000000000000E-99
201  103     1.00000000000000E-99   1.00000000000000E-99
202  103     1.00000000000000E-99   1.00000000000000E-99
203  103     1.00000000000000E-99   1.00000000000000E-99
204  103     1.00000000000000E-99   1.00000000000000E-99
205  103     1.00000000000000E-99   1.00000000000000E-99
206  103     1.00000000000000E-99   1.00000000000000E-99
207  103     1.00000000000000E-99   1.00000000000000E-99
208  103     1.00000000000000E-99   1.00000000000000E-99
209  103     1.00000000000000E-99   1.00000000000000E-99
210  103     1.00000000000000E-99   1.00000000000000E-99
211  103     1.00000000000000E-99   1.00000000000000E-99
212  103     1.00000000000000E-99   1.00000000000000E-99
213  103     1.00000000000000E-99   1.00000000000000E-99
214  103     1.00000000000000E-99   1.00000000000000E-99
215  103     1.00000000000000E-99   1.00000000000000E-99
216  103     1.00000000000000E-99   1.00000000000000E-99
217  103     1.00000000000000E-99   1.00000000000000E-99
218  103     1.00000000000000E-99   1.00000000000000E-99
219  103     1.00000000000000E-99   1.00000000000000E-99
220  103     1.00000000000000E-99   1.00000000000000E-99
221  103     1.00000000000000E-99   1.00000000000000E-99
222  103     1.00000000000000E-99   1.00000000000000E-99
223  103     1.00000000000000E-99   1.00000000000000E-99
225  103     1.00000000000000E-99   1.00000000000000E-99
229  103     1.00000000000000E-99   1.00000000000000E-99
231  103     1.00000000000000E-99   1.00000000000000E-99
156  104     1.00000000000000E-99   1.00000000000000E-99
157  104     1.00000000000000E-99   1.00000000000000E-99
158  104     1.00000000000000E-99   1.00000000000000E-99
159  104     1.00000000000000E-99   1.00000000000000E-99
160  104     1.00000000000000E-99   1.00000000000000E-99
161  104     1.00000000000000E-99   1.00000000000000E-99
162  104     1.00000000000000E-99   1.00000000000000E-99
163  104     1.00000000000000E-99   1.00000000000000E-99
164  104     1.00000000000000E-99   1.00000000000000E-99
165  104     1.00000000000000E-99   1.00000000000000E-99
166  104     1.00000000000000E-99   1.00000000000000E-99
167  104     1.00000000000000E-99   1.00000000000000E-99
168  104     1.00000000000000E-99   1.00000000000000E-99
169  104     1.00000000000000E-99   1.00000000000000E-99
170  104     1.00000000000000E-99   1.00000000000000E-99
171  104     1.00000000000000E-99   1.00000000000000E-99
172  104     1.00000000000000E-99   1.00000000000000E-99
173  104     1.00000000000000E-99   1.00000000000000E-99
174  104     1.00000000000000E-99   1.00000000000000E-99
175  104     1.00000000000000E-99   1.00000000000000E-99
176  104     1.00000000000000E-99   1.00000000000000E-99
177  104     1.00000000000000E-99   1.00000000000000E-99
178  104     1.00000000000000E-99   1.00000000000000E-99
179  104     1.00000000000000E-99   1.00000000000000E-99
180  104     1.00000000000000E-99   1.00000000000000E-99
181  104     1.00000000000000E-99   1.00000000000000E-99
182  104     1.00000000000000E-99   1.00000000000000E-99
183  104     1.00000000000000E-99   1.00000000000000E-99
184  104     1.00000000000000E-99   1.00000000000000E-99
185  104     1.00000000000000E-99   1.00000000000000E-99
186  104     1.00000000000000E-99   1.00000000000000E-99
187  104     1.00000000000000E-99   1.00000000000000E-99
188  104     1.00000000000000E-99   1.00000000000000E-99
189  104     1.00000000000000E-99   1.00000000000000E-99
190  104     1.00000000000000E-99   1.00000000000000E-99
191  104     1.00000000000000E-99   1.00000000000000E-99
192  104     1.00000000000000E-99   1.00000000000000E-99
193  104     1.00000000000000E-99   1.00000000000000E-99
194  104     1.00000000000000E-99   1.00000000000000E-99
195  104     1.00000000000000E-99   1.00000000000000E-99
196  104     1.00000000000000E-99   1.00000000000000E-99
197  104     1.00000000000000E-99   1.00000000000000E-99
198  104     1.00000000000000E-99   1.00000000000000E-99
199  104     1.00000000000000E-99   1.00000000000000E-99
200  104     1.00000000000000E-99   1.00000000000000E-99
201  104     1.00000000000000E-99   1.00000000000000E-99
202  104     1.00000000000000E-99   1.00000000000000E-99
203  104     1.00000000000000E-99   1.00000000000000E-99
204  104     1.00000000000000E-99   1.00000000000000E-99
205  104     1.00000000000000E-99   1.00000000000000E-99
206  104     1.00000000000000E-99   1.00000000000000E-99
207  104     1.00000000000000E-99   1.00000000000000E-99
208  104     1.00000000000000E-99   1.00000000000000E-99
209  104     1.00000000000000E-99   1.00000000000000E-99
210  104     1.00000000000000E-99   1.00000000000000E-99
211  104     1.00000000000000E-99   1.00000000000000E-99
212  104     1.00000000000000E-99   1.00000000000000E-99
213  104     1.00000000000000E-99   1.00000000000000E-99
214  104     1.00000000000000E-99   1.00000000000000E-99
215  104     1.00000000000000E-99   1.00000000000000E-99
216  104     1.00000000000000E-99   1.00000000000000E-99
217  104     1.00000000000000E-99   1.00000000000000E-99
218  104     1.00000000000000E-99   1.00000000000000E-99
219  104     1.00000000000000E-99   1.00000000000000E-99
220  104     1.00000000000000E-99   1.00000000000000E-99
221  104     1.00000000000000E-99   1.00000000000000E-99
222  104     1.00000000000000E-99   1.00000000000000E-99
223  104     1.00000000000000E-99   1.00000000000000E-99
225  104     1.00000000000000E-99   1.00000000000000E-99
229  104     1.00000000000000E-99   1.00000000000000E-99
231  104     1.00000000000000E-99   1.00000000000000E-99
233  104     1.00000000000000E-99   1.00000000000000E-99
157  105     1.00000000000000E-99   1.00000000000000E-99
158  105     1.00000000000000E-99   1.00000000000000E-99
159  105     1.00000000000000E-99   1.00000000000000E-99
160  105     1.00000000000000E-99   1.00000000000000E-99
161  105     1.00000000000000E-99   1.00000000000000E-99
162  105     1.00000000000000E-99   1.00000000000000E-99
163  105     1.00000000000000E-99   1.00000000000000E-99
164  105     1.00000000000000E-99   1.00000000000000E-99
165  105     1.00000000000000E-99   1.00000000000000E-99
166  105     1.00000000000000E-99   1.00000000000000E-99
167  105     1.00000000000000E-99   1.00000000000000E-99
168  105     1.00000000000000E-99   1.00000000000000E-99
169  105     1.00000000000000E-99   1.00000000000000E-99
170  105     1.00000000000000E-99   1.00000000000000E-99
171  105     1.00000000000000E-99   1.00000000000000E-99
172  105     1.00000000000000E-99   1.00000000000000E-99
173  105     1.00000000000000E-99   1.00000000000000E-99
174  105     1.00000000000000E-99   1.00000000000000E-99
175  105     1.00000000000000E-99   1.00000000000000E-99
176  105     1.00000000000000E-99   1.00000000000000E-99
177  105     1.00000000000000E-99   1.00000000000000E-99
178  105     1.00000000000000E-99   1.00000000000000E-99
179  105     1.00000000000000E-99   1.00000000000000E-99
180  105     1.00000000000000E-99   1.00000000000000E-99
181  105     1.00000000000000E-99   1.00000000000000E-99
182  105     1.00000000000000E-99   1.00000000000000E-99
183  105     1.00000000000000E-99   1.00000000000000E-99
184  105     1.00000000000000E-99   1.00000000000000E-99
185  105     1.00000000000000E-99   1.00000000000000E-99
186  105     1.00000000000000E-99   1.00000000000000E-99
187  105     1.00000000000000E-99   1.00000000000000E-99
188  105     1.00000000000000E-99   1.00000000000000E-99
189  105     1.00000000000000E-99   1.00000000000000E-99
190  105     1.00000000000000E-99   1.00000000000000E-99
191  105     1.00000000000000E-99   1.00000000000000E-99
192  105     1.00000000000000E-99   1.00000000000000E-99
193  105     1.00000000000000E-99   1.00000000000000E-99
194  105     1.00000000000000E-99   1.00000000000000E-99
195  105     1.00000000000000E-99   1.00000000000000E-99
196  105     1.00000000000000E-99   1.00000000000000E-99
197  105     1.00000000000000E-99   1.00000000000000E-99
198  105     1.00000000000000E-99   1.00000000000000E-99
199  105     1.00000000000000E-99   1.00000000000000E-99
200  105     1.00000000000000E-99   1.00000000000000E-99
201  105     1.00000000000000E-99   1.00000000000000E-99
202  105     1.00000000000000E-99   1.00000000000000E-99
203  105     1.00000000000000E-99   1.00000000000000E-99
204  105     1.00000000000000E-99   1.00000000000000E-99
205  105     1.00000000000000E-99   1.00000000000000E-99
206  105     1.00000000000000E-99   1.00000000000000E-99
207  105     1.00000000000000E-99   1.00000000000000E-99
208  105     1.00000000000000E-99   1.00000000000000E-99
209  105     1.00000000000000E-99   1.00000000000000E-99
210  105     1.00000000000000E-99   1.00000000000000E-99
211  105     1.00000000000000E-99   1.00000000000000E-99
212  105     1.00000000000000E-99   1.00000000000000E-99
213  105     1.00000000000000E-99   1.00000000000000E-99
214  105     1.00000000000000E-99   1.00000000000000E-99
215  105     1.00000000000000E-99   1.00000000000000E-99
216  105     1.00000000000000E-99   1.00000000000000E-99
217  105     1.00000000000000E-99   1.00000000000000E-99
218  105     1.00000000000000E-99   1.00000000000000E-99
219  105     1.00000000000000E-99   1.00000000000000E-99
220  105     1.00000000000000E-99   1.00000000000000E-99
221  105     1.00000000000000E-99   1.00000000000000E-99
222  105     1.00000000000000E-99   1.00000000000000E-99
223  105     1.00000000000000E-99   1.00000000000000E-99
224  105     1.00000000000000E-99   1.00000000000000E-99
225  105     1.00000000000000E-99   1.00000000000000E-99
228  105     1.00000000000000E-99   1.00000000000000E-99
229  105     1.00000000000000E-99   1.00000000000000E-99
231  105     1.00000000000000E-99   1.00000000000000E-99
160  106     1.00000000000000E-99   1.00000000000000E-99
161  106     1.00000000000000E-99   1.00000000000000E-99
162  106     1.00000000000000E-99   1.00000000000000E-99
163  106     1.00000000000000E-99   1.00000000000000E-99
164  106     1.00000000000000E-99   1.00000000000000E-99
165  106     1.00000000000000E-99   1.00000000000000E-99
166  106     1.00000000000000E-99   1.00000000000000E-99
167  106     1.00000000000000E-99   1.00000000000000E-99
168  106     1.00000000000000E-99   1.00000000000000E-99
169  106     1.00000000000000E-99   1.00000000000000E-99
170  106     1.00000000000000E-99   1.00000000000000E-99
171  106     1.00000000000000E-99   1.00000000000000E-99
172  106     1.00000000000000E-99   1.00000000000000E-99
173  106     1.00000000000000E-99   1.00000000000000E-99
174  106     1.00000000000000E-99   1.00000000000000E-99
175  106     1.00000000000000E-99   1.00000000000000E-99
176  106     1.00000000000000E-99   1.00000000000000E-99
177  106     1.00000000000000E-99   1.00000000000000E-99
178  106     1.00000000000000E-99   1.00000000000000E-99
179  106     1.00000000000000E-99   1.00000000000000E-99
180  106     1.00000000000000E-99   1.00000000000000E-99
181  106     1.00000000000000E-99   1.00000000000000E-99
182  106     1.00000000000000E-99   1.00000000000000E-99
183  106     1.00000000000000E-99   1.00000000000000E-99
184  106     1.00000000000000E-99   1.00000000000000E-99
185  106     1.00000000000000E-99   1.00000000000000E-99
186  106     1.00000000000000E-99   1.00000000000000E-99
187  106     1.00000000000000E-99   1.00000000000000E-99
188  106     1.00000000000000E-99   1.00000000000000E-99
189  106     1.00000000000000E-99   1.00000000000000E-99
190  106     1.00000000000000E-99   1.00000000000000E-99
191  106     1.00000000000000E-99   1.00000000000000E-99
192  106     1.00000000000000E-99   1.00000000000000E-99
193  106     1.00000000000000E-99   1.00000000000000E-99
194  106     1.00000000000000E-99   1.00000000000000E-99
195  106     1.00000000000000E-99   1.00000000000000E-99
196  106     1.00000000000000E-99   1.00000000000000E-99
197  106     1.00000000000000E-99   1.00000000000000E-99
198  106     1.00000000000000E-99   1.00000000000000E-99
199  106     1.00000000000000E-99   1.00000000000000E-99
200  106     1.00000000000000E-99   1.00000000000000E-99
201  106     1.00000000000000E-99   1.00000000000000E-99
202  106     1.00000000000000E-99   1.00000000000000E-99
203  106     1.00000000000000E-99   1.00000000000000E-99
204  106     1.00000000000000E-99   1.00000000000000E-99
205  106     1.00000000000000E-99   1.00000000000000E-99
206  106     1.00000000000000E-99   1.00000000000000E-99
207  106     1.00000000000000E-99   1.00000000000000E-99
208  106     1.00000000000000E-99   1.00000000000000E-99
209  106     1.00000000000000E-99   1.00000000000000E-99
210  106     1.00000000000000E-99   1.00000000000000E-99
211  106     1.00000000000000E-99   1.00000000000000E-99
212  106     1.00000000000000E-99   1.00000000000000E-99
213  106     1.00000000000000E-99   1.00000000000000E-99
214  106     1.00000000000000E-99   1.00000000000000E-99
215  106     1.00000000000000E-99   1.00000000000000E-99
216  106     1.00000000000000E-99   1.00000000000000E-99
217  106     1.00000000000000E-99   1.00000000000000E-99
218  106     1.00000000000000E-99   1.00000000000000E-99
219  106     1.00000000000000E-99   1.00000000000000E-99
220  106     1.00000000000000E-99   1.00000000000000E-99
221  106     1.00000000000000E-99   1.00000000000000E-99
222  106     1.00000000000000E-99   1.00000000000000E-99
223  106     1.00000000000000E-99   1.00000000000000E-99
224  106     1.00000000000000E-99   1.00000000000000E-99
225  106     1.00000000000000E-99   1.00000000000000E-99
227  106     1.00000000000000E-99   1.00000000000000E-99
228  106     1.00000000000000E-99   1.00000000000000E-99
229  106     1.00000000000000E-99   1.00000000000000E-99
231  106     1.00000000000000E-99   1.00000000000000E-99
162  107     1.00000000000000E-99   1.00000000000000E-99
163  107     1.00000000000000E-99   1.00000000000000E-99
164  107     1.00000000000000E-99   1.00000000000000E-99
165  107     1.00000000000000E-99   1.00000000000000E-99
166  107     1.00000000000000E-99   1.00000000000000E-99
167  107     1.00000000000000E-99   1.00000000000000E-99
168  107     1.00000000000000E-99   1.00000000000000E-99
169  107     1.00000000000000E-99   1.00000000000000E-99
170  107     1.00000000000000E-99   1.00000000000000E-99
171  107     1.00000000000000E-99   1.00000000000000E-99
172  107     1.00000000000000E-99   1.00000000000000E-99
173  107     1.00000000000000E-99   1.00000000000000E-99
174  107     1.00000000000000E-99   1.00000000000000E-99
175  107     1.00000000000000E-99   1.00000000000000E-99
176  107     1.00000000000000E-99   1.00000000000000E-99
177  107     1.00000000000000E-99   1.00000000000000E-99
178  107     1.00000000000000E-99   1.00000000000000E-99
179  107     1.00000000000000E-99   1.00000000000000E-99
180  107     1.00000000000000E-99   1.00000000000000E-99
181  107     1.00000000000000E-99   1.00000000000000E-99
182  107     1.00000000000000E-99   1.00000000000000E-99
183  107     1.00000000000000E-99   1.00000000000000E-99
184  107     1.00000000000000E-99   1.00000000000000E-99
185  107     1.00000000000000E-99   1.00000000000000E-99
186  107     1.00000000000000E-99   1.00000000000000E-99
187  107     1.00000000000000E-99   1.00000000000000E-99
188  107     1.00000000000000E-99   1.00000000000000E-99
189  107     1.00000000000000E-99   1.00000000000000E-99
190  107     1.00000000000000E-99   1.00000000000000E-99
191  107     1.00000000000000E-99   1.00000000000000E-99
192  107     1.00000000000000E-99   1.00000000000000E-99
193  107     1.00000000000000E-99   1.00000000000000E-99
194  107     1.00000000000000E-99   1.00000000000000E-99
195  107     1.00000000000000E-99   1.00000000000000E-99
196  107     1.00000000000000E-99   1.00000000000000E-99
197  107     1.00000000000000E-99   1.00000000000000E-99
198  107     1.00000000000000E-99   1.00000000000000E-99
199  107     1.00000000000000E-99   1.00000000000000E-99
200  107     1.00000000000000E-99   1.00000000000000E-99
201  107     1.00000000000000E-99   1.00000000000000E-99
202  107     1.00000000000000E-99   1.00000000000000E-99
203  107     1.00000000000000E-99   1.00000000000000E-99
204  107     1.00000000000000E-99   1.00000000000000E-99
205  107     1.00000000000000E-99   1.00000000000000E-99
206  107     1.00000000000000E-99   1.00000000000000E-99
207  107     1.00000000000000E-99   1.00000000000000E-99
208  107     1.00000000000000E-99   1.00000000000000E-99
209  107     1.00000000000000E-99   1.00000000000000E-99
210  107     1.00000000000000E-99   1.00000000000000E-99
211  107     1.00000000000000E-99   1.00000000000000E-99
212  107     1.00000000000000E-99   1.00000000000000E-99
213  107     1.00000000000000E-99   1.00000000000000E-99
214  107     1.00000000000000E-99   1.00000000000000E-99
215  107     1.00000000000000E-99   1.00000000000000E-99
216  107     1.00000000000000E-99   1.00000000000000E-99
217  107     1.00000000000000E-99   1.00000000000000E-99
218  107     1.00000000000000E-99   1.00000000000000E-99
219  107     1.00000000000000E-99   1.00000000000000E-99
220  107     1.00000000000000E-99   1.00000000000000E-99
221  107     1.00000000000000E-99   1.00000000000000E-99
222  107     1.00000000000000E-99   1.00000000000000E-99
223  107     1.00000000000000E-99   1.00000000000000E-99
224  107     1.00000000000000E-99   1.00000000000000E-99
225  107     1.00000000000000E-99   1.00000000000000E-99
227  107     1.00000000000000E-99   1.00000000000000E-99
228  107     1.00000000000000E-99   1.00000000000000E-99
229  107     1.00000000000000E-99   1.00000000000000E-99
230  107     1.00000000000000E-99   1.00000000000000E-99
165  108     1.00000000000000E-99   1.00000000000000E-99
166  108     1.00000000000000E-99   1.00000000000000E-99
167  108     1.00000000000000E-99   1.00000000000000E-99
168  108     1.00000000000000E-99   1.00000000000000E-99
169  108     1.00000000000000E-99   1.00000000000000E-99
170  108     1.00000000000000E-99   1.00000000000000E-99
171  108     1.00000000000000E-99   1.00000000000000E-99
172  108     1.00000000000000E-99   1.00000000000000E-99
173  108     1.00000000000000E-99   1.00000000000000E-99
174  108     1.00000000000000E-99   1.00000000000000E-99
175  108     1.00000000000000E-99   1.00000000000000E-99
176  108     1.00000000000000E-99   1.00000000000000E-99
177  108     1.00000000000000E-99   1.00000000000000E-99
178  108     1.00000000000000E-99   1.00000000000000E-99
179  108     1.00000000000000E-99   1.00000000000000E-99
180  108     1.00000000000000E-99   1.00000000000000E-99
181  108     1.00000000000000E-99   1.00000000000000E-99
182  108     1.00000000000000E-99   1.00000000000000E-99
183  108     1.00000000000000E-99   1.00000000000000E-99
184  108     1.00000000000000E-99   1.00000000000000E-99
185  108     1.00000000000000E-99   1.00000000000000E-99
186  108     1.00000000000000E-99   1.00000000000000E-99
187  108     1.00000000000000E-99   1.00000000000000E-99
188  108     1.00000000000000E-99   1.00000000000000E-99
189  108     1.00000000000000E-99   1.00000000000000E-99
190  108     1.00000000000000E-99   1.00000000000000E-99
191  108     1.00000000000000E-99   1.00000000000000E-99
192  108     1.00000000000000E-99   1.00000000000000E-99
193  108     1.00000000000000E-99   1.00000000000000E-99
194  108     1.00000000000000E-99   1.00000000000000E-99
195  108     1.00000000000000E-99   1.00000000000000E-99
196  108     1.00000000000000E-99   1.00000000000000E-99
197  108     1.00000000000000E-99   1.00000000000000E-99
198  108     1.00000000000000E-99   1.00000000000000E-99
199  108     1.00000000000000E-99   1.00000000000000E-99
200  108     1.00000000000000E-99   1.00000000000000E-99
201  108     1.00000000000000E-99   1.00000000000000E-99
202  108     1.00000000000000E-99   1.00000000000000E-99
203  108     1.00000000000000E-99   1.00000000000000E-99
204  108     1.00000000000000E-99   1.00000000000000E-99
205  108     1.00000000000000E-99   1.00000000000000E-99
206  108     1.00000000000000E-99   1.00000000000000E-99
207  108     1.00000000000000E-99   1.00000000000000E-99
208  108     1.00000000000000E-99   1.00000000000000E-99
209  108     1.00000000000000E-99   1.00000000000000E-99
210  108     1.00000000000000E-99   1.00000000000000E-99
211  108     1.00000000000000E-99   1.00000000000000E-99
212  108     1.00000000000000E-99   1.00000000000000E-99
213  108     1.00000000000000E-99   1.00000000000000E-99
214  108     1.00000000000000E-99   1.00000000000000E-99
215  108     1.00000000000000E-99   1.00000000000000E-99
216  108     1.00000000000000E-99   1.00000000000000E-99
217  108     1.00000000000000E-99   1.00000000000000E-99
218  108     1.00000000000000E-99   1.00000000000000E-99
219  108     1.00000000000000E-99   1.00000000000000E-99
221  108     1.00000000000000E-99   1.00000000000000E-99
222  108     1.00000000000000E-99   1.00000000000000E-99
223  108     1.00000000000000E-99   1.00000000000000E-99
224  108     1.00000000000000E-99   1.00000000000000E-99
226  108     1.00000000000000E-99   1.00000000000000E-99
227  108     1.00000000000000E-99   1.00000000000000E-99
228  108     1.00000000000000E-99   1.00000000000000E-99
229  108     1.00000000000000E-99   1.00000000000000E-99
166  109     1.00000000000000E-99   1.00000000000000E-99
167  109     1.00000000000000E-99   1.00000000000000E-99
168  109     1.00000000000000E-99   1.00000000000000E-99
169  109     1.00000000000000E-99   1.00000000000000E-99
170  109     1.00000000000000E-99   1.00000000000000E-99
171  109     1.00000000000000E-99   1.00000000000000E-99
172  109     1.00000000000000E-99   1.00000000000000E-99
173  109     1.00000000000000E-99   1.00000000000000E-99
174  109     1.00000000000000E-99   1.00000000000000E-99
175  109     1.00000000000000E-99   1.00000000000000E-99
176  109     1.00000000000000E-99   1.00000000000000E-99
177  109     1.00000000000000E-99   1.00000000000000E-99
178  109     1.00000000000000E-99   1.00000000000000E-99
179  109     1.00000000000000E-99   1.00000000000000E-99
180  109     1.00000000000000E-99   1.00000000000000E-99
181  109     1.00000000000000E-99   1.00000000000000E-99
182  109     1.00000000000000E-99   1.00000000000000E-99
183  109     1.00000000000000E-99   1.00000000000000E-99
184  109     1.00000000000000E-99   1.00000000000000E-99
185  109     1.00000000000000E-99   1.00000000000000E-99
186  109     1.00000000000000E-99   1.00000000000000E-99
187  109     1.00000000000000E-99   1.00000000000000E-99
188  109     1.00000000000000E-99   1.00000000000000E-99
189  109     1.00000000000000E-99   1.00000000000000E-99
190  109     1.00000000000000E-99   1.00000000000000E-99
191  109     1.00000000000000E-99   1.00000000000000E-99
192  109     1.00000000000000E-99   1.00000000000000E-99
193  109     1.00000000000000E-99   1.00000000000000E-99
194  109     1.00000000000000E-99   1.00000000000000E-99
195  109     1.00000000000000E-99   1.00000000000000E-99
196  109     1.00000000000000E-99   1.00000000000000E-99
197  109     1.00000000000000E-99   1.00000000000000E-99
198  109     1.00000000000000E-99   1.00000000000000E-99
199  109     1.00000000000000E-99   1.00000000000000E-99
200  109     1.00000000000000E-99   1.00000000000000E-99
201  109     1.00000000000000E-99   1.00000000000000E-99
202  109     1.00000000000000E-99   1.00000000000000E-99
203  109     1.00000000000000E-99   1.00000000000000E-99
204  109     1.00000000000000E-99   1.00000000000000E-99
205  109     1.00000000000000E-99   1.00000000000000E-99
206  109     1.00000000000000E-99   1.00000000000000E-99
207  109     1.00000000000000E-99   1.00000000000000E-99
208  109     1.00000000000000E-99   1.00000000000000E-99
209  109     1.00000000000000E-99   1.00000000000000E-99
210  109     1.00000000000000E-99   1.00000000000000E-99
211  109     1.00000000000000E-99   1.00000000000000E-99
212  109     1.00000000000000E-99   1.00000000000000E-99
213  109     1.00000000000000E-99   1.00000000000000E-99
214  109     1.00000000000000E-99   1.00000000000000E-99
215  109     1.00000000000000E-99   1.00000000000000E-99
216  109     1.00000000000000E-99   1.00000000000000E-99
217  109     1.00000000000000E-99   1.00000000000000E-99
218  109     1.00000000000000E-99   1.00000000000000E-99
220  109     1.00000000000000E-99   1.00000000000000E-99
221  109     1.00000000000000E-99   1.00000000000000E-99
222  109     1.00000000000000E-99   1.00000000000000E-99
223  109     1.00000000000000E-99   1.00000000000000E-99
224  109     1.00000000000000E-99   1.00000000000000E-99
225  109     1.00000000000000E-99   1.00000000000000E-99
226  109     1.00000000000000E-99   1.00000000000000E-99
227  109     1.00000000000000E-99   1.00000000000000E-99
228  109     1.00000000000000E-99   1.00000000000000E-99
169  110     1.00000000000000E-99   1.00000000000000E-99
170  110     1.00000000000000E-99   1.00000000000000E-99
171  110     1.00000000000000E-99   1.00000000000000E-99
172  110     1.00000000000000E-99   1.00000000000000E-99
173  110     1.00000000000000E-99   1.00000000000000E-99
174  110     1.00000000000000E-99   1.00000000000000E-99
175  110     1.00000000000000E-99   1.00000000000000E-99
176  110     1.00000000000000E-99   1.00000000000000E-99
177  110     1.00000000000000E-99   1.00000000000000E-99
178  110     1.00000000000000E-99   1.00000000000000E-99
179  110     1.00000000000000E-99   1.00000000000000E-99
180  110     1.00000000000000E-99   1.00000000000000E-99
181  110     1.00000000000000E-99   1.00000000000000E-99
182  110     1.00000000000000E-99   1.00000000000000E-99
183  110     1.00000000000000E-99   1.00000000000000E-99
184  110     1.00000000000000E-99   1.00000000000000E-99
185  110     1.00000000000000E-99   1.00000000000000E-99
186  110     1.00000000000000E-99   1.00000000000000E-99
187  110     1.00000000000000E-99   1.00000000000000E-99
188  110     1.00000000000000E-99   1.00000000000000E-99
189  110     1.00000000000000E-99   1.00000000000000E-99
190  110     1.00000000000000E-99   1.00000000000000E-99
191  110     1.00000000000000E-99   1.00000000000000E-99
192  110     1.00000000000000E-99   1.00000000000000E-99
193  110     1.00000000000000E-99   1.00000000000000E-99
194  110     1.00000000000000E-99   1.00000000000000E-99
195  110     1.00000000000000E-99   1.00000000000000E-99
196  110     1.00000000000000E-99   1.00000000000000E-99
197  110     1.00000000000000E-99   1.00000000000000E-99
198  110     1.00000000000000E-99   1.00000000000000E-99
199  110     1.00000000000000E-99   1.00000000000000E-99
200  110     1.00000000000000E-99   1.00000000000000E-99
201  110     1.00000000000000E-99   1.00000000000000E-99
202  110     1.00000000000000E-99   1.00000000000000E-99
203  110     1.00000000000000E-99   1.00000000000000E-99
204  110     1.00000000000000E-99   1.00000000000000E-99
205  110     1.00000000000000E-99   1.00000000000000E-99
206  110     1.00000000000000E-99   1.00000000000000E-99
207  110     1.00000000000000E-99   1.00000000000000E-99
208  110     1.00000000000000E-99   1.00000000000000E-99
209  110     1.00000000000000E-99   1.00000000000000E-99
210  110     1.00000000000000E-99   1.00000000000000E-99
211  110     1.00000000000000E-99   1.00000000000000E-99
212  110     1.00000000000000E-99   1.00000000000000E-99
213  110     1.00000000000000E-99   1.00000000000000E-99
214  110     1.00000000000000E-99   1.00000000000000E-99
215  110     1.00000000000000E-99   1.00000000000000E-99
216  110     1.00000000000000E-99   1.00000000000000E-99
217  110     1.00000000000000E-99   1.00000000000000E-99
218  110     1.00000000000000E-99   1.00000000000000E-99
219  110     1.00000000000000E-99   1.00000000000000E-99
220  110     1.00000000000000E-99   1.00000000000000E-99
221  110     1.00000000000000E-99   1.00000000000000E-99
222  110     1.00000000000000E-99   1.00000000000000E-99
223  110     1.00000000000000E-99   1.00000000000000E-99
224  110     1.00000000000000E-99   1.00000000000000E-99
225  110     1.00000000000000E-99   1.00000000000000E-99
226  110     1.00000000000000E-99   1.00000000000000E-99
227  110     1.00000000000000E-99   1.00000000000000E-99
172  111     1.00000000000000E-99   1.00000000000000E-99
173  111     1.00000000000000E-99   1.00000000000000E-99
174  111     1.00000000000000E-99   1.00000000000000E-99
175  111     1.00000000000000E-99   1.00000000000000E-99
176  111     1.00000000000000E-99   1.00000000000000E-99
177  111     1.00000000000000E-99   1.00000000000000E-99
178  111     1.00000000000000E-99   1.00000000000000E-99
179  111     1.00000000000000E-99   1.00000000000000E-99
180  111     1.00000000000000E-99   1.00000000000000E-99
181  111     1.00000000000000E-99   1.00000000000000E-99
182  111     1.00000000000000E-99   1.00000000000000E-99
183  111     1.00000000000000E-99   1.00000000000000E-99
184  111     1.00000000000000E-99   1.00000000000000E-99
185  111     1.00000000000000E-99   1.00000000000000E-99
186  111     1.00000000000000E-99   1.00000000000000E-99
187  111     1.00000000000000E-99   1.00000000000000E-99
188  111     1.00000000000000E-99   1.00000000000000E-99
189  111     1.00000000000000E-99   1.00000000000000E-99
190  111     1.00000000000000E-99   1.00000000000000E-99
191  111     1.00000000000000E-99   1.00000000000000E-99
192  111     1.00000000000000E-99   1.00000000000000E-99
193  111     1.00000000000000E-99   1.00000000000000E-99
194  111     1.00000000000000E-99   1.00000000000000E-99
195  111     1.00000000000000E-99   1.00000000000000E-99
196  111     1.00000000000000E-99   1.00000000000000E-99
197  111     1.00000000000000E-99   1.00000000000000E-99
198  111     1.00000000000000E-99   1.00000000000000E-99
199  111     1.00000000000000E-99   1.00000000000000E-99
200  111     1.00000000000000E-99   1.00000000000000E-99
201  111     1.00000000000000E-99   1.00000000000000E-99
202  111     1.00000000000000E-99   1.00000000000000E-99
203  111     1.00000000000000E-99   1.00000000000000E-99
204  111     1.00000000000000E-99   1.00000000000000E-99
205  111     1.00000000000000E-99   1.00000000000000E-99
206  111     1.00000000000000E-99   1.00000000000000E-99
207  111     1.00000000000000E-99   1.00000000000000E-99
208  111     1.00000000000000E-99   1.00000000000000E-99
209  111     1.00000000000000E-99   1.00000000000000E-99
210  111     1.00000000000000E-99   1.00000000000000E-99
211  111     1.00000000000000E-99   1.00000000000000E-99
212  111     1.00000000000000E-99   1.00000000000000E-99
213  111     1.00000000000000E-99   1.00000000000000E-99
214  111     1.00000000000000E-99   1.00000000000000E-99
215  111     1.00000000000000E-99   1.00000000000000E-99
216  111     1.00000000000000E-99   1.00000000000000E-99
217  111     1.00000000000000E-99   1.00000000000000E-99
218  111     1.00000000000000E-99   1.00000000000000E-99
219  111     1.00000000000000E-99   1.00000000000000E-99
220  111     1.00000000000000E-99   1.00000000000000E-99
221  111     1.00000000000000E-99   1.00000000000000E-99
222  111     1.00000000000000E-99   1.00000000000000E-99
223  111     1.00000000000000E-99   1.00000000000000E-99
224  111     1.00000000000000E-99   1.00000000000000E-99
225  111     1.00000000000000E-99   1.00000000000000E-99
226  111     1.00000000000000E-99   1.00000000000000E-99
