    time    temp    dens
   1.11840449090698E+00   5.73605147114272E-01   2.82434821276850E+02
     nin     zin       y       x
  1    0     9.32932736739532E-06   9.32932736739532E-06
  0    1     2.40305717081751E-11   2.40305717081751E-11
  1    1     3.44603495699219E-10   6.89206991398438E-10
  2    1     3.68396097851744E-10   1.10518829355523E-09
  1    2     8.31785318168632E-17   2.49535595450589E-16
  2    2     2.60771806212294E-04   1.04308722484918E-03
  4    2     5.83839633465891E-12   3.50303780079535E-11
  3    3     2.53960959625562E-15   1.52376575775337E-14
  4    3     2.26093962774234E-10   1.58265773941964E-09
  5    3     2.26899481182833E-12   1.81519584946267E-11
  6    3     1.53921769981790E-06   1.38529592983611E-05
  3    4     4.56499478045203E-22   3.19549634631642E-21
  5    4     4.61694859838458E-08   4.15525373854612E-07
  6    4     7.26649511322756E-07   7.26649511322756E-06
  7    4     1.39216227656888E-14   1.53137850422577E-13
  8    4     2.54122556106941E-09   3.04947067328329E-08
  3    5     1.00000000000000E-99   1.00000000000000E-99
  5    5     4.34175452474204E-20   4.34175452474205E-19
  6    5     1.98715553086218E-10   2.18587108394840E-09
  7    5     1.59870873659581E-09   1.91845048391497E-08
  8    5     4.69285911718634E-09   6.10071685234224E-08
  9    5     7.06100018359130E-13   9.88540025702783E-12
  3    6     1.00000000000000E-99   1.00000000000000E-99
  4    6     1.00000000000000E-99   1.00000000000000E-99
  5    6     1.00000000000000E-99   1.00000000000000E-99
  6    6     7.33259413101039E-09   8.79911295721247E-08
  7    6     4.44404056042615E-09   5.77725272855400E-08
  8    6     5.75765397578041E-09   8.06071556609258E-08
  9    6     3.52126773229581E-10   5.28190159844371E-09
 10    6     5.05402187061346E-06   8.08643499298154E-05
 11    6     1.96952797536745E-11   3.34819755812467E-10
 12    6     1.00000000000000E-99   1.00000000000000E-99
  4    7     1.00000000000000E-99   1.00000000000000E-99
  5    7     1.00000000000000E-99   1.00000000000000E-99
  6    7     7.94349105994392E-21   1.03265383779271E-19
  7    7     2.97597243807962E-14   4.16636141331146E-13
  8    7     8.88549522530632E-08   1.33282428379595E-06
  9    7     2.42897734835054E-08   3.88636375736086E-07
 10    7     2.47887312551695E-08   4.21408431337882E-07
 11    7     1.38799194248245E-08   2.49838549646841E-07
 12    7     2.62316301306391E-09   4.98400972482143E-08
 13    7     9.79946628116155E-07   1.95989325623231E-05
 14    7     1.00000000000000E-99   1.00000000000000E-99
  5    8     1.00000000000000E-99   1.00000000000000E-99
  6    8     1.00000000000000E-99   1.00000000000000E-99
  7    8     1.00000000000000E-99   1.00000000000000E-99
  8    8     7.03947733296435E-11   1.12631637327430E-09
  9    8     7.73286005347869E-13   1.31458620909138E-11
 10    8     2.48929639010766E-10   4.48073350219380E-09
 11    8     1.69992870765073E-08   3.22986454453638E-07
 12    8     9.63796037968036E-08   1.92759207593607E-06
 13    8     1.49859539889522E-07   3.14705033767997E-06
 14    8     4.81735015116112E-06   1.05981703325545E-04
  5    9     1.00000000000000E-99   1.00000000000000E-99
  6    9     1.00000000000000E-99   1.00000000000000E-99
  7    9     1.00000000000000E-99   1.00000000000000E-99
  8    9     1.08938633712522E-25   1.85195677311287E-24
  9    9     5.94668719001418E-25   1.07040369420255E-23
 10    9     4.08814903350878E-13   7.76748316366668E-12
 11    9     6.09351919601131E-12   1.21870383920226E-10
 12    9     9.00448688043023E-10   1.89094224489035E-08
 13    9     4.23261675613468E-08   9.31175686349629E-07
 14    9     9.44489547219299E-10   2.17232595860439E-08
 15    9     1.64960136972842E-09   3.95904328734822E-08
 16    9     4.05838737866670E-08   1.01459684466668E-06
 17    9     1.13872758320938E-11   2.96069171634438E-10
  7   10     1.00000000000000E-99   1.00000000000000E-99
  8   10     1.00000000000000E-99   1.00000000000000E-99
  9   10     1.00000000000000E-99   1.00000000000000E-99
 10   10     1.23985355455286E-15   2.47970710910572E-14
 11   10     2.11020064083166E-13   4.43142134574648E-12
 12   10     5.61774451527195E-11   1.23590379335983E-09
 13   10     4.48683778515897E-11   1.03197269058656E-09
 14   10     1.48976603750935E-09   3.57543849002245E-08
 15   10     7.42383962930303E-09   1.85595990732576E-07
 16   10     2.14340385986351E-09   5.57285003564514E-08
 17   10     1.64146507489634E-10   4.43195570222013E-09
 18   10     5.43871043879140E-10   1.52283892286159E-08
 19   10     2.98967580663491E-11   8.67005983924125E-10
 20   10     7.00657626207991E-11   2.10197287862397E-09
 21   10     4.24995748890202E-12   1.31748682155963E-10
 22   10     2.61123144417554E-11   8.35594062136174E-10
 23   10     1.00000000000000E-99   1.00000000000000E-99
 24   10     1.00000000000000E-99   1.00000000000000E-99
 25   10     1.00000000000000E-99   1.00000000000000E-99
 26   10     1.00000000000000E-99   1.00000000000000E-99
 27   10     1.00000000000000E-99   1.00000000000000E-99
 28   10     1.00000000000000E-99   1.00000000000000E-99
 29   10     1.00000000000000E-99   1.00000000000000E-99
 30   10     1.00000000000000E-99   1.00000000000000E-99
 31   10     1.00000000000000E-99   1.00000000000000E-99
  8   11     1.00000000000000E-99   1.00000000000000E-99
  9   11     1.00000000000000E-99   1.00000000000000E-99
 10   11     1.00000000000000E-99   1.00000000000000E-99
 11   11     3.17698401419841E-25   6.98936483123650E-24
 12   11     9.02669106350584E-16   2.07613894460634E-14
 13   11     6.42964453737585E-15   1.54311468897020E-13
 14   11     2.20822676168498E-11   5.52056690421245E-10
 15   11     3.12547939271681E-11   8.12624642106370E-10
 16   11     2.12355867986833E-10   5.73360843564448E-09
 17   11     1.31377929398147E-10   3.67858202314811E-09
 18   11     4.03812690284783E-10   1.17105680182587E-08
 19   11     9.57246660854152E-11   2.87173998256246E-09
 20   11     5.99292107447737E-10   1.85780553308798E-08
 21   11     4.06570255649549E-09   1.30102481807856E-07
 22   11     1.91363877559774E-13   6.31500795947253E-12
 23   11     5.26990466034305E-15   1.79176758451664E-13
 24   11     2.04554571449097E-15   7.15941000071838E-14
 25   11     1.00000000000000E-99   1.00000000000000E-99
 26   11     1.00000000000000E-99   1.00000000000000E-99
 27   11     1.00000000000000E-99   1.00000000000000E-99
 28   11     1.00000000000000E-99   1.00000000000000E-99
 29   11     1.00000000000000E-99   1.00000000000000E-99
 30   11     1.00000000000000E-99   1.00000000000000E-99
 31   11     1.00000000000000E-99   1.00000000000000E-99
 32   11     1.00000000000000E-99   1.00000000000000E-99
 33   11     1.00000000000000E-99   1.00000000000000E-99
  8   12     1.00000000000000E-99   1.00000000000000E-99
  9   12     1.00000000000000E-99   1.00000000000000E-99
 10   12     1.00000000000000E-99   1.00000000000000E-99
 11   12     1.00000000000000E-99   1.00000000000000E-99
 12   12     8.10527033041155E-23   1.94526487929877E-21
 13   12     8.50692271112588E-17   2.12673067778147E-15
 14   12     9.00463932084415E-14   2.34120622341948E-12
 15   12     5.96606145892993E-13   1.61083659391108E-11
 16   12     2.37668312983442E-11   6.65471276353637E-10
 17   12     2.75495201667477E-11   7.98936084835683E-10
 18   12     5.52654089975188E-10   1.65796226992556E-08
 19   12     5.06213950802009E-10   1.56926324748623E-08
 20   12     4.73543560430384E-09   1.51533939337723E-07
 21   12     8.69213690549530E-10   2.86840517881345E-08
 22   12     1.31574639058166E-08   4.47353772797763E-07
 23   12     7.42106478695092E-22   2.59737267543282E-20
 24   12     6.97595052943321E-17   2.51134219059596E-15
 25   12     1.00000000000000E-99   1.00000000000000E-99
 26   12     1.07997655692678E-23   4.10391091632175E-22
 27   12     1.00000000000000E-99   1.00000000000000E-99
 28   12     1.00000000000000E-99   1.00000000000000E-99
 29   12     1.00000000000000E-99   1.00000000000000E-99
 30   12     1.00000000000000E-99   1.00000000000000E-99
 31   12     1.00000000000000E-99   1.00000000000000E-99
 32   12     1.00000000000000E-99   1.00000000000000E-99
 33   12     1.00000000000000E-99   1.00000000000000E-99
 34   12     1.00000000000000E-99   1.00000000000000E-99
 35   12     1.00000000000000E-99   1.00000000000000E-99
  8   13     1.00000000000000E-99   1.00000000000000E-99
  9   13     1.00000000000000E-99   1.00000000000000E-99
 10   13     1.00000000000000E-99   1.00000000000000E-99
 11   13     1.00000000000000E-99   1.00000000000000E-99
 12   13     1.00000000000000E-99   1.00000000000000E-99
 13   13     1.00000000000000E-99   1.00000000000000E-99
 14   13     4.14582538064286E-19   1.11937285277357E-17
 15   13     3.81363411770690E-19   1.06781755295793E-17
 16   13     2.64855810900927E-14   7.68081851612689E-13
 17   13     1.60028478236543E-12   4.80085434709628E-11
 18   13     2.29369002576461E-11   7.11043907987030E-10
 19   13     7.67347970364910E-11   2.45551350516771E-09
 20   13     2.14234417501078E-09   7.06973577753557E-08
 21   13     1.15447694624555E-09   3.92522161723486E-08
 22   13     6.66373334521482E-09   2.33230667082519E-07
 23   13     3.83594550286025E-10   1.38094038102969E-08
 24   13     2.12147194070227E-09   7.84944618059840E-08
 25   13     2.94307202430417E-12   1.11836736923559E-10
 26   13     9.95619711709886E-10   3.88291687566855E-08
 27   13     3.35081903189338E-22   1.34032761275735E-20
 28   13     8.77117321057317E-18   3.59618101633500E-16
 29   13     1.00000000000000E-99   1.00000000000000E-99
 30   13     1.00000000000000E-99   1.00000000000000E-99
 31   13     1.00000000000000E-99   1.00000000000000E-99
 32   13     1.00000000000000E-99   1.00000000000000E-99
 33   13     1.00000000000000E-99   1.00000000000000E-99
 34   13     1.00000000000000E-99   1.00000000000000E-99
 35   13     1.00000000000000E-99   1.00000000000000E-99
 36   13     1.00000000000000E-99   1.00000000000000E-99
 37   13     1.00000000000000E-99   1.00000000000000E-99
 38   13     1.00000000000000E-99   1.00000000000000E-99
  8   14     1.00000000000000E-99   1.00000000000000E-99
  9   14     1.00000000000000E-99   1.00000000000000E-99
 10   14     1.00000000000000E-99   1.00000000000000E-99
 11   14     1.00000000000000E-99   1.00000000000000E-99
 12   14     1.00000000000000E-99   1.00000000000000E-99
 13   14     1.00000000000000E-99   1.00000000000000E-99
 14   14     2.02642121791807E-24   5.67397941017059E-23
 15   14     2.22064195460070E-20   6.43986166834202E-19
 16   14     5.43477142548023E-16   1.63043142764407E-14
 17   14     3.69584422349485E-14   1.14571170928340E-12
 18   14     1.74534467971755E-11   5.58510297509617E-10
 19   14     1.36665221020748E-10   4.50995229368468E-09
 20   14     8.45161014268010E-10   2.87354744851123E-08
 21   14     6.84465084420117E-10   2.39562779547041E-08
 22   14     7.25008661407686E-10   2.61003118106767E-08
 23   14     1.82337844676539E-09   6.74650025303193E-08
 24   14     7.87776759457185E-09   2.99355168593730E-07
 25   14     4.90672978653546E-10   1.91362461674883E-08
 26   14     3.77089825457658E-10   1.50835930183063E-08
 27   14     1.24671526066739E-10   5.11153256873631E-09
 28   14     5.94234152463020E-09   2.49578344034468E-07
 29   14     1.00000000000000E-99   1.00000000000000E-99
 30   14     1.00000000000000E-99   1.00000000000000E-99
 31   14     1.00000000000000E-99   1.00000000000000E-99
 32   14     1.00000000000000E-99   1.00000000000000E-99
 33   14     1.00000000000000E-99   1.00000000000000E-99
 34   14     1.00000000000000E-99   1.00000000000000E-99
 35   14     1.00000000000000E-99   1.00000000000000E-99
 36   14     1.00000000000000E-99   1.00000000000000E-99
 37   14     1.00000000000000E-99   1.00000000000000E-99
 38   14     1.00000000000000E-99   1.00000000000000E-99
 39   14     1.00000000000000E-99   1.00000000000000E-99
 40   14     1.00000000000000E-99   1.00000000000000E-99
  8   15     1.00000000000000E-99   1.00000000000000E-99
  9   15     1.00000000000000E-99   1.00000000000000E-99
 10   15     1.00000000000000E-99   1.00000000000000E-99
 11   15     1.00000000000000E-99   1.00000000000000E-99
 12   15     1.00000000000000E-99   1.00000000000000E-99
 13   15     1.00000000000000E-99   1.00000000000000E-99
 14   15     1.00000000000000E-99   1.00000000000000E-99
 15   15     1.00000000000000E-99   1.00000000000000E-99
 16   15     2.42129227174901E-21   7.50600604242193E-20
 17   15     6.16772150112263E-22   1.97367088035924E-20
 18   15     1.39751674939967E-14   4.61180527301891E-13
 19   15     1.64592657701051E-13   5.59615036183573E-12
 20   15     4.05401718028373E-12   1.41890601309931E-10
 21   15     4.75235287004381E-12   1.71084703321577E-10
 22   15     1.56605599920975E-10   5.79440719707608E-09
 23   15     6.16948134142590E-11   2.34440290974184E-09
 24   15     1.91083258110814E-10   7.45224706632175E-09
 25   15     1.90372360705537E-10   7.61489442822148E-09
 26   15     3.76494230459975E-09   1.54362634488590E-07
 27   15     1.38456258310516E-09   5.81516284904168E-08
 28   15     4.74713089023820E-08   2.04126628280243E-06
 29   15     5.26065402639524E-24   2.31468777161391E-22
 30   15     1.73327590486731E-17   7.79974157190289E-16
 31   15     1.00000000000000E-99   1.00000000000000E-99
 32   15     7.17538522341889E-19   3.37243105500688E-17
 33   15     1.00000000000000E-99   1.00000000000000E-99
 34   15     1.00000000000000E-99   1.00000000000000E-99
 35   15     1.00000000000000E-99   1.00000000000000E-99
 36   15     1.00000000000000E-99   1.00000000000000E-99
 37   15     1.00000000000000E-99   1.00000000000000E-99
 38   15     1.00000000000000E-99   1.00000000000000E-99
 39   15     1.00000000000000E-99   1.00000000000000E-99
 40   15     1.00000000000000E-99   1.00000000000000E-99
 41   15     1.00000000000000E-99   1.00000000000000E-99
 42   15     1.00000000000000E-99   1.00000000000000E-99
  8   16     1.00000000000000E-99   1.00000000000000E-99
  9   16     1.00000000000000E-99   1.00000000000000E-99
 10   16     1.00000000000000E-99   1.00000000000000E-99
 11   16     1.00000000000000E-99   1.00000000000000E-99
 12   16     1.00000000000000E-99   1.00000000000000E-99
 13   16     1.00000000000000E-99   1.00000000000000E-99
 14   16     1.00000000000000E-99   1.00000000000000E-99
 15   16     1.00000000000000E-99   1.00000000000000E-99
 16   16     1.00000000000000E-99   1.00000000000000E-99
 17   16     1.00000000000000E-99   1.00000000000000E-99
 18   16     2.52411918749038E-17   8.58200523746731E-16
 19   16     3.40861422232425E-17   1.19301497781349E-15
 20   16     2.54581070938199E-15   9.16491855377517E-14
 21   16     1.02278361225819E-13   3.78429936535532E-12
 22   16     6.27992977314315E-13   2.38637331379440E-11
 23   16     9.09731908254445E-13   3.54795444219233E-11
 24   16     5.30151027098971E-11   2.12060410839589E-09
 25   16     1.67065753323452E-10   6.84969588626155E-09
 26   16     1.26042211008809E-08   5.29377286236996E-07
 27   16     5.41120373872615E-09   2.32681760765224E-07
 28   16     6.25473054169959E-09   2.75208143834782E-07
 29   16     4.71386640018681E-10   2.12123988008406E-08
 30   16     3.96557417288982E-08   1.82416411952932E-06
 31   16     2.56587608425765E-15   1.20596175960110E-13
 32   16     2.50226945424177E-10   1.20108933803605E-08
 33   16     2.19605977687357E-23   1.07606929066805E-21
 34   16     5.21375288200095E-20   2.60687644100048E-18
 35   16     1.00000000000000E-99   1.00000000000000E-99
 36   16     1.00000000000000E-99   1.00000000000000E-99
 37   16     1.00000000000000E-99   1.00000000000000E-99
 38   16     1.00000000000000E-99   1.00000000000000E-99
 39   16     1.00000000000000E-99   1.00000000000000E-99
 40   16     1.00000000000000E-99   1.00000000000000E-99
 41   16     1.00000000000000E-99   1.00000000000000E-99
 42   16     1.00000000000000E-99   1.00000000000000E-99
 43   16     1.00000000000000E-99   1.00000000000000E-99
 44   16     1.00000000000000E-99   1.00000000000000E-99
  9   17     1.00000000000000E-99   1.00000000000000E-99
 10   17     1.00000000000000E-99   1.00000000000000E-99
 11   17     1.00000000000000E-99   1.00000000000000E-99
 12   17     1.00000000000000E-99   1.00000000000000E-99
 13   17     1.00000000000000E-99   1.00000000000000E-99
 14   17     1.00000000000000E-99   1.00000000000000E-99
 15   17     1.00000000000000E-99   1.00000000000000E-99
 16   17     1.00000000000000E-99   1.00000000000000E-99
 17   17     1.00000000000000E-99   1.00000000000000E-99
 18   17     1.00000000000000E-99   1.00000000000000E-99
 19   17     1.00000000000000E-99   1.00000000000000E-99
 20   17     2.59123686781055E-19   9.58757641089902E-18
 21   17     4.98558066380098E-20   1.89452065224437E-18
 22   17     4.15514957893781E-17   1.62050833578575E-15
 23   17     1.05680910292624E-15   4.22723641170495E-14
 24   17     4.48152582283157E-14   1.83742558736094E-12
 25   17     9.53523597621512E-12   4.00479911001035E-10
 26   17     8.63142941150844E-11   3.71151464694863E-09
 27   17     9.06328474688739E-11   3.98784528863045E-09
 28   17     7.49012930258896E-09   3.37055818616503E-07
 29   17     7.23086199874518E-10   3.32619651942278E-08
 30   17     6.43266133530730E-09   3.02335082759443E-07
 31   17     7.98436034041244E-11   3.83249296339797E-09
 32   17     4.23421323569459E-09   2.07476448549035E-07
 33   17     4.29952767618494E-14   2.14976383809247E-12
 34   17     2.01736721948919E-10   1.02885728193949E-08
 35   17     2.63189960127401E-24   1.36858779266248E-22
 36   17     1.32212208281792E-22   7.00724703893497E-21
 37   17     1.00000000000000E-99   1.00000000000000E-99
 38   17     1.00000000000000E-99   1.00000000000000E-99
 39   17     1.00000000000000E-99   1.00000000000000E-99
 40   17     1.00000000000000E-99   1.00000000000000E-99
 41   17     1.00000000000000E-99   1.00000000000000E-99
 42   17     1.00000000000000E-99   1.00000000000000E-99
 43   17     1.00000000000000E-99   1.00000000000000E-99
 44   17     1.00000000000000E-99   1.00000000000000E-99
 45   17     1.00000000000000E-99   1.00000000000000E-99
 46   17     1.00000000000000E-99   1.00000000000000E-99
  9   18     1.00000000000000E-99   1.00000000000000E-99
 10   18     1.00000000000000E-99   1.00000000000000E-99
 11   18     1.00000000000000E-99   1.00000000000000E-99
 12   18     1.00000000000000E-99   1.00000000000000E-99
 13   18     1.00000000000000E-99   1.00000000000000E-99
 14   18     1.00000000000000E-99   1.00000000000000E-99
 15   18     1.00000000000000E-99   1.00000000000000E-99
 16   18     1.00000000000000E-99   1.00000000000000E-99
 17   18     1.00000000000000E-99   1.00000000000000E-99
 18   18     1.00000000000000E-99   1.00000000000000E-99
 19   18     1.00000000000000E-99   1.00000000000000E-99
 20   18     1.00000000000000E-99   1.00000000000000E-99
 21   18     2.32161325910501E-24   9.05429171050955E-23
 22   18     6.60870097449907E-21   2.64348038979963E-19
 23   18     3.32800759452532E-19   1.36448311375538E-17
 24   18     1.11216841238222E-15   4.67110733200533E-14
 25   18     1.35979044425360E-14   5.84709891029049E-13
 26   18     4.75689565528527E-12   2.09303408832552E-10
 27   18     1.24207379145568E-11   5.58933206155058E-10
 28   18     2.15900665311420E-10   9.93143060432533E-09
 29   18     4.48914336055385E-10   2.10989737946031E-08
 30   18     3.98957560261357E-09   1.91499628925451E-07
 31   18     2.05080575340584E-10   1.00489481916886E-08
 32   18     3.79142352533359E-09   1.89571176266680E-07
 33   18     7.61504036663963E-12   3.88367058698621E-10
 34   18     4.76963442879157E-09   2.48020990297162E-07
 35   18     1.35962589904760E-18   7.20601726495230E-17
 36   18     4.19571218080841E-14   2.26568457763654E-12
 37   18     2.25821845022328E-19   1.24202014762280E-17
 38   18     7.05980231236203E-15   3.95348929492274E-13
 39   18     1.00000000000000E-99   1.00000000000000E-99
 40   18     1.00000000000000E-99   1.00000000000000E-99
 41   18     1.00000000000000E-99   1.00000000000000E-99
 42   18     1.00000000000000E-99   1.00000000000000E-99
 43   18     1.00000000000000E-99   1.00000000000000E-99
 44   18     1.00000000000000E-99   1.00000000000000E-99
 45   18     1.00000000000000E-99   1.00000000000000E-99
 46   18     1.00000000000000E-99   1.00000000000000E-99
 47   18     1.00000000000000E-99   1.00000000000000E-99
 48   18     1.00000000000000E-99   1.00000000000000E-99
 49   18     1.00000000000000E-99   1.00000000000000E-99
 10   19     1.00000000000000E-99   1.00000000000000E-99
 11   19     1.00000000000000E-99   1.00000000000000E-99
 12   19     1.00000000000000E-99   1.00000000000000E-99
 13   19     1.00000000000000E-99   1.00000000000000E-99
 14   19     1.00000000000000E-99   1.00000000000000E-99
 15   19     1.00000000000000E-99   1.00000000000000E-99
 16   19     1.00000000000000E-99   1.00000000000000E-99
 17   19     1.00000000000000E-99   1.00000000000000E-99
 18   19     1.00000000000000E-99   1.00000000000000E-99
 19   19     1.00000000000000E-99   1.00000000000000E-99
 20   19     1.00000000000000E-99   1.00000000000000E-99
 21   19     1.00000000000000E-99   1.00000000000000E-99
 22   19     1.00000000000000E-99   1.00000000000000E-99
 23   19     1.00000000000000E-99   1.00000000000000E-99
 24   19     5.81013815209370E-21   2.49835940540029E-19
 25   19     4.91824131882789E-19   2.16402618028427E-17
 26   19     3.00043844744078E-16   1.35019730134835E-14
 27   19     1.30779841040763E-14   6.01587268787508E-13
 28   19     4.29665591466044E-12   2.01942827989041E-10
 29   19     5.11080955602214E-12   2.45318858689063E-10
 30   19     1.33577203285313E-10   6.54528296098032E-09
 31   19     3.67270476209645E-11   1.83635238104823E-09
 32   19     1.72674690573492E-09   8.80640921924809E-08
 33   19     7.77125618785939E-10   4.04105321768688E-08
 34   19     4.66557085488045E-09   2.47275255308664E-07
 35   19     1.03106031731845E-10   5.56772571351963E-09
 36   19     7.32587733594866E-11   4.02923253477176E-09
 37   19     2.74302365117092E-12   1.53609324465572E-10
 38   19     1.83199308789634E-10   1.04423606010092E-08
 39   19     5.57427025730093E-20   3.23307674923454E-18
 40   19     1.50396775612858E-16   8.87340976115860E-15
 41   19     1.00000000000000E-99   1.00000000000000E-99
 42   19     1.78441714836738E-25   1.08849446050410E-23
 43   19     1.00000000000000E-99   1.00000000000000E-99
 44   19     1.00000000000000E-99   1.00000000000000E-99
 45   19     1.00000000000000E-99   1.00000000000000E-99
 46   19     1.00000000000000E-99   1.00000000000000E-99
 47   19     1.00000000000000E-99   1.00000000000000E-99
 48   19     1.00000000000000E-99   1.00000000000000E-99
 49   19     1.00000000000000E-99   1.00000000000000E-99
 50   19     1.00000000000000E-99   1.00000000000000E-99
 51   19     1.00000000000000E-99   1.00000000000000E-99
 10   20     1.00000000000000E-99   1.00000000000000E-99
 11   20     1.00000000000000E-99   1.00000000000000E-99
 12   20     1.00000000000000E-99   1.00000000000000E-99
 13   20     1.00000000000000E-99   1.00000000000000E-99
 14   20     1.00000000000000E-99   1.00000000000000E-99
 15   20     1.00000000000000E-99   1.00000000000000E-99
 16   20     1.00000000000000E-99   1.00000000000000E-99
 17   20     1.00000000000000E-99   1.00000000000000E-99
 18   20     1.00000000000000E-99   1.00000000000000E-99
 19   20     1.00000000000000E-99   1.00000000000000E-99
 20   20     1.00000000000000E-99   1.00000000000000E-99
 21   20     1.00000000000000E-99   1.00000000000000E-99
 22   20     1.00000000000000E-99   1.00000000000000E-99
 23   20     1.00000000000000E-99   1.00000000000000E-99
 24   20     1.00000000000000E-99   1.00000000000000E-99
 25   20     3.18672176910737E-23   1.43402479609831E-21
 26   20     4.31357439172378E-20   1.98424422019294E-18
 27   20     1.03871677312379E-16   4.88196883368181E-15
 28   20     1.30543665810202E-13   6.26609595888970E-12
 29   20     1.24420841522243E-13   6.09662123458989E-12
 30   20     6.44232993559860E-12   3.22116496779930E-10
 31   20     5.65834820750509E-11   2.88575758582760E-09
 32   20     8.89247063569717E-10   4.62408473056253E-08
 33   20     3.54469583720569E-10   1.87868879371901E-08
 34   20     8.16140274003447E-10   4.40715747961862E-08
 35   20     8.60878362501853E-10   4.73483099376019E-08
 36   20     4.67356682890838E-09   2.61719742418869E-07
 37   20     3.62679834926928E-16   2.06727505908349E-14
 38   20     2.96023752357532E-10   1.71693776367368E-08
 39   20     3.84618486378501E-18   2.26924906963316E-16
 40   20     2.31447747554159E-14   1.38868648532495E-12
 41   20     3.28868600514729E-19   2.00609846313985E-17
 42   20     4.16807463582378E-16   2.58420627421074E-14
 43   20     1.00000000000000E-99   1.00000000000000E-99
 44   20     1.00000000000000E-99   1.00000000000000E-99
 45   20     1.00000000000000E-99   1.00000000000000E-99
 46   20     1.00000000000000E-99   1.00000000000000E-99
 47   20     1.00000000000000E-99   1.00000000000000E-99
 48   20     1.00000000000000E-99   1.00000000000000E-99
 49   20     1.00000000000000E-99   1.00000000000000E-99
 50   20     1.00000000000000E-99   1.00000000000000E-99
 51   20     1.00000000000000E-99   1.00000000000000E-99
 52   20     1.00000000000000E-99   1.00000000000000E-99
 53   20     1.00000000000000E-99   1.00000000000000E-99
 11   21     1.00000000000000E-99   1.00000000000000E-99
 12   21     1.00000000000000E-99   1.00000000000000E-99
 13   21     1.00000000000000E-99   1.00000000000000E-99
 14   21     1.00000000000000E-99   1.00000000000000E-99
 15   21     1.00000000000000E-99   1.00000000000000E-99
 16   21     1.00000000000000E-99   1.00000000000000E-99
 17   21     1.00000000000000E-99   1.00000000000000E-99
 18   21     1.00000000000000E-99   1.00000000000000E-99
 19   21     1.00000000000000E-99   1.00000000000000E-99
 20   21     1.00000000000000E-99   1.00000000000000E-99
 21   21     1.00000000000000E-99   1.00000000000000E-99
 22   21     1.00000000000000E-99   1.00000000000000E-99
 23   21     1.00000000000000E-99   1.00000000000000E-99
 24   21     1.00000000000000E-99   1.00000000000000E-99
 25   21     1.00000000000000E-99   1.00000000000000E-99
 26   21     1.00000000000000E-99   1.00000000000000E-99
 27   21     1.00000000000000E-99   1.00000000000000E-99
 28   21     1.39474823076855E-19   6.83426633076591E-18
 29   21     2.36246747173581E-16   1.18123373586790E-14
 30   21     9.35443056262552E-15   4.77075958693902E-13
 31   21     7.35276688694032E-13   3.82343878120897E-11
 32   21     1.33635681690078E-11   7.08269112957416E-10
 33   21     5.71651095865746E-11   3.08691591767503E-09
 34   21     3.27886855184622E-10   1.80337770351542E-08
 35   21     3.96776093303210E-10   2.22194612249797E-08
 36   21     3.62217802864851E-09   2.06464147632965E-07
 37   21     2.39415340741077E-10   1.38860897629824E-08
 38   21     1.37561088232975E-09   8.11610420574551E-08
 39   21     7.74542545297470E-11   4.64725527178482E-09
 40   21     8.35920189005876E-10   5.09911315293584E-08
 41   21     2.78047358357412E-19   1.72389362181595E-17
 42   21     1.94574445704586E-15   1.22581900793889E-13
 43   21     1.13263463516090E-20   7.24886166502977E-19
 44   21     8.58313270506531E-17   5.57903625829245E-15
 45   21     1.00000000000000E-99   1.00000000000000E-99
 46   21     2.26371215766414E-23   1.51668714563498E-21
 47   21     1.00000000000000E-99   1.00000000000000E-99
 48   21     1.00000000000000E-99   1.00000000000000E-99
 49   21     1.00000000000000E-99   1.00000000000000E-99
 50   21     1.00000000000000E-99   1.00000000000000E-99
 51   21     1.00000000000000E-99   1.00000000000000E-99
 52   21     1.00000000000000E-99   1.00000000000000E-99
 53   21     1.00000000000000E-99   1.00000000000000E-99
 54   21     1.00000000000000E-99   1.00000000000000E-99
 55   21     1.00000000000000E-99   1.00000000000000E-99
 12   22     1.00000000000000E-99   1.00000000000000E-99
 13   22     1.00000000000000E-99   1.00000000000000E-99
 14   22     1.00000000000000E-99   1.00000000000000E-99
 15   22     1.00000000000000E-99   1.00000000000000E-99
 16   22     1.00000000000000E-99   1.00000000000000E-99
 17   22     1.00000000000000E-99   1.00000000000000E-99
 18   22     1.00000000000000E-99   1.00000000000000E-99
 19   22     1.00000000000000E-99   1.00000000000000E-99
 20   22     1.00000000000000E-99   1.00000000000000E-99
 21   22     1.00000000000000E-99   1.00000000000000E-99
 22   22     1.00000000000000E-99   1.00000000000000E-99
 23   22     1.00000000000000E-99   1.00000000000000E-99
 24   22     1.00000000000000E-99   1.00000000000000E-99
 25   22     1.00000000000000E-99   1.00000000000000E-99
 26   22     1.00000000000000E-99   1.00000000000000E-99
 27   22     1.00000000000000E-99   1.00000000000000E-99
 28   22     9.61671142284160E-22   4.80835571142080E-20
 29   22     2.71770178848963E-19   1.38602791212971E-17
 30   22     6.01557930235080E-17   3.12810123722242E-15
 31   22     5.25248791790481E-15   2.78381859648955E-13
 32   22     1.26155708535223E-12   6.81240826090206E-11
 33   22     1.11034969696812E-11   6.10692333332465E-10
 34   22     3.42388754966878E-10   1.91737702781452E-08
 35   22     2.87468000914709E-10   1.63856760521384E-08
 36   22     1.09216375156728E-09   6.33454975909023E-08
 37   22     5.32495365199172E-10   3.14172265467512E-08
 38   22     2.63793183834951E-09   1.58275910300971E-07
 39   22     7.52081948717481E-10   4.58769988717663E-08
 40   22     6.00301336725755E-09   3.72186828769968E-07
 41   22     3.53228397455565E-12   2.22533890397006E-10
 42   22     4.00940841815150E-09   2.56602138761696E-07
 43   22     1.99831266957684E-17   1.29890323522495E-15
 44   22     6.72724494921745E-13   4.43998166648352E-11
 45   22     3.45707312743657E-21   2.31623899538250E-19
 46   22     1.89667269238496E-16   1.28973743082177E-14
 47   22     1.00000000000000E-99   1.00000000000000E-99
 48   22     1.01518293655346E-23   7.10628055587420E-22
 49   22     1.00000000000000E-99   1.00000000000000E-99
 50   22     1.00000000000000E-99   1.00000000000000E-99
 51   22     1.00000000000000E-99   1.00000000000000E-99
 52   22     1.00000000000000E-99   1.00000000000000E-99
 53   22     1.00000000000000E-99   1.00000000000000E-99
 54   22     1.00000000000000E-99   1.00000000000000E-99
 55   22     1.00000000000000E-99   1.00000000000000E-99
 56   22     1.00000000000000E-99   1.00000000000000E-99
 57   22     1.00000000000000E-99   1.00000000000000E-99
 58   22     1.00000000000000E-99   1.00000000000000E-99
 13   23     1.00000000000000E-99   1.00000000000000E-99
 14   23     1.00000000000000E-99   1.00000000000000E-99
 15   23     1.00000000000000E-99   1.00000000000000E-99
 16   23     1.00000000000000E-99   1.00000000000000E-99
 17   23     1.00000000000000E-99   1.00000000000000E-99
 18   23     1.00000000000000E-99   1.00000000000000E-99
 19   23     1.00000000000000E-99   1.00000000000000E-99
 20   23     1.00000000000000E-99   1.00000000000000E-99
 21   23     1.00000000000000E-99   1.00000000000000E-99
 22   23     1.00000000000000E-99   1.00000000000000E-99
 23   23     1.00000000000000E-99   1.00000000000000E-99
 24   23     1.00000000000000E-99   1.00000000000000E-99
 25   23     1.00000000000000E-99   1.00000000000000E-99
 26   23     1.00000000000000E-99   1.00000000000000E-99
 27   23     1.00000000000000E-99   1.00000000000000E-99
 28   23     1.00000000000000E-99   1.00000000000000E-99
 29   23     5.84927131188928E-23   3.04162108218243E-21
 30   23     3.05863818906530E-20   1.62107824020461E-18
 31   23     6.39705284850911E-18   3.45440853819492E-16
 32   23     2.95485908660266E-15   1.62517249763146E-13
 33   23     2.77165927679782E-13   1.55212919500678E-11
 34   23     4.37117672277671E-12   2.49157073198272E-10
 35   23     6.58735686443592E-12   3.82066698137284E-10
 36   23     6.40514377008766E-11   3.77903482435172E-09
 37   23     2.56700951616554E-11   1.54020570969932E-09
 38   23     5.51469685835642E-10   3.36396508359741E-08
 39   23     3.09242905011599E-10   1.91730601107191E-08
 40   23     6.34373762909246E-09   3.99655470632825E-07
 41   23     1.03644792727466E-10   6.63326673455783E-09
 42   23     9.98692169304896E-10   6.49149910048183E-08
 43   23     5.40315886940871E-11   3.56608485380975E-09
 44   23     3.34460521718222E-10   2.24088549551209E-08
 45   23     2.08163376364348E-11   1.41551095927757E-09
 46   23     9.12461978557823E-11   6.29598765204898E-09
 47   23     2.62112886148274E-14   1.83479020303792E-12
 48   23     5.13852666885869E-12   3.64835393488967E-10
 49   23     3.57959399458971E-16   2.57730767610459E-14
 50   23     5.86745253285923E-14   4.28324034898724E-12
 51   23     1.00000000000000E-99   1.00000000000000E-99
 52   23     1.00000000000000E-99   1.00000000000000E-99
 53   23     1.00000000000000E-99   1.00000000000000E-99
 54   23     1.00000000000000E-99   1.00000000000000E-99
 55   23     1.00000000000000E-99   1.00000000000000E-99
 56   23     1.00000000000000E-99   1.00000000000000E-99
 57   23     1.00000000000000E-99   1.00000000000000E-99
 58   23     1.00000000000000E-99   1.00000000000000E-99
 59   23     1.00000000000000E-99   1.00000000000000E-99
 60   23     1.00000000000000E-99   1.00000000000000E-99
 14   24     1.00000000000000E-99   1.00000000000000E-99
 15   24     1.00000000000000E-99   1.00000000000000E-99
 16   24     1.00000000000000E-99   1.00000000000000E-99
 17   24     1.00000000000000E-99   1.00000000000000E-99
 18   24     1.00000000000000E-99   1.00000000000000E-99
 19   24     1.00000000000000E-99   1.00000000000000E-99
 20   24     1.00000000000000E-99   1.00000000000000E-99
 21   24     1.00000000000000E-99   1.00000000000000E-99
 22   24     1.00000000000000E-99   1.00000000000000E-99
 23   24     1.00000000000000E-99   1.00000000000000E-99
 24   24     1.00000000000000E-99   1.00000000000000E-99
 25   24     1.00000000000000E-99   1.00000000000000E-99
 26   24     1.00000000000000E-99   1.00000000000000E-99
 27   24     1.00000000000000E-99   1.00000000000000E-99
 28   24     1.00000000000000E-99   1.00000000000000E-99
 29   24     1.00000000000000E-99   1.00000000000000E-99
 30   24     4.41281426758481E-23   2.38291970449580E-21
 31   24     7.61379743562950E-20   4.18758858959623E-18
 32   24     2.06283666050643E-16   1.15518852988360E-14
 33   24     4.61664203240960E-15   2.63148595847347E-13
 34   24     7.92209013970365E-14   4.59481228102812E-12
 35   24     2.35035351930713E-13   1.38670857639120E-11
 36   24     1.82365167691737E-12   1.09419100615042E-10
 37   24     4.41369660643419E-12   2.69235492992486E-10
 38   24     3.41066127986996E-10   2.11460999351937E-08
 39   24     2.88070600517919E-10   1.81484478326289E-08
 40   24     2.05991441400712E-09   1.31834522496455E-07
 41   24     1.87073227083217E-10   1.21597597604091E-08
 42   24     9.92363003826358E-10   6.54959582525397E-08
 43   24     4.28733888074148E-10   2.87251705009679E-08
 44   24     1.75636930152895E-09   1.19433112503968E-07
 45   24     3.54157424979842E-10   2.44368623236091E-08
 46   24     2.16153742370428E-09   1.51307619659300E-07
 47   24     1.26943963836491E-11   9.01302143239090E-10
 48   24     7.07658870946590E-10   5.09514387081545E-08
 49   24     3.65182013638458E-12   2.66582869956074E-10
 50   24     9.61856761048716E-11   7.11774003176050E-09
 51   24     1.00000000000000E-99   1.00000000000000E-99
 52   24     1.13012865572202E-25   8.58897778348736E-24
 53   24     1.00000000000000E-99   1.00000000000000E-99
 54   24     1.00000000000000E-99   1.00000000000000E-99
 55   24     1.00000000000000E-99   1.00000000000000E-99
 56   24     1.00000000000000E-99   1.00000000000000E-99
 57   24     1.00000000000000E-99   1.00000000000000E-99
 58   24     1.00000000000000E-99   1.00000000000000E-99
 59   24     1.00000000000000E-99   1.00000000000000E-99
 60   24     1.00000000000000E-99   1.00000000000000E-99
 61   24     1.00000000000000E-99   1.00000000000000E-99
 62   24     1.00000000000000E-99   1.00000000000000E-99
 15   25     1.00000000000000E-99   1.00000000000000E-99
 16   25     1.00000000000000E-99   1.00000000000000E-99
 17   25     1.00000000000000E-99   1.00000000000000E-99
 18   25     1.00000000000000E-99   1.00000000000000E-99
 19   25     1.00000000000000E-99   1.00000000000000E-99
 20   25     1.00000000000000E-99   1.00000000000000E-99
 21   25     1.00000000000000E-99   1.00000000000000E-99
 22   25     1.00000000000000E-99   1.00000000000000E-99
 23   25     1.00000000000000E-99   1.00000000000000E-99
 24   25     1.00000000000000E-99   1.00000000000000E-99
 25   25     1.00000000000000E-99   1.00000000000000E-99
 26   25     1.00000000000000E-99   1.00000000000000E-99
 27   25     1.00000000000000E-99   1.00000000000000E-99
 28   25     1.00000000000000E-99   1.00000000000000E-99
 29   25     1.00000000000000E-99   1.00000000000000E-99
 30   25     1.00000000000000E-99   1.00000000000000E-99
 31   25     2.18576542732317E-23   1.22402863930098E-21
 32   25     2.99782565212280E-20   1.70876062171000E-18
 33   25     7.23985528864566E-19   4.19911606741448E-17
 34   25     5.58772960029629E-17   3.29676046417481E-15
 35   25     3.77484352253422E-16   2.26490611352053E-14
 36   25     1.09724588442727E-14   6.69319989500635E-13
 37   25     1.76854470669300E-13   1.09649771814966E-11
 38   25     1.27322538606748E-12   8.02131993222515E-11
 39   25     3.94361964438394E-12   2.52391657240572E-10
 40   25     4.96736620479453E-11   3.22878803311644E-09
 41   25     7.47178454363705E-12   4.93137779880046E-10
 42   25     2.88976782844391E-10   1.93614444505742E-08
 43   25     6.80590975226313E-11   4.62801863153893E-09
 44   25     8.89342183433697E-10   6.13646106569251E-08
 45   25     6.37935691941544E-11   4.46554984359081E-09
 46   25     1.68027659415673E-09   1.19299638185128E-07
 47   25     1.94900917041355E-10   1.40328660269776E-08
 48   25     6.67725197095587E-10   4.87439393879778E-08
 49   25     5.60427200758023E-11   4.14716128560937E-09
 50   25     2.40418912466804E-10   1.80314184350103E-08
 51   25     3.15593171809172E-22   2.39850810574971E-20
 52   25     4.23217913719545E-20   3.25877793564049E-18
 53   25     1.00000000000000E-99   1.00000000000000E-99
 54   25     1.00000000000000E-99   1.00000000000000E-99
 55   25     1.00000000000000E-99   1.00000000000000E-99
 56   25     1.00000000000000E-99   1.00000000000000E-99
 57   25     1.00000000000000E-99   1.00000000000000E-99
 58   25     1.00000000000000E-99   1.00000000000000E-99
 59   25     1.00000000000000E-99   1.00000000000000E-99
 60   25     1.00000000000000E-99   1.00000000000000E-99
 61   25     1.00000000000000E-99   1.00000000000000E-99
 62   25     1.00000000000000E-99   1.00000000000000E-99
 63   25     1.00000000000000E-99   1.00000000000000E-99
 64   25     1.00000000000000E-99   1.00000000000000E-99
 16   26     1.00000000000000E-99   1.00000000000000E-99
 17   26     1.00000000000000E-99   1.00000000000000E-99
 18   26     1.00000000000000E-99   1.00000000000000E-99
 19   26     1.00000000000000E-99   1.00000000000000E-99
 20   26     1.00000000000000E-99   1.00000000000000E-99
 21   26     1.00000000000000E-99   1.00000000000000E-99
 22   26     1.00000000000000E-99   1.00000000000000E-99
 23   26     1.00000000000000E-99   1.00000000000000E-99
 24   26     1.00000000000000E-99   1.00000000000000E-99
 25   26     1.00000000000000E-99   1.00000000000000E-99
 26   26     1.00000000000000E-99   1.00000000000000E-99
 27   26     1.00000000000000E-99   1.00000000000000E-99
 28   26     1.00000000000000E-99   1.00000000000000E-99
 29   26     1.00000000000000E-99   1.00000000000000E-99
 30   26     1.00000000000000E-99   1.00000000000000E-99
 31   26     1.00000000000000E-99   1.00000000000000E-99
 32   26     1.42070968794980E-23   8.24011619010882E-22
 33   26     7.12644114277383E-22   4.20460027423656E-20
 34   26     6.98051036057946E-19   4.18830621634767E-17
 35   26     6.74569941982096E-18   4.11487664609078E-16
 36   26     5.52459051170063E-16   3.42524611725439E-14
 37   26     5.05266729022555E-15   3.18318039284210E-13
 38   26     5.74311676801160E-14   3.67559473152743E-12
 39   26     1.73950107914216E-13   1.13067570144240E-11
 40   26     9.92174725300377E-13   6.54835318698249E-11
 41   26     3.58330329348945E-12   2.40081320663793E-10
 42   26     5.39751277924390E-11   3.67030868988585E-09
 43   26     6.27601495514328E-11   4.33045031904886E-09
 44   26     4.29219828239705E-10   3.00453879767793E-08
 45   26     6.07415974744557E-10   4.31265342068635E-08
 46   26     2.41797413012833E-09   1.74094137369240E-07
 47   26     7.23844991978224E-10   5.28406844144103E-08
 48   26     4.72580733261988E-09   3.49709742613871E-07
 49   26     1.29488278447533E-09   9.71162088356496E-08
 50   26     1.90581264232004E-08   1.44841760816323E-06
 51   26     3.86181918077882E-20   2.97360076919969E-18
 52   26     1.24241861532525E-14   9.69086519953696E-13
 53   26     1.00000000000000E-99   1.00000000000000E-99
 54   26     1.59045422938288E-24   1.27236338350630E-22
 55   26     1.00000000000000E-99   1.00000000000000E-99
 56   26     1.00000000000000E-99   1.00000000000000E-99
 57   26     1.00000000000000E-99   1.00000000000000E-99
 58   26     1.00000000000000E-99   1.00000000000000E-99
 59   26     1.00000000000000E-99   1.00000000000000E-99
 60   26     1.00000000000000E-99   1.00000000000000E-99
 61   26     1.00000000000000E-99   1.00000000000000E-99
 62   26     1.00000000000000E-99   1.00000000000000E-99
 63   26     1.00000000000000E-99   1.00000000000000E-99
 64   26     1.00000000000000E-99   1.00000000000000E-99
 65   26     1.00000000000000E-99   1.00000000000000E-99
 66   26     1.00000000000000E-99   1.00000000000000E-99
 17   27     1.00000000000000E-99   1.00000000000000E-99
 18   27     1.00000000000000E-99   1.00000000000000E-99
 19   27     1.00000000000000E-99   1.00000000000000E-99
 20   27     1.00000000000000E-99   1.00000000000000E-99
 21   27     1.00000000000000E-99   1.00000000000000E-99
 22   27     1.00000000000000E-99   1.00000000000000E-99
 23   27     1.00000000000000E-99   1.00000000000000E-99
 24   27     1.00000000000000E-99   1.00000000000000E-99
 25   27     1.00000000000000E-99   1.00000000000000E-99
 26   27     1.00000000000000E-99   1.00000000000000E-99
 27   27     1.00000000000000E-99   1.00000000000000E-99
 28   27     1.00000000000000E-99   1.00000000000000E-99
 29   27     1.00000000000000E-99   1.00000000000000E-99
 30   27     1.00000000000000E-99   1.00000000000000E-99
 31   27     1.00000000000000E-99   1.00000000000000E-99
 32   27     1.00000000000000E-99   1.00000000000000E-99
 33   27     1.00000000000000E-99   1.00000000000000E-99
 34   27     2.03698844351423E-24   1.24256295054368E-22
 35   27     2.61892067506981E-22   1.62373081854328E-20
 36   27     9.80396771846748E-20   6.17649966263451E-18
 37   27     1.36584685673574E-18   8.74141988310873E-17
 38   27     4.44151579084088E-17   2.88698526404657E-15
 39   27     1.01839913774707E-16   6.72143430913065E-15
 40   27     2.93462350421521E-15   1.96619774782419E-13
 41   27     1.83334478208626E-14   1.24667445181866E-12
 42   27     1.08198966170834E-12   7.46572866578754E-11
 43   27     1.08854317353049E-12   7.61980221471342E-11
 44   27     3.59935086760336E-11   2.55553911599838E-09
 45   27     1.75841450868134E-11   1.26605844625056E-09
 46   27     2.30395495243255E-10   1.68188711527576E-08
 47   27     3.37374004467363E-11   2.49656763305849E-09
 48   27     3.67792844814179E-09   2.75844633610635E-07
 49   27     1.14244743457869E-09   8.68260050279808E-08
 50   27     6.85776296281816E-09   5.28047748136999E-07
 51   27     5.80987829286329E-13   4.53170506843337E-11
 52   27     9.55675005062720E-10   7.54983253999549E-08
 53   27     1.37569365118695E-18   1.10055492094956E-16
 54   27     8.31632266362662E-15   6.73622135753756E-13
 55   27     1.00000000000000E-99   1.00000000000000E-99
 56   27     2.33620721909767E-24   1.93905199185107E-22
 57   27     1.00000000000000E-99   1.00000000000000E-99
 58   27     1.00000000000000E-99   1.00000000000000E-99
 59   27     1.00000000000000E-99   1.00000000000000E-99
 60   27     1.00000000000000E-99   1.00000000000000E-99
 61   27     1.00000000000000E-99   1.00000000000000E-99
 62   27     1.00000000000000E-99   1.00000000000000E-99
 63   27     1.00000000000000E-99   1.00000000000000E-99
 64   27     1.00000000000000E-99   1.00000000000000E-99
 65   27     1.00000000000000E-99   1.00000000000000E-99
 66   27     1.00000000000000E-99   1.00000000000000E-99
 67   27     1.00000000000000E-99   1.00000000000000E-99
 68   27     1.00000000000000E-99   1.00000000000000E-99
 69   27     1.00000000000000E-99   1.00000000000000E-99
 18   28     1.00000000000000E-99   1.00000000000000E-99
 19   28     1.00000000000000E-99   1.00000000000000E-99
 20   28     1.00000000000000E-99   1.00000000000000E-99
 21   28     1.00000000000000E-99   1.00000000000000E-99
 22   28     1.00000000000000E-99   1.00000000000000E-99
 23   28     1.00000000000000E-99   1.00000000000000E-99
 24   28     1.00000000000000E-99   1.00000000000000E-99
 25   28     1.00000000000000E-99   1.00000000000000E-99
 26   28     1.00000000000000E-99   1.00000000000000E-99
 27   28     1.00000000000000E-99   1.00000000000000E-99
 28   28     1.00000000000000E-99   1.00000000000000E-99
 29   28     1.00000000000000E-99   1.00000000000000E-99
 30   28     1.00000000000000E-99   1.00000000000000E-99
 31   28     1.00000000000000E-99   1.00000000000000E-99
 32   28     1.00000000000000E-99   1.00000000000000E-99
 33   28     1.00000000000000E-99   1.00000000000000E-99
 34   28     1.00000000000000E-99   1.00000000000000E-99
 35   28     2.50585540594290E-25   1.57868890574403E-23
 36   28     8.66100130285899E-22   5.54304083382975E-20
 37   28     3.55509896373305E-21   2.31081432642648E-19
 38   28     1.95784790798117E-19   1.29217961926757E-17
 39   28     1.72920958177447E-18   1.15857041978889E-16
 40   28     1.42771927380139E-16   9.70849106184942E-15
 41   28     2.57414963289198E-15   1.77616324669547E-13
 42   28     3.46975311598256E-14   2.42882718118779E-12
 43   28     2.57621364879495E-13   1.82911169064442E-11
 44   28     1.58184913046046E-12   1.13893137393153E-10
 45   28     5.57248786747101E-12   4.06791614325384E-10
 46   28     7.57511658391754E-11   5.60558627209898E-09
 47   28     5.04949854381241E-10   3.78712390785931E-08
 48   28     1.64323307095448E-09   1.24885713392541E-07
 49   28     4.79925786540433E-09   3.69542855636134E-07
 50   28     5.13948333834248E-08   4.00879700390713E-06
 51   28     1.32014585168875E-15   1.04291522283412E-13
 52   28     3.05994446748150E-08   2.44795557398520E-06
 53   28     1.19423863967975E-18   9.67333298140598E-17
 54   28     8.63098067188385E-11   7.07740415094476E-09
 55   28     1.00000000000000E-99   1.00000000000000E-99
 56   28     7.54475518641325E-23   6.33759435658713E-21
 57   28     1.00000000000000E-99   1.00000000000000E-99
 58   28     1.00000000000000E-99   1.00000000000000E-99
 59   28     1.00000000000000E-99   1.00000000000000E-99
 60   28     1.00000000000000E-99   1.00000000000000E-99
 61   28     1.00000000000000E-99   1.00000000000000E-99
 62   28     1.00000000000000E-99   1.00000000000000E-99
 63   28     1.00000000000000E-99   1.00000000000000E-99
 64   28     1.00000000000000E-99   1.00000000000000E-99
 65   28     1.00000000000000E-99   1.00000000000000E-99
 66   28     1.00000000000000E-99   1.00000000000000E-99
 67   28     1.00000000000000E-99   1.00000000000000E-99
 68   28     1.00000000000000E-99   1.00000000000000E-99
 69   28     1.00000000000000E-99   1.00000000000000E-99
 70   28     1.00000000000000E-99   1.00000000000000E-99
 71   28     1.00000000000000E-99   1.00000000000000E-99
 19   29     1.00000000000000E-99   1.00000000000000E-99
 20   29     1.00000000000000E-99   1.00000000000000E-99
 21   29     1.00000000000000E-99   1.00000000000000E-99
 22   29     1.00000000000000E-99   1.00000000000000E-99
 23   29     1.00000000000000E-99   1.00000000000000E-99
 24   29     1.00000000000000E-99   1.00000000000000E-99
 25   29     1.00000000000000E-99   1.00000000000000E-99
 26   29     1.00000000000000E-99   1.00000000000000E-99
 27   29     1.00000000000000E-99   1.00000000000000E-99
 28   29     1.00000000000000E-99   1.00000000000000E-99
 29   29     1.00000000000000E-99   1.00000000000000E-99
 30   29     1.00000000000000E-99   1.00000000000000E-99
 31   29     1.00000000000000E-99   1.00000000000000E-99
 32   29     1.00000000000000E-99   1.00000000000000E-99
 33   29     1.00000000000000E-99   1.00000000000000E-99
 34   29     1.00000000000000E-99   1.00000000000000E-99
 35   29     1.00000000000000E-99   1.00000000000000E-99
 36   29     1.00000000000000E-99   1.00000000000000E-99
 37   29     1.00000000000000E-99   1.00000000000000E-99
 38   29     4.83331544360834E-24   3.23832134721759E-22
 39   29     1.49645444274228E-22   1.01758902106475E-20
 40   29     2.52566389912382E-20   1.74270809039544E-18
 41   29     1.70732606207032E-19   1.19512824344922E-17
 42   29     1.51400666427618E-17   1.07494473163609E-15
 43   29     3.61497146770018E-17   2.60277945674413E-15
 44   29     3.22684808223752E-15   2.35559910003339E-13
 45   29     1.74681919946604E-14   1.29264620760487E-12
 46   29     2.02462468990543E-12   1.51846851742908E-10
 47   29     4.83140980908851E-12   3.67187145490727E-10
 48   29     2.72214258388775E-10   2.09604978959356E-08
 49   29     4.68052060946489E-10   3.65080607538261E-08
 50   29     9.15712469568544E-09   7.23412850959150E-07
 51   29     2.35806546488613E-10   1.88645237190890E-08
 52   29     2.83801598529843E-09   2.29879294809173E-07
 53   29     8.00188137779231E-11   6.56154272978969E-09
 54   29     3.43578487011451E-09   2.85170144219504E-07
 55   29     8.66954846971898E-14   7.28242071456394E-12
 56   29     1.23507152616476E-09   1.04981079724005E-07
 57   29     1.95042543158438E-18   1.67736587116257E-16
 58   29     6.43370823770504E-16   5.59732616680339E-14
 59   29     3.65582202817304E-25   3.21712338479228E-23
 60   29     1.85815655702304E-19   1.65375933575050E-17
 61   29     1.00000000000000E-99   1.00000000000000E-99
 62   29     1.00000000000000E-99   1.00000000000000E-99
 63   29     1.00000000000000E-99   1.00000000000000E-99
 64   29     1.00000000000000E-99   1.00000000000000E-99
 65   29     1.00000000000000E-99   1.00000000000000E-99
 66   29     1.00000000000000E-99   1.00000000000000E-99
 67   29     1.00000000000000E-99   1.00000000000000E-99
 68   29     1.00000000000000E-99   1.00000000000000E-99
 69   29     1.00000000000000E-99   1.00000000000000E-99
 70   29     1.00000000000000E-99   1.00000000000000E-99
 71   29     1.00000000000000E-99   1.00000000000000E-99
 72   29     1.00000000000000E-99   1.00000000000000E-99
 73   29     1.00000000000000E-99   1.00000000000000E-99
 21   30     1.00000000000000E-99   1.00000000000000E-99
 22   30     1.00000000000000E-99   1.00000000000000E-99
 23   30     1.00000000000000E-99   1.00000000000000E-99
 24   30     1.00000000000000E-99   1.00000000000000E-99
 25   30     1.00000000000000E-99   1.00000000000000E-99
 26   30     1.00000000000000E-99   1.00000000000000E-99
 27   30     1.00000000000000E-99   1.00000000000000E-99
 28   30     1.00000000000000E-99   1.00000000000000E-99
 29   30     1.00000000000000E-99   1.00000000000000E-99
 30   30     1.00000000000000E-99   1.00000000000000E-99
 31   30     1.00000000000000E-99   1.00000000000000E-99
 32   30     1.00000000000000E-99   1.00000000000000E-99
 33   30     1.00000000000000E-99   1.00000000000000E-99
 34   30     1.00000000000000E-99   1.00000000000000E-99
 35   30     1.00000000000000E-99   1.00000000000000E-99
 36   30     1.00000000000000E-99   1.00000000000000E-99
 37   30     1.00000000000000E-99   1.00000000000000E-99
 38   30     1.00000000000000E-99   1.00000000000000E-99
 39   30     1.00000000000000E-99   1.00000000000000E-99
 40   30     3.12766444676619E-25   2.18936511273633E-23
 41   30     3.11444190495708E-23   2.21125375251953E-21
 42   30     1.09752390637824E-21   7.90217212592332E-20
 43   30     6.34527512058169E-20   4.63205083802463E-18
 44   30     3.79865269548111E-17   2.81100299465602E-15
 45   30     4.28618732236247E-16   3.21464049177185E-14
 46   30     1.65881594771361E-13   1.26070012026234E-11
 47   30     1.41032915116362E-12   1.08595344639599E-10
 48   30     2.92831649343769E-11   2.28408686488140E-09
 49   30     1.81461507921458E-10   1.43354591257951E-08
 50   30     3.95991379609490E-10   3.16793103687592E-08
 51   30     2.48046180784520E-10   2.00917406435461E-08
 52   30     2.03265854832745E-09   1.66678000962851E-07
 53   30     3.56406176023895E-10   2.95817126099833E-08
 54   30     4.24063654072908E-09   3.56213469421242E-07
 55   30     6.39195871045732E-11   5.43316490388872E-09
 56   30     7.78321650147438E-09   6.69356619126797E-07
 57   30     6.10475455915621E-18   5.31113646646590E-16
 58   30     1.79107688961267E-12   1.57614766285915E-10
 59   30     3.50386885123273E-22   3.11844327759713E-20
 60   30     2.98462345092131E-15   2.68616110582918E-13
 61   30     1.00000000000000E-99   1.00000000000000E-99
 62   30     2.39889503903376E-22   2.20698343591106E-20
 63   30     1.00000000000000E-99   1.00000000000000E-99
 64   30     1.00000000000000E-99   1.00000000000000E-99
 65   30     1.00000000000000E-99   1.00000000000000E-99
 66   30     1.00000000000000E-99   1.00000000000000E-99
 67   30     1.00000000000000E-99   1.00000000000000E-99
 68   30     1.00000000000000E-99   1.00000000000000E-99
 69   30     1.00000000000000E-99   1.00000000000000E-99
 70   30     1.00000000000000E-99   1.00000000000000E-99
 71   30     1.00000000000000E-99   1.00000000000000E-99
 72   30     1.00000000000000E-99   1.00000000000000E-99
 73   30     1.00000000000000E-99   1.00000000000000E-99
 74   30     1.00000000000000E-99   1.00000000000000E-99
 75   30     1.00000000000000E-99   1.00000000000000E-99
 22   31     1.00000000000000E-99   1.00000000000000E-99
 23   31     1.00000000000000E-99   1.00000000000000E-99
 24   31     1.00000000000000E-99   1.00000000000000E-99
 25   31     1.00000000000000E-99   1.00000000000000E-99
 26   31     1.00000000000000E-99   1.00000000000000E-99
 27   31     1.00000000000000E-99   1.00000000000000E-99
 28   31     1.00000000000000E-99   1.00000000000000E-99
 29   31     1.00000000000000E-99   1.00000000000000E-99
 30   31     1.00000000000000E-99   1.00000000000000E-99
 31   31     1.00000000000000E-99   1.00000000000000E-99
 32   31     1.00000000000000E-99   1.00000000000000E-99
 33   31     1.00000000000000E-99   1.00000000000000E-99
 34   31     1.00000000000000E-99   1.00000000000000E-99
 35   31     1.00000000000000E-99   1.00000000000000E-99
 36   31     1.00000000000000E-99   1.00000000000000E-99
 37   31     1.00000000000000E-99   1.00000000000000E-99
 38   31     1.00000000000000E-99   1.00000000000000E-99
 39   31     1.00000000000000E-99   1.00000000000000E-99
 40   31     1.00000000000000E-99   1.00000000000000E-99
 41   31     1.00000000000000E-99   1.00000000000000E-99
 42   31     1.00000000000000E-99   1.00000000000000E-99
 43   31     6.71613718564598E-24   4.96994151737802E-22
 44   31     5.67809335189682E-21   4.25857001392261E-19
 45   31     5.93378494383613E-19   4.50967655731546E-17
 46   31     1.68828528265800E-16   1.29997966764666E-14
 47   31     1.61871634174997E-15   1.26259874656497E-13
 48   31     1.05089763817410E-13   8.30209134157539E-12
 49   31     3.67473438195144E-14   2.93978750556115E-12
 50   31     1.27253113541834E-11   1.03075021968886E-09
 51   31     2.76221071088809E-12   2.26501278292823E-10
 52   31     4.94272504413543E-11   4.10246178663241E-09
 53   31     1.59759482273871E-11   1.34197965110052E-09
 54   31     1.49716029489993E-09   1.27258625066494E-07
 55   31     4.82143305712681E-10   4.14643242912906E-08
 56   31     4.41392920178374E-09   3.84011840555185E-07
 57   31     8.50607395864817E-11   7.48534508361039E-09
 58   31     1.44812201433431E-09   1.28882859275754E-07
 59   31     3.59949954661082E-13   3.23954959194974E-11
 60   31     1.75667784281863E-10   1.59857683696495E-08
 61   31     2.28202407140150E-14   2.09946214568938E-12
 62   31     1.33454950405649E-10   1.24113103877254E-08
 63   31     1.24723425325993E-17   1.17240019806433E-15
 64   31     1.06928174942588E-13   1.01581766195458E-11
 65   31     1.00000000000000E-99   1.00000000000000E-99
 66   31     5.06963364847261E-23   4.91754463901843E-21
 67   31     1.00000000000000E-99   1.00000000000000E-99
 68   31     1.00000000000000E-99   1.00000000000000E-99
 69   31     1.00000000000000E-99   1.00000000000000E-99
 70   31     1.00000000000000E-99   1.00000000000000E-99
 71   31     1.00000000000000E-99   1.00000000000000E-99
 72   31     1.00000000000000E-99   1.00000000000000E-99
 73   31     1.00000000000000E-99   1.00000000000000E-99
 74   31     1.00000000000000E-99   1.00000000000000E-99
 75   31     1.00000000000000E-99   1.00000000000000E-99
 76   31     1.00000000000000E-99   1.00000000000000E-99
 77   31     1.00000000000000E-99   1.00000000000000E-99
 23   32     1.00000000000000E-99   1.00000000000000E-99
 24   32     1.00000000000000E-99   1.00000000000000E-99
 25   32     1.00000000000000E-99   1.00000000000000E-99
 26   32     1.00000000000000E-99   1.00000000000000E-99
 27   32     1.00000000000000E-99   1.00000000000000E-99
 28   32     1.00000000000000E-99   1.00000000000000E-99
 29   32     1.00000000000000E-99   1.00000000000000E-99
 30   32     1.00000000000000E-99   1.00000000000000E-99
 31   32     1.00000000000000E-99   1.00000000000000E-99
 32   32     1.00000000000000E-99   1.00000000000000E-99
 33   32     1.00000000000000E-99   1.00000000000000E-99
 34   32     1.00000000000000E-99   1.00000000000000E-99
 35   32     1.00000000000000E-99   1.00000000000000E-99
 36   32     1.00000000000000E-99   1.00000000000000E-99
 37   32     1.00000000000000E-99   1.00000000000000E-99
 38   32     1.00000000000000E-99   1.00000000000000E-99
 39   32     1.00000000000000E-99   1.00000000000000E-99
 40   32     1.00000000000000E-99   1.00000000000000E-99
 41   32     1.00000000000000E-99   1.00000000000000E-99
 42   32     1.00000000000000E-99   1.00000000000000E-99
 43   32     1.00000000000000E-99   1.00000000000000E-99
 44   32     1.47852155687652E-24   1.12367638322615E-22
 45   32     4.65845224960726E-22   3.58700823219759E-20
 46   32     8.64814847209109E-20   6.74555580823105E-18
 47   32     3.36760285259356E-18   2.66040625354891E-16
 48   32     6.41892306264966E-16   5.13513845011973E-14
 49   32     4.75324476045987E-15   3.85012825597249E-13
 50   32     2.60523113251035E-13   2.13628952865849E-11
 51   32     5.72747366875320E-13   4.75380314506515E-11
 52   32     3.30828935900825E-11   2.77896306156693E-09
 53   32     6.52347936621086E-12   5.54495746127923E-10
 54   32     4.06544638959176E-10   3.49628389504892E-08
 55   32     6.21714420676151E-11   5.40891545988251E-09
 56   32     1.58866407846028E-09   1.39802438904505E-07
 57   32     9.47403125595009E-11   8.43188781779558E-09
 58   32     1.15553060453521E-09   1.03997754408169E-07
 59   32     5.80849830125160E-11   5.28573345413895E-09
 60   32     1.18813913504586E-09   1.09308800424219E-07
 61   32     5.80991787632246E-11   5.40322362497989E-09
 62   32     3.30726199433775E-09   3.10882627467749E-07
 63   32     6.66088492947705E-16   6.32784068300319E-14
 64   32     5.33522547968967E-11   5.12181646050208E-09
 65   32     3.99641978772072E-21   3.87652719408910E-19
 66   32     7.74306365640474E-17   7.58820238327664E-15
 67   32     1.00000000000000E-99   1.00000000000000E-99
 68   32     1.91019732850196E-22   1.91019732850196E-20
 69   32     1.00000000000000E-99   1.00000000000000E-99
 70   32     1.00000000000000E-99   1.00000000000000E-99
 71   32     1.00000000000000E-99   1.00000000000000E-99
 72   32     1.00000000000000E-99   1.00000000000000E-99
 73   32     1.00000000000000E-99   1.00000000000000E-99
 74   32     1.00000000000000E-99   1.00000000000000E-99
 75   32     1.00000000000000E-99   1.00000000000000E-99
 76   32     1.00000000000000E-99   1.00000000000000E-99
 77   32     1.00000000000000E-99   1.00000000000000E-99
 78   32     1.00000000000000E-99   1.00000000000000E-99
 79   32     1.00000000000000E-99   1.00000000000000E-99
 80   32     1.00000000000000E-99   1.00000000000000E-99
 24   33     1.00000000000000E-99   1.00000000000000E-99
 25   33     1.00000000000000E-99   1.00000000000000E-99
 26   33     1.00000000000000E-99   1.00000000000000E-99
 27   33     1.00000000000000E-99   1.00000000000000E-99
 28   33     1.00000000000000E-99   1.00000000000000E-99
 29   33     1.00000000000000E-99   1.00000000000000E-99
 30   33     1.00000000000000E-99   1.00000000000000E-99
 31   33     1.00000000000000E-99   1.00000000000000E-99
 32   33     1.00000000000000E-99   1.00000000000000E-99
 33   33     1.00000000000000E-99   1.00000000000000E-99
 34   33     1.00000000000000E-99   1.00000000000000E-99
 35   33     1.00000000000000E-99   1.00000000000000E-99
 36   33     1.00000000000000E-99   1.00000000000000E-99
 37   33     1.00000000000000E-99   1.00000000000000E-99
 38   33     1.00000000000000E-99   1.00000000000000E-99
 39   33     1.00000000000000E-99   1.00000000000000E-99
 40   33     1.00000000000000E-99   1.00000000000000E-99
 41   33     1.00000000000000E-99   1.00000000000000E-99
 42   33     1.00000000000000E-99   1.00000000000000E-99
 43   33     1.00000000000000E-99   1.00000000000000E-99
 44   33     1.00000000000000E-99   1.00000000000000E-99
 45   33     1.00000000000000E-99   1.00000000000000E-99
 46   33     5.18925106188751E-24   4.09950833889113E-22
 47   33     2.10951452206481E-22   1.68761161765185E-20
 48   33     6.27870729355314E-20   5.08575290777804E-18
 49   33     1.50946961011876E-18   1.23776508029738E-16
 50   33     2.71269659771492E-15   2.25153817610338E-13
 51   33     2.96602038371288E-15   2.49145712231882E-13
 52   33     8.29850904078481E-14   7.05373268466709E-12
 53   33     1.28795848939944E-13   1.10764430088351E-11
 54   33     2.06486835020971E-12   1.79643546468244E-10
 55   33     3.28931528622624E-12   2.89459745187909E-10
 56   33     4.41701448802274E-11   3.93114289434024E-09
 57   33     1.73469474662088E-11   1.56122527195879E-09
 58   33     2.26292890278517E-10   2.05926530153451E-08
 59   33     4.46833951164372E-11   4.11087235071222E-09
 60   33     8.92358694949925E-10   8.29893586303430E-08
 61   33     2.46569895907250E-10   2.31775702152815E-08
 62   33     2.71677128458565E-09   2.58093272035637E-07
 63   33     9.17256717388886E-11   8.80566448693330E-09
 64   33     8.63928520419582E-10   8.38010664806995E-08
 65   33     4.18470160701552E-12   4.10100757487521E-10
 66   33     1.02479999797938E-10   1.01455199799959E-08
 67   33     1.19792916759145E-13   1.19792916759145E-11
 68   33     1.66487961522075E-11   1.68152841137296E-09
 69   33     4.01975584893830E-17   4.10015096591707E-15
 70   33     3.32739614451025E-13   3.42721802884556E-11
 71   33     1.00000000000000E-99   1.00000000000000E-99
 72   33     4.09571210562371E-25   4.30049771090490E-23
 73   33     1.00000000000000E-99   1.00000000000000E-99
 74   33     1.00000000000000E-99   1.00000000000000E-99
 75   33     1.00000000000000E-99   1.00000000000000E-99
 76   33     1.00000000000000E-99   1.00000000000000E-99
 77   33     1.00000000000000E-99   1.00000000000000E-99
 78   33     1.00000000000000E-99   1.00000000000000E-99
 79   33     1.00000000000000E-99   1.00000000000000E-99
 80   33     1.00000000000000E-99   1.00000000000000E-99
 81   33     1.00000000000000E-99   1.00000000000000E-99
 82   33     1.00000000000000E-99   1.00000000000000E-99
 25   34     1.00000000000000E-99   1.00000000000000E-99
 26   34     1.00000000000000E-99   1.00000000000000E-99
 27   34     1.00000000000000E-99   1.00000000000000E-99
 28   34     1.00000000000000E-99   1.00000000000000E-99
 29   34     1.00000000000000E-99   1.00000000000000E-99
 30   34     1.00000000000000E-99   1.00000000000000E-99
 31   34     1.00000000000000E-99   1.00000000000000E-99
 32   34     1.00000000000000E-99   1.00000000000000E-99
 33   34     1.00000000000000E-99   1.00000000000000E-99
 34   34     1.00000000000000E-99   1.00000000000000E-99
 35   34     1.00000000000000E-99   1.00000000000000E-99
 36   34     1.00000000000000E-99   1.00000000000000E-99
 37   34     1.00000000000000E-99   1.00000000000000E-99
 38   34     1.00000000000000E-99   1.00000000000000E-99
 39   34     1.00000000000000E-99   1.00000000000000E-99
 40   34     1.00000000000000E-99   1.00000000000000E-99
 41   34     1.00000000000000E-99   1.00000000000000E-99
 42   34     1.00000000000000E-99   1.00000000000000E-99
 43   34     1.00000000000000E-99   1.00000000000000E-99
 44   34     1.00000000000000E-99   1.00000000000000E-99
 45   34     1.00000000000000E-99   1.00000000000000E-99
 46   34     1.00000000000000E-99   1.00000000000000E-99
 47   34     1.00000000000000E-99   1.00000000000000E-99
 48   34     1.49666575698641E-23   1.22726592072886E-21
 49   34     1.40859564995488E-20   1.16913438946255E-18
 50   34     1.40898934800155E-17   1.18355105232130E-15
 51   34     4.61737273601301E-17   3.92476682561106E-15
 52   34     4.67397179534425E-16   4.01961574399605E-14
 53   34     4.54706314905900E-15   3.95594493968133E-13
 54   34     4.44842942614234E-13   3.91461789500526E-11
 55   34     2.76309365666359E-13   2.45915335443060E-11
 56   34     1.47955464210261E-11   1.33159917789235E-09
 57   34     3.31262139303253E-12   3.01448546765960E-10
 58   34     1.78638169555966E-10   1.64347115991489E-08
 59   34     3.50690293473358E-11   3.26141972930223E-09
 60   34     8.89480737351919E-10   8.36111893110804E-08
 61   34     1.24703472623957E-10   1.18468298992759E-08
 62   34     1.27552892344852E-09   1.22450776651058E-07
 63   34     1.27038613052638E-10   1.23227454661059E-08
 64   34     6.18144663737214E-10   6.05781770462470E-08
 65   34     3.78337601013486E-11   3.74554225003351E-09
 66   34     4.96481419562607E-10   4.96481419562607E-08
 67   34     9.62007965639733E-12   9.71628045296131E-10
 68   34     1.04226141865347E-10   1.06310664702654E-08
 69   34     1.36130978636496E-14   1.40214907995591E-12
 70   34     1.31078336144340E-11   1.36321469590113E-09
 71   34     5.56666292713621E-23   5.84499607349302E-21
 72   34     2.72318820234708E-20   2.88657949448790E-18
 73   34     1.00000000000000E-99   1.00000000000000E-99
 74   34     1.00000000000000E-99   1.00000000000000E-99
 75   34     1.00000000000000E-99   1.00000000000000E-99
 76   34     1.00000000000000E-99   1.00000000000000E-99
 77   34     1.00000000000000E-99   1.00000000000000E-99
 78   34     1.00000000000000E-99   1.00000000000000E-99
 79   34     1.00000000000000E-99   1.00000000000000E-99
 80   34     1.00000000000000E-99   1.00000000000000E-99
 81   34     1.00000000000000E-99   1.00000000000000E-99
 82   34     1.00000000000000E-99   1.00000000000000E-99
 83   34     1.00000000000000E-99   1.00000000000000E-99
 84   34     1.00000000000000E-99   1.00000000000000E-99
 26   35     1.00000000000000E-99   1.00000000000000E-99
 27   35     1.00000000000000E-99   1.00000000000000E-99
 28   35     1.00000000000000E-99   1.00000000000000E-99
 29   35     1.00000000000000E-99   1.00000000000000E-99
 30   35     1.00000000000000E-99   1.00000000000000E-99
 31   35     1.00000000000000E-99   1.00000000000000E-99
 32   35     1.00000000000000E-99   1.00000000000000E-99
 33   35     1.00000000000000E-99   1.00000000000000E-99
 34   35     1.00000000000000E-99   1.00000000000000E-99
 35   35     1.00000000000000E-99   1.00000000000000E-99
 36   35     1.00000000000000E-99   1.00000000000000E-99
 37   35     1.00000000000000E-99   1.00000000000000E-99
 38   35     1.00000000000000E-99   1.00000000000000E-99
 39   35     1.00000000000000E-99   1.00000000000000E-99
 40   35     1.00000000000000E-99   1.00000000000000E-99
 41   35     1.00000000000000E-99   1.00000000000000E-99
 42   35     1.00000000000000E-99   1.00000000000000E-99
 43   35     1.00000000000000E-99   1.00000000000000E-99
 44   35     1.00000000000000E-99   1.00000000000000E-99
 45   35     1.00000000000000E-99   1.00000000000000E-99
 46   35     1.00000000000000E-99   1.00000000000000E-99
 47   35     1.00000000000000E-99   1.00000000000000E-99
 48   35     1.00000000000000E-99   1.00000000000000E-99
 49   35     7.04639378362856E-25   5.91897077824799E-23
 50   35     2.05033873701214E-22   1.74278792646032E-20
 51   35     5.53696142226085E-21   4.76178682314433E-19
 52   35     3.26281084029102E-19   2.83864543105319E-17
 53   35     8.50906145948219E-18   7.48797408434433E-16
 54   35     1.76222439228367E-16   1.56837970913247E-14
 55   35     2.05642126249587E-15   1.85077913624629E-13
 56   35     2.08611773015372E-14   1.89836713443988E-12
 57   35     1.22736235718843E-13   1.12917336861336E-11
 58   35     4.56454846381000E-12   4.24503007134330E-10
 59   35     2.06892716262213E-12   1.94479153286480E-10
 60   35     2.29948466549213E-11   2.18451043221752E-09
 61   35     1.54395534600227E-11   1.48219713216218E-09
 62   35     1.57167567069432E-10   1.52452540057349E-08
 63   35     5.19904338338960E-11   5.09506251572181E-09
 64   35     2.95477750165817E-10   2.92522972664159E-08
 65   35     7.01924486113115E-11   7.01924486113115E-09
 66   35     4.00191677249493E-10   4.04193594021988E-08
 67   35     7.66393823591614E-11   7.81721700063446E-09
 68   35     4.03949482772815E-10   4.16067967256000E-08
 69   35     4.78301009759275E-11   4.97433050149646E-09
 70   35     2.01590160761670E-10   2.11669668799753E-08
 71   35     6.48490728737341E-16   6.87400172461582E-14
 72   35     2.71193159165260E-13   2.90176680306828E-11
 73   35     3.22409003159147E-21   3.48201723411878E-19
 74   35     1.13475901341285E-17   1.23688732462001E-15
 75   35     1.00000000000000E-99   1.00000000000000E-99
 76   35     1.00000000000000E-99   1.00000000000000E-99
 77   35     1.00000000000000E-99   1.00000000000000E-99
 78   35     1.00000000000000E-99   1.00000000000000E-99
 79   35     1.00000000000000E-99   1.00000000000000E-99
 80   35     1.00000000000000E-99   1.00000000000000E-99
 81   35     1.00000000000000E-99   1.00000000000000E-99
 82   35     1.00000000000000E-99   1.00000000000000E-99
 83   35     1.00000000000000E-99   1.00000000000000E-99
 84   35     1.00000000000000E-99   1.00000000000000E-99
 85   35     1.00000000000000E-99   1.00000000000000E-99
 86   35     1.00000000000000E-99   1.00000000000000E-99
 27   36     1.00000000000000E-99   1.00000000000000E-99
 28   36     1.00000000000000E-99   1.00000000000000E-99
 29   36     1.00000000000000E-99   1.00000000000000E-99
 30   36     1.00000000000000E-99   1.00000000000000E-99
 31   36     1.00000000000000E-99   1.00000000000000E-99
 32   36     1.00000000000000E-99   1.00000000000000E-99
 33   36     1.00000000000000E-99   1.00000000000000E-99
 34   36     1.00000000000000E-99   1.00000000000000E-99
 35   36     1.00000000000000E-99   1.00000000000000E-99
 36   36     1.00000000000000E-99   1.00000000000000E-99
 37   36     1.00000000000000E-99   1.00000000000000E-99
 38   36     1.00000000000000E-99   1.00000000000000E-99
 39   36     1.00000000000000E-99   1.00000000000000E-99
 40   36     1.00000000000000E-99   1.00000000000000E-99
 41   36     1.00000000000000E-99   1.00000000000000E-99
 42   36     1.00000000000000E-99   1.00000000000000E-99
 43   36     1.00000000000000E-99   1.00000000000000E-99
 44   36     1.00000000000000E-99   1.00000000000000E-99
 45   36     1.00000000000000E-99   1.00000000000000E-99
 46   36     1.00000000000000E-99   1.00000000000000E-99
 47   36     1.00000000000000E-99   1.00000000000000E-99
 48   36     1.00000000000000E-99   1.00000000000000E-99
 49   36     1.00000000000000E-99   1.00000000000000E-99
 50   36     1.00000000000000E-99   1.00000000000000E-99
 51   36     4.43931781731110E-24   3.86220650106066E-22
 52   36     1.36512591947722E-21   1.20131080913995E-19
 53   36     6.91235396426085E-20   6.15199502819215E-18
 54   36     4.52284431323208E-18   4.07055988190887E-16
 55   36     6.22557358077703E-17   5.66527195850710E-15
 56   36     2.57979673364482E-14   2.37341299495324E-12
 57   36     9.92331238613994E-15   9.22868051911014E-13
 58   36     3.69041921263277E-13   3.46899405987480E-11
 59   36     1.63652353333936E-13   1.55469735667239E-11
 60   36     7.31457762347282E-12   7.02199451853391E-10
 61   36     2.01412499688182E-12   1.95370124697536E-10
 62   36     5.89921498119138E-11   5.78123068156755E-09
 63   36     1.51723428640294E-11   1.50206194353891E-09
 64   36     2.27473460152036E-10   2.27473460152036E-08
 65   36     4.77376916192410E-11   4.82150685354334E-09
 66   36     7.22730381613916E-10   7.37184989246194E-08
 67   36     6.21554101952143E-11   6.40200725010707E-09
 68   36     1.78439897247035E-09   1.85577493136916E-07
 69   36     1.27344168674423E-10   1.33711377108144E-08
 70   36     9.79165160816571E-10   1.03791507046557E-07
 71   36     7.01661366549430E-14   7.50777662207890E-12
 72   36     5.89273058108905E-11   6.36414902757618E-09
 73   36     1.48714851450740E-17   1.62099188081307E-15
 74   36     1.06584723026842E-16   1.17243195329526E-14
 75   36     1.00000000000000E-99   1.00000000000000E-99
 76   36     1.00000000000000E-99   1.00000000000000E-99
 77   36     9.03857728027738E-25   1.02135923267134E-22
 78   36     2.19569307584358E-23   2.50309010646168E-21
 79   36     1.00000000000000E-99   1.00000000000000E-99
 80   36     1.00000000000000E-99   1.00000000000000E-99
 81   36     1.00000000000000E-99   1.00000000000000E-99
 82   36     1.00000000000000E-99   1.00000000000000E-99
 83   36     1.00000000000000E-99   1.00000000000000E-99
 84   36     1.00000000000000E-99   1.00000000000000E-99
 85   36     1.00000000000000E-99   1.00000000000000E-99
 86   36     1.00000000000000E-99   1.00000000000000E-99
 87   36     1.00000000000000E-99   1.00000000000000E-99
 88   36     1.00000000000000E-99   1.00000000000000E-99
 29   37     1.00000000000000E-99   1.00000000000000E-99
 30   37     1.00000000000000E-99   1.00000000000000E-99
 31   37     1.00000000000000E-99   1.00000000000000E-99
 32   37     1.00000000000000E-99   1.00000000000000E-99
 33   37     1.00000000000000E-99   1.00000000000000E-99
 34   37     1.00000000000000E-99   1.00000000000000E-99
 35   37     1.00000000000000E-99   1.00000000000000E-99
 36   37     1.00000000000000E-99   1.00000000000000E-99
 37   37     1.00000000000000E-99   1.00000000000000E-99
 38   37     1.00000000000000E-99   1.00000000000000E-99
 39   37     1.00000000000000E-99   1.00000000000000E-99
 40   37     1.00000000000000E-99   1.00000000000000E-99
 41   37     1.00000000000000E-99   1.00000000000000E-99
 42   37     1.00000000000000E-99   1.00000000000000E-99
 43   37     1.00000000000000E-99   1.00000000000000E-99
 44   37     1.00000000000000E-99   1.00000000000000E-99
 45   37     1.00000000000000E-99   1.00000000000000E-99
 46   37     1.00000000000000E-99   1.00000000000000E-99
 47   37     1.00000000000000E-99   1.00000000000000E-99
 48   37     1.00000000000000E-99   1.00000000000000E-99
 49   37     1.00000000000000E-99   1.00000000000000E-99
 50   37     1.00000000000000E-99   1.00000000000000E-99
 51   37     1.00000000000000E-99   1.00000000000000E-99
 52   37     1.00000000000000E-99   1.00000000000000E-99
 53   37     2.62215447156295E-24   2.35993902440665E-22
 54   37     6.89276055737543E-22   6.27241210721164E-20
 55   37     4.50983809361604E-19   4.14905104612676E-17
 56   37     7.30432412347593E-18   6.79302143483262E-16
 57   37     3.85639793083514E-17   3.62501405498503E-15
 58   37     2.28927727994731E-15   2.17481341594995E-13
 59   37     4.86855715350016E-15   4.67381486736015E-13
 60   37     2.62866441389461E-14   2.54980448147777E-12
 61   37     1.48972419568493E-13   1.45992971177123E-11
 62   37     4.15546145089870E-12   4.11390683638971E-10
 63   37     4.91064838057393E-12   4.91064838057393E-10
 64   37     3.77816959278452E-11   3.81595128871236E-09
 65   37     9.50620876840670E-12   9.69633294377484E-10
 66   37     1.69018504118775E-10   1.74089059242338E-08
 67   37     3.69402113254235E-11   3.84178197784405E-09
 68   37     7.74174629976320E-10   8.12883361475137E-08
 69   37     1.49038510398003E-10   1.57980821021883E-08
 70   37     1.04926472045152E-09   1.12271325088313E-07
 71   37     1.18927106328367E-10   1.28441274834637E-08
 72   37     8.62654856269350E-10   9.40293793333592E-08
 73   37     1.95432009342688E-14   2.14975210276956E-12
 74   37     7.77620191975578E-13   8.63158413092891E-11
 75   37     3.76848571625751E-19   4.22070400220841E-17
 76   37     6.07617586199911E-16   6.86607872405899E-14
 77   37     1.95617015486472E-17   2.23003397654578E-15
 78   37     9.42034983061837E-15   1.08334023052111E-12
 79   37     2.12727659696672E-19   2.46764085248139E-17
 80   37     6.71391349700387E-19   7.85527879149453E-17
 81   37     2.07131107339450E-16   2.44414706660551E-14
 82   37     7.44574369755824E-17   8.86043500009430E-15
 83   37     1.00000000000000E-99   1.00000000000000E-99
 84   37     1.00000000000000E-99   1.00000000000000E-99
 85   37     1.00000000000000E-99   1.00000000000000E-99
 86   37     1.00000000000000E-99   1.00000000000000E-99
 87   37     1.00000000000000E-99   1.00000000000000E-99
 88   37     1.00000000000000E-99   1.00000000000000E-99
 89   37     1.00000000000000E-99   1.00000000000000E-99
 90   37     1.00000000000000E-99   1.00000000000000E-99
 91   37     1.00000000000000E-99   1.00000000000000E-99
 30   38     1.00000000000000E-99   1.00000000000000E-99
 31   38     1.00000000000000E-99   1.00000000000000E-99
 32   38     1.00000000000000E-99   1.00000000000000E-99
 33   38     1.00000000000000E-99   1.00000000000000E-99
 34   38     1.00000000000000E-99   1.00000000000000E-99
 35   38     1.00000000000000E-99   1.00000000000000E-99
 36   38     1.00000000000000E-99   1.00000000000000E-99
 37   38     1.00000000000000E-99   1.00000000000000E-99
 38   38     1.00000000000000E-99   1.00000000000000E-99
 39   38     1.00000000000000E-99   1.00000000000000E-99
 40   38     1.00000000000000E-99   1.00000000000000E-99
 41   38     1.00000000000000E-99   1.00000000000000E-99
 42   38     1.00000000000000E-99   1.00000000000000E-99
 43   38     1.00000000000000E-99   1.00000000000000E-99
 44   38     1.00000000000000E-99   1.00000000000000E-99
 45   38     1.00000000000000E-99   1.00000000000000E-99
 46   38     1.00000000000000E-99   1.00000000000000E-99
 47   38     1.00000000000000E-99   1.00000000000000E-99
 48   38     1.00000000000000E-99   1.00000000000000E-99
 49   38     1.00000000000000E-99   1.00000000000000E-99
 50   38     1.00000000000000E-99   1.00000000000000E-99
 51   38     1.00000000000000E-99   1.00000000000000E-99
 52   38     1.00000000000000E-99   1.00000000000000E-99
 53   38     1.00000000000000E-99   1.00000000000000E-99
 54   38     1.46146037210227E-23   1.34454354233409E-21
 55   38     2.42712109760221E-22   2.25722262077006E-20
 56   38     1.58862049866988E-19   1.49330326874969E-17
 57   38     1.53560028478970E-18   1.45882027055021E-16
 58   38     3.84407930443075E-17   3.69031613225352E-15
 59   38     8.08217491466565E-17   7.83970966722568E-15
 60   38     8.84288243570368E-15   8.66602478698960E-13
 61   38     1.44498807626597E-14   1.43053819550331E-12
 62   38     5.97509901674097E-13   5.97509901674097E-11
 63   38     3.19290470240556E-13   3.22483374942961E-11
 64   38     9.98182701984617E-12   1.01814635602431E-09
 65   38     4.73957011987131E-12   4.88175722346745E-10
 66   38     1.49325693818960E-10   1.55298721571719E-08
 67   38     2.21434596621190E-11   2.32506326452249E-09
 68   38     8.48154767586204E-10   8.99044053641377E-08
 69   38     3.11879674495238E-10   3.33711251709904E-08
 70   38     2.52002519767918E-09   2.72162721349351E-07
 71   38     1.50528434133856E-10   1.64075993205903E-08
 72   38     1.11330462675086E-09   1.22463508942595E-07
 73   38     1.30679600842652E-11   1.45054356935343E-09
 74   38     1.82978282677753E-11   2.04935676599083E-09
 75   38     4.85826559603138E-12   5.48984012351546E-10
 76   38     2.95510247999428E-11   3.36881682719348E-09
 77   38     4.09521135792145E-12   4.70949306160966E-10
 78   38     1.66489289409249E-11   1.93127575714729E-09
 79   38     1.60601853893554E-15   1.87904169055458E-13
 80   38     2.03831991857923E-14   2.40521750392349E-12
 81   38     2.58230654331074E-13   3.07294478653978E-11
 82   38     3.33946037538923E-13   4.00735245046707E-11
 83   38     1.00000000000000E-99   1.00000000000000E-99
 84   38     1.00000000000000E-99   1.00000000000000E-99
 85   38     1.00000000000000E-99   1.00000000000000E-99
 86   38     1.00000000000000E-99   1.00000000000000E-99
 87   38     1.00000000000000E-99   1.00000000000000E-99
 88   38     1.00000000000000E-99   1.00000000000000E-99
 89   38     1.00000000000000E-99   1.00000000000000E-99
 90   38     1.00000000000000E-99   1.00000000000000E-99
 91   38     1.00000000000000E-99   1.00000000000000E-99
 92   38     1.00000000000000E-99   1.00000000000000E-99
 93   38     1.00000000000000E-99   1.00000000000000E-99
 31   39     1.00000000000000E-99   1.00000000000000E-99
 32   39     1.00000000000000E-99   1.00000000000000E-99
 33   39     1.00000000000000E-99   1.00000000000000E-99
 34   39     1.00000000000000E-99   1.00000000000000E-99
 35   39     1.00000000000000E-99   1.00000000000000E-99
 36   39     1.00000000000000E-99   1.00000000000000E-99
 37   39     1.00000000000000E-99   1.00000000000000E-99
 38   39     1.00000000000000E-99   1.00000000000000E-99
 39   39     1.00000000000000E-99   1.00000000000000E-99
 40   39     1.00000000000000E-99   1.00000000000000E-99
 41   39     1.00000000000000E-99   1.00000000000000E-99
 42   39     1.00000000000000E-99   1.00000000000000E-99
 43   39     1.00000000000000E-99   1.00000000000000E-99
 44   39     1.00000000000000E-99   1.00000000000000E-99
 45   39     1.00000000000000E-99   1.00000000000000E-99
 46   39     1.00000000000000E-99   1.00000000000000E-99
 47   39     1.00000000000000E-99   1.00000000000000E-99
 48   39     1.00000000000000E-99   1.00000000000000E-99
 49   39     1.00000000000000E-99   1.00000000000000E-99
 50   39     1.00000000000000E-99   1.00000000000000E-99
 51   39     1.00000000000000E-99   1.00000000000000E-99
 52   39     1.00000000000000E-99   1.00000000000000E-99
 53   39     1.00000000000000E-99   1.00000000000000E-99
 54   39     1.00000000000000E-99   1.00000000000000E-99
 55   39     1.00000000000000E-99   1.00000000000000E-99
 56   39     3.00824708211244E-24   2.85783472800682E-22
 57   39     4.01260738706537E-22   3.85210309158276E-20
 58   39     3.07695604324308E-20   2.98464736194579E-18
 59   39     1.03684890183777E-19   1.01611192380101E-17
 60   39     4.72540619649131E-18   4.67815213452639E-16
 61   39     4.82306490991427E-17   4.82306490991427E-15
 62   39     5.18153546668245E-16   5.23335082134928E-14
 63   39     4.27139834511325E-15   4.35682631201551E-13
 64   39     1.25992457169486E-13   1.29772230884571E-11
 65   39     2.29191311451496E-13   2.38358963909556E-11
 66   39     2.75083701180238E-12   2.88837886239250E-10
 67   39     2.88145031630073E-12   3.05433733527878E-10
 68   39     6.19927678545599E-11   6.63322616043791E-09
 69   39     5.42491585639864E-11   5.85890912491053E-09
 70   39     6.15861766287908E-10   6.71289325253819E-08
 71   39     1.06875466153248E-10   1.17563012768573E-08
 72   39     7.52150799195733E-10   8.34887387107263E-08
 73   39     2.05035124535000E-11   2.29639339479200E-09
 74   39     1.25589740547269E-10   1.41916406818414E-08
 75   39     8.30024020832143E-12   9.46227383748642E-10
 76   39     9.90276446963420E-11   1.13881791400793E-08
 77   39     1.87791603896107E-11   2.17838260519484E-09
 78   39     6.21888776560698E-11   7.27609868576017E-09
 79   39     2.67125859501574E-12   3.15208514211858E-10
 80   39     3.78282278535911E-12   4.50155911457734E-10
 81   39     8.92804238770957E-12   1.07136508652515E-09
 82   39     2.58517832442601E-11   3.12806577255547E-09
 83   39     1.00000000000000E-99   1.00000000000000E-99
 84   39     2.41142836053520E-24   2.96605688345829E-22
 85   39     1.00000000000000E-99   1.00000000000000E-99
 86   39     1.00000000000000E-99   1.00000000000000E-99
 87   39     1.00000000000000E-99   1.00000000000000E-99
 88   39     1.00000000000000E-99   1.00000000000000E-99
 89   39     1.00000000000000E-99   1.00000000000000E-99
 90   39     1.00000000000000E-99   1.00000000000000E-99
 91   39     1.00000000000000E-99   1.00000000000000E-99
 92   39     1.00000000000000E-99   1.00000000000000E-99
 93   39     1.00000000000000E-99   1.00000000000000E-99
 94   39     1.00000000000000E-99   1.00000000000000E-99
 95   39     4.18982128453843E-17   5.61436052128150E-15
 32   40     1.00000000000000E-99   1.00000000000000E-99
 33   40     1.00000000000000E-99   1.00000000000000E-99
 34   40     1.00000000000000E-99   1.00000000000000E-99
 35   40     1.00000000000000E-99   1.00000000000000E-99
 36   40     1.00000000000000E-99   1.00000000000000E-99
 37   40     1.00000000000000E-99   1.00000000000000E-99
 38   40     1.00000000000000E-99   1.00000000000000E-99
 39   40     1.00000000000000E-99   1.00000000000000E-99
 40   40     1.00000000000000E-99   1.00000000000000E-99
 41   40     1.00000000000000E-99   1.00000000000000E-99
 42   40     1.00000000000000E-99   1.00000000000000E-99
 43   40     1.00000000000000E-99   1.00000000000000E-99
 44   40     1.00000000000000E-99   1.00000000000000E-99
 45   40     1.00000000000000E-99   1.00000000000000E-99
 46   40     1.00000000000000E-99   1.00000000000000E-99
 47   40     1.00000000000000E-99   1.00000000000000E-99
 48   40     1.00000000000000E-99   1.00000000000000E-99
 49   40     1.00000000000000E-99   1.00000000000000E-99
 50   40     1.00000000000000E-99   1.00000000000000E-99
 51   40     1.00000000000000E-99   1.00000000000000E-99
 52   40     1.00000000000000E-99   1.00000000000000E-99
 53   40     1.00000000000000E-99   1.00000000000000E-99
 54   40     1.00000000000000E-99   1.00000000000000E-99
 55   40     1.00000000000000E-99   1.00000000000000E-99
 56   40     1.00000000000000E-99   1.00000000000000E-99
 57   40     1.10531923346651E-24   1.07215965646251E-22
 58   40     3.84479313026352E-23   3.76789726765825E-21
 59   40     2.20010172042196E-22   2.17810070321774E-20
 60   40     1.67474574001513E-20   1.67474574001513E-18
 61   40     1.24895290552188E-19   1.26144243457710E-17
 62   40     1.36168207699561E-17   1.38891571853552E-15
 63   40     7.22657317268976E-17   7.44337036787045E-15
 64   40     6.93379593177730E-15   7.21114776904839E-13
 65   40     5.32016979931006E-15   5.58617828927556E-13
 66   40     4.22716759107930E-13   4.48079764654406E-11
 67   40     2.80075483616194E-13   2.99680767469327E-11
 68   40     3.53360528976298E-11   3.81629371294401E-09
 69   40     2.37521672285153E-11   2.58898622790817E-09
 70   40     2.41321982995885E-10   2.65454181295473E-08
 71   40     3.73425569991286E-11   4.14502382690328E-09
 72   40     3.47557461661172E-10   3.89264357060512E-08
 73   40     1.28525636846683E-11   1.45233969636752E-09
 74   40     2.06269302690731E-10   2.35147005067433E-08
 75   40     4.00599351044746E-11   4.60689253701458E-09
 76   40     2.49303179534469E-10   2.89191688259984E-08
 77   40     6.55607822344200E-11   7.67061152142714E-09
 78   40     1.54062244810490E-10   1.81793448876378E-08
 79   40     4.43652054066362E-11   5.27945944338971E-09
 80   40     1.10189354514524E-10   1.32227225417429E-08
 81   40     2.71711964835784E-10   3.28771477451298E-08
 82   40     8.31174496522127E-11   1.01403288575699E-08
 83   40     3.38335822656301E-23   4.16153061867250E-21
 84   40     1.34379673201655E-16   1.66630794770053E-14
 85   40     8.49144938105799E-23   1.06143117263225E-20
 86   40     6.65006484925322E-20   8.37908171005906E-18
 87   40     2.87163899201317E-23   3.64698151985673E-21
 88   40     1.00798328939755E-22   1.29021861042887E-20
 89   40     1.56647286886533E-23   2.02075000083628E-21
 90   40     1.26811933898103E-18   1.64855514067533E-16
 91   40     1.76448467047498E-22   2.31147491832222E-20
 92   40     1.31822111384964E-20   1.74005187028153E-18
 93   40     1.00000000000000E-99   1.00000000000000E-99
 94   40     1.00000000000000E-99   1.00000000000000E-99
 95   40     1.00000000000000E-99   1.00000000000000E-99
 96   40     1.23327386111736E-21   1.67725245111961E-19
 97   40     1.21162763664330E-16   1.65992986220131E-14
 33   41     1.00000000000000E-99   1.00000000000000E-99
 34   41     1.00000000000000E-99   1.00000000000000E-99
 35   41     1.00000000000000E-99   1.00000000000000E-99
 36   41     1.00000000000000E-99   1.00000000000000E-99
 37   41     1.00000000000000E-99   1.00000000000000E-99
 38   41     1.00000000000000E-99   1.00000000000000E-99
 39   41     1.00000000000000E-99   1.00000000000000E-99
 40   41     1.00000000000000E-99   1.00000000000000E-99
 41   41     1.00000000000000E-99   1.00000000000000E-99
 42   41     1.00000000000000E-99   1.00000000000000E-99
 43   41     1.00000000000000E-99   1.00000000000000E-99
 44   41     1.00000000000000E-99   1.00000000000000E-99
 45   41     1.00000000000000E-99   1.00000000000000E-99
 46   41     1.00000000000000E-99   1.00000000000000E-99
 47   41     1.00000000000000E-99   1.00000000000000E-99
 48   41     1.00000000000000E-99   1.00000000000000E-99
 49   41     1.00000000000000E-99   1.00000000000000E-99
 50   41     1.00000000000000E-99   1.00000000000000E-99
 51   41     1.00000000000000E-99   1.00000000000000E-99
 52   41     1.00000000000000E-99   1.00000000000000E-99
 53   41     1.00000000000000E-99   1.00000000000000E-99
 54   41     1.00000000000000E-99   1.00000000000000E-99
 55   41     1.00000000000000E-99   1.00000000000000E-99
 56   41     1.00000000000000E-99   1.00000000000000E-99
 57   41     1.00000000000000E-99   1.00000000000000E-99
 58   41     1.00000000000000E-99   1.00000000000000E-99
 59   41     1.00000000000000E-99   1.00000000000000E-99
 60   41     5.10143043176515E-25   5.15244473608280E-23
 61   41     2.42711583563392E-23   2.47565815234660E-21
 62   41     4.61121256141867E-21   4.74954893826123E-19
 63   41     4.20621542753428E-20   4.37446404463565E-18
 64   41     1.46389466386148E-17   1.53708939705456E-15
 65   41     4.62489245340022E-17   4.90238600060423E-15
 66   41     4.68477012829177E-16   5.01270403727220E-14
 67   41     1.11722057131837E-14   1.20659821702385E-12
 68   41     2.34540771996410E-13   2.55649441476087E-11
 69   41     3.65574396357345E-13   4.02131835993080E-11
 70   41     1.03399988570548E-11   1.14773987313308E-09
 71   41     1.20924138152134E-12   1.35435034730390E-10
 72   41     7.16452541628020E-12   8.09591372039663E-10
 73   41     3.00190618329418E-12   3.42217304895536E-10
 74   41     2.93409847801492E-11   3.37421324971716E-09
 75   41     9.89671159059377E-12   1.14801854450888E-09
 76   41     8.58430563872664E-11   1.00436375973102E-08
 77   41     1.76725768230844E-11   2.08536406512396E-09
 78   41     2.22310561292125E-10   2.64549567937629E-08
 79   41     5.68376935868753E-11   6.82052323042504E-09
 80   41     6.33277260398104E-11   7.66265485081706E-09
 81   41     3.34534038671995E-10   4.08131527179834E-08
 82   41     2.18860466132062E-09   2.69198373342436E-07
 83   41     1.93093246302102E-15   2.39435625414606E-13
 84   41     6.04607902839223E-09   7.55759878549029E-07
 85   41     7.38244751642245E-15   9.30188387069229E-13
 86   41     1.14225013495432E-10   1.45065767139198E-08
 87   41     1.74294454147337E-15   2.23096901308591E-13
 88   41     5.66273629625958E-15   7.30492982217486E-13
 89   41     1.40111949267674E-14   1.82145534047976E-12
 90   41     2.29464217054346E-11   3.00598124341194E-09
 91   41     1.72601799687379E-14   2.27834375587340E-12
 92   41     1.18148811145164E-12   1.57137918823069E-10
 93   41     8.93137405400455E-15   1.19680412323661E-12
 94   41     6.16245498224977E-14   8.31931422603719E-12
 95   41     2.58498522538484E-15   3.51557990652338E-13
 96   41     9.50508497051195E-15   1.30219664096014E-12
 97   41     2.61653384396482E-15   3.61081670467145E-13
 98   41     1.21741937782900E-18   1.69221293518231E-16
 99   41     3.38159389202101E-08   4.73423144882941E-06
 35   42     1.00000000000000E-99   1.00000000000000E-99
 36   42     1.00000000000000E-99   1.00000000000000E-99
 37   42     1.00000000000000E-99   1.00000000000000E-99
 38   42     1.00000000000000E-99   1.00000000000000E-99
 39   42     1.00000000000000E-99   1.00000000000000E-99
 40   42     1.00000000000000E-99   1.00000000000000E-99
 41   42     1.00000000000000E-99   1.00000000000000E-99
 42   42     1.00000000000000E-99   1.00000000000000E-99
 43   42     1.00000000000000E-99   1.00000000000000E-99
 44   42     1.00000000000000E-99   1.00000000000000E-99
 45   42     1.00000000000000E-99   1.00000000000000E-99
 46   42     1.00000000000000E-99   1.00000000000000E-99
 47   42     1.00000000000000E-99   1.00000000000000E-99
 48   42     1.00000000000000E-99   1.00000000000000E-99
 49   42     1.00000000000000E-99   1.00000000000000E-99
 50   42     1.00000000000000E-99   1.00000000000000E-99
 51   42     1.00000000000000E-99   1.00000000000000E-99
 52   42     1.00000000000000E-99   1.00000000000000E-99
 53   42     1.00000000000000E-99   1.00000000000000E-99
 54   42     1.00000000000000E-99   1.00000000000000E-99
 55   42     1.00000000000000E-99   1.00000000000000E-99
 56   42     1.00000000000000E-99   1.00000000000000E-99
 57   42     1.00000000000000E-99   1.00000000000000E-99
 58   42     1.00000000000000E-99   1.00000000000000E-99
 59   42     1.00000000000000E-99   1.00000000000000E-99
 60   42     1.00000000000000E-99   1.00000000000000E-99
 61   42     1.00000000000000E-99   1.00000000000000E-99
 62   42     8.29556713137103E-24   8.62738981662587E-22
 63   42     1.56368031825602E-22   1.64186433416882E-20
 64   42     2.20349271799596E-20   2.33570228107571E-18
 65   42     5.46588314331296E-19   5.84849496334486E-17
 66   42     1.26386541823124E-16   1.36497465168974E-14
 67   42     1.46902244948247E-16   1.60123446993589E-14
 68   42     1.04293441856848E-13   1.14722786042532E-11
 69   42     4.03850880673128E-14   4.48274477547172E-12
 70   42     4.20106614152706E-13   4.70519407851030E-11
 71   42     4.07295207932676E-14   4.60243584963923E-12
 72   42     1.81584895121742E-12   2.07006780438786E-10
 73   42     3.70117179682324E-13   4.25634756634672E-11
 74   42     1.44633807365099E-11   1.67775216543515E-09
 75   42     5.17044573235262E-12   6.04942150685256E-10
 76   42     9.43987369074395E-11   1.11390509550779E-08
 77   42     3.97670078946890E-11   4.73227393946799E-09
 78   42     2.17567235151403E-10   2.61080682181683E-08
 79   42     1.52100509327588E-10   1.84041616286382E-08
 80   42     9.22180082978471E-10   1.12505970123373E-07
 81   42     6.68354598866696E-09   8.22076156606036E-07
 82   42     3.12885773636084E-09   3.87978359308744E-07
 83   42     1.13882364201369E-16   1.42352955251712E-14
 84   42     2.10641008146839E-10   2.65407670265017E-08
 85   42     9.19698645114247E-17   1.16801727929509E-14
 86   42     1.24919957093042E-09   1.59897545079093E-07
 87   42     2.95519174176002E-16   3.81219734687043E-14
 88   42     2.86770795884627E-09   3.72802034650016E-07
 89   42     2.29090976489845E-15   3.00109179201697E-13
 90   42     3.63871260891529E-08   4.80310064376818E-06
 91   42     7.13139960771502E-14   9.48476147826097E-12
 92   42     4.59082285508235E-08   6.15170262581035E-06
 93   42     9.28277373034246E-14   1.25317445359623E-11
 94   42     1.96739945500666E-09   2.67566325880906E-07
 95   42     5.30220133101693E-14   7.26401582349319E-12
 96   42     5.36046902248701E-10   7.39744725103207E-08
 97   42     2.35635161402185E-15   3.27532874349037E-13
 98   42     3.85259240854929E-13   5.39362937196901E-11
 99   42     1.03618248086661E-15   1.46101729802192E-13
100   42     1.27994161954024E-17   1.81751709974714E-15
101   42     4.00355715461188E-09   5.72508673109499E-07
102   42     8.79343740253237E-10   1.26625498596466E-07
 36   43     1.00000000000000E-99   1.00000000000000E-99
 37   43     1.00000000000000E-99   1.00000000000000E-99
 38   43     1.00000000000000E-99   1.00000000000000E-99
 39   43     1.00000000000000E-99   1.00000000000000E-99
 40   43     1.00000000000000E-99   1.00000000000000E-99
 41   43     1.00000000000000E-99   1.00000000000000E-99
 42   43     1.00000000000000E-99   1.00000000000000E-99
 43   43     1.00000000000000E-99   1.00000000000000E-99
 44   43     1.00000000000000E-99   1.00000000000000E-99
 45   43     1.00000000000000E-99   1.00000000000000E-99
 46   43     1.00000000000000E-99   1.00000000000000E-99
 47   43     1.00000000000000E-99   1.00000000000000E-99
 48   43     1.00000000000000E-99   1.00000000000000E-99
 49   43     1.00000000000000E-99   1.00000000000000E-99
 50   43     1.00000000000000E-99   1.00000000000000E-99
 51   43     1.00000000000000E-99   1.00000000000000E-99
 52   43     1.00000000000000E-99   1.00000000000000E-99
 53   43     1.00000000000000E-99   1.00000000000000E-99
 54   43     1.00000000000000E-99   1.00000000000000E-99
 55   43     1.00000000000000E-99   1.00000000000000E-99
 56   43     1.00000000000000E-99   1.00000000000000E-99
 57   43     1.00000000000000E-99   1.00000000000000E-99
 58   43     1.00000000000000E-99   1.00000000000000E-99
 59   43     1.00000000000000E-99   1.00000000000000E-99
 60   43     1.00000000000000E-99   1.00000000000000E-99
 61   43     1.00000000000000E-99   1.00000000000000E-99
 62   43     1.00000000000000E-99   1.00000000000000E-99
 63   43     1.00000000000000E-99   1.00000000000000E-99
 64   43     2.33704752260830E-24   2.50064084919088E-22
 65   43     2.65337867499144E-22   2.86564896899076E-20
 66   43     9.27681746934393E-20   1.01117310415849E-17
 67   43     1.73403800336331E-18   1.90744180369964E-16
 68   43     1.24822229660842E-17   1.38552674923535E-15
 69   43     4.25333086136764E-17   4.76373056473176E-15
 70   43     4.63469814797517E-16   5.23720890721194E-14
 71   43     4.32312607081150E-16   4.92836372072511E-14
 72   43     6.98766733652738E-15   8.03581743700649E-13
 73   43     1.15965750407158E-14   1.34520270472303E-12
 74   43     1.62199126588956E-13   1.89772978109079E-11
 75   43     1.20016962203043E-13   1.41620015399591E-11
 76   43     2.72213061526181E-12   3.23933543216156E-10
 77   43     2.73439953300285E-12   3.28127943960342E-10
 78   43     6.17653865163959E-11   7.47361176848391E-09
 79   43     5.58693073965541E-11   6.81605550237961E-09
 80   43     1.12387193269517E-10   1.38236247721506E-08
 81   43     6.91767366559626E-10   8.57791534533936E-08
 82   43     5.63129499143965E-09   7.03911873929957E-07
 83   43     1.01460749882650E-13   1.27840544852139E-11
 84   43     1.01095155096194E-07   1.28390846972166E-05
 85   43     3.18593151751807E-14   4.07799234242314E-12
 86   43     5.92255633285968E-09   7.64009766938898E-07
 87   43     5.72289882573934E-14   7.43976847346114E-12
 88   43     4.00278159501529E-08   5.24364388947003E-06
 89   43     2.65554563422675E-13   3.50532023717932E-11
 90   43     8.18934480722175E-09   1.08918285936049E-06
 91   43     5.66278940555268E-15   7.58813780344059E-13
 92   43     1.27687640896048E-07   1.72378315209665E-05
 93   43     2.27565764639237E-13   3.09489439909362E-11
 94   43     4.50974128620605E-09   6.17834556210229E-07
 95   43     2.76647787670322E-13   3.81773946985044E-11
 96   43     5.74143454428138E-10   7.98059401655112E-08
 97   43     3.91200228065894E-13   5.47680319292252E-11
 98   43     8.97761241003280E-12   1.26584334981462E-09
 99   43     3.69325481923929E-13   5.24442184331980E-11
100   43     3.09958414411083E-11   4.43240532607849E-09
101   43     7.84994583134975E-13   1.13039219971436E-10
102   43     4.20120062458282E-08   6.09174090564509E-06
103   43     2.12884183347921E-07   3.10810907687964E-05
104   43     8.92695493233187E-07   1.31226237505278E-04
 37   44     1.00000000000000E-99   1.00000000000000E-99
 38   44     1.00000000000000E-99   1.00000000000000E-99
 39   44     1.00000000000000E-99   1.00000000000000E-99
 40   44     1.00000000000000E-99   1.00000000000000E-99
 41   44     1.00000000000000E-99   1.00000000000000E-99
 42   44     1.00000000000000E-99   1.00000000000000E-99
 43   44     1.00000000000000E-99   1.00000000000000E-99
 44   44     1.00000000000000E-99   1.00000000000000E-99
 45   44     1.00000000000000E-99   1.00000000000000E-99
 46   44     1.00000000000000E-99   1.00000000000000E-99
 47   44     1.00000000000000E-99   1.00000000000000E-99
 48   44     1.00000000000000E-99   1.00000000000000E-99
 49   44     1.00000000000000E-99   1.00000000000000E-99
 50   44     1.00000000000000E-99   1.00000000000000E-99
 51   44     1.00000000000000E-99   1.00000000000000E-99
 52   44     1.00000000000000E-99   1.00000000000000E-99
 53   44     1.00000000000000E-99   1.00000000000000E-99
 54   44     1.00000000000000E-99   1.00000000000000E-99
 55   44     1.00000000000000E-99   1.00000000000000E-99
 56   44     1.00000000000000E-99   1.00000000000000E-99
 57   44     1.00000000000000E-99   1.00000000000000E-99
 58   44     1.00000000000000E-99   1.00000000000000E-99
 59   44     1.00000000000000E-99   1.00000000000000E-99
 60   44     1.00000000000000E-99   1.00000000000000E-99
 61   44     1.00000000000000E-99   1.00000000000000E-99
 62   44     1.00000000000000E-99   1.00000000000000E-99
 63   44     1.00000000000000E-99   1.00000000000000E-99
 64   44     1.00000000000000E-99   1.00000000000000E-99
 65   44     1.03763982641054E-24   1.13102741078749E-22
 66   44     1.74546757402636E-22   1.92001433142899E-20
 67   44     7.66867849043184E-22   8.51223312437934E-20
 68   44     3.88161259007619E-20   4.34740610088534E-18
 69   44     1.27007543115323E-19   1.43518523720315E-17
 70   44     7.40617125271226E-18   8.44303522809197E-16
 71   44     7.12159810922301E-18   8.18983782560647E-16
 72   44     3.30636249454760E-16   3.83538049367522E-14
 73   44     1.69122760883275E-16   1.97873630233432E-14
 74   44     2.49361514834283E-14   2.94246587504454E-12
 75   44     2.56094398740656E-14   3.04752334501381E-12
 76   44     1.83812195831622E-12   2.20574634997946E-10
 77   44     2.40215124575884E-12   2.90660300736819E-10
 78   44     2.24864454197822E-11   2.74334634121343E-09
 79   44     1.07919819647060E-11   1.32741378165883E-09
 80   44     1.09285778565961E-09   1.35514365421791E-07
 81   44     2.51478071858452E-08   3.14347589823065E-06
 82   44     6.25635774722481E-08   7.88301076150326E-06
 83   44     1.07747395596182E-11   1.36839192407151E-09
 84   44     6.78405129266541E-08   8.68358565461172E-06
 85   44     5.30008126337249E-14   6.83710482975051E-12
 86   44     2.00516065860521E-08   2.60670885618678E-06
 87   44     6.54979360835315E-15   8.58022962694262E-13
 88   44     1.98579537652728E-07   2.62124989701601E-05
 89   44     1.19914271050317E-13   1.59485980496921E-11
 90   44     8.57709606180837E-09   1.14933087228232E-06
 91   44     4.47334411488927E-15   6.03901455510052E-13
 92   44     2.41233223854705E-09   3.28077184442399E-07
 93   44     1.40314455137063E-15   1.92230803537776E-13
 94   44     1.65800639536461E-07   2.28804882560316E-05
 95   44     1.31582746980257E-13   1.82900018302557E-11
 96   44     2.63297363918163E-06   3.68616309485428E-04
 97   44     2.57987080494412E-12   3.63761783497121E-10
 98   44     6.43413044466577E-07   9.13646523142540E-05
 99   44     4.26518067790088E-12   6.09920836939826E-10
100   44     8.58806618600410E-07   1.23668153078459E-04
101   44     3.05067207754164E-11   4.42347451243537E-09
102   44     4.74583491106766E-07   6.92891897015879E-05
103   44     8.10824930441754E-13   1.19191264774938E-10
104   44     4.51342231758498E-13   6.67986503002577E-11
105   44     1.19770655044083E-06   1.78458276015683E-04
106   44     9.88055812300992E-08   1.48208371845149E-05
 38   45     1.00000000000000E-99   1.00000000000000E-99
 39   45     1.00000000000000E-99   1.00000000000000E-99
 40   45     1.00000000000000E-99   1.00000000000000E-99
 41   45     1.00000000000000E-99   1.00000000000000E-99
 42   45     1.00000000000000E-99   1.00000000000000E-99
 43   45     1.00000000000000E-99   1.00000000000000E-99
 44   45     1.00000000000000E-99   1.00000000000000E-99
 45   45     1.00000000000000E-99   1.00000000000000E-99
 46   45     1.00000000000000E-99   1.00000000000000E-99
 47   45     1.00000000000000E-99   1.00000000000000E-99
 48   45     1.00000000000000E-99   1.00000000000000E-99
 49   45     1.00000000000000E-99   1.00000000000000E-99
 50   45     1.00000000000000E-99   1.00000000000000E-99
 51   45     1.00000000000000E-99   1.00000000000000E-99
 52   45     1.00000000000000E-99   1.00000000000000E-99
 53   45     1.00000000000000E-99   1.00000000000000E-99
 54   45     1.00000000000000E-99   1.00000000000000E-99
 55   45     1.00000000000000E-99   1.00000000000000E-99
 56   45     1.00000000000000E-99   1.00000000000000E-99
 57   45     1.00000000000000E-99   1.00000000000000E-99
 58   45     1.00000000000000E-99   1.00000000000000E-99
 59   45     1.00000000000000E-99   1.00000000000000E-99
 60   45     1.00000000000000E-99   1.00000000000000E-99
 61   45     1.00000000000000E-99   1.00000000000000E-99
 62   45     1.00000000000000E-99   1.00000000000000E-99
 63   45     1.00000000000000E-99   1.00000000000000E-99
 64   45     1.00000000000000E-99   1.00000000000000E-99
 65   45     1.00000000000000E-99   1.00000000000000E-99
 66   45     1.00000000000000E-99   1.00000000000000E-99
 67   45     1.00000000000000E-99   1.00000000000000E-99
 68   45     2.04122471740347E-24   2.30658393066592E-22
 69   45     2.51754860544031E-22   2.87000541020195E-20
 70   45     2.73941379442484E-22   3.15032586358856E-20
 71   45     1.05561916635760E-20   1.22451823297482E-18
 72   45     2.07345130427341E-19   2.42593802599989E-17
 73   45     1.90246734807240E-18   2.24491147072543E-16
 74   45     4.05451843370955E-17   4.82487693611437E-15
 75   45     4.05926167569157E-16   4.87111401082988E-14
 76   45     7.22355362950787E-15   8.74049989170453E-13
 77   45     9.34682859680310E-15   1.14031308880998E-12
 78   45     7.18024985997536E-13   8.83170732776969E-11
 79   45     4.03663081625532E-12   5.00542221215660E-10
 80   45     2.30807269119642E-10   2.88509086399553E-08
 81   45     2.28830666521702E-09   2.88326639817345E-07
 82   45     3.10936635249798E-08   3.94889526767243E-06
 83   45     2.28350049948287E-09   2.92288063933807E-07
 84   45     1.52517384662582E-07   1.96747426214730E-05
 85   45     1.69087551149818E-10   2.19813816494763E-08
 86   45     1.04408020170060E-08   1.36774506422779E-06
 87   45     4.77246665047482E-15   6.29965597862676E-13
 88   45     4.76767665846608E-09   6.34100995575989E-07
 89   45     2.44883453481671E-15   3.28143827665439E-13
 90   45     3.27503084785171E-07   4.42129164459982E-05
 91   45     3.51082845297785E-13   4.77472669604987E-11
 92   45     6.34894695199329E-06   8.69805732423080E-04
 93   45     9.80623048292595E-12   1.35325980664378E-09
 94   45     1.64960936612456E-06   2.29295701891314E-04
 95   45     5.63799396287729E-13   7.89319154802821E-11
 96   45     6.51802689600798E-06   9.19041792337125E-04
 97   45     6.50613099015707E-12   9.23870600602304E-10
 98   45     5.17344874066125E-07   7.39803169914559E-05
 99   45     1.88994708489078E-11   2.72152380224273E-09
100   45     5.49306592827676E-08   7.96494559600131E-06
101   45     5.39721453762571E-12   7.87993322493354E-10
102   45     2.54695702015697E-08   3.74402681963075E-06
103   45     3.15947321007795E-13   4.67602035091536E-11
104   45     1.23674020507605E-25   1.84274290556331E-23
105   45     1.00000000000000E-99   1.00000000000000E-99
106   45     1.00000000000000E-99   1.00000000000000E-99
107   45     1.00000000000000E-99   1.00000000000000E-99
108   45     1.00000000000000E-99   1.00000000000000E-99
 40   46     1.00000000000000E-99   1.00000000000000E-99
 41   46     1.00000000000000E-99   1.00000000000000E-99
 42   46     1.00000000000000E-99   1.00000000000000E-99
 43   46     1.00000000000000E-99   1.00000000000000E-99
 44   46     1.00000000000000E-99   1.00000000000000E-99
 45   46     1.00000000000000E-99   1.00000000000000E-99
 46   46     1.00000000000000E-99   1.00000000000000E-99
 47   46     1.00000000000000E-99   1.00000000000000E-99
 48   46     1.00000000000000E-99   1.00000000000000E-99
 49   46     1.00000000000000E-99   1.00000000000000E-99
 50   46     1.00000000000000E-99   1.00000000000000E-99
 51   46     1.00000000000000E-99   1.00000000000000E-99
 52   46     1.00000000000000E-99   1.00000000000000E-99
 53   46     1.00000000000000E-99   1.00000000000000E-99
 54   46     1.00000000000000E-99   1.00000000000000E-99
 55   46     1.00000000000000E-99   1.00000000000000E-99
 56   46     1.00000000000000E-99   1.00000000000000E-99
 57   46     1.00000000000000E-99   1.00000000000000E-99
 58   46     1.00000000000000E-99   1.00000000000000E-99
 59   46     1.00000000000000E-99   1.00000000000000E-99
 60   46     1.00000000000000E-99   1.00000000000000E-99
 61   46     1.00000000000000E-99   1.00000000000000E-99
 62   46     1.00000000000000E-99   1.00000000000000E-99
 63   46     1.00000000000000E-99   1.00000000000000E-99
 64   46     1.00000000000000E-99   1.00000000000000E-99
 65   46     1.00000000000000E-99   1.00000000000000E-99
 66   46     1.00000000000000E-99   1.00000000000000E-99
 67   46     1.00000000000000E-99   1.00000000000000E-99
 68   46     1.00000000000000E-99   1.00000000000000E-99
 69   46     1.00000000000000E-99   1.00000000000000E-99
 70   46     2.22420395019662E-24   2.58007658222808E-22
 71   46     2.23695663180835E-23   2.61723925921577E-21
 72   46     2.98705530960418E-21   3.52472526533293E-19
 73   46     6.94938712318917E-21   8.26977067659511E-19
 74   46     2.35808572849808E-18   2.82970287419769E-16
 75   46     5.33660229525469E-18   6.45728877725817E-16
 76   46     9.57470223977428E-16   1.16811367325246E-13
 77   46     3.98321731342726E-15   4.89935729551553E-13
 78   46     1.62161124306503E-12   2.01079794140063E-10
 79   46     1.03714119644866E-11   1.29642649556082E-09
 80   46     8.38111817674677E-10   1.05602089027009E-07
 81   46     8.94389901323652E-09   1.13587517468104E-06
 82   46     5.35687837243217E-08   6.85680431671317E-06
 83   46     1.29216480643422E-08   1.66689260030015E-06
 84   46     1.07813977211091E-07   1.40158170374418E-05
 85   46     1.27789442041210E-11   1.67404169073985E-09
 86   46     2.41325853754871E-05   3.18550126956429E-03
 87   46     1.69432485701067E-13   2.25345205982419E-11
 88   46     2.04214128737493E-05   2.73646932508241E-03
 89   46     4.43593624128893E-12   5.98851392574006E-10
 90   46     4.48022260384314E-06   6.09310274122667E-04
 91   46     2.65584329516164E-12   3.63850531437144E-10
 92   46     1.60842326233767E-05   2.21962410202599E-03
 93   46     1.10196399915379E-10   1.53172995882377E-08
 94   46     1.26769041750891E-06   1.77476658451247E-04
 95   46     4.65247513442401E-13   6.55998993953786E-11
 96   46     1.44128650461643E-07   2.04662683655533E-05
 97   46     6.36481696350667E-14   9.10168825781454E-12
 98   46     5.74597920220402E-08   8.27421005117379E-06
 99   46     4.86865942652634E-14   7.05955616846320E-12
100   46     7.50382183481632E-08   1.09555798788318E-05
101   46     5.78503951300874E-14   8.50400808412284E-12
102   46     2.50651269601026E-07   3.70963879009518E-05
103   46     2.11314282566649E-13   3.14858281024307E-11
104   46     2.66201464263291E-11   3.99302196394936E-09
105   46     1.07921561995953E-17   1.62961558613889E-15
106   46     2.12498729905715E-14   3.22998069456687E-12
107   46     6.30112397726539E-18   9.64071968521604E-16
108   46     6.06209529638874E-16   9.33562675643866E-14
109   46     9.66842279998889E-13   1.49860553399828E-10
110   46     2.98385033887814E-14   4.65480652864990E-12
 41   47     1.00000000000000E-99   1.00000000000000E-99
 42   47     1.00000000000000E-99   1.00000000000000E-99
 43   47     1.00000000000000E-99   1.00000000000000E-99
 44   47     1.00000000000000E-99   1.00000000000000E-99
 45   47     1.00000000000000E-99   1.00000000000000E-99
 46   47     1.00000000000000E-99   1.00000000000000E-99
 47   47     1.00000000000000E-99   1.00000000000000E-99
 48   47     1.00000000000000E-99   1.00000000000000E-99
 49   47     1.00000000000000E-99   1.00000000000000E-99
 50   47     1.00000000000000E-99   1.00000000000000E-99
 51   47     1.00000000000000E-99   1.00000000000000E-99
 52   47     1.00000000000000E-99   1.00000000000000E-99
 53   47     1.00000000000000E-99   1.00000000000000E-99
 54   47     1.00000000000000E-99   1.00000000000000E-99
 55   47     1.00000000000000E-99   1.00000000000000E-99
 56   47     1.00000000000000E-99   1.00000000000000E-99
 57   47     1.00000000000000E-99   1.00000000000000E-99
 58   47     1.00000000000000E-99   1.00000000000000E-99
 59   47     1.00000000000000E-99   1.00000000000000E-99
 60   47     1.00000000000000E-99   1.00000000000000E-99
 61   47     1.00000000000000E-99   1.00000000000000E-99
 62   47     1.00000000000000E-99   1.00000000000000E-99
 63   47     1.00000000000000E-99   1.00000000000000E-99
 64   47     1.00000000000000E-99   1.00000000000000E-99
 65   47     1.00000000000000E-99   1.00000000000000E-99
 66   47     1.00000000000000E-99   1.00000000000000E-99
 67   47     1.00000000000000E-99   1.00000000000000E-99
 68   47     1.00000000000000E-99   1.00000000000000E-99
 69   47     1.00000000000000E-99   1.00000000000000E-99
 70   47     1.00000000000000E-99   1.00000000000000E-99
 71   47     1.00000000000000E-99   1.00000000000000E-99
 72   47     1.00000000000000E-99   1.00000000000000E-99
 73   47     1.26107446021559E-23   1.51328935225871E-21
 74   47     2.89925645493025E-21   3.50810031046561E-19
 75   47     3.31921177031022E-20   4.04943835977846E-18
 76   47     1.29646077067480E-18   1.59464674793000E-16
 77   47     3.84312260106992E-16   4.76547202532670E-14
 78   47     1.58900733283047E-14   1.98625916603808E-12
 79   47     5.04307279675780E-13   6.35427172391483E-11
 80   47     2.00439920302515E-11   2.54558698784194E-09
 81   47     2.95531905917383E-10   3.78280839574250E-08
 82   47     1.89634558647013E-08   2.44628580654647E-06
 83   47     1.07915495673305E-06   1.40290144375296E-04
 84   47     6.19714975473949E-06   8.11826617870873E-04
 85   47     9.47460511414526E-06   1.25064787506717E-03
 86   47     1.04325995355908E-04   1.38753573823358E-02
 87   47     1.03423842058291E-12   1.38587948358110E-10
 88   47     1.52508791901012E-05   2.05886869066367E-03
 89   47     5.77658684885582E-11   7.85615811444391E-09
 90   47     7.39473614336581E-06   1.01307885164112E-03
 91   47     7.71309493242464E-12   1.06440710067460E-09
 92   47     8.02180235319223E-07   1.11503052709372E-04
 93   47     9.79527573634229E-10   1.37133860308792E-07
 94   47     2.09869239284508E-07   2.95915627391156E-05
 95   47     1.61746859301253E-12   2.29680540207780E-10
 96   47     1.08846413399565E-07   1.55650371161378E-05
 97   47     9.14760840666716E-13   1.31725561056007E-10
 98   47     3.73012272729847E-07   5.40867795458278E-05
 99   47     7.86092437831266E-13   1.14769495923365E-10
100   47     1.61506658905424E-08   2.37414788590974E-06
101   47     2.17607547883733E-15   3.22059170867924E-13
102   47     2.50741796471632E-11   3.73605276742731E-09
103   47     7.76179180702623E-18   1.16426877105393E-15
104   47     1.34433492524786E-15   2.02994573712427E-13
105   47     3.13541341463121E-18   4.76582839023943E-16
106   47     1.11359529159631E-15   1.70380079614235E-13
107   47     2.10038227164081E-19   3.23458869832684E-17
108   47     1.90681393992831E-21   2.95556160688888E-19
109   47     2.41714537573196E-25   3.77074678614185E-23
110   47     5.03284115729269E-23   7.90156061694952E-21
111   47     3.46858727361800E-20   5.48036789231644E-18
112   47     3.97940836173524E-24   6.32725929515903E-22
113   47     8.63175837622535E-24   1.38108134019606E-21
 42   48     1.00000000000000E-99   1.00000000000000E-99
 43   48     1.00000000000000E-99   1.00000000000000E-99
 44   48     1.00000000000000E-99   1.00000000000000E-99
 45   48     1.00000000000000E-99   1.00000000000000E-99
 46   48     1.00000000000000E-99   1.00000000000000E-99
 47   48     1.00000000000000E-99   1.00000000000000E-99
 48   48     1.00000000000000E-99   1.00000000000000E-99
 49   48     1.00000000000000E-99   1.00000000000000E-99
 50   48     1.00000000000000E-99   1.00000000000000E-99
 51   48     1.00000000000000E-99   1.00000000000000E-99
 52   48     1.00000000000000E-99   1.00000000000000E-99
 53   48     1.00000000000000E-99   1.00000000000000E-99
 54   48     1.00000000000000E-99   1.00000000000000E-99
 55   48     1.00000000000000E-99   1.00000000000000E-99
 56   48     1.00000000000000E-99   1.00000000000000E-99
 57   48     1.00000000000000E-99   1.00000000000000E-99
 58   48     1.00000000000000E-99   1.00000000000000E-99
 59   48     1.00000000000000E-99   1.00000000000000E-99
 60   48     1.00000000000000E-99   1.00000000000000E-99
 61   48     1.00000000000000E-99   1.00000000000000E-99
 62   48     1.00000000000000E-99   1.00000000000000E-99
 63   48     1.00000000000000E-99   1.00000000000000E-99
 64   48     1.00000000000000E-99   1.00000000000000E-99
 65   48     1.00000000000000E-99   1.00000000000000E-99
 66   48     1.00000000000000E-99   1.00000000000000E-99
 67   48     1.00000000000000E-99   1.00000000000000E-99
 68   48     1.00000000000000E-99   1.00000000000000E-99
 69   48     1.00000000000000E-99   1.00000000000000E-99
 70   48     1.00000000000000E-99   1.00000000000000E-99
 71   48     1.00000000000000E-99   1.00000000000000E-99
 72   48     1.00000000000000E-99   1.00000000000000E-99
 73   48     1.00000000000000E-99   1.00000000000000E-99
 74   48     1.13330826986650E-23   1.38263608923712E-21
 75   48     1.65117485944127E-21   2.03094507711276E-19
 76   48     1.67247178452396E-18   2.07386501280970E-16
 77   48     2.29546307715865E-17   2.86932884644831E-15
 78   48     8.66805516758896E-15   1.09217495111621E-12
 79   48     1.19175108718711E-13   1.51352388072763E-11
 80   48     3.49101356080673E-10   4.46849735783261E-08
 81   48     5.48302474838232E-08   7.07310192541319E-06
 82   48     2.64227735429502E-06   3.43496056058353E-04
 83   48     2.01908917371983E-05   2.64500681757298E-03
 84   48     3.86622401530272E-05   5.10341570019958E-03
 85   48     1.88721200383109E-05   2.50999196509535E-03
 86   48     5.91628563262484E-05   7.92782274771729E-03
 87   48     6.49683963974312E-07   8.77073351365321E-05
 88   48     5.03717893457005E-04   6.85056335101527E-02
 89   48     1.84289105338748E-13   2.52476074314085E-11
 90   48     1.15433931577831E-06   1.59298825577407E-04
 91   48     6.93560146664153E-14   9.64048603863173E-12
 92   48     1.14345232356118E-07   1.60083325298566E-05
 93   48     4.75218566451726E-09   6.70058178696933E-07
 94   48     4.89118451834910E-07   6.94548201605572E-05
 95   48     4.70935617549012E-11   6.73437933095087E-09
 96   48     3.05587898981702E-08   4.40046574533651E-06
 97   48     6.22498216635309E-13   9.02622414121198E-11
 98   48     2.24271951323014E-10   3.27437048931600E-08
 99   48     3.27091402601052E-16   4.80824361823547E-14
100   48     3.31825461923188E-13   4.91101683646318E-11
101   48     2.45096924085246E-21   3.65194416887016E-19
102   48     2.64743708239503E-15   3.97115562359255E-13
103   48     1.70965540447574E-21   2.58157966075836E-19
104   48     1.60977323037530E-17   2.44685531017046E-15
105   48     1.00000000000000E-99   1.00000000000000E-99
106   48     2.91707498176654E-21   4.49229547192046E-19
107   48     1.00000000000000E-99   1.00000000000000E-99
108   48     4.09295526471695E-20   6.38501021295845E-18
109   48     1.00000000000000E-99   1.00000000000000E-99
110   48     6.21012320352032E-24   9.81199466156211E-22
111   48     1.00000000000000E-99   1.00000000000000E-99
112   48     1.00000000000000E-99   1.00000000000000E-99
113   48     1.00000000000000E-99   1.00000000000000E-99
114   48     1.00000000000000E-99   1.00000000000000E-99
115   48     1.00000000000000E-99   1.00000000000000E-99
 43   49     1.00000000000000E-99   1.00000000000000E-99
 44   49     1.00000000000000E-99   1.00000000000000E-99
 45   49     1.00000000000000E-99   1.00000000000000E-99
 46   49     1.00000000000000E-99   1.00000000000000E-99
 47   49     1.00000000000000E-99   1.00000000000000E-99
 48   49     1.00000000000000E-99   1.00000000000000E-99
 49   49     1.00000000000000E-99   1.00000000000000E-99
 50   49     1.00000000000000E-99   1.00000000000000E-99
 51   49     1.00000000000000E-99   1.00000000000000E-99
 52   49     1.00000000000000E-99   1.00000000000000E-99
 53   49     1.00000000000000E-99   1.00000000000000E-99
 54   49     1.00000000000000E-99   1.00000000000000E-99
 55   49     1.00000000000000E-99   1.00000000000000E-99
 56   49     1.00000000000000E-99   1.00000000000000E-99
 57   49     1.00000000000000E-99   1.00000000000000E-99
 58   49     1.00000000000000E-99   1.00000000000000E-99
 59   49     1.00000000000000E-99   1.00000000000000E-99
 60   49     1.00000000000000E-99   1.00000000000000E-99
 61   49     1.00000000000000E-99   1.00000000000000E-99
 62   49     1.00000000000000E-99   1.00000000000000E-99
 63   49     1.00000000000000E-99   1.00000000000000E-99
 64   49     1.00000000000000E-99   1.00000000000000E-99
 65   49     1.00000000000000E-99   1.00000000000000E-99
 66   49     1.00000000000000E-99   1.00000000000000E-99
 67   49     1.00000000000000E-99   1.00000000000000E-99
 68   49     1.00000000000000E-99   1.00000000000000E-99
 69   49     1.00000000000000E-99   1.00000000000000E-99
 70   49     1.00000000000000E-99   1.00000000000000E-99
 71   49     1.00000000000000E-99   1.00000000000000E-99
 72   49     1.00000000000000E-99   1.00000000000000E-99
 73   49     1.00000000000000E-99   1.00000000000000E-99
 74   49     1.00000000000000E-99   1.00000000000000E-99
 75   49     7.55414306149513E-24   9.36713739625396E-22
 76   49     1.63018759768526E-21   2.03773449710657E-19
 77   49     3.33030199551716E-19   4.19618051435162E-17
 78   49     2.11802614889068E-15   2.68989320909116E-13
 79   49     9.76259151254332E-14   1.24961171360555E-11
 80   49     2.30104330530257E-10   2.96834586384031E-08
 81   49     4.60159350423547E-08   5.98207155550610E-06
 82   49     3.11286384226691E-06   4.07785163336966E-04
 83   49     2.00314876733675E-06   2.64415637288452E-04
 84   49     5.46083054110867E-06   7.26290461967453E-04
 85   49     9.81041692049935E-06   1.31459586734691E-03
 86   49     6.68814822020097E-05   9.02900009727131E-03
 87   49     2.14899375660990E-06   2.92263150898946E-04
 88   49     8.23801826938183E-05   1.12860850290531E-02
 89   49     2.61631720484417E-11   3.61051774268495E-09
 90   49     4.46877071277873E-07   6.21159129076243E-05
 91   49     7.40355053365526E-10   1.03649707471174E-07
 92   49     8.72268796523968E-08   1.22989900309879E-05
 93   49     1.02281361921025E-08   1.45239533927856E-06
 94   49     7.01195386189393E-08   1.00270940225083E-05
 95   49     4.24767081664405E-11   6.11664597596744E-09
 96   49     3.12050451578647E-08   4.52473154789038E-06
 97   49     6.34726069566740E-12   9.26700061567441E-10
 98   49     2.72757544189807E-08   4.00953589959017E-06
 99   49     1.20927271830206E-12   1.78972362308705E-10
100   49     3.81856322467414E-08   5.68965920476447E-06
101   49     1.48843143319184E-14   2.23264714978776E-12
102   49     9.77865882421595E-10   1.47657748245661E-07
103   49     3.21478615019746E-19   4.88647494830013E-17
104   49     2.08518678320904E-17   3.19033577830984E-15
105   49     1.00000000000000E-99   1.00000000000000E-99
106   49     3.67345243470572E-22   5.69385127379387E-20
107   49     1.00000000000000E-99   1.00000000000000E-99
108   49     1.00000000000000E-99   1.00000000000000E-99
109   49     1.00000000000000E-99   1.00000000000000E-99
110   49     1.00000000000000E-99   1.00000000000000E-99
111   49     1.00000000000000E-99   1.00000000000000E-99
112   49     1.00000000000000E-99   1.00000000000000E-99
113   49     1.00000000000000E-99   1.00000000000000E-99
114   49     1.00000000000000E-99   1.00000000000000E-99
115   49     1.00000000000000E-99   1.00000000000000E-99
116   49     1.00000000000000E-99   1.00000000000000E-99
117   49     1.00000000000000E-99   1.00000000000000E-99
 44   50     1.00000000000000E-99   1.00000000000000E-99
 45   50     1.00000000000000E-99   1.00000000000000E-99
 46   50     1.00000000000000E-99   1.00000000000000E-99
 47   50     1.00000000000000E-99   1.00000000000000E-99
 48   50     1.00000000000000E-99   1.00000000000000E-99
 49   50     1.00000000000000E-99   1.00000000000000E-99
 50   50     1.00000000000000E-99   1.00000000000000E-99
 51   50     1.00000000000000E-99   1.00000000000000E-99
 52   50     1.00000000000000E-99   1.00000000000000E-99
 53   50     1.00000000000000E-99   1.00000000000000E-99
 54   50     1.00000000000000E-99   1.00000000000000E-99
 55   50     1.00000000000000E-99   1.00000000000000E-99
 56   50     1.00000000000000E-99   1.00000000000000E-99
 57   50     1.00000000000000E-99   1.00000000000000E-99
 58   50     1.00000000000000E-99   1.00000000000000E-99
 59   50     1.00000000000000E-99   1.00000000000000E-99
 60   50     1.00000000000000E-99   1.00000000000000E-99
 61   50     1.00000000000000E-99   1.00000000000000E-99
 62   50     1.00000000000000E-99   1.00000000000000E-99
 63   50     1.00000000000000E-99   1.00000000000000E-99
 64   50     1.00000000000000E-99   1.00000000000000E-99
 65   50     1.00000000000000E-99   1.00000000000000E-99
 66   50     1.00000000000000E-99   1.00000000000000E-99
 67   50     1.00000000000000E-99   1.00000000000000E-99
 68   50     1.00000000000000E-99   1.00000000000000E-99
 69   50     1.00000000000000E-99   1.00000000000000E-99
 70   50     1.00000000000000E-99   1.00000000000000E-99
 71   50     1.00000000000000E-99   1.00000000000000E-99
 72   50     1.00000000000000E-99   1.00000000000000E-99
 73   50     1.00000000000000E-99   1.00000000000000E-99
 74   50     1.00000000000000E-99   1.00000000000000E-99
 75   50     1.00000000000000E-99   1.00000000000000E-99
 76   50     1.43834669788886E-22   1.81231683933997E-20
 77   50     1.50013635031323E-19   1.90517316489781E-17
 78   50     2.42194510014042E-16   3.10008972817974E-14
 79   50     2.70490397832367E-13   3.48932613203753E-11
 80   50     1.12082285111995E-07   1.45706970645593E-05
 81   50     1.85596896300783E-07   2.43131934154026E-05
 82   50     1.23990858937870E-06   1.63667933797988E-04
 83   50     8.13676893118525E-07   1.08219026784764E-04
 84   50     5.05986582746291E-06   6.78022020880030E-04
 85   50     4.79069660957470E-06   6.46744042292584E-04
 86   50     2.09259544709801E-05   2.84592980805329E-03
 87   50     3.14479315995304E-06   4.30836662913567E-04
 88   50     6.02136408533185E-06   8.30948243775796E-04
 89   50     1.07548488985230E-06   1.49492399689469E-04
 90   50     2.10386700307493E-05   2.94541380430491E-03
 91   50     1.59734462175673E-11   2.25225591667699E-09
 92   50     2.86354170541540E-06   4.06622922168986E-04
 93   50     1.48894781613923E-13   2.12919537707910E-11
 94   50     1.68515492320928E-07   2.42662308942136E-05
 95   50     4.98438060607960E-09   7.22735187881542E-07
 96   50     6.31997824568687E-07   9.22716823870283E-05
 97   50     3.37821306964523E-09   4.96597321237849E-07
 98   50     2.58580856369990E-07   3.82699667427585E-05
 99   50     7.87521808225561E-11   1.17340749425609E-08
100   50     3.10214409312238E-07   4.65321613968357E-05
101   50     8.08032992391583E-13   1.22012981851129E-10
102   50     1.30227254798519E-08   1.97945427293749E-06
103   50     5.04456152525751E-17   7.71817913364400E-15
104   50     3.20295675634279E-13   4.93255340476789E-11
105   50     1.83470672160961E-24   2.84379541849490E-22
106   50     1.51360843432975E-20   2.36122915755442E-18
107   50     1.00000000000000E-99   1.00000000000000E-99
108   50     1.00000000000000E-99   1.00000000000000E-99
109   50     1.00000000000000E-99   1.00000000000000E-99
110   50     1.00000000000000E-99   1.00000000000000E-99
111   50     1.00000000000000E-99   1.00000000000000E-99
112   50     1.00000000000000E-99   1.00000000000000E-99
113   50     1.00000000000000E-99   1.00000000000000E-99
114   50     1.00000000000000E-99   1.00000000000000E-99
115   50     1.00000000000000E-99   1.00000000000000E-99
116   50     1.00000000000000E-99   1.00000000000000E-99
117   50     1.00000000000000E-99   1.00000000000000E-99
118   50     1.00000000000000E-99   1.00000000000000E-99
119   50     1.00000000000000E-99   1.00000000000000E-99
 46   51     1.00000000000000E-99   1.00000000000000E-99
 47   51     1.00000000000000E-99   1.00000000000000E-99
 48   51     1.00000000000000E-99   1.00000000000000E-99
 49   51     1.00000000000000E-99   1.00000000000000E-99
 50   51     1.00000000000000E-99   1.00000000000000E-99
 51   51     1.00000000000000E-99   1.00000000000000E-99
 52   51     1.00000000000000E-99   1.00000000000000E-99
 53   51     1.00000000000000E-99   1.00000000000000E-99
 54   51     1.00000000000000E-99   1.00000000000000E-99
 55   51     1.00000000000000E-99   1.00000000000000E-99
 56   51     1.00000000000000E-99   1.00000000000000E-99
 57   51     1.00000000000000E-99   1.00000000000000E-99
 58   51     1.00000000000000E-99   1.00000000000000E-99
 59   51     1.00000000000000E-99   1.00000000000000E-99
 60   51     1.00000000000000E-99   1.00000000000000E-99
 61   51     1.00000000000000E-99   1.00000000000000E-99
 62   51     1.00000000000000E-99   1.00000000000000E-99
 63   51     1.00000000000000E-99   1.00000000000000E-99
 64   51     1.00000000000000E-99   1.00000000000000E-99
 65   51     1.00000000000000E-99   1.00000000000000E-99
 66   51     1.00000000000000E-99   1.00000000000000E-99
 67   51     1.00000000000000E-99   1.00000000000000E-99
 68   51     1.00000000000000E-99   1.00000000000000E-99
 69   51     1.00000000000000E-99   1.00000000000000E-99
 70   51     1.00000000000000E-99   1.00000000000000E-99
 71   51     1.00000000000000E-99   1.00000000000000E-99
 72   51     1.00000000000000E-99   1.00000000000000E-99
 73   51     1.00000000000000E-99   1.00000000000000E-99
 74   51     1.00000000000000E-99   1.00000000000000E-99
 75   51     1.00000000000000E-99   1.00000000000000E-99
 76   51     1.00000000000000E-99   1.00000000000000E-99
 77   51     6.72505649506534E-25   8.60807231368363E-23
 78   51     1.08093671850521E-19   1.39440836687172E-17
 79   51     1.64917477846507E-07   2.14392721200458E-05
 80   51     7.67210550636158E-07   1.00504582133337E-04
 81   51     8.47310409347270E-07   1.11844974033840E-04
 82   51     2.96744594263872E-05   3.94670310370949E-03
 83   51     1.18957375143790E-06   1.59402882692679E-04
 84   51     1.32753694607183E-05   1.79217487719698E-03
 85   51     1.85639242879233E-06   2.52469370315758E-04
 86   51     1.90140337100944E-05   2.60492261828293E-03
 87   51     1.17423285091087E-07   1.62044133425700E-05
 88   51     1.76565939193675E-06   2.45426655479209E-04
 89   51     3.10562254832381E-07   4.34787156765333E-05
 90   51     3.94973674707032E-06   5.56912881336915E-04
 91   51     1.10271452193712E-07   1.56585462115071E-05
 92   51     1.70800668385808E-06   2.44244955791706E-04
 93   51     1.40250552649541E-07   2.01960795815338E-05
 94   51     1.90448167443142E-06   2.76149842792555E-04
 95   51     1.35023262818368E-07   1.97133963714818E-05
 96   51     2.49539139130755E-06   3.66822534522210E-04
 97   51     2.23188486185436E-07   3.30318959554446E-05
 98   51     2.32688213763072E-06   3.46705438506977E-04
 99   51     1.36430816831705E-07   2.04646225247557E-05
100   51     1.66385602420941E-06   2.51242259655621E-04
101   51     7.79630280078865E-09   1.18503802571987E-06
102   51     1.22059404232068E-06   1.86750888475064E-04
103   51     2.13376011278194E-11   3.28599057368419E-09
104   51     1.03348700181926E-07   1.60190485281985E-05
105   51     4.74940208317825E-15   7.40906724975807E-13
106   51     8.90875767667039E-11   1.39867495523725E-08
107   51     4.62326418663563E-20   7.30475741488430E-18
108   51     5.00139523286432E-16   7.95221842025427E-14
109   51     4.06841568237796E-25   6.50946509180473E-23
110   51     3.70864047792868E-21   5.97091116946518E-19
111   51     1.00000000000000E-99   1.00000000000000E-99
112   51     1.00000000000000E-99   1.00000000000000E-99
113   51     1.00000000000000E-99   1.00000000000000E-99
114   51     1.00000000000000E-99   1.00000000000000E-99
115   51     1.00000000000000E-99   1.00000000000000E-99
116   51     1.00000000000000E-99   1.00000000000000E-99
117   51     1.00000000000000E-99   1.00000000000000E-99
118   51     1.00000000000000E-99   1.00000000000000E-99
119   51     1.00000000000000E-99   1.00000000000000E-99
120   51     1.00000000000000E-99   1.00000000000000E-99
121   51     1.00000000000000E-99   1.00000000000000E-99
 47   52     1.00000000000000E-99   1.00000000000000E-99
 48   52     1.00000000000000E-99   1.00000000000000E-99
 49   52     1.00000000000000E-99   1.00000000000000E-99
 50   52     1.00000000000000E-99   1.00000000000000E-99
 51   52     1.00000000000000E-99   1.00000000000000E-99
 52   52     1.00000000000000E-99   1.00000000000000E-99
 53   52     1.00000000000000E-99   1.00000000000000E-99
 54   52     1.00000000000000E-99   1.00000000000000E-99
 55   52     1.00000000000000E-99   1.00000000000000E-99
 56   52     1.00000000000000E-99   1.00000000000000E-99
 57   52     1.00000000000000E-99   1.00000000000000E-99
 58   52     1.00000000000000E-99   1.00000000000000E-99
 59   52     1.00000000000000E-99   1.00000000000000E-99
 60   52     1.00000000000000E-99   1.00000000000000E-99
 61   52     1.00000000000000E-99   1.00000000000000E-99
 62   52     1.00000000000000E-99   1.00000000000000E-99
 63   52     1.00000000000000E-99   1.00000000000000E-99
 64   52     1.00000000000000E-99   1.00000000000000E-99
 65   52     1.00000000000000E-99   1.00000000000000E-99
 66   52     1.00000000000000E-99   1.00000000000000E-99
 67   52     1.00000000000000E-99   1.00000000000000E-99
 68   52     1.00000000000000E-99   1.00000000000000E-99
 69   52     1.00000000000000E-99   1.00000000000000E-99
 70   52     1.00000000000000E-99   1.00000000000000E-99
 71   52     1.00000000000000E-99   1.00000000000000E-99
 72   52     1.00000000000000E-99   1.00000000000000E-99
 73   52     1.00000000000000E-99   1.00000000000000E-99
 74   52     1.00000000000000E-99   1.00000000000000E-99
 75   52     1.00000000000000E-99   1.00000000000000E-99
 76   52     1.00000000000000E-99   1.00000000000000E-99
 77   52     1.00000000000000E-99   1.00000000000000E-99
 78   52     8.09978202604880E-15   1.05297166338634E-12
 79   52     2.61447899059506E-14   3.42496747767953E-12
 80   52     1.11489746400396E-12   1.47166465248523E-10
 81   52     3.89289530174790E-11   5.17755075132471E-09
 82   52     1.09757390759975E-08   1.47074903618366E-06
 83   52     1.59857466027759E-08   2.15807579137474E-06
 84   52     8.03548898613986E-08   1.09282650211502E-05
 85   52     1.23944688978153E-07   1.69804223900070E-05
 86   52     2.19338070235836E-07   3.02686536925454E-05
 87   52     8.75123913993611E-09   1.21642224045112E-06
 88   52     2.87751945430785E-07   4.02852723603099E-05
 89   52     7.14579016326349E-09   1.00755641302015E-06
 90   52     3.77143497955494E-07   5.35543767096801E-05
 91   52     2.45520286798258E-08   3.51094010121510E-06
 92   52     8.11415762347498E-07   1.16843869778040E-04
 93   52     7.76508597867432E-08   1.12593746690778E-05
 94   52     1.92575713949381E-06   2.81160542366096E-04
 95   52     2.89126791133318E-07   4.25016382965977E-05
 96   52     3.89491145157625E-06   5.76446894833285E-04
 97   52     6.25643948744771E-07   9.32209483629708E-05
 98   52     5.17411920215266E-06   7.76117880322899E-04
 99   52     7.09237104123475E-09   1.07094802722645E-06
100   52     8.93119146778266E-06   1.35754110310296E-03
101   52     5.19857928126231E-07   7.95382630033133E-05
102   52     5.10839922219826E-06   7.86693480218532E-04
103   52     1.39147196149706E-08   2.15678154032044E-06
104   52     2.00564820633533E-06   3.12881120188312E-04
105   52     3.93474943331625E-13   6.17755661030651E-11
106   52     4.95841712973526E-09   7.83429906498171E-07
107   52     2.08099324686879E-17   3.30877926252138E-15
108   52     4.98292383722805E-13   7.97267813956489E-11
109   52     3.70163262642343E-22   5.95962852854172E-20
110   52     3.62057155437205E-17   5.86532591808273E-15
111   52     1.00000000000000E-99   1.00000000000000E-99
112   52     4.00508455724422E-23   6.56833867388052E-21
113   52     1.00000000000000E-99   1.00000000000000E-99
114   52     1.00000000000000E-99   1.00000000000000E-99
115   52     1.00000000000000E-99   1.00000000000000E-99
116   52     1.00000000000000E-99   1.00000000000000E-99
117   52     1.00000000000000E-99   1.00000000000000E-99
118   52     1.00000000000000E-99   1.00000000000000E-99
119   52     1.00000000000000E-99   1.00000000000000E-99
120   52     1.00000000000000E-99   1.00000000000000E-99
121   52     1.00000000000000E-99   1.00000000000000E-99
122   52     1.00000000000000E-99   1.00000000000000E-99
123   52     1.00000000000000E-99   1.00000000000000E-99
124   52     1.00000000000000E-99   1.00000000000000E-99
 48   53     1.00000000000000E-99   1.00000000000000E-99
 49   53     1.00000000000000E-99   1.00000000000000E-99
 50   53     1.00000000000000E-99   1.00000000000000E-99
 51   53     1.00000000000000E-99   1.00000000000000E-99
 52   53     1.00000000000000E-99   1.00000000000000E-99
 53   53     1.00000000000000E-99   1.00000000000000E-99
 54   53     1.00000000000000E-99   1.00000000000000E-99
 55   53     1.00000000000000E-99   1.00000000000000E-99
 56   53     1.00000000000000E-99   1.00000000000000E-99
 57   53     1.00000000000000E-99   1.00000000000000E-99
 58   53     1.00000000000000E-99   1.00000000000000E-99
 59   53     1.00000000000000E-99   1.00000000000000E-99
 60   53     1.00000000000000E-99   1.00000000000000E-99
 61   53     1.00000000000000E-99   1.00000000000000E-99
 62   53     1.00000000000000E-99   1.00000000000000E-99
 63   53     1.00000000000000E-99   1.00000000000000E-99
 64   53     1.00000000000000E-99   1.00000000000000E-99
 65   53     1.00000000000000E-99   1.00000000000000E-99
 66   53     1.00000000000000E-99   1.00000000000000E-99
 67   53     1.00000000000000E-99   1.00000000000000E-99
 68   53     1.00000000000000E-99   1.00000000000000E-99
 69   53     1.00000000000000E-99   1.00000000000000E-99
 70   53     1.00000000000000E-99   1.00000000000000E-99
 71   53     1.00000000000000E-99   1.00000000000000E-99
 72   53     1.00000000000000E-99   1.00000000000000E-99
 73   53     1.00000000000000E-99   1.00000000000000E-99
 74   53     1.00000000000000E-99   1.00000000000000E-99
 75   53     1.00000000000000E-99   1.00000000000000E-99
 76   53     1.00000000000000E-99   1.00000000000000E-99
 77   53     1.00000000000000E-99   1.00000000000000E-99
 78   53     1.89382536076420E-22   2.48091122260110E-20
 79   53     1.85838086288023E-22   2.45306273900190E-20
 80   53     1.66558799483271E-18   2.21523203312751E-16
 81   53     1.85511546533656E-16   2.48585472355099E-14
 82   53     2.28174558871979E-12   3.08035654477172E-10
 83   53     1.77836452967159E-12   2.41857576035336E-10
 84   53     3.69214630694014E-11   5.05824044050800E-09
 85   53     2.17468077128185E-11   3.00105946436895E-09
 86   53     1.28855415281340E-10   1.79109027241063E-08
 87   53     1.86999376318892E-11   2.61799126846449E-09
 88   53     2.44308186877455E-10   3.44474543497211E-08
 89   53     2.08879869663231E-10   2.96609414921788E-08
 90   53     2.57030308199212E-09   3.67553340724873E-07
 91   53     8.85713551060426E-10   1.27542751352701E-07
 92   53     1.05423699764878E-08   1.52864364659072E-06
 93   53     5.80609151434964E-09   8.47689361095047E-07
 94   53     6.71497217898180E-08   9.87100910310325E-06
 95   53     4.62727341684893E-08   6.84836465693642E-06
 96   53     5.69965514723482E-07   8.49248616937989E-05
 97   53     1.41881018457867E-07   2.12821527686800E-05
 98   53     2.10533104781470E-06   3.17904988220019E-04
 99   53     4.45790004771801E-07   6.77600807253137E-05
100   53     4.62143706455977E-06   7.07079870877645E-04
101   53     9.33116840136551E-07   1.43699993381029E-04
102   53     7.96950651350971E-06   1.23527350959401E-03
103   53     1.30490077605591E-06   2.03564521064722E-04
104   53     9.26030871878752E-06   1.45386846884964E-03
105   53     2.46656034076001E-09   3.89716533840082E-07
106   53     7.01958700841912E-07   1.11611433433864E-04
107   53     8.86814217161082E-12   1.41890274745773E-09
108   53     9.23914287428989E-08   1.48750200276067E-05
109   53     9.53166889463198E-14   1.54413036093038E-11
110   53     3.85377133004395E-09   6.28164726797164E-07
111   53     1.20306176254775E-16   1.97302129057831E-14
112   53     1.19638679342483E-12   1.97403820915097E-10
113   53     2.29166911482620E-21   3.80417073061150E-19
114   53     4.90988004620359E-17   8.19949967716000E-15
115   53     7.95356622584447E-25   1.33619912594187E-22
116   53     2.71859033939247E-21   4.59441767357327E-19
117   53     1.00000000000000E-99   1.00000000000000E-99
118   53     1.00000000000000E-99   1.00000000000000E-99
119   53     1.00000000000000E-99   1.00000000000000E-99
120   53     1.00000000000000E-99   1.00000000000000E-99
121   53     1.00000000000000E-99   1.00000000000000E-99
122   53     1.00000000000000E-99   1.00000000000000E-99
123   53     1.00000000000000E-99   1.00000000000000E-99
124   53     1.00000000000000E-99   1.00000000000000E-99
125   53     1.00000000000000E-99   1.00000000000000E-99
126   53     1.00000000000000E-99   1.00000000000000E-99
 49   54     1.00000000000000E-99   1.00000000000000E-99
 50   54     1.00000000000000E-99   1.00000000000000E-99
 51   54     1.00000000000000E-99   1.00000000000000E-99
 52   54     1.00000000000000E-99   1.00000000000000E-99
 53   54     1.00000000000000E-99   1.00000000000000E-99
 54   54     1.00000000000000E-99   1.00000000000000E-99
 55   54     1.00000000000000E-99   1.00000000000000E-99
 56   54     1.00000000000000E-99   1.00000000000000E-99
 57   54     1.00000000000000E-99   1.00000000000000E-99
 58   54     1.00000000000000E-99   1.00000000000000E-99
 59   54     1.00000000000000E-99   1.00000000000000E-99
 60   54     1.00000000000000E-99   1.00000000000000E-99
 61   54     1.00000000000000E-99   1.00000000000000E-99
 62   54     1.00000000000000E-99   1.00000000000000E-99
 63   54     1.00000000000000E-99   1.00000000000000E-99
 64   54     1.00000000000000E-99   1.00000000000000E-99
 65   54     1.00000000000000E-99   1.00000000000000E-99
 66   54     1.00000000000000E-99   1.00000000000000E-99
 67   54     1.00000000000000E-99   1.00000000000000E-99
 68   54     1.00000000000000E-99   1.00000000000000E-99
 69   54     1.00000000000000E-99   1.00000000000000E-99
 70   54     1.00000000000000E-99   1.00000000000000E-99
 71   54     1.00000000000000E-99   1.00000000000000E-99
 72   54     1.00000000000000E-99   1.00000000000000E-99
 73   54     1.00000000000000E-99   1.00000000000000E-99
 74   54     1.00000000000000E-99   1.00000000000000E-99
 75   54     1.00000000000000E-99   1.00000000000000E-99
 76   54     1.00000000000000E-99   1.00000000000000E-99
 77   54     1.00000000000000E-99   1.00000000000000E-99
 78   54     1.00000000000000E-99   1.00000000000000E-99
 79   54     1.00000000000000E-99   1.00000000000000E-99
 80   54     5.07965933658348E-24   6.80674351102187E-22
 81   54     4.48788591237639E-21   6.05864598170812E-19
 82   54     1.64832541754092E-16   2.24172256785566E-14
 83   54     5.06548919874607E-16   6.93972020228212E-14
 84   54     6.28581739545695E-15   8.67442800573058E-13
 85   54     3.74097507044219E-14   5.19995534791464E-12
 86   54     1.51147143591801E-13   2.11606001028521E-11
 87   54     1.71995677422683E-13   2.42513905165983E-11
 88   54     1.90412212798462E-11   2.70385342173816E-09
 89   54     3.01301081065659E-12   4.30860545923892E-10
 90   54     1.42827786996296E-10   2.05672013274666E-08
 91   54     2.34603199292351E-11   3.40174638973909E-09
 92   54     2.32397391299361E-09   3.39300191297068E-07
 93   54     6.68866388254228E-10   9.83233590733715E-08
 94   54     3.96987138345421E-08   5.87540964751224E-06
 95   54     7.33422323548306E-09   1.09279926208698E-06
 96   54     3.17861355195952E-07   4.76792032793928E-05
 97   54     6.54529296617700E-08   9.88339237892726E-06
 98   54     1.52953857259693E-06   2.32489863034734E-04
 99   54     1.90817835634247E-07   2.91951288520398E-05
100   54     6.38090777000555E-06   9.82659796580854E-04
101   54     2.43994167399978E-06   3.78190959469967E-04
102   54     2.00637685148565E-05   3.12994788831762E-03
103   54     2.48444888542531E-06   3.90058475011774E-04
104   54     1.39295793754155E-05   2.20087354131565E-03
105   54     8.45380569481151E-08   1.34415510547503E-05
106   54     3.72292614059645E-06   5.95668182495432E-04
107   54     9.80272934805161E-10   1.57823942503631E-07
108   54     1.47549761700020E-06   2.39030613954033E-04
109   54     4.31091135154840E-12   7.02678550302390E-10
110   54     9.98543686913874E-08   1.63761164653875E-05
111   54     1.13198045068164E-14   1.86776774362470E-12
112   54     3.64148654266846E-08   6.04486766082964E-06
113   54     2.68417079471556E-16   4.48256522717498E-14
114   54     9.33036296480144E-13   1.56750097808664E-10
115   54     5.67754032757246E-21   9.59504315359745E-19
116   54     1.12805208832822E-16   1.91768855015797E-14
117   54     1.00000000000000E-99   1.00000000000000E-99
118   54     6.95413636138311E-25   1.19611145415790E-22
119   54     1.00000000000000E-99   1.00000000000000E-99
120   54     1.00000000000000E-99   1.00000000000000E-99
121   54     1.00000000000000E-99   1.00000000000000E-99
122   54     1.00000000000000E-99   1.00000000000000E-99
123   54     1.00000000000000E-99   1.00000000000000E-99
124   54     1.00000000000000E-99   1.00000000000000E-99
125   54     1.00000000000000E-99   1.00000000000000E-99
126   54     1.00000000000000E-99   1.00000000000000E-99
127   54     1.00000000000000E-99   1.00000000000000E-99
128   54     1.00000000000000E-99   1.00000000000000E-99
 51   55     1.00000000000000E-99   1.00000000000000E-99
 52   55     1.00000000000000E-99   1.00000000000000E-99
 53   55     1.00000000000000E-99   1.00000000000000E-99
 54   55     1.00000000000000E-99   1.00000000000000E-99
 55   55     1.00000000000000E-99   1.00000000000000E-99
 56   55     1.00000000000000E-99   1.00000000000000E-99
 57   55     1.00000000000000E-99   1.00000000000000E-99
 58   55     1.00000000000000E-99   1.00000000000000E-99
 59   55     1.00000000000000E-99   1.00000000000000E-99
 60   55     1.00000000000000E-99   1.00000000000000E-99
 61   55     1.00000000000000E-99   1.00000000000000E-99
 62   55     1.00000000000000E-99   1.00000000000000E-99
 63   55     1.00000000000000E-99   1.00000000000000E-99
 64   55     1.00000000000000E-99   1.00000000000000E-99
 65   55     1.00000000000000E-99   1.00000000000000E-99
 66   55     1.00000000000000E-99   1.00000000000000E-99
 67   55     1.00000000000000E-99   1.00000000000000E-99
 68   55     1.00000000000000E-99   1.00000000000000E-99
 69   55     1.00000000000000E-99   1.00000000000000E-99
 70   55     1.00000000000000E-99   1.00000000000000E-99
 71   55     1.00000000000000E-99   1.00000000000000E-99
 72   55     1.00000000000000E-99   1.00000000000000E-99
 73   55     1.00000000000000E-99   1.00000000000000E-99
 74   55     1.00000000000000E-99   1.00000000000000E-99
 75   55     1.00000000000000E-99   1.00000000000000E-99
 76   55     1.00000000000000E-99   1.00000000000000E-99
 77   55     1.00000000000000E-99   1.00000000000000E-99
 78   55     1.00000000000000E-99   1.00000000000000E-99
 79   55     1.00000000000000E-99   1.00000000000000E-99
 80   55     1.00000000000000E-99   1.00000000000000E-99
 81   55     1.00000000000000E-99   1.00000000000000E-99
 82   55     3.73535788395073E-22   5.11744030101250E-20
 83   55     4.57348728298094E-22   6.31141245051369E-20
 84   55     7.98638420777249E-20   1.11010740488038E-17
 85   55     7.65521216191735E-19   1.07172970266843E-16
 86   55     1.46214063760404E-17   2.06161829902170E-15
 87   55     1.31454018286374E-16   1.86664705966650E-14
 88   55     2.20231618420649E-15   3.14931214341528E-13
 89   55     4.71615424850760E-15   6.79126211785094E-13
 90   55     7.16030837895423E-14   1.03824471494836E-11
 91   55     4.15816436797124E-13   6.07091997723801E-11
 92   55     4.53989506671124E-12   6.67364574806553E-10
 93   55     5.34413720792144E-12   7.90932306772374E-10
 94   55     2.52494566555165E-10   3.76216904167196E-08
 95   55     1.94982587732463E-10   2.92473881598695E-08
 96   55     4.36941568651867E-09   6.59781768664320E-07
 97   55     3.50596255102990E-09   5.32906307756545E-07
 98   55     5.12098426957766E-08   7.83510593245382E-06
 99   55     2.34100848996798E-08   3.60515307455068E-06
100   55     5.06382571121469E-07   7.84892985238277E-05
101   55     3.61186454427714E-07   5.63450868907233E-05
102   55     4.14984556857472E-06   6.51525754266231E-04
103   55     1.39893509949985E-06   2.21031745720976E-04
104   55     1.01970340780846E-05   1.62132841841545E-03
105   55     2.11562759156982E-06   3.38500414651171E-04
106   55     9.71103478073113E-06   1.56347659969771E-03
107   55     1.54060593915482E-06   2.49578162143082E-04
108   55     7.88329469814633E-06   1.28497703579785E-03
109   55     9.20499862495073E-08   1.50961977449192E-05
110   55     2.93062591986274E-06   4.83553276777352E-04
111   55     1.37441401668989E-09   2.28152726770522E-07
112   55     1.24356354963548E-06   2.07675112789126E-04
113   55     1.12688316820493E-11   1.89316372258428E-09
114   55     4.32766166813041E-08   7.31374821914039E-06
115   55     1.96136151110704E-13   3.33431456888197E-11
116   55     2.53099392063985E-09   4.32799960429414E-07
117   55     5.60414815951692E-15   9.63913483436910E-13
118   55     5.34807975188783E-12   9.25217797076595E-10
119   55     1.91490455349886E-18   3.33193392308802E-16
120   55     3.64450340136460E-20   6.37788095238804E-18
121   55     1.00000000000000E-99   1.00000000000000E-99
122   55     1.03990012814547E-19   1.84062322681747E-17
123   55     1.00000000000000E-99   1.00000000000000E-99
124   55     1.84098981391570E-21   3.29537176690910E-19
125   55     1.00000000000000E-99   1.00000000000000E-99
126   55     1.00000000000000E-99   1.00000000000000E-99
127   55     1.00000000000000E-99   1.00000000000000E-99
128   55     1.00000000000000E-99   1.00000000000000E-99
129   55     1.00000000000000E-99   1.00000000000000E-99
130   55     1.00000000000000E-99   1.00000000000000E-99
 52   56     1.00000000000000E-99   1.00000000000000E-99
 53   56     1.00000000000000E-99   1.00000000000000E-99
 54   56     1.00000000000000E-99   1.00000000000000E-99
 55   56     1.00000000000000E-99   1.00000000000000E-99
 56   56     1.00000000000000E-99   1.00000000000000E-99
 57   56     1.00000000000000E-99   1.00000000000000E-99
 58   56     1.00000000000000E-99   1.00000000000000E-99
 59   56     1.00000000000000E-99   1.00000000000000E-99
 60   56     1.00000000000000E-99   1.00000000000000E-99
 61   56     1.00000000000000E-99   1.00000000000000E-99
 62   56     1.00000000000000E-99   1.00000000000000E-99
 63   56     1.00000000000000E-99   1.00000000000000E-99
 64   56     1.00000000000000E-99   1.00000000000000E-99
 65   56     1.00000000000000E-99   1.00000000000000E-99
 66   56     1.00000000000000E-99   1.00000000000000E-99
 67   56     1.00000000000000E-99   1.00000000000000E-99
 68   56     1.00000000000000E-99   1.00000000000000E-99
 69   56     1.00000000000000E-99   1.00000000000000E-99
 70   56     1.00000000000000E-99   1.00000000000000E-99
 71   56     1.00000000000000E-99   1.00000000000000E-99
 72   56     1.00000000000000E-99   1.00000000000000E-99
 73   56     1.00000000000000E-99   1.00000000000000E-99
 74   56     1.00000000000000E-99   1.00000000000000E-99
 75   56     1.00000000000000E-99   1.00000000000000E-99
 76   56     1.00000000000000E-99   1.00000000000000E-99
 77   56     1.00000000000000E-99   1.00000000000000E-99
 78   56     1.00000000000000E-99   1.00000000000000E-99
 79   56     1.00000000000000E-99   1.00000000000000E-99
 80   56     1.00000000000000E-99   1.00000000000000E-99
 81   56     1.00000000000000E-99   1.00000000000000E-99
 82   56     1.00000000000000E-99   1.00000000000000E-99
 83   56     1.00000000000000E-99   1.00000000000000E-99
 84   56     2.00800929977843E-24   2.81121301968980E-22
 85   56     5.61353442168119E-23   7.91508353457048E-21
 86   56     1.52521295230165E-20   2.16580239226835E-18
 87   56     8.24829067225222E-20   1.17950556613207E-17
 88   56     5.14927039412012E-18   7.41494936753298E-16
 89   56     5.40338176199348E-17   7.83490355489055E-15
 90   56     1.75281689752533E-15   2.55911267038698E-13
 91   56     1.02875310621558E-14   1.51226706613690E-12
 92   56     4.26286766629810E-13   6.30904414612119E-11
 93   56     1.31035192911336E-13   1.95242437437891E-11
 94   56     2.88517541257470E-11   4.32776311886205E-09
 95   56     1.29425281729665E-11   1.95432175411795E-09
 96   56     7.59882871003664E-10   1.15502196392557E-07
 97   56     2.57472280895941E-10   3.93932589770789E-08
 98   56     2.35451578981147E-08   3.62595431630967E-06
 99   56     3.13089659553733E-09   4.85288972308286E-07
100   56     4.64565474075091E-07   7.24722139557142E-05
101   56     1.69318314486700E-07   2.65829753744118E-05
102   56     4.09384083171754E-06   6.46826851411371E-04
103   56     1.26047096628578E-06   2.00414883639440E-04
104   56     9.26409235824513E-06   1.48225477731922E-03
105   56     2.37914760477574E-06   3.83042764368895E-04
106   56     9.54877591985336E-06   1.54690169901624E-03
107   56     2.38172759969539E-06   3.88221598750349E-04
108   56     8.45487670672221E-06   1.38659977990244E-03
109   56     6.15263284033475E-07   1.01518441865523E-04
110   56     9.61939395297445E-06   1.59681939619376E-03
111   56     1.84942153814890E-08   3.08853396870866E-06
112   56     2.14437227602709E-06   3.60254542372551E-04
113   56     2.96727657082623E-09   5.01469740469632E-07
114   56     9.80216206472697E-07   1.66636755100358E-04
115   56     1.54487708813920E-11   2.64173982071803E-09
116   56     6.39316082667685E-08   1.09962366218842E-05
117   56     4.35231833055324E-12   7.52951071185710E-10
118   56     1.36248255349680E-09   2.37071964308444E-07
119   56     8.34072098160225E-16   1.45962617178039E-13
120   56     2.15430094854053E-13   3.79156966943134E-11
121   56     6.80427160371639E-20   1.20435607385780E-17
122   56     9.20482304570608E-16   1.63845850213568E-13
123   56     4.34822046609220E-21   7.78331463430504E-19
124   56     1.01273974131904E-17   1.82293153437428E-15
125   56     3.26204316041975E-22   5.90429812035974E-20
126   56     1.76214367111256E-21   3.20710148142486E-19
127   56     1.00000000000000E-99   1.00000000000000E-99
128   56     1.00000000000000E-99   1.00000000000000E-99
129   56     1.00000000000000E-99   1.00000000000000E-99
130   56     1.00000000000000E-99   1.00000000000000E-99
131   56     1.00000000000000E-99   1.00000000000000E-99
132   56     1.00000000000000E-99   1.00000000000000E-99
133   56     1.00000000000000E-99   1.00000000000000E-99
 53   57     1.00000000000000E-99   1.00000000000000E-99
 54   57     1.00000000000000E-99   1.00000000000000E-99
 55   57     1.00000000000000E-99   1.00000000000000E-99
 56   57     1.00000000000000E-99   1.00000000000000E-99
 57   57     1.00000000000000E-99   1.00000000000000E-99
 58   57     1.00000000000000E-99   1.00000000000000E-99
 59   57     1.00000000000000E-99   1.00000000000000E-99
 60   57     1.00000000000000E-99   1.00000000000000E-99
 61   57     1.00000000000000E-99   1.00000000000000E-99
 62   57     1.00000000000000E-99   1.00000000000000E-99
 63   57     1.00000000000000E-99   1.00000000000000E-99
 64   57     1.00000000000000E-99   1.00000000000000E-99
 65   57     1.00000000000000E-99   1.00000000000000E-99
 66   57     1.00000000000000E-99   1.00000000000000E-99
 67   57     1.00000000000000E-99   1.00000000000000E-99
 68   57     1.00000000000000E-99   1.00000000000000E-99
 69   57     1.00000000000000E-99   1.00000000000000E-99
 70   57     1.00000000000000E-99   1.00000000000000E-99
 71   57     1.00000000000000E-99   1.00000000000000E-99
 72   57     1.00000000000000E-99   1.00000000000000E-99
 73   57     1.00000000000000E-99   1.00000000000000E-99
 74   57     1.00000000000000E-99   1.00000000000000E-99
 75   57     1.00000000000000E-99   1.00000000000000E-99
 76   57     1.00000000000000E-99   1.00000000000000E-99
 77   57     1.00000000000000E-99   1.00000000000000E-99
 78   57     1.00000000000000E-99   1.00000000000000E-99
 79   57     1.00000000000000E-99   1.00000000000000E-99
 80   57     1.00000000000000E-99   1.00000000000000E-99
 81   57     1.00000000000000E-99   1.00000000000000E-99
 82   57     1.00000000000000E-99   1.00000000000000E-99
 83   57     1.00000000000000E-99   1.00000000000000E-99
 84   57     1.00000000000000E-99   1.00000000000000E-99
 85   57     1.00000000000000E-99   1.00000000000000E-99
 86   57     4.59022857366022E-25   6.56402686033411E-23
 87   57     3.83580835869796E-24   5.52356403652507E-22
 88   57     1.65342699958325E-22   2.39746914939571E-20
 89   57     3.88375270102227E-21   5.67027894349252E-19
 90   57     5.66877683095629E-19   8.33310194150575E-17
 91   57     6.02998607595567E-18   8.92437939241439E-16
 92   57     2.57810358470757E-17   3.84137434121428E-15
 93   57     7.62356548247854E-16   1.14353482237178E-13
 94   57     7.29111773621469E-15   1.10095877816842E-12
 95   57     5.65652889645614E-14   8.59792392261334E-12
 96   57     9.39824794624023E-13   1.43793193577475E-10
 97   57     4.98777306831406E-12   7.68117052520366E-10
 98   57     1.27115869811755E-10   1.97029598208220E-08
 99   57     1.68179670361434E-10   2.62360285763838E-08
100   57     5.17538372862712E-09   8.12535245394458E-07
101   57     1.03169192925960E-08   1.63007324823016E-06
102   57     1.61324941246268E-07   2.56506656581566E-05
103   57     1.35641009475781E-07   2.17025615161250E-05
104   57     1.14453184741129E-06   1.84269627433218E-04
105   57     4.10302752435423E-07   6.64690458945385E-05
106   57     2.60531817807164E-06   4.24666863025678E-04
107   57     9.28494747757423E-07   1.52273138632217E-04
108   57     5.85512272108231E-06   9.66095248978581E-04
109   57     1.00096227046494E-06   1.66159736897180E-04
110   57     8.84912966463892E-06   1.47780465399470E-03
111   57     1.04209617973574E-06   1.75072158195604E-04
112   57     7.46936305520857E-06   1.26232235633025E-03
113   57     1.08186208237465E-06   1.83916554003690E-04
114   57     6.37063169269776E-06   1.08937801945132E-03
115   57     5.96958704628634E-08   1.02676897196125E-05
116   57     7.01179953035859E-07   1.21304131875204E-04
117   57     2.91525936444247E-08   5.07255129412990E-06
118   57     1.99032945418792E-07   3.48307654482886E-05
119   57     1.64277647913153E-10   2.89128660327150E-08
120   57     1.12562067945586E-09   1.99234860263687E-07
121   57     1.29568214151354E-11   2.30631421189410E-09
122   57     8.63455926471893E-10   1.54558610838469E-07
123   57     4.25173170682967E-11   7.65311707229341E-09
124   57     1.19565667853514E-09   2.16413858814861E-07
125   57     8.37695043734831E-12   1.52460497959739E-09
126   57     5.31168758285954E-11   9.72038827663296E-09
127   57     1.00000000000000E-99   1.00000000000000E-99
128   57     1.00000000000000E-99   1.00000000000000E-99
129   57     1.00000000000000E-99   1.00000000000000E-99
130   57     1.00000000000000E-99   1.00000000000000E-99
131   57     1.00000000000000E-99   1.00000000000000E-99
132   57     1.00000000000000E-99   1.00000000000000E-99
133   57     1.00000000000000E-99   1.00000000000000E-99
134   57     1.00000000000000E-99   1.00000000000000E-99
135   57     1.00000000000000E-99   1.00000000000000E-99
 55   58     1.00000000000000E-99   1.00000000000000E-99
 56   58     1.00000000000000E-99   1.00000000000000E-99
 57   58     1.00000000000000E-99   1.00000000000000E-99
 58   58     1.00000000000000E-99   1.00000000000000E-99
 59   58     1.00000000000000E-99   1.00000000000000E-99
 60   58     1.00000000000000E-99   1.00000000000000E-99
 61   58     1.00000000000000E-99   1.00000000000000E-99
 62   58     1.00000000000000E-99   1.00000000000000E-99
 63   58     1.00000000000000E-99   1.00000000000000E-99
 64   58     1.00000000000000E-99   1.00000000000000E-99
 65   58     1.00000000000000E-99   1.00000000000000E-99
 66   58     1.00000000000000E-99   1.00000000000000E-99
 67   58     1.00000000000000E-99   1.00000000000000E-99
 68   58     1.00000000000000E-99   1.00000000000000E-99
 69   58     1.00000000000000E-99   1.00000000000000E-99
 70   58     1.00000000000000E-99   1.00000000000000E-99
 71   58     1.00000000000000E-99   1.00000000000000E-99
 72   58     1.00000000000000E-99   1.00000000000000E-99
 73   58     1.00000000000000E-99   1.00000000000000E-99
 74   58     1.00000000000000E-99   1.00000000000000E-99
 75   58     1.00000000000000E-99   1.00000000000000E-99
 76   58     1.00000000000000E-99   1.00000000000000E-99
 77   58     1.00000000000000E-99   1.00000000000000E-99
 78   58     1.00000000000000E-99   1.00000000000000E-99
 79   58     1.00000000000000E-99   1.00000000000000E-99
 80   58     1.00000000000000E-99   1.00000000000000E-99
 81   58     1.00000000000000E-99   1.00000000000000E-99
 82   58     1.00000000000000E-99   1.00000000000000E-99
 83   58     1.00000000000000E-99   1.00000000000000E-99
 84   58     1.00000000000000E-99   1.00000000000000E-99
 85   58     1.00000000000000E-99   1.00000000000000E-99
 86   58     1.00000000000000E-99   1.00000000000000E-99
 87   58     1.00000000000000E-99   1.00000000000000E-99
 88   58     1.00000000000000E-99   1.00000000000000E-99
 89   58     2.22574984514485E-24   3.27185227236293E-22
 90   58     3.83149707068515E-22   5.67061566461402E-20
 91   58     5.13803991738639E-22   7.65567947690571E-20
 92   58     1.74407625655894E-19   2.61611438483841E-17
 93   58     1.11735815651157E-18   1.68721081633247E-16
 94   58     2.37462311831355E-16   3.60942713983660E-14
 95   58     5.24062244429933E-16   8.01815233977798E-14
 96   58     1.29302972154563E-13   1.99126577118027E-11
 97   58     1.18502242623833E-13   1.83678476066942E-11
 98   58     3.64203871184196E-11   5.68158039047345E-09
 99   58     1.07181608201266E-11   1.68275124875987E-09
100   58     2.80977750505279E-09   4.43944845798340E-07
101   58     2.04406734560011E-09   3.25006707950418E-07
102   58     8.70218221485756E-08   1.39234915437721E-05
103   58     4.30481315877544E-08   6.93074918562846E-06
104   58     5.81450389546305E-07   9.41949631065015E-05
105   58     2.43607153703656E-07   3.97079660536959E-05
106   58     2.29041213716843E-06   3.75627590495622E-04
107   58     1.08219887642136E-06   1.78562814609524E-04
108   58     5.24094209949155E-06   8.69996388515597E-04
109   58     6.20227933596122E-07   1.03578064910552E-04
110   58     7.18791477933456E-06   1.20756968292821E-03
111   58     1.49571405196509E-06   2.52775674782100E-04
112   58     9.20624078653087E-06   1.56506093371025E-03
113   58     1.32838525351530E-06   2.27153878351116E-04
114   58     4.96671113122606E-06   8.54274314570882E-04
115   58     6.95744312803733E-07   1.20363766115046E-04
116   58     2.95071606828261E-06   5.13424595881173E-04
117   58     1.25389029898079E-07   2.19430802321638E-05
118   58     4.85442126384315E-07   8.54378142436394E-05
119   58     1.61718791542128E-12   2.86242261029567E-10
120   58     2.44987186906643E-08   4.36077192693824E-06
121   58     1.99134755731792E-09   3.56451212759908E-07
122   58     3.53162125103448E-08   6.35691825186207E-06
123   58     1.63043080159405E-09   2.95107975088522E-07
124   58     1.57384404104720E-08   2.86439615470591E-06
125   58     5.16802550423710E-10   9.45748667275389E-08
126   58     3.90645808489648E-10   7.18788287620952E-08
127   58     1.00000000000000E-99   1.00000000000000E-99
128   58     1.00000000000000E-99   1.00000000000000E-99
129   58     1.00000000000000E-99   1.00000000000000E-99
130   58     1.00000000000000E-99   1.00000000000000E-99
131   58     1.00000000000000E-99   1.00000000000000E-99
132   58     1.00000000000000E-99   1.00000000000000E-99
133   58     1.00000000000000E-99   1.00000000000000E-99
134   58     1.00000000000000E-99   1.00000000000000E-99
135   58     1.00000000000000E-99   1.00000000000000E-99
136   58     1.00000000000000E-99   1.00000000000000E-99
137   58     1.00000000000000E-99   1.00000000000000E-99
 56   59     1.00000000000000E-99   1.00000000000000E-99
 57   59     1.00000000000000E-99   1.00000000000000E-99
 58   59     1.00000000000000E-99   1.00000000000000E-99
 59   59     1.00000000000000E-99   1.00000000000000E-99
 60   59     1.00000000000000E-99   1.00000000000000E-99
 61   59     1.00000000000000E-99   1.00000000000000E-99
 62   59     1.00000000000000E-99   1.00000000000000E-99
 63   59     1.00000000000000E-99   1.00000000000000E-99
 64   59     1.00000000000000E-99   1.00000000000000E-99
 65   59     1.00000000000000E-99   1.00000000000000E-99
 66   59     1.00000000000000E-99   1.00000000000000E-99
 67   59     1.00000000000000E-99   1.00000000000000E-99
 68   59     1.00000000000000E-99   1.00000000000000E-99
 69   59     1.00000000000000E-99   1.00000000000000E-99
 70   59     1.00000000000000E-99   1.00000000000000E-99
 71   59     1.00000000000000E-99   1.00000000000000E-99
 72   59     1.00000000000000E-99   1.00000000000000E-99
 73   59     1.00000000000000E-99   1.00000000000000E-99
 74   59     1.00000000000000E-99   1.00000000000000E-99
 75   59     1.00000000000000E-99   1.00000000000000E-99
 76   59     1.00000000000000E-99   1.00000000000000E-99
 77   59     1.00000000000000E-99   1.00000000000000E-99
 78   59     1.00000000000000E-99   1.00000000000000E-99
 79   59     1.00000000000000E-99   1.00000000000000E-99
 80   59     1.00000000000000E-99   1.00000000000000E-99
 81   59     1.00000000000000E-99   1.00000000000000E-99
 82   59     1.00000000000000E-99   1.00000000000000E-99
 83   59     1.00000000000000E-99   1.00000000000000E-99
 84   59     1.00000000000000E-99   1.00000000000000E-99
 85   59     1.00000000000000E-99   1.00000000000000E-99
 86   59     1.00000000000000E-99   1.00000000000000E-99
 87   59     1.00000000000000E-99   1.00000000000000E-99
 88   59     1.00000000000000E-99   1.00000000000000E-99
 89   59     1.00000000000000E-99   1.00000000000000E-99
 90   59     1.00000000000000E-99   1.00000000000000E-99
 91   59     1.00000000000000E-99   1.00000000000000E-99
 92   59     3.85286307420337E-24   5.81782324204708E-22
 93   59     5.73322355689968E-22   8.71449980648751E-20
 94   59     5.54192606049742E-21   8.47914687256105E-19
 95   59     8.43501835289457E-19   1.29899282634576E-16
 96   59     3.67069769048419E-17   5.68958142025050E-15
 97   59     7.52828691804227E-16   1.17441275921459E-13
 98   59     1.41855204537282E-14   2.22712671123532E-12
 99   59     1.61824495886988E-13   2.55682703501441E-11
100   59     8.37232058922313E-12   1.33119897368648E-09
101   59     1.94567708435420E-11   3.11308333496673E-09
102   59     6.52307835604175E-10   1.05021561532272E-07
103   59     6.74207430685336E-10   1.09221603771024E-07
104   59     2.28304553655551E-08   3.72136422458548E-06
105   59     1.38752871740092E-08   2.27554709653751E-06
106   59     1.51509020528206E-07   2.49989883871541E-05
107   59     6.57667916920295E-08   1.09172874208769E-05
108   59     5.57601432788978E-07   9.31194392757594E-05
109   59     1.31066923685596E-07   2.20192431791802E-05
110   59     1.94916835355495E-06   3.29409451750786E-04
111   59     2.66833743162960E-07   4.53617363377032E-05
112   59     1.69192909943930E-06   2.89319876004120E-04
113   59     5.00100279689629E-07   8.60172481066162E-05
114   59     5.13742817418384E-06   8.88775074133804E-04
115   59     1.14571286590901E-06   1.99354038668168E-04
116   59     4.26148487485168E-06   7.45759853099045E-04
117   59     1.06293290469733E-06   1.87076191226729E-04
118   59     5.41552940594670E-06   9.58548704852566E-04
119   59     8.33643457905814E-09   1.48388535507235E-06
120   59     9.37994770730054E-08   1.67901063960680E-05
121   59     1.18670152746244E-08   2.13606274943240E-06
122   59     8.53602517106247E-08   1.54502055596231E-05
123   59     3.52790736040179E-08   6.42079139593127E-06
124   59     1.69258821477850E-07   3.09743643304465E-05
125   59     5.37161125298279E-08   9.88376470548833E-06
126   59     2.42036765749215E-08   4.47768016636048E-06
127   59     1.00000000000000E-99   1.00000000000000E-99
128   59     1.00000000000000E-99   1.00000000000000E-99
129   59     1.00000000000000E-99   1.00000000000000E-99
130   59     1.00000000000000E-99   1.00000000000000E-99
131   59     1.00000000000000E-99   1.00000000000000E-99
132   59     1.00000000000000E-99   1.00000000000000E-99
133   59     1.00000000000000E-99   1.00000000000000E-99
134   59     1.00000000000000E-99   1.00000000000000E-99
135   59     1.00000000000000E-99   1.00000000000000E-99
136   59     1.00000000000000E-99   1.00000000000000E-99
137   59     1.00000000000000E-99   1.00000000000000E-99
138   59     1.00000000000000E-99   1.00000000000000E-99
139   59     1.00000000000000E-99   1.00000000000000E-99
 58   60     1.00000000000000E-99   1.00000000000000E-99
 59   60     1.00000000000000E-99   1.00000000000000E-99
 60   60     1.00000000000000E-99   1.00000000000000E-99
 61   60     1.00000000000000E-99   1.00000000000000E-99
 62   60     1.00000000000000E-99   1.00000000000000E-99
 63   60     1.00000000000000E-99   1.00000000000000E-99
 64   60     1.00000000000000E-99   1.00000000000000E-99
 65   60     1.00000000000000E-99   1.00000000000000E-99
 66   60     1.00000000000000E-99   1.00000000000000E-99
 67   60     1.00000000000000E-99   1.00000000000000E-99
 68   60     1.00000000000000E-99   1.00000000000000E-99
 69   60     1.00000000000000E-99   1.00000000000000E-99
 70   60     1.00000000000000E-99   1.00000000000000E-99
 71   60     1.00000000000000E-99   1.00000000000000E-99
 72   60     1.00000000000000E-99   1.00000000000000E-99
 73   60     1.00000000000000E-99   1.00000000000000E-99
 74   60     1.00000000000000E-99   1.00000000000000E-99
 75   60     1.00000000000000E-99   1.00000000000000E-99
 76   60     1.00000000000000E-99   1.00000000000000E-99
 77   60     1.00000000000000E-99   1.00000000000000E-99
 78   60     1.00000000000000E-99   1.00000000000000E-99
 79   60     1.00000000000000E-99   1.00000000000000E-99
 80   60     1.00000000000000E-99   1.00000000000000E-99
 81   60     1.00000000000000E-99   1.00000000000000E-99
 82   60     1.00000000000000E-99   1.00000000000000E-99
 83   60     1.00000000000000E-99   1.00000000000000E-99
 84   60     1.00000000000000E-99   1.00000000000000E-99
 85   60     1.00000000000000E-99   1.00000000000000E-99
 86   60     1.00000000000000E-99   1.00000000000000E-99
 87   60     1.00000000000000E-99   1.00000000000000E-99
 88   60     1.00000000000000E-99   1.00000000000000E-99
 89   60     1.00000000000000E-99   1.00000000000000E-99
 90   60     1.00000000000000E-99   1.00000000000000E-99
 91   60     1.00000000000000E-99   1.00000000000000E-99
 92   60     1.00000000000000E-99   1.00000000000000E-99
 93   60     1.00000000000000E-99   1.00000000000000E-99
 94   60     3.06524724993047E-23   4.72048076489293E-21
 95   60     2.29827169175591E-21   3.56232112222166E-19
 96   60     1.09688549674830E-18   1.71114137492735E-16
 97   60     6.09300100479407E-18   9.56601157752670E-16
 98   60     2.13627737404775E-15   3.37531825099545E-13
 99   60     2.69106580950516E-15   4.27879463711320E-13
100   60     7.13490781512888E-13   1.14158525042062E-10
101   60     1.26327363775804E-12   2.03387055679045E-10
102   60     3.38558043660309E-10   5.48464030729701E-08
103   60     1.83854850869677E-10   2.99683406917573E-08
104   60     7.68476819127274E-09   1.26030198336873E-06
105   60     2.22487256516276E-09   3.67103973251855E-07
106   60     4.73313982871137E-08   7.85701211566087E-06
107   60     1.88544330961863E-08   3.14869032706312E-06
108   60     2.08091177295637E-07   3.49593177856670E-05
109   60     2.60131140481412E-08   4.39621627413587E-06
110   60     4.83159835362606E-07   8.21371720116431E-05
111   60     1.68721190873808E-07   2.88513236394211E-05
112   60     2.21008711847409E-06   3.80134984377544E-04
113   60     6.79552594331937E-07   1.17562598819425E-04
114   60     4.23311194749655E-06   7.36561478864400E-04
115   60     2.49879931182141E-06   4.37289879568747E-04
116   60     7.44594152798150E-06   1.31048570892474E-03
117   60     5.06118263175156E-07   8.95829325820026E-05
118   60     1.72664149165612E-06   3.07342185514789E-04
119   60     4.94426982322258E-12   8.85024298356841E-10
120   60     1.79386320964211E-07   3.22895377735580E-05
121   60     2.01573693432125E-07   3.64848385112146E-05
122   60     8.54714451261444E-07   1.55558030129583E-04
123   60     4.86795428970156E-07   8.90835635015385E-05
124   60     8.37612623052471E-07   1.54120722641655E-04
125   60     1.94811243100557E-07   3.60400799736031E-05
126   60     9.47223880010212E-08   1.76183641681899E-05
127   60     1.00000000000000E-99   1.00000000000000E-99
128   60     1.00000000000000E-99   1.00000000000000E-99
129   60     1.00000000000000E-99   1.00000000000000E-99
130   60     1.00000000000000E-99   1.00000000000000E-99
131   60     1.00000000000000E-99   1.00000000000000E-99
132   60     1.00000000000000E-99   1.00000000000000E-99
133   60     1.00000000000000E-99   1.00000000000000E-99
134   60     1.00000000000000E-99   1.00000000000000E-99
135   60     1.00000000000000E-99   1.00000000000000E-99
136   60     1.00000000000000E-99   1.00000000000000E-99
137   60     1.00000000000000E-99   1.00000000000000E-99
138   60     1.00000000000000E-99   1.00000000000000E-99
139   60     1.00000000000000E-99   1.00000000000000E-99
140   60     1.00000000000000E-99   1.00000000000000E-99
141   60     1.00000000000000E-99   1.00000000000000E-99
 59   61     1.00000000000000E-99   1.00000000000000E-99
 60   61     1.00000000000000E-99   1.00000000000000E-99
 61   61     1.00000000000000E-99   1.00000000000000E-99
 62   61     1.00000000000000E-99   1.00000000000000E-99
 63   61     1.00000000000000E-99   1.00000000000000E-99
 64   61     1.00000000000000E-99   1.00000000000000E-99
 65   61     1.00000000000000E-99   1.00000000000000E-99
 66   61     1.00000000000000E-99   1.00000000000000E-99
 67   61     1.00000000000000E-99   1.00000000000000E-99
 68   61     1.00000000000000E-99   1.00000000000000E-99
 69   61     1.00000000000000E-99   1.00000000000000E-99
 70   61     1.00000000000000E-99   1.00000000000000E-99
 71   61     1.00000000000000E-99   1.00000000000000E-99
 72   61     1.00000000000000E-99   1.00000000000000E-99
 73   61     1.00000000000000E-99   1.00000000000000E-99
 74   61     1.00000000000000E-99   1.00000000000000E-99
 75   61     1.00000000000000E-99   1.00000000000000E-99
 76   61     1.00000000000000E-99   1.00000000000000E-99
 77   61     1.00000000000000E-99   1.00000000000000E-99
 78   61     1.00000000000000E-99   1.00000000000000E-99
 79   61     1.00000000000000E-99   1.00000000000000E-99
 80   61     1.00000000000000E-99   1.00000000000000E-99
 81   61     1.00000000000000E-99   1.00000000000000E-99
 82   61     1.00000000000000E-99   1.00000000000000E-99
 83   61     1.00000000000000E-99   1.00000000000000E-99
 84   61     1.00000000000000E-99   1.00000000000000E-99
 85   61     1.00000000000000E-99   1.00000000000000E-99
 86   61     1.00000000000000E-99   1.00000000000000E-99
 87   61     1.00000000000000E-99   1.00000000000000E-99
 88   61     1.00000000000000E-99   1.00000000000000E-99
 89   61     1.00000000000000E-99   1.00000000000000E-99
 90   61     1.00000000000000E-99   1.00000000000000E-99
 91   61     1.00000000000000E-99   1.00000000000000E-99
 92   61     1.00000000000000E-99   1.00000000000000E-99
 93   61     1.00000000000000E-99   1.00000000000000E-99
 94   61     1.00000000000000E-99   1.00000000000000E-99
 95   61     2.95817640476626E-25   4.61475519143537E-23
 96   61     1.16360694785219E-22   1.82686290812794E-20
 97   61     6.57306954054111E-21   1.03854498740549E-18
 98   61     8.62294351903062E-20   1.37104801952587E-17
 99   61     7.56309853119819E-18   1.21009576499171E-15
100   61     1.18055513364854E-16   1.90069376517414E-14
101   61     1.41398398784122E-14   2.29065406030278E-12
102   61     7.06241877559544E-13   1.15117426042206E-10
103   61     1.97497502135958E-12   3.23895903502971E-10
104   61     7.06452754944822E-11   1.16564704565896E-08
105   61     3.33842773221928E-11   5.54179003548400E-09
106   61     7.05202924907953E-10   1.17768888459628E-07
107   61     3.48178247295951E-10   5.84939455457197E-08
108   61     4.66156377666031E-09   7.87804278255593E-07
109   61     1.62662731682782E-09   2.76526643860729E-07
110   61     3.52067563179428E-08   6.02035533036821E-06
111   61     1.03431986934919E-08   1.77903017528061E-06
112   61     1.19674181598574E-07   2.07036334165533E-05
113   61     6.60834164183405E-08   1.14985144567912E-05
114   61     5.36245028434376E-07   9.38428799760157E-05
115   61     2.85682593054926E-07   5.02801363776670E-05
116   61     1.15108679173649E-06   2.03742362137359E-04
117   61     4.48391230342734E-07   7.98136390010066E-05
118   61     4.71207088490867E-06   8.43460688398653E-04
119   61     1.31264196328593E-08   2.36275553391468E-06
120   61     5.90178624652668E-07   1.06822331062133E-04
121   61     2.05069580202386E-07   3.73226635968343E-05
122   61     1.21466875819056E-06   2.22284382748872E-04
123   61     1.01815012594642E-07   1.87339623174142E-05
124   61     1.47113235468491E-06   2.72159485616708E-04
125   61     1.45146913308616E-06   2.69973258754025E-04
126   61     2.11447760597104E-06   3.95407312316585E-04
127   61     1.06057952148553E-22   1.99388950039280E-20
128   61     1.00000000000000E-99   1.00000000000000E-99
129   61     1.00000000000000E-99   1.00000000000000E-99
130   61     1.00000000000000E-99   1.00000000000000E-99
131   61     1.00000000000000E-99   1.00000000000000E-99
132   61     1.00000000000000E-99   1.00000000000000E-99
133   61     1.00000000000000E-99   1.00000000000000E-99
134   61     1.00000000000000E-99   1.00000000000000E-99
135   61     1.00000000000000E-99   1.00000000000000E-99
136   61     1.00000000000000E-99   1.00000000000000E-99
137   61     1.00000000000000E-99   1.00000000000000E-99
138   61     1.00000000000000E-99   1.00000000000000E-99
139   61     1.00000000000000E-99   1.00000000000000E-99
140   61     1.00000000000000E-99   1.00000000000000E-99
141   61     1.00000000000000E-99   1.00000000000000E-99
142   61     1.00000000000000E-99   1.00000000000000E-99
143   61     1.00000000000000E-99   1.00000000000000E-99
144   61     1.00000000000000E-99   1.00000000000000E-99
 61   62     1.00000000000000E-99   1.00000000000000E-99
 62   62     1.00000000000000E-99   1.00000000000000E-99
 63   62     1.00000000000000E-99   1.00000000000000E-99
 64   62     1.00000000000000E-99   1.00000000000000E-99
 65   62     1.00000000000000E-99   1.00000000000000E-99
 66   62     1.00000000000000E-99   1.00000000000000E-99
 67   62     1.00000000000000E-99   1.00000000000000E-99
 68   62     1.00000000000000E-99   1.00000000000000E-99
 69   62     1.00000000000000E-99   1.00000000000000E-99
 70   62     1.00000000000000E-99   1.00000000000000E-99
 71   62     1.00000000000000E-99   1.00000000000000E-99
 72   62     1.00000000000000E-99   1.00000000000000E-99
 73   62     1.00000000000000E-99   1.00000000000000E-99
 74   62     1.00000000000000E-99   1.00000000000000E-99
 75   62     1.00000000000000E-99   1.00000000000000E-99
 76   62     1.00000000000000E-99   1.00000000000000E-99
 77   62     1.00000000000000E-99   1.00000000000000E-99
 78   62     1.00000000000000E-99   1.00000000000000E-99
 79   62     1.00000000000000E-99   1.00000000000000E-99
 80   62     1.00000000000000E-99   1.00000000000000E-99
 81   62     1.00000000000000E-99   1.00000000000000E-99
 82   62     1.00000000000000E-99   1.00000000000000E-99
 83   62     1.00000000000000E-99   1.00000000000000E-99
 84   62     1.00000000000000E-99   1.00000000000000E-99
 85   62     1.00000000000000E-99   1.00000000000000E-99
 86   62     1.00000000000000E-99   1.00000000000000E-99
 87   62     1.00000000000000E-99   1.00000000000000E-99
 88   62     1.00000000000000E-99   1.00000000000000E-99
 89   62     1.00000000000000E-99   1.00000000000000E-99
 90   62     1.00000000000000E-99   1.00000000000000E-99
 91   62     1.00000000000000E-99   1.00000000000000E-99
 92   62     1.00000000000000E-99   1.00000000000000E-99
 93   62     1.00000000000000E-99   1.00000000000000E-99
 94   62     1.00000000000000E-99   1.00000000000000E-99
 95   62     1.00000000000000E-99   1.00000000000000E-99
 96   62     1.00000000000000E-99   1.00000000000000E-99
 97   62     5.11507459174130E-25   8.13296860086867E-23
 98   62     7.62406293919600E-22   1.21985007027136E-19
 99   62     8.91546755072696E-21   1.43539027566704E-18
100   62     8.46105556589469E-18   1.37069100167494E-15
101   62     1.39549147181201E-16   2.27465109905358E-14
102   62     8.90065035643598E-14   1.45970665845550E-11
103   62     5.84918585920604E-14   9.65115666768996E-12
104   62     1.90730271559388E-12   3.16612250788584E-10
105   62     1.31448016443758E-12   2.19518187461076E-10
106   62     4.53929141077303E-11   7.62600957009869E-09
107   62     1.48731703644576E-11   2.51356579159333E-09
108   62     8.10186597304565E-10   1.37731721541776E-07
109   62     1.02371114159168E-10   1.75054605212177E-08
110   62     7.28742338092877E-09   1.25343682151975E-06
111   62     1.69479530632580E-09   2.93199587994363E-07
112   62     5.52857539438108E-08   9.61972118622308E-06
113   62     2.87946005574212E-08   5.03905509754870E-06
114   62     3.56881083481189E-07   6.28110706926893E-05
115   62     2.55433507127811E-07   4.52117307616225E-05
116   62     2.11429338793682E-06   3.76344223052753E-04
117   62     2.28295283494372E-07   4.08648557454926E-05
118   62     1.47184884306871E-06   2.64932791752367E-04
119   62     4.81732909759567E-08   8.71936566664816E-06
120   62     1.08786399708711E-06   1.97991247469854E-04
121   62     2.61314571726873E-07   4.78205666260178E-05
122   62     3.35579109865204E-06   6.17465562151976E-04
123   62     1.67372081230378E-07   3.09638350276199E-05
124   62     9.39517375234066E-06   1.74750231793536E-03
125   62     4.26074672796192E-06   7.96759638128879E-04
126   62     3.96190467871571E-06   7.44838079598553E-04
127   62     1.48051769563963E-21   2.79817844475890E-19
128   62     1.18584635122711E-20   2.25310806733150E-18
129   62     1.00000000000000E-99   1.00000000000000E-99
130   62     1.00000000000000E-99   1.00000000000000E-99
131   62     1.00000000000000E-99   1.00000000000000E-99
132   62     1.00000000000000E-99   1.00000000000000E-99
133   62     1.00000000000000E-99   1.00000000000000E-99
134   62     1.00000000000000E-99   1.00000000000000E-99
135   62     1.00000000000000E-99   1.00000000000000E-99
136   62     1.00000000000000E-99   1.00000000000000E-99
137   62     1.00000000000000E-99   1.00000000000000E-99
138   62     1.00000000000000E-99   1.00000000000000E-99
139   62     1.00000000000000E-99   1.00000000000000E-99
140   62     1.00000000000000E-99   1.00000000000000E-99
141   62     1.00000000000000E-99   1.00000000000000E-99
142   62     1.00000000000000E-99   1.00000000000000E-99
143   62     1.00000000000000E-99   1.00000000000000E-99
144   62     1.00000000000000E-99   1.00000000000000E-99
145   62     1.00000000000000E-99   1.00000000000000E-99
146   62     1.00000000000000E-99   1.00000000000000E-99
 62   63     1.00000000000000E-99   1.00000000000000E-99
 63   63     1.00000000000000E-99   1.00000000000000E-99
 64   63     1.00000000000000E-99   1.00000000000000E-99
 65   63     1.00000000000000E-99   1.00000000000000E-99
 66   63     1.00000000000000E-99   1.00000000000000E-99
 67   63     1.00000000000000E-99   1.00000000000000E-99
 68   63     1.00000000000000E-99   1.00000000000000E-99
 69   63     1.00000000000000E-99   1.00000000000000E-99
 70   63     1.00000000000000E-99   1.00000000000000E-99
 71   63     1.00000000000000E-99   1.00000000000000E-99
 72   63     1.00000000000000E-99   1.00000000000000E-99
 73   63     1.00000000000000E-99   1.00000000000000E-99
 74   63     1.00000000000000E-99   1.00000000000000E-99
 75   63     1.00000000000000E-99   1.00000000000000E-99
 76   63     1.00000000000000E-99   1.00000000000000E-99
 77   63     1.00000000000000E-99   1.00000000000000E-99
 78   63     1.00000000000000E-99   1.00000000000000E-99
 79   63     1.00000000000000E-99   1.00000000000000E-99
 80   63     1.00000000000000E-99   1.00000000000000E-99
 81   63     1.00000000000000E-99   1.00000000000000E-99
 82   63     1.00000000000000E-99   1.00000000000000E-99
 83   63     1.00000000000000E-99   1.00000000000000E-99
 84   63     1.00000000000000E-99   1.00000000000000E-99
 85   63     1.00000000000000E-99   1.00000000000000E-99
 86   63     1.00000000000000E-99   1.00000000000000E-99
 87   63     1.00000000000000E-99   1.00000000000000E-99
 88   63     1.00000000000000E-99   1.00000000000000E-99
 89   63     1.00000000000000E-99   1.00000000000000E-99
 90   63     1.00000000000000E-99   1.00000000000000E-99
 91   63     1.00000000000000E-99   1.00000000000000E-99
 92   63     1.00000000000000E-99   1.00000000000000E-99
 93   63     1.00000000000000E-99   1.00000000000000E-99
 94   63     1.00000000000000E-99   1.00000000000000E-99
 95   63     1.00000000000000E-99   1.00000000000000E-99
 96   63     1.00000000000000E-99   1.00000000000000E-99
 97   63     1.00000000000000E-99   1.00000000000000E-99
 98   63     1.00000000000000E-99   1.00000000000000E-99
 99   63     7.54696299071391E-24   1.22260800449565E-21
100   63     4.32891908812709E-22   7.05613811364715E-20
101   63     1.37878253714502E-19   2.26120336091783E-17
102   63     2.89407683609917E-18   4.77522677956364E-16
103   63     2.09851528567329E-17   3.48353537421766E-15
104   63     1.37052555576478E-15   2.28877767812719E-13
105   63     3.75946525855988E-15   6.31590163438059E-13
106   63     3.57008069653694E-14   6.03343637714743E-12
107   63     1.10689966731639E-13   1.88172943443786E-11
108   63     3.30473095982756E-12   5.65108994130513E-10
109   63     2.87419244388746E-12   4.94361100348644E-10
110   63     9.41464343688831E-11   1.62873331458168E-08
111   63     3.53704371052622E-11   6.15445605631562E-09
112   63     7.71475709595499E-10   1.35008249179212E-07
113   63     6.52674746958333E-10   1.14870755464667E-07
114   63     1.73021487477447E-08   3.06248032835081E-06
115   63     9.38841838500570E-09   1.67113847253101E-06
116   63     8.26034615487039E-08   1.47860196172180E-05
117   63     2.81083273177971E-08   5.05949891720347E-06
118   63     3.19240222951884E-07   5.77824803542910E-05
119   63     3.73810526729918E-08   6.80335158648451E-06
120   63     3.69812595916219E-07   6.76757050526681E-05
121   63     9.99059829908176E-08   1.83827008703104E-05
122   63     9.89684200763321E-07   1.83091577141214E-04
123   63     6.81410423403504E-07   1.26742338753052E-04
124   63     6.17704357539499E-06   1.15510714859886E-03
125   63     2.10312098881805E-06   3.95386745897793E-04
126   63     3.23486491535327E-05   6.11389469001769E-03
127   63     9.30176090296006E-18   1.76733457156241E-15
128   63     1.71494680458128E-20   3.27554839675025E-18
129   63     1.00000000000000E-99   1.00000000000000E-99
130   63     1.00000000000000E-99   1.00000000000000E-99
131   63     1.00000000000000E-99   1.00000000000000E-99
132   63     1.00000000000000E-99   1.00000000000000E-99
133   63     1.00000000000000E-99   1.00000000000000E-99
134   63     1.00000000000000E-99   1.00000000000000E-99
135   63     1.00000000000000E-99   1.00000000000000E-99
136   63     1.00000000000000E-99   1.00000000000000E-99
137   63     1.00000000000000E-99   1.00000000000000E-99
138   63     1.00000000000000E-99   1.00000000000000E-99
139   63     1.00000000000000E-99   1.00000000000000E-99
140   63     1.00000000000000E-99   1.00000000000000E-99
141   63     1.00000000000000E-99   1.00000000000000E-99
142   63     1.00000000000000E-99   1.00000000000000E-99
143   63     1.00000000000000E-99   1.00000000000000E-99
144   63     1.00000000000000E-99   1.00000000000000E-99
145   63     1.00000000000000E-99   1.00000000000000E-99
146   63     1.00000000000000E-99   1.00000000000000E-99
147   63     1.00000000000000E-99   1.00000000000000E-99
148   63     1.00000000000000E-99   1.00000000000000E-99
 81   64     1.00000000000000E-99   1.00000000000000E-99
 82   64     1.00000000000000E-99   1.00000000000000E-99
 83   64     1.00000000000000E-99   1.00000000000000E-99
 84   64     1.00000000000000E-99   1.00000000000000E-99
 85   64     1.00000000000000E-99   1.00000000000000E-99
 86   64     1.00000000000000E-99   1.00000000000000E-99
 87   64     1.00000000000000E-99   1.00000000000000E-99
 88   64     1.00000000000000E-99   1.00000000000000E-99
 89   64     1.00000000000000E-99   1.00000000000000E-99
 90   64     1.00000000000000E-99   1.00000000000000E-99
 91   64     1.00000000000000E-99   1.00000000000000E-99
 92   64     1.00000000000000E-99   1.00000000000000E-99
 93   64     1.00000000000000E-99   1.00000000000000E-99
 94   64     1.00000000000000E-99   1.00000000000000E-99
 95   64     1.00000000000000E-99   1.00000000000000E-99
 96   64     1.00000000000000E-99   1.00000000000000E-99
 97   64     1.00000000000000E-99   1.00000000000000E-99
 98   64     1.00000000000000E-99   1.00000000000000E-99
 99   64     1.00000000000000E-99   1.00000000000000E-99
100   64     1.07382374717539E-24   1.76107094536765E-22
101   64     1.54953191605969E-23   2.55672766149848E-21
102   64     8.68449333650121E-21   1.44162589385920E-18
103   64     6.01619812025410E-20   1.00470508608244E-17
104   64     8.74123105115187E-18   1.46852681659352E-15
105   64     1.05279392402363E-17   1.77922173159994E-15
106   64     3.19497899930728E-15   5.43146429882237E-13
107   64     3.03363957142043E-15   5.18752366712894E-13
108   64     4.34620072502838E-13   7.47546524704881E-11
109   64     7.65003315287193E-14   1.32345573544684E-11
110   64     4.34964170153253E-12   7.56837656066660E-10
111   64     2.04604607904042E-12   3.58058063832073E-10
112   64     3.52359853591769E-10   6.20153342321513E-08
113   64     1.30795414458212E-10   2.31507883591036E-08
114   64     3.79627265324653E-09   6.75736532277882E-07
115   64     1.71520788290185E-09   3.07022211039431E-07
116   64     4.56772714456480E-08   8.22190886021664E-06
117   64     1.38227377182573E-08   2.50191552700457E-06
118   64     1.00465162543670E-07   1.82846595829480E-05
119   64     5.60811594615164E-09   1.02628521814575E-06
120   64     3.52301254378928E-07   6.48234308057227E-05
121   64     6.47948004711311E-08   1.19870380871593E-05
122   64     2.95767917658741E-06   5.50128326845258E-04
123   64     1.70183883205732E-06   3.18243861594719E-04
124   64     2.92854401382477E-05   5.50566274599058E-03
125   64     1.82788845067082E-05   3.45470917176786E-03
126   64     5.00805816677819E-05   9.51531051687856E-03
127   64     1.09975057444408E-16   2.10052359718819E-14
128   64     1.36502847878557E-12   2.62085467926829E-10
129   64     1.00000000000000E-99   1.00000000000000E-99
130   64     6.34778672427514E-21   1.23147062450938E-18
131   64     1.00000000000000E-99   1.00000000000000E-99
132   64     1.00000000000000E-99   1.00000000000000E-99
133   64     1.00000000000000E-99   1.00000000000000E-99
134   64     1.00000000000000E-99   1.00000000000000E-99
135   64     1.00000000000000E-99   1.00000000000000E-99
136   64     1.00000000000000E-99   1.00000000000000E-99
137   64     1.00000000000000E-99   1.00000000000000E-99
138   64     1.00000000000000E-99   1.00000000000000E-99
139   64     1.00000000000000E-99   1.00000000000000E-99
140   64     1.00000000000000E-99   1.00000000000000E-99
141   64     1.00000000000000E-99   1.00000000000000E-99
142   64     1.00000000000000E-99   1.00000000000000E-99
143   64     1.00000000000000E-99   1.00000000000000E-99
144   64     1.00000000000000E-99   1.00000000000000E-99
145   64     1.00000000000000E-99   1.00000000000000E-99
146   64     1.00000000000000E-99   1.00000000000000E-99
147   64     1.00000000000000E-99   1.00000000000000E-99
148   64     1.00000000000000E-99   1.00000000000000E-99
149   64     1.00000000000000E-99   1.00000000000000E-99
150   64     1.00000000000000E-99   1.00000000000000E-99
 82   65     1.00000000000000E-99   1.00000000000000E-99
 83   65     1.00000000000000E-99   1.00000000000000E-99
 84   65     1.00000000000000E-99   1.00000000000000E-99
 85   65     1.00000000000000E-99   1.00000000000000E-99
 86   65     1.00000000000000E-99   1.00000000000000E-99
 87   65     1.00000000000000E-99   1.00000000000000E-99
 88   65     1.00000000000000E-99   1.00000000000000E-99
 89   65     1.00000000000000E-99   1.00000000000000E-99
 90   65     1.00000000000000E-99   1.00000000000000E-99
 91   65     1.00000000000000E-99   1.00000000000000E-99
 92   65     1.00000000000000E-99   1.00000000000000E-99
 93   65     1.00000000000000E-99   1.00000000000000E-99
 94   65     1.00000000000000E-99   1.00000000000000E-99
 95   65     1.00000000000000E-99   1.00000000000000E-99
 96   65     1.00000000000000E-99   1.00000000000000E-99
 97   65     1.00000000000000E-99   1.00000000000000E-99
 98   65     1.00000000000000E-99   1.00000000000000E-99
 99   65     1.00000000000000E-99   1.00000000000000E-99
100   65     1.00000000000000E-99   1.00000000000000E-99
101   65     1.00000000000000E-99   1.00000000000000E-99
102   65     1.24616267997911E-25   2.08109167556511E-23
103   65     7.36418589375305E-24   1.23718323015051E-21
104   65     4.06422770121320E-22   6.86854481505030E-20
105   65     1.43048484763393E-20   2.43182424097768E-18
106   65     3.36628588298071E-19   5.75634885989701E-17
107   65     7.98272269614958E-18   1.37302830373773E-15
108   65     4.82957679788121E-17   8.35516786033448E-15
109   65     2.27707392233868E-16   3.96210862486931E-14
110   65     2.13622325654574E-14   3.73839069895504E-12
111   65     2.07461319782370E-14   3.65131922816971E-12
112   65     5.79382069585924E-13   1.02550626316709E-10
113   65     1.00204197882067E-12   1.78363472230080E-10
114   65     4.87290295000931E-11   8.72249628051667E-09
115   65     2.35396986161989E-11   4.23714575091581E-09
116   65     6.91422613961612E-10   1.25147493127052E-07
117   65     3.46000640566694E-10   6.29721165831383E-08
118   65     5.04187307993908E-09   9.22662773628852E-07
119   65     1.01567950894474E-09   1.86885029645831E-07
120   65     3.92382993759279E-08   7.25908538454666E-06
121   65     3.08521037904466E-08   5.73849130502307E-06
122   65     9.00561868870894E-07   1.68405069478857E-04
123   65     3.37755229258956E-07   6.34979831006836E-05
124   65     1.98895587888808E-06   3.75912661109847E-04
125   65     8.15231883956747E-06   1.54894057951782E-03
126   65     1.11597574672405E-04   2.13151367624293E-02
127   65     3.22766403815694E-14   6.19711495326133E-12
128   65     1.02215483064066E-08   1.97275882313647E-06
129   65     4.89550865653817E-19   9.49728679368405E-17
130   65     1.47448657130698E-12   2.87524881404862E-10
131   65     2.96930039783852E-22   5.81982877976350E-20
132   65     1.83898947917562E-15   3.62280927397598E-13
133   65     3.21822817960525E-25   6.37209179561840E-23
134   65     1.00000000000000E-99   1.00000000000000E-99
135   65     1.00000000000000E-99   1.00000000000000E-99
136   65     1.00000000000000E-99   1.00000000000000E-99
137   65     1.00000000000000E-99   1.00000000000000E-99
138   65     1.00000000000000E-99   1.00000000000000E-99
139   65     1.00000000000000E-99   1.00000000000000E-99
140   65     1.00000000000000E-99   1.00000000000000E-99
141   65     1.00000000000000E-99   1.00000000000000E-99
142   65     1.00000000000000E-99   1.00000000000000E-99
143   65     1.00000000000000E-99   1.00000000000000E-99
144   65     1.00000000000000E-99   1.00000000000000E-99
145   65     1.00000000000000E-99   1.00000000000000E-99
146   65     1.00000000000000E-99   1.00000000000000E-99
147   65     1.00000000000000E-99   1.00000000000000E-99
148   65     1.00000000000000E-99   1.00000000000000E-99
149   65     1.00000000000000E-99   1.00000000000000E-99
150   65     1.00000000000000E-99   1.00000000000000E-99
151   65     1.00000000000000E-99   1.00000000000000E-99
152   65     1.00000000000000E-99   1.00000000000000E-99
153   65     1.00000000000000E-99   1.00000000000000E-99
 82   66     1.00000000000000E-99   1.00000000000000E-99
 83   66     1.00000000000000E-99   1.00000000000000E-99
 84   66     1.00000000000000E-99   1.00000000000000E-99
 85   66     1.00000000000000E-99   1.00000000000000E-99
 86   66     1.00000000000000E-99   1.00000000000000E-99
 87   66     1.00000000000000E-99   1.00000000000000E-99
 88   66     1.00000000000000E-99   1.00000000000000E-99
 89   66     1.00000000000000E-99   1.00000000000000E-99
 90   66     1.00000000000000E-99   1.00000000000000E-99
 91   66     1.00000000000000E-99   1.00000000000000E-99
 92   66     1.00000000000000E-99   1.00000000000000E-99
 93   66     1.00000000000000E-99   1.00000000000000E-99
 94   66     1.00000000000000E-99   1.00000000000000E-99
 95   66     1.00000000000000E-99   1.00000000000000E-99
 96   66     1.00000000000000E-99   1.00000000000000E-99
 97   66     1.00000000000000E-99   1.00000000000000E-99
 98   66     1.00000000000000E-99   1.00000000000000E-99
 99   66     1.00000000000000E-99   1.00000000000000E-99
100   66     1.00000000000000E-99   1.00000000000000E-99
101   66     1.00000000000000E-99   1.00000000000000E-99
102   66     1.00000000000000E-99   1.00000000000000E-99
103   66     1.00000000000000E-99   1.00000000000000E-99
104   66     1.30528509267967E-24   2.21898465755543E-22
105   66     4.10191069277133E-24   7.01426728463897E-22
106   66     8.74892201822102E-22   1.50481458713402E-19
107   66     2.73387298360705E-21   4.72960026164020E-19
108   66     5.77608588859402E-18   1.00503894461536E-15
109   66     2.27121992494470E-18   3.97463486865323E-16
110   66     8.66791226598147E-16   1.52555255881274E-13
111   66     4.24432905144005E-16   7.51246242104889E-14
112   66     1.70949656074831E-13   3.04290387813199E-11
113   66     6.05681627942097E-14   1.08417011401635E-11
114   66     4.26782775991421E-12   7.68208996784558E-10
115   66     3.27347907062741E-12   5.92499711783560E-10
116   66     2.05227200671649E-10   3.73513505222402E-08
117   66     5.67871061988585E-11   1.03920404343911E-08
118   66     2.05230839070082E-09   3.77624743888952E-07
119   66     2.57726603410636E-10   4.76794216309676E-08
120   66     8.22575371615886E-08   1.52999019120555E-05
121   66     8.86758261767798E-09   1.65823794950578E-06
122   66     3.10930620783940E-07   5.84549567073807E-05
123   66     2.54838359174946E-08   4.81644498840648E-06
124   66     2.74538823089565E-05   5.21623763870174E-03
125   66     3.12065502875399E-05   5.96045110492012E-03
126   66     2.21919329019686E-04   4.26085111717798E-02
127   66     2.40247061624336E-13   4.63676828934968E-11
128   66     1.21001768309478E-07   2.34743430520387E-05
129   66     7.12088468838101E-19   1.38857251423430E-16
130   66     3.20880155056838E-12   6.28925103911403E-10
131   66     4.41020966825099E-22   8.68811304645445E-20
132   66     2.11716911230114E-15   4.19199484235626E-13
133   66     3.62015793266737E-24   7.20411428600807E-22
134   66     1.24057231850408E-19   2.48114463700816E-17
135   66     2.81995589357264E-25   5.66811134608101E-23
136   66     6.82193085486407E-19   1.37803003268254E-16
137   66     1.00000000000000E-99   1.00000000000000E-99
138   66     4.84484095460070E-21   9.88347554738544E-19
139   66     1.00000000000000E-99   1.00000000000000E-99
140   66     1.60018052032206E-24   3.29637187186345E-22
141   66     1.00000000000000E-99   1.00000000000000E-99
142   66     1.00000000000000E-99   1.00000000000000E-99
143   66     1.00000000000000E-99   1.00000000000000E-99
144   66     1.00000000000000E-99   1.00000000000000E-99
145   66     1.00000000000000E-99   1.00000000000000E-99
146   66     1.00000000000000E-99   1.00000000000000E-99
147   66     1.00000000000000E-99   1.00000000000000E-99
148   66     1.00000000000000E-99   1.00000000000000E-99
149   66     1.00000000000000E-99   1.00000000000000E-99
150   66     1.00000000000000E-99   1.00000000000000E-99
151   66     1.00000000000000E-99   1.00000000000000E-99
152   66     1.00000000000000E-99   1.00000000000000E-99
153   66     1.00000000000000E-99   1.00000000000000E-99
154   66     1.00000000000000E-99   1.00000000000000E-99
155   66     1.00000000000000E-99   1.00000000000000E-99
 84   67     1.00000000000000E-99   1.00000000000000E-99
 85   67     1.00000000000000E-99   1.00000000000000E-99
 86   67     1.00000000000000E-99   1.00000000000000E-99
 87   67     1.00000000000000E-99   1.00000000000000E-99
 88   67     1.00000000000000E-99   1.00000000000000E-99
 89   67     1.00000000000000E-99   1.00000000000000E-99
 90   67     1.00000000000000E-99   1.00000000000000E-99
 91   67     1.00000000000000E-99   1.00000000000000E-99
 92   67     1.00000000000000E-99   1.00000000000000E-99
 93   67     1.00000000000000E-99   1.00000000000000E-99
 94   67     1.00000000000000E-99   1.00000000000000E-99
 95   67     1.00000000000000E-99   1.00000000000000E-99
 96   67     1.00000000000000E-99   1.00000000000000E-99
 97   67     1.00000000000000E-99   1.00000000000000E-99
 98   67     1.00000000000000E-99   1.00000000000000E-99
 99   67     1.00000000000000E-99   1.00000000000000E-99
100   67     1.00000000000000E-99   1.00000000000000E-99
101   67     1.00000000000000E-99   1.00000000000000E-99
102   67     1.00000000000000E-99   1.00000000000000E-99
103   67     1.00000000000000E-99   1.00000000000000E-99
104   67     1.00000000000000E-99   1.00000000000000E-99
105   67     1.00000000000000E-99   1.00000000000000E-99
106   67     1.00000000000000E-99   1.00000000000000E-99
107   67     1.41661471522690E-23   2.46490960449481E-21
108   67     1.01501360264624E-22   1.77627380463093E-20
109   67     5.62279348725947E-21   9.89611653757667E-19
110   67     1.21248839157273E-19   2.14610445308372E-17
111   67     2.51353663913054E-18   4.47409521765236E-16
112   67     4.97930045848259E-17   8.91294782068384E-15
113   67     1.07468675080454E-16   1.93443615144818E-14
114   67     7.62407114154366E-15   1.37995687661940E-12
115   67     1.99598903579992E-14   3.63270004515585E-12
116   67     9.07449948074231E-13   1.66063340497584E-10
117   67     8.28792607521865E-13   1.52497839784023E-10
118   67     9.86241312685367E-11   1.82454642846793E-08
119   67     3.04376737433629E-11   5.66140731626550E-09
120   67     5.56455360673695E-10   1.04057152445981E-07
121   67     1.99451030428345E-10   3.74967937205288E-08
122   67     3.91463311760727E-08   7.39865659227775E-06
123   67     7.66672036421997E-08   1.45667686920179E-05
124   67     3.34929933931216E-06   6.39716173808623E-04
125   67     4.80923833265264E-06   9.23373759869307E-04
126   67     1.83166279448707E-04   3.53510919336005E-02
127   67     1.78378429914343E-10   3.46054154033825E-08
128   67     1.13046192442764E-04   2.20440075263390E-02
129   67     3.07305054499709E-14   6.02317906819430E-12
130   67     7.00762501728970E-09   1.38050212840607E-06
131   67     1.30385278471154E-14   2.58162851372886E-12
132   67     1.48082358597527E-09   2.94683893609079E-07
133   67     3.98082932765762E-15   7.96165865531524E-13
134   67     1.70256437900507E-12   3.42215440180019E-10
135   67     1.90686376353541E-15   3.85186480234153E-13
136   67     9.39597222249397E-11   1.90738236116628E-08
137   67     2.30995043834661E-15   4.71229889422708E-13
138   67     3.38184361558585E-10   6.93277941195100E-08
139   67     3.13234534347619E-16   6.45263140756095E-14
140   67     1.03152807146342E-10   2.13526310792927E-08
141   67     4.80766711598836E-18   9.99994760125579E-16
142   67     1.36790048716152E-13   2.85891201816758E-11
143   67     7.00328221555172E-21   1.47068926526586E-18
144   67     2.91545801375008E-14   6.15161640901267E-12
145   67     1.04134303740987E-22   2.20764723930893E-20
146   67     1.35141419141807E-24   2.87851222772048E-22
147   67     1.00000000000000E-99   1.00000000000000E-99
148   67     1.00000000000000E-99   1.00000000000000E-99
149   67     1.00000000000000E-99   1.00000000000000E-99
150   67     1.00000000000000E-99   1.00000000000000E-99
151   67     1.00000000000000E-99   1.00000000000000E-99
152   67     1.00000000000000E-99   1.00000000000000E-99
153   67     1.00000000000000E-99   1.00000000000000E-99
154   67     1.00000000000000E-99   1.00000000000000E-99
155   67     1.00000000000000E-99   1.00000000000000E-99
156   67     1.00000000000000E-99   1.00000000000000E-99
157   67     1.00000000000000E-99   1.00000000000000E-99
 85   68     1.00000000000000E-99   1.00000000000000E-99
 86   68     1.00000000000000E-99   1.00000000000000E-99
 87   68     1.00000000000000E-99   1.00000000000000E-99
 88   68     1.00000000000000E-99   1.00000000000000E-99
 89   68     1.00000000000000E-99   1.00000000000000E-99
 90   68     1.00000000000000E-99   1.00000000000000E-99
 91   68     1.00000000000000E-99   1.00000000000000E-99
 92   68     1.00000000000000E-99   1.00000000000000E-99
 93   68     1.00000000000000E-99   1.00000000000000E-99
 94   68     1.00000000000000E-99   1.00000000000000E-99
 95   68     1.00000000000000E-99   1.00000000000000E-99
 96   68     1.00000000000000E-99   1.00000000000000E-99
 97   68     1.00000000000000E-99   1.00000000000000E-99
 98   68     1.00000000000000E-99   1.00000000000000E-99
 99   68     1.00000000000000E-99   1.00000000000000E-99
100   68     1.00000000000000E-99   1.00000000000000E-99
101   68     1.00000000000000E-99   1.00000000000000E-99
102   68     1.00000000000000E-99   1.00000000000000E-99
103   68     1.00000000000000E-99   1.00000000000000E-99
104   68     1.00000000000000E-99   1.00000000000000E-99
105   68     1.00000000000000E-99   1.00000000000000E-99
106   68     1.00000000000000E-99   1.00000000000000E-99
107   68     1.00000000000000E-99   1.00000000000000E-99
108   68     7.44654417118847E-25   1.31059177412917E-22
109   68     4.21261834226921E-24   7.45633446581650E-22
110   68     4.09750283277164E-21   7.29355504233352E-19
111   68     5.64398467225509E-21   1.01027325633366E-18
112   68     2.08938574894457E-18   3.76089434810023E-16
113   68     3.19253668965521E-18   5.77849140827593E-16
114   68     7.99625698699354E-16   1.45531877163282E-13
115   68     8.02673194774247E-16   1.46889194643687E-13
116   68     5.33583837876224E-13   9.81794261692252E-11
117   68     2.88202302803629E-13   5.33174260186714E-11
118   68     4.17159348431232E-12   7.75916388082091E-10
119   68     3.25458208493333E-13   6.08606849882533E-11
120   68     4.28267217946421E-10   8.05142369739271E-08
121   68     2.16659454753704E-10   4.09486369484500E-08
122   68     9.94971247710959E-08   1.89044537065082E-05
123   68     1.22114940184935E-07   2.33239535753227E-05
124   68     8.19911687394627E-06   1.57423043979768E-03
125   68     2.81853067351645E-05   5.43976419988674E-03
126   68     3.26141136275335E-04   6.32713804374150E-02
127   68     2.70884732496956E-09   5.28225228369065E-07
128   68     3.89012622286463E-04   7.62464739681468E-02
129   68     9.23204784617832E-14   1.81871342569713E-11
130   68     3.46754625685264E-08   6.86574158856823E-06
131   68     7.76138255898195E-15   1.54451512923741E-12
132   68     1.52749745478575E-09   3.05499490957151E-07
133   68     4.48579880963855E-14   9.01645560737348E-12
134   68     2.18799197331016E-09   4.41974378608652E-07
135   68     8.97032159587866E-12   1.82097528396337E-09
136   68     3.52865016525206E-09   7.19844633711420E-07
137   68     8.08943544423542E-13   1.65833426606826E-10
138   68     4.30625476000725E-09   8.87088480561494E-07
139   68     1.17716865106518E-14   2.43673910770492E-12
140   68     1.37912793586221E-09   2.86858610659339E-07
141   68     7.65335174444312E-16   1.59955051458861E-13
142   68     5.69268167680620E-11   1.19546315212930E-08
143   68     3.03159926871408E-19   6.39667445698671E-17
144   68     1.52916947717456E-13   3.24183929161006E-11
145   68     1.57690235814298E-19   3.35880202284455E-17
146   68     3.68328823871323E-14   7.88223683084632E-12
147   68     9.84914418705619E-25   2.11756600021708E-22
148   68     2.28287294266549E-22   4.93100555615746E-20
149   68     1.00000000000000E-99   1.00000000000000E-99
150   68     1.00000000000000E-99   1.00000000000000E-99
151   68     1.00000000000000E-99   1.00000000000000E-99
152   68     1.00000000000000E-99   1.00000000000000E-99
153   68     1.00000000000000E-99   1.00000000000000E-99
154   68     1.00000000000000E-99   1.00000000000000E-99
155   68     1.00000000000000E-99   1.00000000000000E-99
156   68     1.00000000000000E-99   1.00000000000000E-99
157   68     1.00000000000000E-99   1.00000000000000E-99
158   68     1.00000000000000E-99   1.00000000000000E-99
159   68     1.00000000000000E-99   1.00000000000000E-99
 86   69     1.00000000000000E-99   1.00000000000000E-99
 87   69     1.00000000000000E-99   1.00000000000000E-99
 88   69     1.00000000000000E-99   1.00000000000000E-99
 89   69     1.00000000000000E-99   1.00000000000000E-99
 90   69     1.00000000000000E-99   1.00000000000000E-99
 91   69     1.00000000000000E-99   1.00000000000000E-99
 92   69     1.00000000000000E-99   1.00000000000000E-99
 93   69     1.00000000000000E-99   1.00000000000000E-99
 94   69     1.00000000000000E-99   1.00000000000000E-99
 95   69     1.00000000000000E-99   1.00000000000000E-99
 96   69     1.00000000000000E-99   1.00000000000000E-99
 97   69     1.00000000000000E-99   1.00000000000000E-99
 98   69     1.00000000000000E-99   1.00000000000000E-99
 99   69     1.00000000000000E-99   1.00000000000000E-99
100   69     1.00000000000000E-99   1.00000000000000E-99
101   69     1.00000000000000E-99   1.00000000000000E-99
102   69     1.00000000000000E-99   1.00000000000000E-99
103   69     1.00000000000000E-99   1.00000000000000E-99
104   69     1.00000000000000E-99   1.00000000000000E-99
105   69     1.00000000000000E-99   1.00000000000000E-99
106   69     1.00000000000000E-99   1.00000000000000E-99
107   69     1.00000000000000E-99   1.00000000000000E-99
108   69     1.00000000000000E-99   1.00000000000000E-99
109   69     1.00000000000000E-99   1.00000000000000E-99
110   69     1.00000000000000E-99   1.00000000000000E-99
111   69     2.37060503387139E-24   4.26708906096850E-22
112   69     1.87515720581002E-23   3.39403454251614E-21
113   69     2.22320094175119E-21   4.04622571398717E-19
114   69     4.06152631451459E-19   7.43259315556170E-17
115   69     7.09830996813442E-18   1.30608903413673E-15
116   69     1.15971573988915E-16   2.14547411879493E-14
117   69     4.75995451524377E-16   8.85351539835341E-14
118   69     1.26862697929194E-14   2.37233245127593E-12
119   69     3.17163334215246E-14   5.96267068324663E-12
120   69     1.47665269165429E-11   2.79087358722661E-09
121   69     1.84757251771126E-11   3.51038778365140E-09
122   69     1.29396243996109E-09   2.47146826032568E-07
123   69     2.80645317237199E-09   5.38839009095421E-07
124   69     7.15391807863254E-08   1.38070618917608E-05
125   69     1.21365245571704E-06   2.35448576409105E-04
126   69     1.46874565578096E-04   2.86405402877288E-02
127   69     3.64827666698178E-07   7.15062226728430E-05
128   69     1.23865766304983E-04   2.44015559620817E-02
129   69     1.49383606075252E-11   2.95779540028999E-09
130   69     1.12307045381126E-09   2.23491020308441E-07
131   69     1.23129153771683E-10   2.46258307543366E-08
132   69     1.06666233876863E-08   2.14399130092495E-06
133   69     5.13967985911934E-11   1.03821533154211E-08
134   69     1.58806958056145E-09   3.22378124853973E-07
135   69     4.93679453512939E-10   1.00710608516640E-07
136   69     8.45715923104562E-09   1.73371764236435E-06
137   69     5.46798703792142E-10   1.12640532981181E-07
138   69     1.69545533987995E-08   3.50959255355150E-06
139   69     3.77678877456961E-11   7.85572065110479E-09
140   69     1.76865648374719E-08   3.69649205103162E-06
141   69     4.27174884172357E-12   8.97067256761951E-10
142   69     2.80802470847349E-08   5.92493213487906E-06
143   69     7.17820083968194E-13   1.52177857801257E-10
144   69     4.87729793741942E-08   1.03886446067034E-05
145   69     3.11383884124779E-14   6.66361512027026E-12
146   69     1.24835495758230E-08   2.68396315880194E-06
147   69     1.46107846268803E-15   3.15592947940615E-13
148   69     2.75349887246813E-14   5.97509255325585E-12
149   69     9.89710090375458E-24   2.15756799701850E-21
150   69     1.00000000000000E-99   1.00000000000000E-99
151   69     1.00000000000000E-99   1.00000000000000E-99
152   69     1.00000000000000E-99   1.00000000000000E-99
153   69     1.00000000000000E-99   1.00000000000000E-99
154   69     1.00000000000000E-99   1.00000000000000E-99
155   69     1.00000000000000E-99   1.00000000000000E-99
156   69     1.00000000000000E-99   1.00000000000000E-99
157   69     1.00000000000000E-99   1.00000000000000E-99
158   69     1.00000000000000E-99   1.00000000000000E-99
159   69     1.00000000000000E-99   1.00000000000000E-99
160   69     1.00000000000000E-99   1.00000000000000E-99
161   69     1.00000000000000E-99   1.00000000000000E-99
 88   70     1.00000000000000E-99   1.00000000000000E-99
 89   70     1.00000000000000E-99   1.00000000000000E-99
 90   70     1.00000000000000E-99   1.00000000000000E-99
 91   70     1.00000000000000E-99   1.00000000000000E-99
 92   70     1.00000000000000E-99   1.00000000000000E-99
 93   70     1.00000000000000E-99   1.00000000000000E-99
 94   70     1.00000000000000E-99   1.00000000000000E-99
 95   70     1.00000000000000E-99   1.00000000000000E-99
 96   70     1.00000000000000E-99   1.00000000000000E-99
 97   70     1.00000000000000E-99   1.00000000000000E-99
 98   70     1.00000000000000E-99   1.00000000000000E-99
 99   70     1.00000000000000E-99   1.00000000000000E-99
100   70     1.00000000000000E-99   1.00000000000000E-99
101   70     1.00000000000000E-99   1.00000000000000E-99
102   70     1.00000000000000E-99   1.00000000000000E-99
103   70     1.00000000000000E-99   1.00000000000000E-99
104   70     1.00000000000000E-99   1.00000000000000E-99
105   70     1.00000000000000E-99   1.00000000000000E-99
106   70     1.00000000000000E-99   1.00000000000000E-99
107   70     1.00000000000000E-99   1.00000000000000E-99
108   70     1.00000000000000E-99   1.00000000000000E-99
109   70     1.00000000000000E-99   1.00000000000000E-99
110   70     1.00000000000000E-99   1.00000000000000E-99
111   70     1.00000000000000E-99   1.00000000000000E-99
112   70     4.04112587974332E-24   7.35484910113284E-22
113   70     1.86773173928406E-23   3.41794908288982E-21
114   70     5.96813599966031E-21   1.09813702393750E-18
115   70     1.34791278556451E-20   2.49363865329435E-18
116   70     8.20497561836429E-18   1.52612546501576E-15
117   70     8.89957833997005E-18   1.66422114957440E-15
118   70     8.16109690990403E-15   1.53428621906196E-12
119   70     3.06686878750436E-15   5.79638200838323E-13
120   70     2.90149832585758E-12   5.51284681912941E-10
121   70     8.62607264851043E-13   1.64757987586549E-10
122   70     1.59163387334814E-10   3.05593703682843E-08
123   70     1.32508978438747E-09   2.55742328386781E-07
124   70     8.47920536398984E-07   1.64496584061403E-04
125   70     5.06774833149125E-06   9.88210924640794E-04
126   70     6.13783724843366E-05   1.20301610069300E-02
127   70     3.29022311806451E-06   6.48173954258709E-04
128   70     3.36272015716609E-05   6.65818591118886E-03
129   70     1.73451423281367E-12   3.45168332329921E-10
130   70     1.29095700279397E-09   2.58191400558794E-07
131   70     4.39965460869850E-10   8.84330576348397E-08
132   70     2.83913157984741E-09   5.73504579129177E-07
133   70     9.58917258010978E-10   1.94660203376229E-07
134   70     7.45021690011395E-09   1.51984424762325E-06
135   70     3.23843936994501E-09   6.63880070838726E-07
136   70     2.99794691289197E-08   6.17577064055745E-06
137   70     7.28774052222584E-09   1.50856228810075E-06
138   70     2.10216979552202E-07   4.37251317468580E-05
139   70     8.11911900540219E-09   1.69689587212906E-06
140   70     8.04023710560681E-07   1.68844979217743E-04
141   70     1.81138744245370E-09   3.82202750357732E-07
142   70     4.78785668005409E-07   1.01502561617147E-04
143   70     7.26039467626385E-11   1.54646406604420E-08
144   70     1.52132494378397E-07   3.25563537969770E-05
145   70     7.01289651055133E-12   1.50777274976854E-09
146   70     3.37545446880772E-07   7.29098165262467E-05
147   70     4.05823843791244E-14   8.80637741027000E-12
148   70     1.73882776576981E-09   3.79064452937819E-07
149   70     8.72140296955383E-18   1.90998725033229E-15
150   70     2.60041624323460E-14   5.72091573511612E-12
151   70     1.79065173908887E-23   3.95734034338639E-21
152   70     3.13209814000971E-20   6.95325787082156E-18
153   70     1.00000000000000E-99   1.00000000000000E-99
154   70     1.00000000000000E-99   1.00000000000000E-99
155   70     1.00000000000000E-99   1.00000000000000E-99
156   70     1.00000000000000E-99   1.00000000000000E-99
157   70     1.00000000000000E-99   1.00000000000000E-99
158   70     1.00000000000000E-99   1.00000000000000E-99
159   70     1.00000000000000E-99   1.00000000000000E-99
160   70     1.00000000000000E-99   1.00000000000000E-99
161   70     1.00000000000000E-99   1.00000000000000E-99
162   70     1.00000000000000E-99   1.00000000000000E-99
163   70     1.00000000000000E-99   1.00000000000000E-99
164   70     1.00000000000000E-99   1.00000000000000E-99
 90   71     1.00000000000000E-99   1.00000000000000E-99
 91   71     1.00000000000000E-99   1.00000000000000E-99
 92   71     1.00000000000000E-99   1.00000000000000E-99
 93   71     1.00000000000000E-99   1.00000000000000E-99
 94   71     1.00000000000000E-99   1.00000000000000E-99
 95   71     1.00000000000000E-99   1.00000000000000E-99
 96   71     1.00000000000000E-99   1.00000000000000E-99
 97   71     1.00000000000000E-99   1.00000000000000E-99
 98   71     1.00000000000000E-99   1.00000000000000E-99
 99   71     1.00000000000000E-99   1.00000000000000E-99
100   71     1.00000000000000E-99   1.00000000000000E-99
101   71     1.00000000000000E-99   1.00000000000000E-99
102   71     1.00000000000000E-99   1.00000000000000E-99
103   71     1.00000000000000E-99   1.00000000000000E-99
104   71     1.00000000000000E-99   1.00000000000000E-99
105   71     1.00000000000000E-99   1.00000000000000E-99
106   71     1.00000000000000E-99   1.00000000000000E-99
107   71     1.00000000000000E-99   1.00000000000000E-99
108   71     1.00000000000000E-99   1.00000000000000E-99
109   71     1.00000000000000E-99   1.00000000000000E-99
110   71     1.00000000000000E-99   1.00000000000000E-99
111   71     1.00000000000000E-99   1.00000000000000E-99
112   71     1.00000000000000E-99   1.00000000000000E-99
113   71     1.00000000000000E-99   1.00000000000000E-99
114   71     1.00000000000000E-99   1.00000000000000E-99
115   71     7.29061385988714E-24   1.35605417793901E-21
116   71     6.96608174482563E-22   1.30265728628239E-19
117   71     1.65622298350512E-19   3.11369920898963E-17
118   71     7.33276405118487E-19   1.38589240567394E-16
119   71     2.10477139774605E-17   3.99906565571749E-15
120   71     2.42391848551886E-16   4.62968430734102E-14
121   71     3.57455987513332E-15   6.86315496025597E-13
122   71     1.37209557655839E-12   2.64814446275770E-10
123   71     2.61267965808840E-11   5.06859853669149E-09
124   71     1.40654553475828E-09   2.74276379277865E-07
125   71     2.84641782962970E-08   5.57897894607422E-06
126   71     2.37285179510322E-06   4.67451803635334E-04
127   71     1.61830657362494E-07   3.20424701577738E-05
128   71     2.90631298871338E-06   5.78356284753963E-04
129   71     1.11908546247272E-09   2.23817092494543E-07
130   71     7.48818319681949E-09   1.50512482256072E-06
131   71     6.46357622108736E-10   1.30564239665965E-07
132   71     7.70388904674310E-09   1.56388947648885E-06
133   71     9.83554361000230E-10   2.00645089644047E-07
134   71     9.17910864938373E-09   1.88171727312367E-06
135   71     3.23425688731602E-09   6.66256918787101E-07
136   71     4.02858576069177E-08   8.33917252463196E-06
137   71     1.97165919889424E-08   4.10105113370002E-06
138   71     3.20628324236170E-07   6.70113197653595E-05
139   71     7.77079750613949E-08   1.63186747628929E-05
140   71     6.26291134813668E-07   1.32147429445684E-04
141   71     1.20618097175229E-07   2.55710366011486E-05
142   71     1.35679701688094E-06   2.88997764595640E-04
143   71     7.83729515664075E-08   1.67718116352112E-05
144   71     1.22321937534778E-06   2.62992165699773E-04
145   71     2.01618639706030E-08   4.35496261765025E-06
146   71     7.59092807490236E-07   1.64723139225381E-04
147   71     1.18359601073150E-10   2.58023930339466E-08
148   71     5.75432287458149E-07   1.26019670953335E-04
149   71     1.16328333560102E-12   2.55922333832224E-10
150   71     9.68173313935481E-09   2.13966302379741E-06
151   71     2.49405320994226E-14   5.53679812607183E-12
152   71     4.24573566964600E-12   9.46799054331057E-10
153   71     4.86777273242764E-23   1.09038109206379E-20
154   71     1.00000000000000E-99   1.00000000000000E-99
155   71     1.00000000000000E-99   1.00000000000000E-99
156   71     1.00000000000000E-99   1.00000000000000E-99
157   71     1.00000000000000E-99   1.00000000000000E-99
158   71     1.00000000000000E-99   1.00000000000000E-99
159   71     1.00000000000000E-99   1.00000000000000E-99
160   71     1.00000000000000E-99   1.00000000000000E-99
161   71     1.00000000000000E-99   1.00000000000000E-99
162   71     1.00000000000000E-99   1.00000000000000E-99
163   71     1.00000000000000E-99   1.00000000000000E-99
164   71     1.00000000000000E-99   1.00000000000000E-99
165   71     1.00000000000000E-99   1.00000000000000E-99
166   71     1.00000000000000E-99   1.00000000000000E-99
 92   72     1.00000000000000E-99   1.00000000000000E-99
 93   72     1.00000000000000E-99   1.00000000000000E-99
 94   72     1.00000000000000E-99   1.00000000000000E-99
 95   72     1.00000000000000E-99   1.00000000000000E-99
 96   72     1.00000000000000E-99   1.00000000000000E-99
 97   72     1.00000000000000E-99   1.00000000000000E-99
 98   72     1.00000000000000E-99   1.00000000000000E-99
 99   72     1.00000000000000E-99   1.00000000000000E-99
100   72     1.00000000000000E-99   1.00000000000000E-99
101   72     1.00000000000000E-99   1.00000000000000E-99
102   72     1.00000000000000E-99   1.00000000000000E-99
103   72     1.00000000000000E-99   1.00000000000000E-99
104   72     1.00000000000000E-99   1.00000000000000E-99
105   72     1.00000000000000E-99   1.00000000000000E-99
106   72     1.00000000000000E-99   1.00000000000000E-99
107   72     1.00000000000000E-99   1.00000000000000E-99
108   72     1.00000000000000E-99   1.00000000000000E-99
109   72     1.00000000000000E-99   1.00000000000000E-99
110   72     1.00000000000000E-99   1.00000000000000E-99
111   72     1.00000000000000E-99   1.00000000000000E-99
112   72     1.00000000000000E-99   1.00000000000000E-99
113   72     1.00000000000000E-99   1.00000000000000E-99
114   72     1.00000000000000E-99   1.00000000000000E-99
115   72     1.00000000000000E-99   1.00000000000000E-99
116   72     3.84247540313833E-23   7.22385375790005E-21
117   72     1.93368312708332E-22   3.65466111018748E-20
118   72     2.20083243733548E-20   4.18158163093742E-18
119   72     1.62853589049304E-20   3.11050355084171E-18
120   72     7.99225818132024E-17   1.53451357081349E-14
121   72     4.34996594620047E-16   8.39543427616690E-14
122   72     2.29398351389070E-13   4.45032801694796E-11
123   72     3.07964412491239E-12   6.00530604357916E-10
124   72     1.22582526208000E-09   2.40261751367681E-07
125   72     2.21940551436104E-08   4.37222886329125E-06
126   72     3.08167382599653E-07   6.10171417547313E-05
127   72     2.61830402752469E-08   5.21042501477413E-06
128   72     2.48797566621495E-08   4.97595133242989E-06
129   72     1.73466931471431E-09   3.48668532257576E-07
130   72     3.88950508017545E-09   7.85680026195441E-07
131   72     3.40073726482603E-10   6.90349664759684E-08
132   72     4.16531209575340E-09   8.49723667533693E-07
133   72     1.59663844542585E-09   3.27310881312300E-07
134   72     1.68326990927745E-08   3.46753601311155E-06
135   72     1.15487368123801E-08   2.39058852016268E-06
136   72     1.13695522691799E-07   2.36486687198943E-05
137   72     4.30096596643905E-08   8.98901886985762E-06
138   72     3.77392956576908E-07   7.92525208811507E-05
139   72     1.86221055928251E-07   3.92926428008609E-05
140   72     1.13323760278080E-06   2.40246371789530E-04
141   72     4.34216303543954E-07   9.24880726548623E-05
142   72     1.95949478655165E-06   4.19331884322052E-04
143   72     2.47879148417854E-07   5.32940169098387E-05
144   72     4.11936427471358E-06   8.89782683338133E-04
145   72     2.36105237864816E-07   5.12348366166650E-05
146   72     3.23739853443589E-06   7.05752880507025E-04
147   72     1.39793973315581E-09   3.06148801561122E-07
148   72     2.80754560439718E-07   6.17660032967380E-05
149   72     3.23901241875772E-10   7.15821744545456E-08
150   72     6.40034336419076E-07   1.42087622685035E-04
151   72     3.69859559672283E-13   8.24786818069192E-11
152   72     7.25784723950349E-09   1.62575778164878E-06
153   72     3.39182121017830E-20   7.63159772290119E-18
154   72     9.83541102267714E-16   2.22280289112503E-13
155   72     1.00000000000000E-99   1.00000000000000E-99
156   72     1.00000000000000E-99   1.00000000000000E-99
157   72     1.00000000000000E-99   1.00000000000000E-99
158   72     1.00000000000000E-99   1.00000000000000E-99
159   72     1.00000000000000E-99   1.00000000000000E-99
160   72     1.00000000000000E-99   1.00000000000000E-99
161   72     1.00000000000000E-99   1.00000000000000E-99
162   72     1.00000000000000E-99   1.00000000000000E-99
163   72     1.00000000000000E-99   1.00000000000000E-99
164   72     1.00000000000000E-99   1.00000000000000E-99
165   72     1.00000000000000E-99   1.00000000000000E-99
166   72     1.00000000000000E-99   1.00000000000000E-99
167   72     1.00000000000000E-99   1.00000000000000E-99
168   72     1.00000000000000E-99   1.00000000000000E-99
 96   73     1.00000000000000E-99   1.00000000000000E-99
 97   73     1.00000000000000E-99   1.00000000000000E-99
 98   73     1.00000000000000E-99   1.00000000000000E-99
 99   73     1.00000000000000E-99   1.00000000000000E-99
100   73     1.00000000000000E-99   1.00000000000000E-99
101   73     1.00000000000000E-99   1.00000000000000E-99
102   73     1.00000000000000E-99   1.00000000000000E-99
103   73     1.00000000000000E-99   1.00000000000000E-99
104   73     1.00000000000000E-99   1.00000000000000E-99
105   73     1.00000000000000E-99   1.00000000000000E-99
106   73     1.00000000000000E-99   1.00000000000000E-99
107   73     1.00000000000000E-99   1.00000000000000E-99
108   73     1.00000000000000E-99   1.00000000000000E-99
109   73     1.00000000000000E-99   1.00000000000000E-99
110   73     1.00000000000000E-99   1.00000000000000E-99
111   73     1.00000000000000E-99   1.00000000000000E-99
112   73     1.00000000000000E-99   1.00000000000000E-99
113   73     1.00000000000000E-99   1.00000000000000E-99
114   73     1.00000000000000E-99   1.00000000000000E-99
115   73     1.00000000000000E-99   1.00000000000000E-99
116   73     1.00000000000000E-99   1.00000000000000E-99
117   73     1.00000000000000E-99   1.00000000000000E-99
118   73     3.87685290520525E-25   7.40478904894202E-23
119   73     4.49799941914621E-23   8.63615888476072E-21
120   73     2.41970415940233E-21   4.67002902764649E-19
121   73     2.50002459922581E-19   4.85004772249807E-17
122   73     3.02865612400350E-17   5.90587944180683E-15
123   73     4.48432337879631E-15   8.78927382244076E-13
124   73     4.05484132326550E-13   7.98803740683304E-11
125   73     1.05418376523317E-11   2.08728385516168E-09
126   73     6.60848283832987E-10   1.31508808482764E-07
127   73     8.18386212936014E-11   1.63677242587203E-08
128   73     7.01715044797601E-10   1.41044724004318E-07
129   73     3.89348761224318E-11   7.86484497673121E-09
130   73     3.00143915213180E-10   6.09292147882754E-08
131   73     3.12997050136608E-11   6.38513982278679E-09
132   73     7.44762857838616E-10   1.52676385856916E-07
133   73     1.57751164227571E-10   3.24967398308796E-08
134   73     3.00981705058447E-09   6.23032129470984E-07
135   73     9.40069848059349E-10   1.95534528396345E-07
136   73     1.17326540811430E-08   2.45212470295889E-06
137   73     4.02832961696341E-09   8.45949219562316E-07
138   73     5.37597071035408E-08   1.13432981988471E-05
139   73     2.46454075791256E-08   5.22482640677463E-06
140   73     4.07985954318162E-07   8.69010082697686E-05
141   73     9.62182942295493E-08   2.05907149651235E-05
142   73     1.53253829469242E-06   3.29495733358870E-04
143   73     3.90541387214928E-07   8.43569396384244E-05
144   73     3.51588599317161E-06   7.62947260518239E-04
145   73     4.87261870048390E-07   1.06223087670549E-04
146   73     3.08943201918183E-06   6.76585612200821E-04
147   73     3.29164334596706E-07   7.24161536112754E-05
148   73     3.68180083217633E-06   8.13677983910969E-04
149   73     2.77314810106905E-08   6.15638878437329E-06
150   73     7.85767842350859E-07   1.75226228844242E-04
151   73     8.67408213277055E-11   1.94299439774060E-08
152   73     4.42399691099363E-07   9.95399304973568E-05
153   73     2.45814721683375E-17   5.55541271004427E-15
154   73     1.93590950067856E-13   4.39451456654033E-11
155   73     2.16514928805638E-23   4.93654037676856E-21
156   73     3.70728947748507E-19   8.48969290344081E-17
157   73     1.00000000000000E-99   1.00000000000000E-99
158   73     1.89746569119868E-23   4.38314574666894E-21
159   73     1.00000000000000E-99   1.00000000000000E-99
160   73     1.00000000000000E-99   1.00000000000000E-99
161   73     1.00000000000000E-99   1.00000000000000E-99
162   73     1.00000000000000E-99   1.00000000000000E-99
163   73     1.00000000000000E-99   1.00000000000000E-99
164   73     1.00000000000000E-99   1.00000000000000E-99
165   73     1.00000000000000E-99   1.00000000000000E-99
166   73     1.00000000000000E-99   1.00000000000000E-99
167   73     1.00000000000000E-99   1.00000000000000E-99
168   73     1.00000000000000E-99   1.00000000000000E-99
169   73     1.00000000000000E-99   1.00000000000000E-99
170   73     1.00000000000000E-99   1.00000000000000E-99
 98   74     1.00000000000000E-99   1.00000000000000E-99
 99   74     1.00000000000000E-99   1.00000000000000E-99
100   74     1.00000000000000E-99   1.00000000000000E-99
101   74     1.00000000000000E-99   1.00000000000000E-99
102   74     1.00000000000000E-99   1.00000000000000E-99
103   74     1.00000000000000E-99   1.00000000000000E-99
104   74     1.00000000000000E-99   1.00000000000000E-99
105   74     1.00000000000000E-99   1.00000000000000E-99
106   74     1.00000000000000E-99   1.00000000000000E-99
107   74     1.00000000000000E-99   1.00000000000000E-99
108   74     1.00000000000000E-99   1.00000000000000E-99
109   74     1.00000000000000E-99   1.00000000000000E-99
110   74     1.00000000000000E-99   1.00000000000000E-99
111   74     1.00000000000000E-99   1.00000000000000E-99
112   74     1.00000000000000E-99   1.00000000000000E-99
113   74     1.00000000000000E-99   1.00000000000000E-99
114   74     1.00000000000000E-99   1.00000000000000E-99
115   74     1.00000000000000E-99   1.00000000000000E-99
116   74     1.00000000000000E-99   1.00000000000000E-99
117   74     1.00000000000000E-99   1.00000000000000E-99
118   74     1.00000000000000E-99   1.00000000000000E-99
119   74     1.00000000000000E-99   1.00000000000000E-99
120   74     3.13235797018864E-23   6.07677446216596E-21
121   74     1.16588958545432E-21   2.27348469163592E-19
122   74     2.70439891980341E-18   5.30062188281468E-16
123   74     1.04584687154426E-17   2.06031833694220E-15
124   74     1.09238077911999E-14   2.16291394265758E-12
125   74     7.16205137225895E-13   1.42524822307953E-10
126   74     1.32330937096266E-11   2.64661874192532E-09
127   74     2.63313822729104E-12   5.29260783685499E-10
128   74     1.22904927872800E-11   2.48267954303056E-09
129   74     1.14863274920539E-11   2.33172448088694E-09
130   74     3.91110430485905E-11   7.97865278191247E-09
131   74     2.75172734435710E-11   5.64104105593205E-09
132   74     1.46075344986527E-10   3.00915210672246E-08
133   74     6.44755748940253E-11   1.33464440030632E-08
134   74     1.13401639868283E-09   2.35875410926029E-07
135   74     4.01025539565301E-10   8.38143377691480E-08
136   74     6.12508799612790E-09   1.28626847918686E-06
137   74     3.35698338252264E-09   7.08323493712277E-07
138   74     6.24745427128558E-08   1.32446030551254E-05
139   74     2.94331949276952E-08   6.26927051959907E-06
140   74     4.29774984031396E-07   9.19718465827187E-05
141   74     1.82043580904335E-07   3.91393698944321E-05
142   74     1.64114345480903E-06   3.54486986238750E-04
143   74     2.57015091988387E-07   5.57722749614800E-05
144   74     2.85428233938002E-06   6.22233549984845E-04
145   74     1.27292258933482E-06   2.78770047064325E-04
146   74     5.77628773186301E-06   1.27078330100986E-03
147   74     1.10769913626450E-06   2.44801509114455E-04
148   74     5.32938474471672E-06   1.18312341332711E-03
149   74     4.72959257444306E-07   1.05469914410080E-04
150   74     3.60068061627350E-06   8.06552458045264E-04
151   74     2.20403823134092E-09   4.95908602051707E-07
152   74     1.29883884407112E-06   2.93537578760073E-04
153   74     1.65257654263976E-13   3.75134875179226E-11
154   74     2.15982018001367E-09   4.92439001043116E-07
155   74     3.19264840728684E-17   7.31116485268688E-15
156   74     4.52179324887886E-12   1.04001244724214E-09
157   74     6.93862272009347E-20   1.60282184834159E-17
158   74     1.17370218500815E-14   2.72298906921890E-12
159   74     4.00420686625445E-22   9.32980199837286E-20
160   74     1.19603302619370E-17   2.79871728129326E-15
161   74     1.00000000000000E-99   1.00000000000000E-99
162   74     5.47242124811119E-23   1.29149141455424E-20
163   74     1.00000000000000E-99   1.00000000000000E-99
164   74     1.00000000000000E-99   1.00000000000000E-99
165   74     1.00000000000000E-99   1.00000000000000E-99
166   74     1.00000000000000E-99   1.00000000000000E-99
167   74     1.00000000000000E-99   1.00000000000000E-99
168   74     1.00000000000000E-99   1.00000000000000E-99
169   74     1.00000000000000E-99   1.00000000000000E-99
170   74     1.00000000000000E-99   1.00000000000000E-99
171   74     1.00000000000000E-99   1.00000000000000E-99
172   74     1.00000000000000E-99   1.00000000000000E-99
173   74     1.00000000000000E-99   1.00000000000000E-99
 99   75     1.00000000000000E-99   1.00000000000000E-99
100   75     1.00000000000000E-99   1.00000000000000E-99
101   75     1.00000000000000E-99   1.00000000000000E-99
102   75     1.00000000000000E-99   1.00000000000000E-99
103   75     1.00000000000000E-99   1.00000000000000E-99
104   75     1.00000000000000E-99   1.00000000000000E-99
105   75     1.00000000000000E-99   1.00000000000000E-99
106   75     1.00000000000000E-99   1.00000000000000E-99
107   75     1.00000000000000E-99   1.00000000000000E-99
108   75     1.00000000000000E-99   1.00000000000000E-99
109   75     1.00000000000000E-99   1.00000000000000E-99
110   75     1.00000000000000E-99   1.00000000000000E-99
111   75     1.00000000000000E-99   1.00000000000000E-99
112   75     1.00000000000000E-99   1.00000000000000E-99
113   75     1.00000000000000E-99   1.00000000000000E-99
114   75     1.00000000000000E-99   1.00000000000000E-99
115   75     1.00000000000000E-99   1.00000000000000E-99
116   75     1.00000000000000E-99   1.00000000000000E-99
117   75     1.00000000000000E-99   1.00000000000000E-99
118   75     1.00000000000000E-99   1.00000000000000E-99
119   75     1.00000000000000E-99   1.00000000000000E-99
120   75     1.00000000000000E-99   1.00000000000000E-99
121   75     1.39475255483179E-25   2.73371500747030E-23
122   75     7.75074013766873E-24   1.52689580712074E-21
123   75     2.76208905304884E-21   5.46893632503670E-19
124   75     7.76696828068473E-19   1.54562668785626E-16
125   75     4.61143180916124E-17   9.22286361832249E-15
126   75     7.46416282942855E-15   1.50029672871514E-12
127   75     2.52304187141587E-15   5.09654458026007E-13
128   75     6.73827746378257E-14   1.36787032514786E-11
129   75     4.34030166150107E-14   8.85421538946218E-12
130   75     9.66024204218015E-13   1.98034961864693E-10
131   75     1.93431951025723E-13   3.98469819112989E-11
132   75     9.21972741347848E-12   1.90848357459005E-09
133   75     8.68458365896723E-13   1.80639340106518E-10
134   75     2.89096986191799E-11   6.04212701140860E-09
135   75     1.51690432710996E-11   3.18549908693091E-09
136   75     6.26572097616625E-10   1.32206712597108E-07
137   75     1.55202540502964E-10   3.29029385866283E-08
138   75     5.89865508257015E-09   1.25641353258744E-06
139   75     1.48249644174780E-09   3.17254238534030E-07
140   75     5.09067013676822E-08   1.09449407940517E-05
141   75     1.30860686693503E-08   2.82659083257967E-06
142   75     2.44132144692126E-07   5.29766753981914E-05
143   75     6.19993477259390E-08   1.35158578042547E-05
144   75     1.13833938394061E-06   2.49296325082993E-04
145   75     2.48922215463623E-07   5.47628874019971E-05
146   75     2.53454591934399E-06   5.60134648175021E-04
147   75     6.14527184210676E-07   1.36425034894770E-04
148   75     4.81063327904315E-06   1.07277122122662E-03
149   75     7.12893238997906E-07   1.59688085535531E-04
150   75     6.64606766637504E-06   1.49536522493438E-03
151   75     6.33496630579820E-07   1.43170238511039E-04
152   75     7.64921691288849E-06   1.73637223922569E-03
153   75     1.51752317948140E-10   3.45995284921759E-08
154   75     3.38070792104710E-07   7.74182113919785E-05
155   75     4.15659270125735E-12   9.56016321289190E-10
156   75     1.03811383541176E-07   2.39804295980116E-05
157   75     9.20048785894826E-14   2.13451318327600E-11
158   75     7.70350155877275E-09   1.79491586319405E-06
159   75     3.30938470403421E-14   7.74396020744004E-12
160   75     1.54879928201223E-09   3.63967831272874E-07
161   75     7.14723227987551E-17   1.68674681805062E-14
162   75     1.19153880283787E-12   2.82394696272575E-10
163   75     4.10020715457997E-24   9.75849302790034E-22
164   75     1.00000000000000E-99   1.00000000000000E-99
165   75     1.00000000000000E-99   1.00000000000000E-99
166   75     1.00000000000000E-99   1.00000000000000E-99
167   75     1.00000000000000E-99   1.00000000000000E-99
168   75     1.00000000000000E-99   1.00000000000000E-99
169   75     1.00000000000000E-99   1.00000000000000E-99
170   75     1.00000000000000E-99   1.00000000000000E-99
171   75     1.00000000000000E-99   1.00000000000000E-99
172   75     1.00000000000000E-99   1.00000000000000E-99
173   75     1.00000000000000E-99   1.00000000000000E-99
174   75     1.00000000000000E-99   1.00000000000000E-99
175   75     1.00000000000000E-99   1.00000000000000E-99
101   76     1.00000000000000E-99   1.00000000000000E-99
102   76     1.00000000000000E-99   1.00000000000000E-99
103   76     1.00000000000000E-99   1.00000000000000E-99
104   76     1.00000000000000E-99   1.00000000000000E-99
105   76     1.00000000000000E-99   1.00000000000000E-99
106   76     1.00000000000000E-99   1.00000000000000E-99
107   76     1.00000000000000E-99   1.00000000000000E-99
108   76     1.00000000000000E-99   1.00000000000000E-99
109   76     1.00000000000000E-99   1.00000000000000E-99
110   76     1.00000000000000E-99   1.00000000000000E-99
111   76     1.00000000000000E-99   1.00000000000000E-99
112   76     1.00000000000000E-99   1.00000000000000E-99
113   76     1.00000000000000E-99   1.00000000000000E-99
114   76     1.00000000000000E-99   1.00000000000000E-99
115   76     1.00000000000000E-99   1.00000000000000E-99
116   76     1.00000000000000E-99   1.00000000000000E-99
117   76     1.00000000000000E-99   1.00000000000000E-99
118   76     1.00000000000000E-99   1.00000000000000E-99
119   76     1.00000000000000E-99   1.00000000000000E-99
120   76     1.00000000000000E-99   1.00000000000000E-99
121   76     1.00000000000000E-99   1.00000000000000E-99
122   76     1.00000000000000E-99   1.00000000000000E-99
123   76     1.58640928860360E-23   3.15695448432116E-21
124   76     6.01277111475630E-21   1.20255422295126E-18
125   76     2.03493582405658E-18   4.09022100635374E-16
126   76     2.56356102888127E-16   5.17839327834017E-14
127   76     2.59590960349599E-16   5.26969649509686E-14
128   76     6.42137180269340E-15   1.30995984774945E-12
129   76     5.19601167433724E-15   1.06518239323913E-12
130   76     1.10219386221299E-13   2.27051935615877E-11
131   76     2.55138162897233E-14   5.28135997197272E-12
132   76     5.94794293564551E-13   1.23717213061427E-10
133   76     1.78808195543506E-13   3.73709128685928E-11
134   76     2.14902448863262E-11   4.51295142612850E-09
135   76     3.66584395620370E-12   7.73493074758980E-10
136   76     2.86344821003021E-10   6.07051020526405E-08
137   76     3.44982597787720E-11   7.34812933287843E-09
138   76     2.79575884872082E-09   5.98292393626256E-07
139   76     4.83812292393632E-10   1.04019642864631E-07
140   76     2.11641725472716E-08   4.57146127021067E-06
141   76     6.15350271820053E-09   1.33531008984951E-06
142   76     1.37775585875270E-07   3.00350777208088E-05
143   76     3.95694328854706E-08   8.66570580191806E-06
144   76     5.89395281505191E-07   1.29666961931142E-04
145   76     1.43350550088274E-07   3.16804715695086E-05
146   76     2.68953908320606E-06   5.97077676471746E-04
147   76     9.84303970434499E-07   2.19499785406893E-04
148   76     6.27181484327114E-06   1.40488652489273E-03
149   76     2.80577662672687E-06   6.31299741013546E-04
150   76     1.40028012357118E-05   3.16463307927088E-03
151   76     1.41219923700359E-06   3.20569226799816E-04
152   76     8.94482297340729E-06   2.03941963793686E-03
153   76     2.63807248390489E-09   6.04118598814220E-07
154   76     1.70800824225208E-06   3.92841895717978E-04
155   76     4.70108694227533E-11   1.08595108366560E-08
156   76     1.27840777431503E-06   2.96590603641088E-04
157   76     3.41953916317036E-12   7.96752625018694E-10
158   76     6.62091645488905E-08   1.54929445044404E-05
159   76     6.10375716516886E-13   1.43438293381468E-10
160   76     6.13710259127566E-08   1.44835621154106E-05
161   76     3.78954105219330E-14   8.98121229369811E-12
162   76     1.24090289055426E-09   2.95334887951914E-07
163   76     1.30177625531797E-20   3.11124525020995E-18
164   76     1.48676979665666E-24   3.56824751197599E-22
165   76     1.00000000000000E-99   1.00000000000000E-99
166   76     1.00000000000000E-99   1.00000000000000E-99
167   76     1.00000000000000E-99   1.00000000000000E-99
168   76     1.00000000000000E-99   1.00000000000000E-99
169   76     1.00000000000000E-99   1.00000000000000E-99
170   76     1.00000000000000E-99   1.00000000000000E-99
171   76     1.00000000000000E-99   1.00000000000000E-99
172   76     1.00000000000000E-99   1.00000000000000E-99
173   76     1.00000000000000E-99   1.00000000000000E-99
174   76     1.00000000000000E-99   1.00000000000000E-99
175   76     1.00000000000000E-99   1.00000000000000E-99
176   76     1.00000000000000E-99   1.00000000000000E-99
177   76     1.00000000000000E-99   1.00000000000000E-99
103   77     1.00000000000000E-99   1.00000000000000E-99
104   77     1.00000000000000E-99   1.00000000000000E-99
105   77     1.00000000000000E-99   1.00000000000000E-99
106   77     1.00000000000000E-99   1.00000000000000E-99
107   77     1.00000000000000E-99   1.00000000000000E-99
108   77     1.00000000000000E-99   1.00000000000000E-99
109   77     1.00000000000000E-99   1.00000000000000E-99
110   77     1.00000000000000E-99   1.00000000000000E-99
111   77     1.00000000000000E-99   1.00000000000000E-99
112   77     1.00000000000000E-99   1.00000000000000E-99
113   77     1.00000000000000E-99   1.00000000000000E-99
114   77     1.00000000000000E-99   1.00000000000000E-99
115   77     1.00000000000000E-99   1.00000000000000E-99
116   77     1.00000000000000E-99   1.00000000000000E-99
117   77     1.00000000000000E-99   1.00000000000000E-99
118   77     1.00000000000000E-99   1.00000000000000E-99
119   77     1.00000000000000E-99   1.00000000000000E-99
120   77     1.00000000000000E-99   1.00000000000000E-99
121   77     1.00000000000000E-99   1.00000000000000E-99
122   77     1.00000000000000E-99   1.00000000000000E-99
123   77     1.00000000000000E-99   1.00000000000000E-99
124   77     8.50146139661092E-25   1.70879374071880E-22
125   77     4.40227586673520E-22   8.89259725080511E-20
126   77     7.17704559649041E-19   1.45694025608755E-16
127   77     1.64250232495030E-19   3.35070474289861E-17
128   77     4.32694779157963E-17   8.87024297273823E-15
129   77     3.09230887078420E-18   6.37015627381545E-16
130   77     4.96252880152384E-16   1.02724346191543E-13
131   77     6.75779862545552E-17   1.40562211409475E-14
132   77     1.78102623204337E-14   3.72234482497064E-12
133   77     5.39417665710928E-15   1.13277709799295E-12
134   77     5.70036578316753E-13   1.20277718024835E-10
135   77     1.15670834152471E-13   2.45222168403239E-11
136   77     9.97907577659248E-12   2.12554314041420E-09
137   77     1.49917878432433E-12   3.20824259845408E-10
138   77     6.30426119632393E-11   1.35541615720964E-08
139   77     1.79041664854751E-11   3.86729996086263E-09
140   77     7.49601295744355E-10   1.62663481176525E-07
141   77     1.98333118954051E-10   4.32366199319830E-08
142   77     3.34922668656607E-09   7.33480644357969E-07
143   77     1.45867210686804E-09   3.20907863510969E-07
144   77     2.87383947237354E-08   6.35118523394553E-06
145   77     1.10713406320340E-08   2.45783762031154E-06
146   77     1.87492097687157E-07   4.18107377842359E-05
147   77     1.05856367016089E-07   2.37118262116040E-05
148   77     1.26224372442993E-06   2.84004837996733E-04
149   77     6.08386869219148E-07   1.37495432443527E-04
150   77     4.06723955963119E-06   9.23263380036281E-04
151   77     1.78118931409748E-06   4.06111163614226E-04
152   77     1.54896591619481E-05   3.54713194808610E-03
153   77     8.62011202283614E-07   1.98262576525231E-04
154   77     9.65228915243755E-06   2.22967879421307E-03
155   77     1.99687061493604E-08   4.63273982665162E-06
156   77     1.70897425787015E-06   3.98191002083745E-04
157   77     1.87978700660082E-10   4.39870159544592E-08
158   77     1.08349037711825E-07   2.54620238622788E-05
159   77     1.65741133677162E-10   3.91149075478101E-08
160   77     8.61519649189299E-08   2.04180156857864E-05
161   77     6.19845603267988E-11   1.47523253577781E-08
162   77     2.10125770437627E-07   5.02200591345929E-05
163   77     7.43022233094940E-17   1.78325335942786E-14
164   77     8.04613663714906E-19   1.93911892955292E-16
165   77     1.00000000000000E-99   1.00000000000000E-99
166   77     1.00000000000000E-99   1.00000000000000E-99
167   77     1.00000000000000E-99   1.00000000000000E-99
168   77     1.00000000000000E-99   1.00000000000000E-99
169   77     1.00000000000000E-99   1.00000000000000E-99
170   77     1.00000000000000E-99   1.00000000000000E-99
171   77     1.00000000000000E-99   1.00000000000000E-99
172   77     1.00000000000000E-99   1.00000000000000E-99
173   77     1.00000000000000E-99   1.00000000000000E-99
174   77     1.00000000000000E-99   1.00000000000000E-99
175   77     1.00000000000000E-99   1.00000000000000E-99
176   77     1.00000000000000E-99   1.00000000000000E-99
177   77     1.00000000000000E-99   1.00000000000000E-99
178   77     1.00000000000000E-99   1.00000000000000E-99
179   77     1.00000000000000E-99   1.00000000000000E-99
105   78     1.00000000000000E-99   1.00000000000000E-99
106   78     1.00000000000000E-99   1.00000000000000E-99
107   78     1.00000000000000E-99   1.00000000000000E-99
108   78     1.00000000000000E-99   1.00000000000000E-99
109   78     1.00000000000000E-99   1.00000000000000E-99
110   78     1.00000000000000E-99   1.00000000000000E-99
111   78     1.00000000000000E-99   1.00000000000000E-99
112   78     1.00000000000000E-99   1.00000000000000E-99
113   78     1.00000000000000E-99   1.00000000000000E-99
114   78     1.00000000000000E-99   1.00000000000000E-99
115   78     1.00000000000000E-99   1.00000000000000E-99
116   78     1.00000000000000E-99   1.00000000000000E-99
117   78     1.00000000000000E-99   1.00000000000000E-99
118   78     1.00000000000000E-99   1.00000000000000E-99
119   78     1.00000000000000E-99   1.00000000000000E-99
120   78     1.00000000000000E-99   1.00000000000000E-99
121   78     1.00000000000000E-99   1.00000000000000E-99
122   78     1.00000000000000E-99   1.00000000000000E-99
123   78     1.00000000000000E-99   1.00000000000000E-99
124   78     1.00000000000000E-99   1.00000000000000E-99
125   78     3.83548070148721E-24   7.78602582401903E-22
126   78     7.88420691477702E-21   1.60837821061451E-18
127   78     1.90586862230818E-21   3.90703067573178E-19
128   78     1.98289783099872E-19   4.08476953185737E-17
129   78     3.62269646356850E-20   7.49898167958680E-18
130   78     2.33390396333867E-17   4.85452024374444E-15
131   78     1.58696962283790E-17   3.31676651173121E-15
132   78     3.68225194922501E-15   7.73272909337252E-13
133   78     3.49724433869440E-16   7.37918555464518E-14
134   78     8.14868402396588E-14   1.72752101308077E-11
135   78     7.26227795965656E-15   1.54686520540685E-12
136   78     9.64378269361989E-13   2.06376949643466E-10
137   78     6.29001578231977E-14   1.35235339319875E-11
138   78     1.45200472615112E-11   3.13633020848642E-09
139   78     1.29129507455102E-12   2.80211031177571E-10
140   78     7.28588180698962E-11   1.58832223392374E-08
141   78     1.21763692523375E-11   2.66662486626192E-09
142   78     1.09513391342514E-09   2.40929460953531E-07
143   78     1.68297240833242E-10   3.71936902241465E-08
144   78     9.03075641413044E-09   2.00482792393696E-06
145   78     2.32117451965680E-09   5.17621917883466E-07
146   78     1.87002775895507E-07   4.18886218005937E-05
147   78     6.07753331427342E-08   1.36744499571152E-05
148   78     1.12338147863659E-06   2.53884214171869E-04
149   78     7.06531769469338E-07   1.60382711669540E-04
150   78     5.58739501650842E-06   1.27392606376392E-03
151   78     2.60928567817873E-06   5.97526420302928E-04
152   78     1.31959843264640E-05   3.03507639508672E-03
153   78     1.17821009725235E-06   2.72166532465293E-04
154   78     6.82833021000036E-06   1.58417260872008E-03
155   78     9.85471335420462E-08   2.29614821152968E-05
156   78     2.28121901503848E-06   5.33805249519005E-04
157   78     2.88703979702025E-09   6.78454352299758E-07
158   78     1.61602452475499E-06   3.81381787842177E-04
159   78     7.84620484869178E-08   1.85955054913995E-05
160   78     1.71854224821076E-06   4.09013055074162E-04
161   78     5.23547301407705E-09   1.25127805036442E-06
162   78     2.03578585789720E-06   4.88588605895328E-04
163   78     2.64014584229728E-14   6.36275147993644E-12
164   78     4.48172719236416E-11   1.08457798055213E-08
165   78     9.47364572146133E-25   2.30209591031510E-22
166   78     4.98842666465818E-17   1.21717610617660E-14
167   78     1.00000000000000E-99   1.00000000000000E-99
168   78     1.00000000000000E-99   1.00000000000000E-99
169   78     1.00000000000000E-99   1.00000000000000E-99
170   78     1.00000000000000E-99   1.00000000000000E-99
171   78     1.00000000000000E-99   1.00000000000000E-99
172   78     1.00000000000000E-99   1.00000000000000E-99
173   78     1.00000000000000E-99   1.00000000000000E-99
174   78     1.00000000000000E-99   1.00000000000000E-99
175   78     1.00000000000000E-99   1.00000000000000E-99
176   78     1.00000000000000E-99   1.00000000000000E-99
177   78     1.00000000000000E-99   1.00000000000000E-99
178   78     1.00000000000000E-99   1.00000000000000E-99
179   78     1.00000000000000E-99   1.00000000000000E-99
180   78     1.00000000000000E-99   1.00000000000000E-99
181   78     1.00000000000000E-99   1.00000000000000E-99
182   78     1.00000000000000E-99   1.00000000000000E-99
106   79     1.00000000000000E-99   1.00000000000000E-99
107   79     1.00000000000000E-99   1.00000000000000E-99
108   79     1.00000000000000E-99   1.00000000000000E-99
109   79     1.00000000000000E-99   1.00000000000000E-99
110   79     1.00000000000000E-99   1.00000000000000E-99
111   79     1.00000000000000E-99   1.00000000000000E-99
112   79     1.00000000000000E-99   1.00000000000000E-99
113   79     1.00000000000000E-99   1.00000000000000E-99
114   79     1.00000000000000E-99   1.00000000000000E-99
115   79     1.00000000000000E-99   1.00000000000000E-99
116   79     1.00000000000000E-99   1.00000000000000E-99
117   79     1.00000000000000E-99   1.00000000000000E-99
118   79     1.00000000000000E-99   1.00000000000000E-99
119   79     1.00000000000000E-99   1.00000000000000E-99
120   79     1.00000000000000E-99   1.00000000000000E-99
121   79     1.00000000000000E-99   1.00000000000000E-99
122   79     1.00000000000000E-99   1.00000000000000E-99
123   79     1.00000000000000E-99   1.00000000000000E-99
124   79     1.00000000000000E-99   1.00000000000000E-99
125   79     1.00000000000000E-99   1.00000000000000E-99
126   79     1.00000000000000E-99   1.00000000000000E-99
127   79     1.07686845388268E-24   2.21834901499833E-22
128   79     1.99834265826910E-21   4.13656930261704E-19
129   79     3.01751463452798E-22   6.27643043981820E-20
130   79     2.37010205448910E-19   4.95351329388223E-17
131   79     7.01146505868545E-20   1.47240766232394E-17
132   79     1.65507177183518E-17   3.49220143857223E-15
133   79     6.46807214649969E-18   1.37123129505793E-15
134   79     6.16032191917795E-16   1.31214856878490E-13
135   79     9.85160395453933E-17   2.10824324627142E-14
136   79     1.25027570729317E-14   2.68809277068032E-12
137   79     1.32531266399751E-15   2.86267535423462E-13
138   79     3.31650814728746E-14   7.19682267961379E-12
139   79     9.63206937920354E-15   2.09979112466637E-12
140   79     3.49361513118307E-13   7.65101713729092E-11
141   79     3.06879682240271E-13   6.75135300928597E-11
142   79     1.28617628763747E-11   2.84244959567881E-09
143   79     3.14201576991862E-12   6.97527500921934E-10
144   79     5.21369404436457E-10   1.16265377189330E-07
145   79     2.16380617246427E-10   4.84692582631997E-08
146   79     8.03805776064680E-09   1.80856299614553E-06
147   79     2.33509284489253E-09   5.27730982945712E-07
148   79     7.00487145038136E-08   1.59010581923657E-05
149   79     6.28060260158070E-08   1.43197739316040E-05
150   79     4.46922782430060E-06   1.02345317176484E-03
151   79     1.12662676873707E-07   2.59124156809525E-05
152   79     7.35262592544814E-06   1.69845658877852E-03
153   79     6.77610958922607E-08   1.57205742470045E-05
154   79     3.67790143141867E-06   8.56951033520550E-04
155   79     9.30191085498606E-08   2.17664714006674E-05
156   79     3.52256058515500E-06   8.27801737511426E-04
157   79     9.98799208963061E-08   2.35716613315282E-05
158   79     4.06448914679340E-06   9.63283927790035E-04
159   79     9.05407848560100E-08   2.15487067957304E-05
160   79     5.04164225719812E-06   1.20495249947035E-03
161   79     3.43055394364504E-07   8.23332946474810E-05
162   79     7.42527709091740E-06   1.78949177891109E-03
163   79     4.41572206434232E-11   1.06860473957084E-08
164   79     1.66286940476716E-12   4.04077265358420E-10
165   79     1.00000000000000E-99   1.00000000000000E-99
166   79     1.00000000000000E-99   1.00000000000000E-99
167   79     1.00000000000000E-99   1.00000000000000E-99
168   79     1.00000000000000E-99   1.00000000000000E-99
169   79     1.00000000000000E-99   1.00000000000000E-99
170   79     1.00000000000000E-99   1.00000000000000E-99
171   79     1.00000000000000E-99   1.00000000000000E-99
172   79     1.00000000000000E-99   1.00000000000000E-99
173   79     1.00000000000000E-99   1.00000000000000E-99
174   79     1.00000000000000E-99   1.00000000000000E-99
175   79     1.00000000000000E-99   1.00000000000000E-99
176   79     1.00000000000000E-99   1.00000000000000E-99
177   79     1.00000000000000E-99   1.00000000000000E-99
178   79     1.00000000000000E-99   1.00000000000000E-99
179   79     1.00000000000000E-99   1.00000000000000E-99
180   79     1.00000000000000E-99   1.00000000000000E-99
181   79     1.00000000000000E-99   1.00000000000000E-99
182   79     1.00000000000000E-99   1.00000000000000E-99
183   79     1.00000000000000E-99   1.00000000000000E-99
184   79     1.00000000000000E-99   1.00000000000000E-99
109   80     1.00000000000000E-99   1.00000000000000E-99
110   80     1.00000000000000E-99   1.00000000000000E-99
111   80     1.00000000000000E-99   1.00000000000000E-99
112   80     1.00000000000000E-99   1.00000000000000E-99
113   80     1.00000000000000E-99   1.00000000000000E-99
114   80     1.00000000000000E-99   1.00000000000000E-99
115   80     1.00000000000000E-99   1.00000000000000E-99
116   80     1.00000000000000E-99   1.00000000000000E-99
117   80     1.00000000000000E-99   1.00000000000000E-99
118   80     1.00000000000000E-99   1.00000000000000E-99
119   80     1.00000000000000E-99   1.00000000000000E-99
120   80     1.00000000000000E-99   1.00000000000000E-99
121   80     1.00000000000000E-99   1.00000000000000E-99
122   80     1.00000000000000E-99   1.00000000000000E-99
123   80     1.00000000000000E-99   1.00000000000000E-99
124   80     1.00000000000000E-99   1.00000000000000E-99
125   80     1.00000000000000E-99   1.00000000000000E-99
126   80     1.00000000000000E-99   1.00000000000000E-99
127   80     1.00000000000000E-99   1.00000000000000E-99
128   80     3.12891376356473E-23   6.50814062821464E-21
129   80     1.17586745078668E-23   2.45756297214416E-21
130   80     6.35226934101503E-21   1.33397656161316E-18
131   80     1.93933842043665E-21   4.09200406712132E-19
132   80     5.33243209846583E-19   1.13047560487476E-16
133   80     1.12059245919276E-19   2.38686193808058E-17
134   80     3.35553074396797E-17   7.18083579209145E-15
135   80     2.45801632948862E-18   5.28473510840054E-16
136   80     8.28891935937891E-17   1.79040658162584E-14
137   80     8.62448233440514E-18   1.87151266656591E-15
138   80     7.71661190323830E-16   1.68222139490595E-13
139   80     1.31814169960555E-16   2.88673032213616E-14
140   80     5.32998312863456E-14   1.17259628829960E-11
141   80     9.15540791987218E-15   2.02334515029175E-12
142   80     2.78700457373581E-12   6.18715015369350E-10
143   80     5.18034963523164E-13   1.15521796865666E-10
144   80     9.98188221749738E-11   2.23594161671941E-08
145   80     2.16237149687394E-11   4.86533586796636E-09
146   80     2.13402352573077E-09   4.82289316815155E-07
147   80     1.28192414657204E-09   2.90996781271854E-07
148   80     3.02417155558642E-07   6.89511114673704E-05
149   80     4.88075836040301E-08   1.11769366453229E-05
150   80     9.16796124187355E-07   2.10863108563092E-04
151   80     2.17830352870707E-07   5.03188115131332E-05
152   80     2.15084935660130E-06   4.98997050731501E-04
153   80     3.66414146391080E-07   8.53744961091216E-05
154   80     2.19871685434772E-06   5.14499743917366E-04
155   80     3.12339549423764E-07   7.33997941145845E-05
156   80     3.31171316648124E-06   7.81564307289573E-04
157   80     5.62760277240067E-07   1.33374185705896E-04
158   80     6.49625771947127E-06   1.54610933723416E-03
159   80     3.38080686825071E-06   8.08012841511920E-04
160   80     1.78426205189275E-05   4.28222892454259E-03
161   80     7.40258420816998E-07   1.78402279416897E-04
162   80     1.51270204457063E-04   3.66073894786092E-02
163   80     1.65241665449829E-08   4.01537247043085E-06
164   80     2.43497347462699E-22   5.94133527808985E-20
165   80     1.00000000000000E-99   1.00000000000000E-99
166   80     7.74544970232579E-21   1.90538062677215E-18
167   80     2.53099349086226E-23   6.25155392242979E-21
168   80     2.42349574025241E-18   6.01026943582598E-16
169   80     4.98582917734446E-23   1.24147146515877E-20
170   80     1.62291235456419E-17   4.05728088641047E-15
171   80     6.97734547077336E-25   1.75131371316411E-22
172   80     1.30900457543643E-19   3.29869153009980E-17
173   80     1.00000000000000E-99   1.00000000000000E-99
174   80     2.40927852001493E-24   6.11956744083793E-22
175   80     1.00000000000000E-99   1.00000000000000E-99
176   80     1.00000000000000E-99   1.00000000000000E-99
177   80     1.00000000000000E-99   1.00000000000000E-99
178   80     1.00000000000000E-99   1.00000000000000E-99
179   80     1.00000000000000E-99   1.00000000000000E-99
180   80     1.00000000000000E-99   1.00000000000000E-99
181   80     1.00000000000000E-99   1.00000000000000E-99
182   80     1.00000000000000E-99   1.00000000000000E-99
183   80     1.00000000000000E-99   1.00000000000000E-99
184   80     1.00000000000000E-99   1.00000000000000E-99
185   80     1.00000000000000E-99   1.00000000000000E-99
186   80     1.00000000000000E-99   1.00000000000000E-99
110   81     1.00000000000000E-99   1.00000000000000E-99
111   81     1.00000000000000E-99   1.00000000000000E-99
112   81     1.00000000000000E-99   1.00000000000000E-99
113   81     1.00000000000000E-99   1.00000000000000E-99
114   81     1.00000000000000E-99   1.00000000000000E-99
115   81     1.00000000000000E-99   1.00000000000000E-99
116   81     1.00000000000000E-99   1.00000000000000E-99
117   81     1.00000000000000E-99   1.00000000000000E-99
118   81     1.00000000000000E-99   1.00000000000000E-99
119   81     1.00000000000000E-99   1.00000000000000E-99
120   81     1.00000000000000E-99   1.00000000000000E-99
121   81     1.00000000000000E-99   1.00000000000000E-99
122   81     1.00000000000000E-99   1.00000000000000E-99
123   81     1.00000000000000E-99   1.00000000000000E-99
124   81     1.00000000000000E-99   1.00000000000000E-99
125   81     1.00000000000000E-99   1.00000000000000E-99
126   81     1.00000000000000E-99   1.00000000000000E-99
127   81     1.00000000000000E-99   1.00000000000000E-99
128   81     1.00000000000000E-99   1.00000000000000E-99
129   81     1.00000000000000E-99   1.00000000000000E-99
130   81     1.17614429880561E-24   2.48166447047983E-22
131   81     2.74998466896696E-24   5.82996749820995E-22
132   81     3.01190107362023E-22   6.41534928681110E-20
133   81     2.12226044224719E-22   4.54163734640899E-20
134   81     3.60661398221869E-21   7.75422006177017E-19
135   81     1.59806810734387E-21   3.45182711186277E-19
136   81     1.70573308306377E-20   3.70144079024838E-18
137   81     6.12204298275291E-20   1.33460537024013E-17
138   81     1.31296908015668E-17   2.87540228554313E-15
139   81     2.62231433970124E-18   5.76909154734273E-16
140   81     8.52226429633390E-17   1.88342040948979E-14
141   81     1.39100335321735E-16   3.08802744414251E-14
142   81     6.94368858396585E-15   1.54844255422439E-12
143   81     5.68618911725612E-15   1.27370636226537E-12
144   81     3.97921899922929E-13   8.95324274826591E-11
145   81     3.39417964801148E-13   7.67084600450594E-11
146   81     1.04466544167444E-10   2.37139055260097E-08
147   81     8.32538215180198E-11   1.89818713061085E-08
148   81     1.47812171399463E-09   3.38489872504770E-07
149   81     8.26996308103776E-10   1.90209150863869E-07
150   81     1.34009383056935E-08   3.09561674861521E-06
151   81     7.15685660019666E-09   1.66039073124562E-06
152   81     1.85585472051061E-07   4.32414149878971E-05
153   81     2.57782248815072E-08   6.03210462227269E-06
154   81     2.82671429703586E-07   6.64277859803426E-05
155   81     6.96583513645116E-08   1.64393709220247E-05
156   81     9.48069434674716E-07   2.24692456017908E-04
157   81     2.38486710462738E-07   5.67598370901316E-05
158   81     7.11918140956970E-06   1.70148435688716E-03
159   81     6.53597103289066E-05   1.56863304789376E-02
160   81     3.24887920065172E-08   7.82979887357064E-06
161   81     1.38778597823514E-07   3.35844206732904E-05
162   81     8.47318288373012E-07   2.05898344074642E-04
163   81     3.25493415888929E-07   7.94203934768986E-05
164   81     5.30979487062521E-07   1.30089974330318E-04
165   81     6.29221712655948E-09   1.54788541313363E-06
166   81     4.39524304325935E-08   1.08562503168506E-05
167   81     1.16898832162993E-09   2.89909103764224E-07
168   81     2.48483593132281E-07   6.18724146899380E-05
169   81     3.27443871134854E-11   8.18609677837136E-09
170   81     7.30622032241733E-08   1.83386130092675E-05
171   81     5.29288988661165E-13   1.33380825142614E-10
172   81     1.09412306479596E-08   2.76813135393377E-06
173   81     4.07637680224005E-15   1.03539970776897E-12
174   81     8.48905710550760E-11   2.16470956190444E-08
175   81     1.20831935244342E-17   3.09329754225515E-15
176   81     4.61406410358508E-12   1.18581447462137E-09
177   81     3.24725347551735E-22   8.37791396683476E-20
178   81     2.25529921615198E-21   5.84122496983364E-19
179   81     1.00000000000000E-99   1.00000000000000E-99
180   81     1.00000000000000E-99   1.00000000000000E-99
181   81     1.00000000000000E-99   1.00000000000000E-99
182   81     1.00000000000000E-99   1.00000000000000E-99
183   81     1.00000000000000E-99   1.00000000000000E-99
184   81     1.00000000000000E-99   1.00000000000000E-99
185   81     1.00000000000000E-99   1.00000000000000E-99
186   81     1.00000000000000E-99   1.00000000000000E-99
187   81     1.00000000000000E-99   1.00000000000000E-99
188   81     1.00000000000000E-99   1.00000000000000E-99
112   82     1.00000000000000E-99   1.00000000000000E-99
113   82     1.00000000000000E-99   1.00000000000000E-99
114   82     1.00000000000000E-99   1.00000000000000E-99
115   82     1.00000000000000E-99   1.00000000000000E-99
116   82     1.00000000000000E-99   1.00000000000000E-99
117   82     1.00000000000000E-99   1.00000000000000E-99
118   82     1.00000000000000E-99   1.00000000000000E-99
119   82     1.00000000000000E-99   1.00000000000000E-99
120   82     1.00000000000000E-99   1.00000000000000E-99
121   82     1.00000000000000E-99   1.00000000000000E-99
122   82     1.00000000000000E-99   1.00000000000000E-99
123   82     1.00000000000000E-99   1.00000000000000E-99
124   82     1.00000000000000E-99   1.00000000000000E-99
125   82     1.00000000000000E-99   1.00000000000000E-99
126   82     1.00000000000000E-99   1.00000000000000E-99
127   82     1.00000000000000E-99   1.00000000000000E-99
128   82     1.00000000000000E-99   1.00000000000000E-99
129   82     1.00000000000000E-99   1.00000000000000E-99
130   82     1.00000000000000E-99   1.00000000000000E-99
131   82     1.00000000000000E-99   1.00000000000000E-99
132   82     1.00000000000000E-99   1.00000000000000E-99
133   82     1.00000000000000E-99   1.00000000000000E-99
134   82     8.78123403770718E-24   1.89674655214475E-21
135   82     7.49468510421093E-24   1.62634666761377E-21
136   82     1.24147791506828E-20   2.70642185484886E-18
137   82     3.84334194453131E-21   8.41691885852357E-19
138   82     1.11098267958230E-19   2.44416189508105E-17
139   82     5.29159545546123E-21   1.16944259565693E-18
140   82     2.16699911500772E-18   4.81073803531714E-16
141   82     7.33453194054332E-19   1.63560062274116E-16
142   82     2.36763415971674E-16   5.30350051776549E-14
143   82     6.83514375509501E-17   1.53790734489638E-14
144   82     1.41546548745929E-13   3.19895200165800E-11
145   82     2.61549947829159E-14   5.93718381572190E-12
146   82     4.89694329570186E-12   1.11650307142002E-09
147   82     1.41100453273434E-12   3.23120037996163E-10
148   82     8.17753864549089E-11   1.88083388846290E-08
149   82     4.22637391424998E-11   9.76292374191745E-09
150   82     3.36660979453728E-09   7.81053472332649E-07
151   82     1.71677464527719E-09   4.00008492349585E-07
152   82     2.23323402835270E-08   5.22576762634532E-06
153   82     1.06543751749982E-08   2.50377816612459E-06
154   82     1.10678080949690E-07   2.61200271041268E-05
155   82     6.72625581544423E-08   1.59412262826028E-05
156   82     1.27478100134402E-05   3.03397878319878E-03
157   82     8.73768899984042E-07   2.08830767096186E-04
158   82     1.99418084800994E-05   4.78603403522386E-03
159   82     3.69077472228076E-06   8.89476708069662E-04
160   82     4.12273726419276E-07   9.97702417934648E-05
161   82     3.41753082786012E-07   8.30459991170008E-05
162   82     1.26061965909789E-06   3.07591196819884E-04
163   82     8.86092867455787E-08   2.17092752526668E-05
164   82     3.15602790285619E-06   7.76382864102623E-04
165   82     5.43514033925534E-09   1.34247966379607E-06
166   82     6.75033334620940E-07   1.67408266985993E-04
167   82     1.45340922465476E-07   3.61898896939034E-05
168   82     2.21271881973026E-06   5.53179704932565E-04
169   82     3.33393053209829E-10   8.36816563556671E-08
170   82     4.08919422432813E-07   1.03047694453069E-04
171   82     7.57741879519421E-12   1.91708695518414E-09
172   82     5.64483723475494E-08   1.43378865762776E-05
173   82     4.22764517328725E-14   1.07804951918825E-11
174   82     5.42346329693637E-10   1.38840660401571E-07
175   82     8.33724795055351E-17   2.14267272329225E-14
176   82     4.68032334471997E-12   1.20752342293775E-09
177   82     2.04836904242055E-19   5.30527581986921E-17
178   82     1.68388873997107E-14   4.37811072392478E-12
179   82     8.77597856772745E-24   2.29053040617686E-21
180   82     2.54480664870895E-20   6.66739341961745E-18
181   82     1.00000000000000E-99   1.00000000000000E-99
182   82     1.00000000000000E-99   1.00000000000000E-99
183   82     1.00000000000000E-99   1.00000000000000E-99
184   82     1.00000000000000E-99   1.00000000000000E-99
185   82     1.00000000000000E-99   1.00000000000000E-99
186   82     1.00000000000000E-99   1.00000000000000E-99
187   82     1.00000000000000E-99   1.00000000000000E-99
188   82     1.00000000000000E-99   1.00000000000000E-99
189   82     1.00000000000000E-99   1.00000000000000E-99
190   82     1.00000000000000E-99   1.00000000000000E-99
191   82     1.00000000000000E-99   1.00000000000000E-99
114   83     1.00000000000000E-99   1.00000000000000E-99
115   83     1.00000000000000E-99   1.00000000000000E-99
116   83     1.00000000000000E-99   1.00000000000000E-99
117   83     1.00000000000000E-99   1.00000000000000E-99
118   83     1.00000000000000E-99   1.00000000000000E-99
119   83     1.00000000000000E-99   1.00000000000000E-99
120   83     1.00000000000000E-99   1.00000000000000E-99
121   83     1.00000000000000E-99   1.00000000000000E-99
122   83     1.00000000000000E-99   1.00000000000000E-99
123   83     1.00000000000000E-99   1.00000000000000E-99
124   83     1.00000000000000E-99   1.00000000000000E-99
125   83     1.00000000000000E-99   1.00000000000000E-99
126   83     1.00000000000000E-99   1.00000000000000E-99
127   83     1.00000000000000E-99   1.00000000000000E-99
128   83     1.00000000000000E-99   1.00000000000000E-99
129   83     1.00000000000000E-99   1.00000000000000E-99
130   83     1.00000000000000E-99   1.00000000000000E-99
131   83     1.00000000000000E-99   1.00000000000000E-99
132   83     1.00000000000000E-99   1.00000000000000E-99
133   83     1.00000000000000E-99   1.00000000000000E-99
134   83     1.00000000000000E-99   1.00000000000000E-99
135   83     1.00000000000000E-99   1.00000000000000E-99
136   83     1.00000000000000E-99   1.00000000000000E-99
137   83     1.00000000000000E-99   1.00000000000000E-99
138   83     6.56586612022832E-25   1.45105641257046E-22
139   83     5.78111898205911E-24   1.28340841401712E-21
140   83     2.17433958056940E-23   4.84877726466976E-21
141   83     1.11409191640157E-21   2.49556589273951E-19
142   83     1.30467223229142E-19   2.93551252265569E-17
143   83     1.01327447938456E-18   2.29000032340911E-16
144   83     3.73656788990991E-17   8.48200911009550E-15
145   83     8.54008798086139E-17   1.94714005963640E-14
146   83     2.14680816833494E-15   4.91619070548701E-13
147   83     3.10062239306654E-15   7.13143150405304E-13
148   83     3.83726885751702E-13   8.86409106086432E-11
149   83     4.46377143039395E-13   1.03559497185140E-10
150   83     9.96284857466530E-12   2.32134371789701E-09
151   83     1.25630533600897E-11   2.93975448626099E-09
152   83     3.28194202391543E-10   7.71256375620126E-08
153   83     2.21372734421873E-10   5.22439653235620E-08
154   83     7.41186557824218E-08   1.75661214204340E-05
155   83     2.27860404684627E-08   5.42307763149413E-06
156   83     3.13866747627673E-07   7.50141526830137E-05
157   83     9.09480101598207E-08   2.18275224383570E-05
158   83     1.42657091691352E-06   3.43803590976157E-04
159   83     3.75646818466730E-07   9.09065300689488E-05
160   83     5.78632039102694E-07   1.40607585501955E-04
161   83     1.51801322998379E-07   3.70395228116044E-05
162   83     1.08718186255903E-06   2.66359556326961E-04
163   83     1.10500119327573E-07   2.71830293545830E-05
164   83     2.34915227649679E-06   5.80240612294706E-04
165   83     1.82003432541549E-07   4.51368512703041E-05
166   83     1.41407232745430E-06   3.52104009536121E-04
167   83     5.50582755161475E-07   1.37645688790369E-04
168   83     5.29528072693777E-06   1.32911546246138E-03
169   83     2.66932426463996E-07   6.72669714689269E-05
170   83     3.50706390268012E-06   8.87287167378070E-04
171   83     3.82466506917913E-08   9.71464927571498E-06
172   83     1.74759666743952E-06   4.45637150197078E-04
173   83     2.98469084255529E-10   7.64080855694155E-08
174   83     2.42756554453543E-07   6.23884344945604E-05
175   83     1.18808776926870E-11   3.06526644471326E-09
176   83     2.54159795523931E-07   6.58273870406981E-05
177   83     2.42478215194183E-14   6.30443359504875E-12
178   83     7.88209963265654E-10   2.05722800412336E-07
179   83     6.97013154903087E-16   1.82617446584609E-13
180   83     8.73305994166643E-12   2.29679476465827E-09
181   83     1.61283480664447E-21   4.25788388954140E-19
182   83     5.39593500555524E-24   1.42992277647214E-21
183   83     1.00000000000000E-99   1.00000000000000E-99
184   83     1.00000000000000E-99   1.00000000000000E-99
185   83     1.00000000000000E-99   1.00000000000000E-99
186   83     1.00000000000000E-99   1.00000000000000E-99
187   83     1.00000000000000E-99   1.00000000000000E-99
188   83     1.00000000000000E-99   1.00000000000000E-99
189   83     1.00000000000000E-99   1.00000000000000E-99
190   83     1.00000000000000E-99   1.00000000000000E-99
191   83     1.00000000000000E-99   1.00000000000000E-99
192   83     1.00000000000000E-99   1.00000000000000E-99
193   83     1.00000000000000E-99   1.00000000000000E-99
118   84     1.00000000000000E-99   1.00000000000000E-99
119   84     1.00000000000000E-99   1.00000000000000E-99
120   84     1.00000000000000E-99   1.00000000000000E-99
121   84     1.00000000000000E-99   1.00000000000000E-99
122   84     1.00000000000000E-99   1.00000000000000E-99
123   84     1.00000000000000E-99   1.00000000000000E-99
124   84     1.00000000000000E-99   1.00000000000000E-99
125   84     1.00000000000000E-99   1.00000000000000E-99
126   84     1.00000000000000E-99   1.00000000000000E-99
127   84     1.00000000000000E-99   1.00000000000000E-99
128   84     1.00000000000000E-99   1.00000000000000E-99
129   84     1.00000000000000E-99   1.00000000000000E-99
130   84     1.00000000000000E-99   1.00000000000000E-99
131   84     1.00000000000000E-99   1.00000000000000E-99
132   84     1.00000000000000E-99   1.00000000000000E-99
133   84     1.00000000000000E-99   1.00000000000000E-99
134   84     1.00000000000000E-99   1.00000000000000E-99
135   84     1.00000000000000E-99   1.00000000000000E-99
136   84     1.00000000000000E-99   1.00000000000000E-99
137   84     1.00000000000000E-99   1.00000000000000E-99
138   84     1.00000000000000E-99   1.00000000000000E-99
139   84     1.00000000000000E-99   1.00000000000000E-99
140   84     1.01969121539946E-24   2.28410832249480E-22
141   84     1.38838851032031E-24   3.12387414822069E-22
142   84     7.65295506083963E-22   1.72956784374976E-19
143   84     3.56349271010487E-22   8.08912845193806E-20
144   84     1.55276717090942E-19   3.54030914967347E-17
145   84     6.51147938523037E-20   1.49112877921776E-17
146   84     6.29653759935442E-17   1.44820364785152E-14
147   84     3.67494545433433E-17   8.48912399951231E-15
148   84     6.55995391867331E-15   1.52190930913221E-12
149   84     2.48895064305715E-15   5.79925499832315E-13
150   84     6.20194543511131E-13   1.45125523181605E-10
151   84     5.32651940133961E-13   1.25173205931481E-10
152   84     4.27451857397210E-10   1.00878638345742E-07
153   84     1.10449221429223E-10   2.61764654787260E-08
154   84     4.77668411711049E-09   1.13685081987230E-06
155   84     9.84766506014151E-10   2.35359194937382E-07
156   84     6.45130467899220E-08   1.54831312295813E-05
157   84     4.17370518473862E-09   1.00586294952201E-06
158   84     1.95289308490911E-07   4.72600126548004E-05
159   84     1.43107743830279E-08   3.47751817507578E-06
160   84     9.56495376909047E-07   2.33384871965807E-04
161   84     8.01723956395994E-08   1.96422369317019E-05
162   84     3.73767783326006E-06   9.19468746981975E-04
163   84     1.93685682716860E-12   4.78403636310645E-10
164   84     9.94529758697724E-07   2.46643380157035E-04
165   84     2.48046301083645E-07   6.17635289698276E-05
166   84     3.49025321302418E-06   8.72563303256046E-04
167   84     8.08856372426590E-07   2.03022949479074E-04
168   84     8.66576028735791E-06   2.18377159241419E-03
169   84     6.28365682582130E-07   1.58976517693279E-04
170   84     5.76679319483364E-06   1.46476547148775E-03
171   84     5.37330411561600E-08   1.37019254948208E-05
172   84     2.84891585632074E-05   7.29322459218110E-03
173   84     1.29607704992096E-12   3.33091801829687E-10
174   84     3.31707349741402E-08   8.55804962332818E-06
175   84     3.47949157727363E-11   9.01188318513871E-09
176   84     7.79700168906902E-08   2.02722043915795E-05
177   84     1.46089837671572E-13   3.81294476322803E-11
178   84     4.23350026041316E-09   1.10917706822825E-06
179   84     5.69549966796320E-15   1.49791641267432E-12
180   84     3.84914468376117E-10   1.01617419651295E-07
181   84     3.16676515043000E-19   8.39192764863951E-17
182   84     2.80419571626816E-15   7.45916060527332E-13
183   84     1.00000000000000E-99   1.00000000000000E-99
184   84     1.00000000000000E-99   1.00000000000000E-99
185   84     1.00000000000000E-99   1.00000000000000E-99
186   84     1.00000000000000E-99   1.00000000000000E-99
187   84     1.00000000000000E-99   1.00000000000000E-99
188   84     1.00000000000000E-99   1.00000000000000E-99
189   84     1.00000000000000E-99   1.00000000000000E-99
190   84     1.00000000000000E-99   1.00000000000000E-99
191   84     1.00000000000000E-99   1.00000000000000E-99
192   84     1.00000000000000E-99   1.00000000000000E-99
121   85     1.00000000000000E-99   1.00000000000000E-99
122   85     1.00000000000000E-99   1.00000000000000E-99
123   85     1.00000000000000E-99   1.00000000000000E-99
124   85     1.00000000000000E-99   1.00000000000000E-99
125   85     1.00000000000000E-99   1.00000000000000E-99
126   85     1.00000000000000E-99   1.00000000000000E-99
127   85     1.00000000000000E-99   1.00000000000000E-99
128   85     1.00000000000000E-99   1.00000000000000E-99
129   85     1.00000000000000E-99   1.00000000000000E-99
130   85     1.00000000000000E-99   1.00000000000000E-99
131   85     1.00000000000000E-99   1.00000000000000E-99
132   85     1.00000000000000E-99   1.00000000000000E-99
133   85     1.00000000000000E-99   1.00000000000000E-99
134   85     1.00000000000000E-99   1.00000000000000E-99
135   85     1.00000000000000E-99   1.00000000000000E-99
136   85     1.00000000000000E-99   1.00000000000000E-99
137   85     1.00000000000000E-99   1.00000000000000E-99
138   85     1.00000000000000E-99   1.00000000000000E-99
139   85     1.00000000000000E-99   1.00000000000000E-99
140   85     1.00000000000000E-99   1.00000000000000E-99
141   85     1.00000000000000E-99   1.00000000000000E-99
142   85     1.00000000000000E-99   1.00000000000000E-99
143   85     1.35404994889236E-25   3.08723388347459E-23
144   85     8.52629248895863E-25   1.95252097997153E-22
145   85     1.67873091270959E-22   3.86108109923205E-20
146   85     2.92180705470108E-21   6.74937429635950E-19
147   85     4.75425567023544E-20   1.10298731549462E-17
148   85     3.42038325457276E-18   7.96949298315454E-16
149   85     1.61076386921697E-17   3.76918745396772E-15
150   85     1.47912337069519E-14   3.47593992113371E-12
151   85     3.54791527593993E-14   8.37308005121823E-12
152   85     2.73782684174013E-12   6.48864961492412E-10
153   85     1.42822512562910E-12   3.39917579899727E-10
154   85     6.43469908570305E-11   1.53789308148303E-08
155   85     2.77727675727653E-11   6.66546421746368E-09
156   85     3.87225368037781E-10   9.33213136971052E-08
157   85     1.51612524872714E-10   3.66902310191969E-08
158   85     2.66339123097573E-09   6.47204069127102E-07
159   85     1.16457251334084E-09   2.84155693255165E-07
160   85     2.62278648617764E-08   6.42582689113521E-06
161   85     2.41054563297433E-08   5.92994225711684E-06
162   85     1.26959677723111E-06   3.13590403976085E-04
163   85     6.65066866349003E-12   1.64936582854553E-09
164   85     1.45102375393044E-07   3.61304914728681E-05
165   85     4.26785225469883E-08   1.06696306367471E-05
166   85     5.53752446196501E-07   1.38991863995322E-04
167   85     2.14210719461967E-07   5.39811013044156E-05
168   85     2.54298146800082E-06   6.43374311404209E-04
169   85     8.90275073494269E-07   2.26129868667544E-04
170   85     5.79367887507908E-06   1.47738811314516E-03
171   85     1.25134025129098E-06   3.20343104330491E-04
172   85     8.47724633402850E-05   2.17865230784532E-02
173   85     3.22939125888496E-13   8.33182944792320E-11
174   85     5.10791688528038E-08   1.32295047328762E-05
175   85     1.81251881125163E-09   4.71254890925424E-07
176   85     7.32011934986237E-08   1.91055115031408E-05
177   85     1.26532854313959E-11   3.31516078302571E-09
178   85     2.01909007900987E-08   5.31020690779596E-06
179   85     3.19023210160081E-13   8.42221274822614E-11
180   85     2.65397212758850E-08   7.03302613810952E-06
181   85     3.66032809472243E-15   9.73647273196165E-13
182   85     2.09026350092559E-10   5.58100354747133E-08
183   85     3.16400582287775E-20   8.47953560531238E-18
184   85     4.17155828188542E-25   1.12214917782718E-22
185   85     1.00000000000000E-99   1.00000000000000E-99
186   85     1.00000000000000E-99   1.00000000000000E-99
187   85     1.00000000000000E-99   1.00000000000000E-99
188   85     1.00000000000000E-99   1.00000000000000E-99
189   85     1.00000000000000E-99   1.00000000000000E-99
190   85     1.00000000000000E-99   1.00000000000000E-99
191   85     1.00000000000000E-99   1.00000000000000E-99
192   85     1.00000000000000E-99   1.00000000000000E-99
193   85     1.00000000000000E-99   1.00000000000000E-99
194   85     1.00000000000000E-99   1.00000000000000E-99
124   86     1.00000000000000E-99   1.00000000000000E-99
125   86     1.00000000000000E-99   1.00000000000000E-99
126   86     1.00000000000000E-99   1.00000000000000E-99
127   86     1.00000000000000E-99   1.00000000000000E-99
128   86     1.00000000000000E-99   1.00000000000000E-99
129   86     1.00000000000000E-99   1.00000000000000E-99
130   86     1.00000000000000E-99   1.00000000000000E-99
131   86     1.00000000000000E-99   1.00000000000000E-99
132   86     1.00000000000000E-99   1.00000000000000E-99
133   86     1.00000000000000E-99   1.00000000000000E-99
134   86     1.00000000000000E-99   1.00000000000000E-99
135   86     1.00000000000000E-99   1.00000000000000E-99
136   86     1.00000000000000E-99   1.00000000000000E-99
137   86     1.00000000000000E-99   1.00000000000000E-99
138   86     1.00000000000000E-99   1.00000000000000E-99
139   86     1.00000000000000E-99   1.00000000000000E-99
140   86     1.00000000000000E-99   1.00000000000000E-99
141   86     1.00000000000000E-99   1.00000000000000E-99
142   86     1.00000000000000E-99   1.00000000000000E-99
143   86     1.00000000000000E-99   1.00000000000000E-99
144   86     1.00000000000000E-99   1.00000000000000E-99
145   86     1.00000000000000E-99   1.00000000000000E-99
146   86     9.59040205378051E-23   2.22497327647708E-20
147   86     1.88604165288348E-22   4.39447705121850E-20
148   86     1.56850212881961E-18   3.67029498143789E-16
149   86     1.87641407763908E-18   4.40957308245184E-16
150   86     8.25959993723015E-16   1.94926558518632E-13
151   86     5.81840279707582E-16   1.37896146290697E-13
152   86     1.42607984592488E-13   3.39407003330120E-11
153   86     3.48668426432560E-14   8.33317539173819E-12
154   86     2.06857982128814E-12   4.96459157109155E-10
155   86     3.68857063731870E-13   8.88945523593808E-11
156   86     2.08654251286584E-11   5.04943288113532E-09
157   86     3.88767674466762E-12   9.44705448954232E-10
158   86     4.76379574743078E-10   1.16236616237311E-07
159   86     1.51245658640282E-10   3.70551863668690E-08
160   86     2.27645053043470E-08   5.60006830486937E-06
161   86     3.90583700933786E-09   9.64741741306451E-07
162   86     1.63292864861607E-07   4.04966304856786E-05
163   86     1.34631752154554E-07   3.35233062864840E-05
164   86     5.99814975137711E-08   1.49953743784428E-05
165   86     5.98651884065968E-09   1.50261622900558E-06
166   86     5.60382033102753E-07   1.41216272341894E-04
167   86     3.71117770317635E-07   9.38927958903616E-05
168   86     2.99471333279598E-06   7.60657186530178E-04
169   86     8.74552759177143E-06   2.23010953590171E-03
170   86     2.01885627423145E-05   5.16827206203251E-03
171   86     5.35443402551422E-07   1.37608954455715E-04
172   86     8.14481698212254E-05   2.10136278138762E-02
173   86     3.47575382222183E-13   9.00220239955454E-11
174   86     3.51506596642259E-08   9.13917151269873E-06
175   86     1.66105332114434E-08   4.33534916818672E-06
176   86     4.65783873749606E-07   1.22035374922397E-04
177   86     1.26887616791624E-09   3.33714432161970E-07
178   86     1.16488645601685E-07   3.07530024388447E-05
179   86     9.28528974581538E-12   2.46060178264108E-09
180   86     2.01654948061543E-07   5.36402161843706E-05
181   86     3.21912387335431E-14   8.59506074185600E-12
182   86     1.01877421219676E-09   2.73031488868731E-07
183   86     1.02618106182356E-18   2.76042705630539E-16
126   87     1.00000000000000E-99   1.00000000000000E-99
127   87     1.00000000000000E-99   1.00000000000000E-99
128   87     1.00000000000000E-99   1.00000000000000E-99
129   87     1.00000000000000E-99   1.00000000000000E-99
130   87     1.00000000000000E-99   1.00000000000000E-99
131   87     1.00000000000000E-99   1.00000000000000E-99
132   87     1.00000000000000E-99   1.00000000000000E-99
133   87     1.00000000000000E-99   1.00000000000000E-99
134   87     1.00000000000000E-99   1.00000000000000E-99
135   87     1.00000000000000E-99   1.00000000000000E-99
136   87     1.00000000000000E-99   1.00000000000000E-99
137   87     1.00000000000000E-99   1.00000000000000E-99
138   87     1.00000000000000E-99   1.00000000000000E-99
139   87     1.00000000000000E-99   1.00000000000000E-99
140   87     1.00000000000000E-99   1.00000000000000E-99
141   87     1.00000000000000E-99   1.00000000000000E-99
142   87     1.00000000000000E-99   1.00000000000000E-99
143   87     1.00000000000000E-99   1.00000000000000E-99
144   87     1.00000000000000E-99   1.00000000000000E-99
145   87     1.00000000000000E-99   1.00000000000000E-99
146   87     1.00000000000000E-99   1.00000000000000E-99
147   87     1.24893933607734E-24   2.92251804642098E-22
148   87     6.47251185268691E-23   1.52104028538142E-20
149   87     2.14178191909228E-21   5.05460532905777E-19
150   87     8.51239340401407E-20   2.01743723675134E-17
151   87     1.12899291191381E-18   2.68700313035488E-16
152   87     1.19189804294902E-16   2.84863632264817E-14
153   87     8.99929853129593E-17   2.15983164751102E-14
154   87     2.30384371525289E-15   5.55226335375946E-13
155   87     1.46366194265295E-15   3.54206190122013E-13
156   87     9.38925208873427E-14   2.28158825756243E-11
157   87     5.50431440094652E-14   1.34305271383095E-11
158   87     5.24536605290529E-12   1.28511468296180E-09
159   87     3.71139001225643E-12   9.13001943015083E-10
160   87     1.23224692568902E-10   3.04364990645188E-08
161   87     1.17535027971931E-10   2.91486869370388E-08
162   87     5.17915065395168E-09   1.28960851283397E-06
163   87     2.03827422614082E-09   5.09568556535206E-07
164   87     2.11213349806598E-08   5.30145508014561E-06
165   87     1.98870183247736E-09   5.01152861784294E-07
166   87     2.51711446473849E-08   6.36829959578837E-06
167   87     3.91998217767164E-08   9.95675473128596E-06
168   87     6.51058683518050E-07   1.66019964297103E-04
169   87     2.47795416113284E-07   6.34356265250008E-05
170   87     1.88191252652237E-06   4.83651519316250E-04
171   87     4.77589317581575E-07   1.23218043936046E-04
172   87     6.05367636311827E-05   1.56790217804763E-02
173   87     2.20717440824271E-10   5.73865346143104E-08
174   87     5.64547882381465E-08   1.47346997301562E-05
175   87     1.31274276209111E-08   3.43938603667872E-06
176   87     6.34976051748764E-07   1.66998701609925E-04
177   87     9.00377904131426E-08   2.37699766690697E-05
178   87     5.65151679176374E-07   1.49765194981739E-04
179   87     9.05883442097543E-09   2.40964995597946E-06
180   87     9.76562969743903E-07   2.60742312921622E-04
181   87     2.10189076744855E-10   5.63306725676211E-08
182   87     1.79079513108119E-06   4.81723890260841E-04
183   87     6.39442421446114E-13   1.72649453790451E-10
191   87     1.00000000000000E-99   1.00000000000000E-99
193   87     1.00000000000000E-99   1.00000000000000E-99
129   88     1.00000000000000E-99   1.00000000000000E-99
130   88     1.00000000000000E-99   1.00000000000000E-99
131   88     1.00000000000000E-99   1.00000000000000E-99
132   88     1.00000000000000E-99   1.00000000000000E-99
133   88     1.00000000000000E-99   1.00000000000000E-99
134   88     1.00000000000000E-99   1.00000000000000E-99
135   88     1.00000000000000E-99   1.00000000000000E-99
136   88     1.00000000000000E-99   1.00000000000000E-99
137   88     1.00000000000000E-99   1.00000000000000E-99
138   88     1.00000000000000E-99   1.00000000000000E-99
139   88     1.00000000000000E-99   1.00000000000000E-99
140   88     1.00000000000000E-99   1.00000000000000E-99
141   88     1.00000000000000E-99   1.00000000000000E-99
142   88     1.00000000000000E-99   1.00000000000000E-99
143   88     1.00000000000000E-99   1.00000000000000E-99
144   88     1.00000000000000E-99   1.00000000000000E-99
145   88     1.00000000000000E-99   1.00000000000000E-99
146   88     1.00000000000000E-99   1.00000000000000E-99
147   88     1.00000000000000E-99   1.00000000000000E-99
148   88     5.84236749820220E-25   1.37879872957572E-22
149   88     3.20554901984561E-24   7.59715117703409E-22
150   88     1.40949497500405E-21   3.35459804050965E-19
151   88     2.91659017528453E-21   6.97065051893004E-19
152   88     1.15853804322507E-18   2.78049130374017E-16
153   88     3.78254044788270E-19   9.11592247939732E-17
154   88     4.31174476540171E-17   1.04344223322721E-14
155   88     1.35491163614105E-17   3.29243527582276E-15
156   88     6.30586771772771E-15   1.53863172312556E-12
157   88     1.62565588590773E-15   3.98285692047393E-13
158   88     1.67579811434670E-13   4.12246336129289E-11
159   88     6.61502773739339E-14   1.63391185113617E-11
160   88     1.63398460674848E-11   4.05228182473624E-09
161   88     6.37273228030672E-12   1.58681033779637E-09
162   88     1.59859805494910E-09   3.99649513737276E-07
163   88     6.95502399740262E-10   1.74571102334806E-07
164   88     1.26035017875501E-08   3.17608245046263E-06
165   88     6.50143471205982E-13   1.64486298215113E-10
166   88     2.88367466708613E-08   7.32453365439877E-06
167   88     9.03721964006187E-09   2.30449100821578E-06
168   88     2.73679987558532E-07   7.00620768149841E-05
169   88     5.21783082370479E-07   1.34098252169213E-04
170   88     4.43381446972662E-06   1.14392413318947E-03
171   88     1.81578240528386E-07   4.70287642968519E-05
172   88     1.81616587057354E-05   4.72203126349121E-03
173   88     5.33005514238123E-12   1.39114439216150E-09
174   88     7.50006147757816E-08   1.96501610712548E-05
175   88     4.68032962256566E-08   1.23092669073477E-05
176   88     2.65601793943628E-06   7.01188736011177E-04
177   88     3.87590009154916E-07   1.02711352426053E-04
178   88     7.97452446563889E-06   2.12122350785994E-03
179   88     6.22370675820983E-08   1.66172970444203E-05
180   88     3.97577941313763E-06   1.06550888272088E-03
181   88     4.12249104340513E-10   1.10895009067598E-07
182   88     3.27288585371654E-06   8.83679180503465E-04
183   88     1.42570907993737E-12   3.86367160663026E-10
130   89     1.00000000000000E-99   1.00000000000000E-99
131   89     1.00000000000000E-99   1.00000000000000E-99
132   89     1.00000000000000E-99   1.00000000000000E-99
133   89     1.00000000000000E-99   1.00000000000000E-99
134   89     1.00000000000000E-99   1.00000000000000E-99
135   89     1.00000000000000E-99   1.00000000000000E-99
136   89     1.00000000000000E-99   1.00000000000000E-99
137   89     1.00000000000000E-99   1.00000000000000E-99
138   89     1.00000000000000E-99   1.00000000000000E-99
139   89     1.00000000000000E-99   1.00000000000000E-99
140   89     1.00000000000000E-99   1.00000000000000E-99
141   89     1.00000000000000E-99   1.00000000000000E-99
142   89     1.00000000000000E-99   1.00000000000000E-99
143   89     1.00000000000000E-99   1.00000000000000E-99
144   89     1.00000000000000E-99   1.00000000000000E-99
145   89     1.00000000000000E-99   1.00000000000000E-99
146   89     1.00000000000000E-99   1.00000000000000E-99
147   89     1.00000000000000E-99   1.00000000000000E-99
148   89     1.00000000000000E-99   1.00000000000000E-99
149   89     1.00000000000000E-99   1.00000000000000E-99
150   89     1.00000000000000E-99   1.00000000000000E-99
151   89     1.51606353460829E-24   3.63855248305990E-22
152   89     9.40332391235031E-23   2.26620106287642E-20
153   89     3.18282968420716E-22   7.70244783578132E-20
154   89     3.74198514206121E-20   9.09302389520873E-18
155   89     5.40252719826644E-20   1.31821663637701E-17
156   89     2.51817806760564E-18   6.16953626563383E-16
157   89     3.19643322851922E-18   7.86322574215729E-16
158   89     4.00603335653839E-16   9.89490239064982E-14
159   89     4.87146269394790E-16   1.20812274809908E-13
160   89     1.07547641205500E-13   2.67793626601695E-11
161   89     1.21516981771019E-13   3.03792454427548E-11
162   89     6.35831915604370E-12   1.59593810816697E-09
163   89     7.57390254797823E-12   1.90862344209051E-09
164   89     2.18308801756935E-09   5.52321268445045E-07
165   89     3.11765634380703E-11   7.91884711326987E-09
166   89     1.55248743280943E-10   3.95884295366405E-08
167   89     3.50554774868030E-10   8.97420223662158E-08
168   89     9.84903493260873E-09   2.53120197768044E-06
169   89     6.27593035947487E-09   1.61919003274452E-06
170   89     2.83632581496825E-08   7.34608386076776E-06
171   89     1.86038077177386E-08   4.83699000661204E-06
172   89     2.76760990919591E-06   7.22346186300133E-04
173   89     4.08961717097868E-10   1.07147969879642E-07
174   89     4.73541828604794E-08   1.24541500923061E-05
175   89     1.53731213155249E-08   4.05850402729857E-06
176   89     1.69333649829302E-06   4.48734172047649E-04
177   89     8.02632209827467E-07   2.13500167814106E-04
178   89     7.83757826207204E-06   2.09263339597323E-03
179   89     6.57601341344413E-07   1.76237159480303E-04
180   89     8.18306489511414E-06   2.20124445678570E-03
181   89     2.56646505512523E-07   6.92945564883811E-05
182   89     2.06652709461309E-05   5.60028842640148E-03
183   89     3.16682387831479E-09   8.61376094901624E-07
185   89     1.00000000000000E-99   1.00000000000000E-99
187   89     1.00000000000000E-99   1.00000000000000E-99
188   89     1.00000000000000E-99   1.00000000000000E-99
189   89     1.00000000000000E-99   1.00000000000000E-99
190   89     1.00000000000000E-99   1.00000000000000E-99
191   89     1.00000000000000E-99   1.00000000000000E-99
192   89     1.00000000000000E-99   1.00000000000000E-99
193   89     1.00000000000000E-99   1.00000000000000E-99
195   89     1.00000000000000E-99   1.00000000000000E-99
197   89     1.00000000000000E-99   1.00000000000000E-99
198   89     1.00000000000000E-99   1.00000000000000E-99
199   89     1.00000000000000E-99   1.00000000000000E-99
132   90     1.00000000000000E-99   1.00000000000000E-99
133   90     1.00000000000000E-99   1.00000000000000E-99
134   90     1.00000000000000E-99   1.00000000000000E-99
135   90     1.00000000000000E-99   1.00000000000000E-99
136   90     1.00000000000000E-99   1.00000000000000E-99
137   90     1.00000000000000E-99   1.00000000000000E-99
138   90     1.00000000000000E-99   1.00000000000000E-99
139   90     1.00000000000000E-99   1.00000000000000E-99
140   90     1.00000000000000E-99   1.00000000000000E-99
141   90     1.00000000000000E-99   1.00000000000000E-99
142   90     1.00000000000000E-99   1.00000000000000E-99
143   90     1.00000000000000E-99   1.00000000000000E-99
144   90     1.00000000000000E-99   1.00000000000000E-99
145   90     1.00000000000000E-99   1.00000000000000E-99
146   90     1.00000000000000E-99   1.00000000000000E-99
147   90     1.00000000000000E-99   1.00000000000000E-99
148   90     1.00000000000000E-99   1.00000000000000E-99
149   90     1.00000000000000E-99   1.00000000000000E-99
150   90     1.00000000000000E-99   1.00000000000000E-99
151   90     1.00000000000000E-99   1.00000000000000E-99
152   90     1.08205202102329E-24   2.61856589087636E-22
153   90     1.09999681289140E-24   2.67299225532609E-22
154   90     1.98742222791015E-22   4.84931023610078E-20
155   90     8.09965073848150E-23   1.98441443092797E-20
156   90     6.44945417343099E-20   1.58656572666402E-17
157   90     2.59708991548711E-20   6.41481209125315E-18
158   90     1.52062052072180E-17   3.77113889139006E-15
159   90     8.28655895911707E-18   2.06335318082015E-15
160   90     3.21880415581679E-15   8.04701038954196E-13
161   90     1.80606889284109E-15   4.53323292103115E-13
162   90     4.70194592873261E-12   1.18489037404062E-09
163   90     1.00415338377357E-12   2.54050806094712E-10
164   90     4.89706734561026E-11   1.24385510578501E-08
165   90     6.90199348517519E-12   1.76000833871967E-09
166   90     9.08638758408441E-11   2.32611522152561E-08
167   90     1.98942548793096E-11   5.11282350398256E-09
168   90     1.12889070157987E-09   2.91253801007606E-07
169   90     8.52037085755628E-10   2.20677605210708E-07
170   90     2.83991193219933E-08   7.38377102371825E-06
171   90     1.59919096151356E-09   4.17388840955039E-07
172   90     3.47443828455898E-07   9.10302830554452E-05
173   90     1.70792331816770E-09   4.49183832678106E-07
174   90     1.73735889437563E-07   4.58662748115166E-05
175   90     1.01817534794724E-07   2.69816467206019E-05
176   90     2.65495866718724E-06   7.06219005471805E-04
177   90     2.68036266283758E-06   7.15656830977633E-04
178   90     2.00170008380050E-05   5.36455622458533E-03
179   90     3.44988464599568E-06   9.28018969772837E-04
180   90     1.20671570390976E-05   3.25813240055635E-03
181   90     5.88693408739570E-07   1.59535913768423E-04
182   90     3.68048841454540E-05   1.00109284875635E-02
183   90     3.78781969710153E-09   1.03407477730872E-06
189   90     1.00000000000000E-99   1.00000000000000E-99
190   90     1.00000000000000E-99   1.00000000000000E-99
191   90     1.00000000000000E-99   1.00000000000000E-99
192   90     1.00000000000000E-99   1.00000000000000E-99
193   90     1.00000000000000E-99   1.00000000000000E-99
195   90     1.00000000000000E-99   1.00000000000000E-99
197   90     1.00000000000000E-99   1.00000000000000E-99
202   90     1.00000000000000E-99   1.00000000000000E-99
203   90     1.00000000000000E-99   1.00000000000000E-99
134   91     1.00000000000000E-99   1.00000000000000E-99
135   91     1.00000000000000E-99   1.00000000000000E-99
136   91     1.00000000000000E-99   1.00000000000000E-99
137   91     1.00000000000000E-99   1.00000000000000E-99
138   91     1.00000000000000E-99   1.00000000000000E-99
139   91     1.00000000000000E-99   1.00000000000000E-99
140   91     1.00000000000000E-99   1.00000000000000E-99
141   91     1.00000000000000E-99   1.00000000000000E-99
142   91     1.00000000000000E-99   1.00000000000000E-99
143   91     1.00000000000000E-99   1.00000000000000E-99
144   91     1.00000000000000E-99   1.00000000000000E-99
145   91     1.00000000000000E-99   1.00000000000000E-99
146   91     1.00000000000000E-99   1.00000000000000E-99
147   91     1.00000000000000E-99   1.00000000000000E-99
148   91     1.00000000000000E-99   1.00000000000000E-99
149   91     1.00000000000000E-99   1.00000000000000E-99
150   91     1.00000000000000E-99   1.00000000000000E-99
151   91     1.00000000000000E-99   1.00000000000000E-99
152   91     1.00000000000000E-99   1.00000000000000E-99
153   91     1.00000000000000E-99   1.00000000000000E-99
154   91     1.00000000000000E-99   1.00000000000000E-99
155   91     1.00000000000000E-99   1.00000000000000E-99
156   91     1.81409752291793E-24   4.48082088160728E-22
157   91     3.29162146575514E-23   8.16322123507274E-21
158   91     1.88341305036254E-21   4.68969849540273E-19
159   91     1.13184066095957E-20   2.82960165239894E-18
160   91     1.37842998398404E-17   3.45985925979995E-15
161   91     4.56475684686677E-17   1.15031872541043E-14
162   91     2.94796092807662E-15   7.45834114803386E-13
163   91     2.86472497864372E-15   7.27640144575505E-13
164   91     1.10460883371583E-13   2.81675252597537E-11
165   91     1.71992403163767E-13   4.40300552099244E-11
166   91     1.50870392040350E-12   3.87736907543701E-10
167   91     4.20229189647110E-13   1.08419130928954E-10
168   91     8.49823431273701E-12   2.20104268699889E-09
169   91     6.74607479909561E-12   1.75397944776486E-09
170   91     6.96579083093039E-11   1.81807140687283E-08
171   91     5.19864481791129E-11   1.36204494229276E-08
172   91     1.22440566792933E-08   3.22018690665414E-06
173   91     5.71549510316262E-10   1.50889070723493E-07
174   91     4.92260652188304E-09   1.30449072829901E-06
175   91     5.43034139356707E-09   1.44447081068884E-06
176   91     5.07501853482262E-07   1.35502994879764E-04
177   91     2.62798355960094E-07   7.04299593973051E-05
178   91     2.72219195908473E-06   7.32269636993792E-04
179   91     9.24047480565800E-07   2.49492819752766E-04
180   91     7.90760414187120E-06   2.14296072244710E-03
181   91     2.54296346581933E-06   6.91686062702859E-04
182   91     3.29171424973349E-05   8.98637990177241E-03
183   91     7.14236296469223E-07   1.95700745232567E-04
184   91     2.96828893592340E-05   8.16279457378935E-03
185   91     1.00000000000000E-99   1.00000000000000E-99
187   91     1.00000000000000E-99   1.00000000000000E-99
188   91     1.00000000000000E-99   1.00000000000000E-99
189   91     1.00000000000000E-99   1.00000000000000E-99
190   91     1.00000000000000E-99   1.00000000000000E-99
191   91     1.00000000000000E-99   1.00000000000000E-99
192   91     1.00000000000000E-99   1.00000000000000E-99
193   91     1.00000000000000E-99   1.00000000000000E-99
194   91     1.00000000000000E-99   1.00000000000000E-99
195   91     1.00000000000000E-99   1.00000000000000E-99
196   91     1.00000000000000E-99   1.00000000000000E-99
197   91     1.00000000000000E-99   1.00000000000000E-99
201   91     1.00000000000000E-99   1.00000000000000E-99
203   91     1.00000000000000E-99   1.00000000000000E-99
205   91     1.00000000000000E-99   1.00000000000000E-99
135   92     1.00000000000000E-99   1.00000000000000E-99
136   92     1.00000000000000E-99   1.00000000000000E-99
137   92     1.00000000000000E-99   1.00000000000000E-99
138   92     1.00000000000000E-99   1.00000000000000E-99
139   92     1.00000000000000E-99   1.00000000000000E-99
140   92     1.00000000000000E-99   1.00000000000000E-99
141   92     1.00000000000000E-99   1.00000000000000E-99
142   92     1.00000000000000E-99   1.00000000000000E-99
143   92     1.00000000000000E-99   1.00000000000000E-99
144   92     1.00000000000000E-99   1.00000000000000E-99
145   92     1.00000000000000E-99   1.00000000000000E-99
146   92     1.00000000000000E-99   1.00000000000000E-99
147   92     1.00000000000000E-99   1.00000000000000E-99
148   92     1.00000000000000E-99   1.00000000000000E-99
149   92     1.00000000000000E-99   1.00000000000000E-99
150   92     1.00000000000000E-99   1.00000000000000E-99
151   92     1.00000000000000E-99   1.00000000000000E-99
152   92     1.00000000000000E-99   1.00000000000000E-99
153   92     1.00000000000000E-99   1.00000000000000E-99
154   92     1.00000000000000E-99   1.00000000000000E-99
155   92     1.00000000000000E-99   1.00000000000000E-99
156   92     1.00000000000000E-99   1.00000000000000E-99
157   92     1.00000000000000E-99   1.00000000000000E-99
158   92     2.65776996702353E-22   6.64442491755882E-20
159   92     2.15918140809462E-22   5.41954533431750E-20
160   92     2.25673105557716E-19   5.68696226005445E-17
161   92     1.46745115594412E-19   3.71265142453862E-17
162   92     5.85905448374343E-17   1.48819983887083E-14
163   92     3.48755515005733E-17   8.89326563264620E-15
164   92     2.81967618150775E-15   7.21837102465985E-13
165   92     6.94138154023102E-16   1.78393505583937E-13
166   92     8.82460003719669E-14   2.27674680959674E-11
167   92     2.06341593586180E-15   5.34424727388207E-13
168   92     5.33843487587314E-13   1.38799306772702E-10
169   92     2.98870009243358E-14   7.80050724125165E-12
170   92     3.06311531757862E-11   8.02536213205598E-09
171   92     2.75003516701793E-12   7.23259248925716E-10
172   92     8.66651362899898E-10   2.28795959805573E-07
173   92     3.17471737972148E-10   8.41300105626192E-08
174   92     1.46446513320582E-08   3.89547725432749E-06
175   92     4.57268327782161E-09   1.22090643517837E-06
176   92     3.10963405788537E-07   8.33381927513280E-05
177   92     3.88745024040468E-07   1.04572411466886E-04
178   92     1.98034530334933E-06   5.34693231904320E-04
179   92     3.46350432376014E-06   9.38609671738998E-04
180   92     6.65689193815292E-06   1.81067460717759E-03
181   92     1.77926591716316E-05   4.85739595385542E-03
182   92     3.36935625356507E-05   9.23203613476829E-03
183   92     2.73804020866192E-06   7.52961057382027E-04
184   92     5.37297872619745E-05   1.48294212843049E-02
185   92     1.00000000000000E-99   1.00000000000000E-99
186   92     1.00000000000000E-99   1.00000000000000E-99
187   92     1.00000000000000E-99   1.00000000000000E-99
188   92     1.00000000000000E-99   1.00000000000000E-99
189   92     1.00000000000000E-99   1.00000000000000E-99
190   92     1.00000000000000E-99   1.00000000000000E-99
191   92     1.00000000000000E-99   1.00000000000000E-99
192   92     1.00000000000000E-99   1.00000000000000E-99
193   92     1.00000000000000E-99   1.00000000000000E-99
194   92     1.00000000000000E-99   1.00000000000000E-99
195   92     1.00000000000000E-99   1.00000000000000E-99
196   92     1.00000000000000E-99   1.00000000000000E-99
197   92     1.00000000000000E-99   1.00000000000000E-99
199   92     1.00000000000000E-99   1.00000000000000E-99
201   92     1.00000000000000E-99   1.00000000000000E-99
203   92     1.00000000000000E-99   1.00000000000000E-99
137   93     1.00000000000000E-99   1.00000000000000E-99
138   93     1.00000000000000E-99   1.00000000000000E-99
139   93     1.00000000000000E-99   1.00000000000000E-99
140   93     1.00000000000000E-99   1.00000000000000E-99
141   93     1.00000000000000E-99   1.00000000000000E-99
142   93     1.00000000000000E-99   1.00000000000000E-99
143   93     1.00000000000000E-99   1.00000000000000E-99
144   93     1.00000000000000E-99   1.00000000000000E-99
145   93     1.00000000000000E-99   1.00000000000000E-99
146   93     1.00000000000000E-99   1.00000000000000E-99
147   93     1.00000000000000E-99   1.00000000000000E-99
148   93     1.00000000000000E-99   1.00000000000000E-99
149   93     1.00000000000000E-99   1.00000000000000E-99
150   93     1.00000000000000E-99   1.00000000000000E-99
151   93     1.00000000000000E-99   1.00000000000000E-99
152   93     1.00000000000000E-99   1.00000000000000E-99
153   93     1.00000000000000E-99   1.00000000000000E-99
154   93     1.00000000000000E-99   1.00000000000000E-99
155   93     1.00000000000000E-99   1.00000000000000E-99
156   93     1.00000000000000E-99   1.00000000000000E-99
157   93     1.00000000000000E-99   1.00000000000000E-99
158   93     1.00000000000000E-99   1.00000000000000E-99
159   93     1.00000000000000E-99   1.00000000000000E-99
160   93     1.78375513068544E-24   4.51290048063415E-22
161   93     1.28287900517948E-23   3.25851267315587E-21
162   93     6.17651739526010E-21   1.57501193579133E-18
163   93     2.56628291085311E-21   6.56968425178395E-19
164   93     2.34645299528840E-18   6.03038419789118E-16
165   93     3.20940014110248E-19   8.28025236404440E-17
166   93     1.91255881610493E-17   4.95352733371177E-15
167   93     3.12656434046216E-19   8.12906728520161E-17
168   93     2.75160338799183E-15   7.18168484265867E-13
169   93     2.13808774649388E-17   5.60178989581396E-15
170   93     9.95424177684605E-15   2.61796558731051E-12
171   93     3.48361413225065E-14   9.19674130914172E-12
172   93     4.21539680236457E-11   1.11708015262661E-08
173   93     1.03902271061118E-12   2.76380041022573E-10
174   93     8.15289940052863E-11   2.17682413994115E-08
175   93     1.09896502119750E-10   2.94522625680930E-08
176   93     6.06104997772268E-09   1.63042244400740E-06
177   93     1.05526460240417E-08   2.84921442649125E-06
178   93     3.64718132406166E-07   9.88386138820710E-05
179   93     8.90138285337017E-08   2.42117613611669E-05
180   93     9.73250314888805E-07   2.65697335964644E-04
181   93     6.72544062678289E-07   1.84277073173851E-04
182   93     7.50008181458390E-06   2.06252249901057E-03
183   93     6.64240280995560E-06   1.83330317554775E-03
184   93     9.57365718912263E-05   2.65190304138697E-02
185   93     1.48761519859183E-14   4.13557025208529E-12
186   93     1.62298808228335E-13   4.52813674957054E-11
187   93     1.28442660888738E-14   3.59639450488466E-12
188   93     1.02612783102766E-11   2.88341920518772E-09
189   93     1.00724642168111E-14   2.84043490914073E-12
190   93     6.56523578426757E-10   1.85796172694772E-07
191   93     1.29542064842467E-15   3.67899464152606E-13
192   93     1.75971766464849E-10   5.01519534424821E-08
193   93     1.75434251261595E-16   5.01741958608160E-14
194   93     1.97044228283215E-11   5.65516935172828E-09
195   93     2.46131731921346E-19   7.08859387933475E-17
197   93     1.00000000000000E-99   1.00000000000000E-99
199   93     1.00000000000000E-99   1.00000000000000E-99
200   93     1.00000000000000E-99   1.00000000000000E-99
201   93     1.00000000000000E-99   1.00000000000000E-99
202   93     1.00000000000000E-99   1.00000000000000E-99
203   93     1.00000000000000E-99   1.00000000000000E-99
205   93     1.00000000000000E-99   1.00000000000000E-99
206   93     1.00000000000000E-99   1.00000000000000E-99
207   93     1.00000000000000E-99   1.00000000000000E-99
209   93     1.00000000000000E-99   1.00000000000000E-99
139   94     1.00000000000000E-99   1.00000000000000E-99
140   94     1.00000000000000E-99   1.00000000000000E-99
141   94     1.00000000000000E-99   1.00000000000000E-99
142   94     1.00000000000000E-99   1.00000000000000E-99
143   94     1.00000000000000E-99   1.00000000000000E-99
144   94     1.00000000000000E-99   1.00000000000000E-99
145   94     1.00000000000000E-99   1.00000000000000E-99
146   94     1.00000000000000E-99   1.00000000000000E-99
147   94     1.00000000000000E-99   1.00000000000000E-99
148   94     1.00000000000000E-99   1.00000000000000E-99
149   94     1.00000000000000E-99   1.00000000000000E-99
150   94     1.00000000000000E-99   1.00000000000000E-99
151   94     1.00000000000000E-99   1.00000000000000E-99
152   94     1.00000000000000E-99   1.00000000000000E-99
153   94     1.00000000000000E-99   1.00000000000000E-99
154   94     1.00000000000000E-99   1.00000000000000E-99
155   94     1.00000000000000E-99   1.00000000000000E-99
156   94     1.00000000000000E-99   1.00000000000000E-99
157   94     1.00000000000000E-99   1.00000000000000E-99
158   94     1.00000000000000E-99   1.00000000000000E-99
159   94     1.00000000000000E-99   1.00000000000000E-99
160   94     1.00000000000000E-99   1.00000000000000E-99
161   94     1.00000000000000E-99   1.00000000000000E-99
162   94     8.66763204927989E-23   2.21891380461565E-20
163   94     6.10203004807129E-25   1.56822172235432E-22
164   94     6.11192632551637E-21   1.57687699198322E-18
165   94     1.48353769688306E-23   3.84236263492713E-21
166   94     4.72942576653855E-20   1.22965069930002E-17
167   94     1.43449195551617E-22   3.74402400389721E-20
168   94     1.97030859629040E-19   5.16220852228084E-17
169   94     1.16381767330566E-20   3.06084048079390E-18
170   94     3.31313121734516E-17   8.74666641379123E-15
171   94     1.61504174124847E-17   4.27986061430846E-15
172   94     1.12871414142430E-12   3.00237961618865E-10
173   94     2.06243183739932E-16   5.50669300585617E-14
174   94     3.89003943894025E-11   1.04253056963599E-08
175   94     5.45934204150987E-13   1.46856300916615E-10
176   94     7.53856213376881E-09   2.03541177611758E-06
177   94     1.88025588421722E-09   5.09549344622866E-07
178   94     9.15029553583742E-08   2.48888038574778E-05
179   94     1.24090357385172E-07   3.38766675661520E-05
180   94     1.31586660032335E-06   3.60547448488599E-04
181   94     9.90022397370918E-06   2.72256159277003E-03
182   94     3.00083406514788E-05   8.28230201980816E-03
183   94     1.26171659793568E-05   3.49495497628183E-03
184   94     7.73196200803849E-05   2.14948543823470E-02
185   94     2.02031196410687E-14   5.63667037985816E-12
186   94     4.85555016200062E-10   1.35955404536017E-07
187   94     1.91313137883743E-15   5.37589917453317E-13
188   94     4.59861922321148E-10   1.29681062094564E-07
189   94     5.13119012691006E-12   1.45212680591555E-09
190   94     1.93297765123967E-10   5.48965652952067E-08
191   94     1.64652980052463E-13   4.69260993149519E-11
192   94     4.82551031648975E-11   1.38009595051607E-08
193   94     6.02217014026441E-17   1.72836283025588E-14
194   94     2.27368153353240E-12   6.54820281657332E-10
195   94     1.49616423934033E-22   4.32391465169354E-20
196   94     1.00970929851583E-17   2.92815696569590E-15
197   94     1.00000000000000E-99   1.00000000000000E-99
198   94     1.00000000000000E-99   1.00000000000000E-99
199   94     1.00000000000000E-99   1.00000000000000E-99
200   94     1.00000000000000E-99   1.00000000000000E-99
201   94     1.00000000000000E-99   1.00000000000000E-99
203   94     1.00000000000000E-99   1.00000000000000E-99
205   94     1.00000000000000E-99   1.00000000000000E-99
207   94     1.00000000000000E-99   1.00000000000000E-99
209   94     1.00000000000000E-99   1.00000000000000E-99
141   95     1.00000000000000E-99   1.00000000000000E-99
142   95     1.00000000000000E-99   1.00000000000000E-99
143   95     1.00000000000000E-99   1.00000000000000E-99
144   95     1.00000000000000E-99   1.00000000000000E-99
145   95     1.00000000000000E-99   1.00000000000000E-99
146   95     1.00000000000000E-99   1.00000000000000E-99
147   95     1.00000000000000E-99   1.00000000000000E-99
148   95     1.00000000000000E-99   1.00000000000000E-99
149   95     1.00000000000000E-99   1.00000000000000E-99
150   95     1.00000000000000E-99   1.00000000000000E-99
151   95     1.00000000000000E-99   1.00000000000000E-99
152   95     1.00000000000000E-99   1.00000000000000E-99
153   95     1.00000000000000E-99   1.00000000000000E-99
154   95     1.00000000000000E-99   1.00000000000000E-99
155   95     1.00000000000000E-99   1.00000000000000E-99
156   95     1.00000000000000E-99   1.00000000000000E-99
157   95     1.00000000000000E-99   1.00000000000000E-99
158   95     1.00000000000000E-99   1.00000000000000E-99
159   95     1.00000000000000E-99   1.00000000000000E-99
160   95     1.00000000000000E-99   1.00000000000000E-99
161   95     1.00000000000000E-99   1.00000000000000E-99
162   95     1.00000000000000E-99   1.00000000000000E-99
163   95     1.00000000000000E-99   1.00000000000000E-99
164   95     1.00000000000000E-99   1.00000000000000E-99
165   95     1.00000000000000E-99   1.00000000000000E-99
166   95     1.00000000000000E-99   1.00000000000000E-99
167   95     1.00000000000000E-99   1.00000000000000E-99
168   95     3.70754169768295E-24   9.75083466490615E-22
169   95     9.23686921728479E-24   2.43853347336318E-21
170   95     3.29083150193764E-20   8.72070348013474E-18
171   95     1.66299747277654E-19   4.42357327758560E-17
172   95     2.15015800152140E-16   5.74092186406214E-14
173   95     1.84580316368927E-18   4.94675247868725E-16
174   95     7.52858884564849E-15   2.02519039947944E-12
175   95     1.45515799030647E-15   3.92892657382747E-13
176   95     3.90868227059953E-11   1.05925289533247E-08
177   95     7.42622914900327E-12   2.01993432852889E-09
178   95     5.71075294547233E-09   1.55903555411395E-06
179   95     6.92685099712913E-10   1.89795717321338E-07
180   95     8.65857098817954E-08   2.38110702174937E-05
181   95     2.21471966525253E-08   6.11262627609699E-06
182   95     1.29656012976748E-06   3.59147155945593E-04
183   95     2.87804134559591E-07   8.00095494075664E-05
184   95     4.57743996822126E-06   1.27710575113373E-03
185   95     1.43628769751717E-11   4.02160555304808E-09
186   95     2.65722565903105E-11   7.46680410187724E-09
187   95     5.35693219838722E-13   1.51065487994519E-10
188   95     6.43292485601271E-11   1.82051773425160E-08
189   95     1.73881901164180E-13   4.93824599306272E-11
190   95     2.82592633980666E-11   8.05389006844899E-09
191   95     7.08348484214582E-15   2.02587666485370E-12
192   95     2.64236117173154E-16   7.58357656286951E-14
193   95     8.09247740596603E-16   2.33063349291822E-13
194   95     2.05048024809733E-15   5.92588791700128E-13
195   95     1.61896616615426E-20   4.69500188184735E-18
196   95     5.81151707620644E-20   1.69115146917607E-17
197   95     1.54939427347409E-25   4.52423127854434E-23
198   95     1.51190221351333E-21   4.42987348559407E-19
199   95     1.00000000000000E-99   1.00000000000000E-99
200   95     3.29735310495696E-24   9.72719165962303E-22
201   95     1.00000000000000E-99   1.00000000000000E-99
202   95     1.00000000000000E-99   1.00000000000000E-99
203   95     1.00000000000000E-99   1.00000000000000E-99
204   95     1.00000000000000E-99   1.00000000000000E-99
205   95     1.00000000000000E-99   1.00000000000000E-99
206   95     1.00000000000000E-99   1.00000000000000E-99
207   95     1.00000000000000E-99   1.00000000000000E-99
208   95     1.00000000000000E-99   1.00000000000000E-99
209   95     1.00000000000000E-99   1.00000000000000E-99
211   95     1.00000000000000E-99   1.00000000000000E-99
213   95     1.00000000000000E-99   1.00000000000000E-99
144   96     1.00000000000000E-99   1.00000000000000E-99
145   96     1.00000000000000E-99   1.00000000000000E-99
146   96     1.00000000000000E-99   1.00000000000000E-99
147   96     1.00000000000000E-99   1.00000000000000E-99
148   96     1.00000000000000E-99   1.00000000000000E-99
149   96     1.00000000000000E-99   1.00000000000000E-99
150   96     1.00000000000000E-99   1.00000000000000E-99
151   96     1.00000000000000E-99   1.00000000000000E-99
152   96     1.00000000000000E-99   1.00000000000000E-99
153   96     1.00000000000000E-99   1.00000000000000E-99
154   96     1.00000000000000E-99   1.00000000000000E-99
155   96     1.00000000000000E-99   1.00000000000000E-99
156   96     1.00000000000000E-99   1.00000000000000E-99
157   96     1.00000000000000E-99   1.00000000000000E-99
158   96     1.00000000000000E-99   1.00000000000000E-99
159   96     1.00000000000000E-99   1.00000000000000E-99
160   96     1.00000000000000E-99   1.00000000000000E-99
161   96     1.00000000000000E-99   1.00000000000000E-99
162   96     1.00000000000000E-99   1.00000000000000E-99
163   96     1.00000000000000E-99   1.00000000000000E-99
164   96     1.00000000000000E-99   1.00000000000000E-99
165   96     1.00000000000000E-99   1.00000000000000E-99
166   96     1.00000000000000E-99   1.00000000000000E-99
167   96     1.00000000000000E-99   1.00000000000000E-99
168   96     1.00000000000000E-99   1.00000000000000E-99
169   96     1.00000000000000E-99   1.00000000000000E-99
170   96     1.16896540912581E-23   3.10944798827465E-21
171   96     1.90297893625695E-23   5.08095375980607E-21
172   96     3.09284218353210E-20   8.28881705186603E-18
173   96     8.90407729694444E-22   2.39519679287805E-19
174   96     2.21321241640292E-17   5.97567352428788E-15
175   96     4.84425994009931E-18   1.31279444376691E-15
176   96     3.90731090306369E-12   1.06278856563332E-09
177   96     2.29049502253162E-13   6.25305141151132E-11
178   96     8.94930843126845E-10   2.45211051016755E-07
179   96     1.01181346676132E-11   2.78248703359364E-09
180   96     2.37759704423207E-08   6.56216784208050E-06
181   96     3.73530645323619E-10   1.03467988754642E-07
182   96     1.94070824399114E-07   5.39516891829536E-05
183   96     1.91958273051072E-10   5.35563581812490E-08
184   96     6.13737272766928E-11   1.71846436374740E-08
185   96     2.39242993786715E-16   6.72272812540670E-14
186   96     5.96139097870499E-16   1.68111225599481E-13
187   96     5.91389856920593E-17   1.67363329508528E-14
188   96     3.89893249899536E-17   1.10729682971468E-14
189   96     1.77758100317100E-17   5.06610585903734E-15
190   96     1.64460703368016E-19   4.70357611632526E-17
191   96     9.95953140643284E-20   2.85838551364623E-17
192   96     4.16528011979770E-19   1.19960067450174E-16
193   96     9.42013612588664E-24   2.72241934038124E-21
194   96     3.73509549105064E-23   1.08317769240469E-20
195   96     5.19876829196751E-25   1.51284157296255E-22
196   96     3.45167859630171E-23   1.00789015012010E-20
197   96     1.00000000000000E-99   1.00000000000000E-99
198   96     2.07372630305910E-24   6.09675533099376E-22
199   96     1.00000000000000E-99   1.00000000000000E-99
200   96     1.00000000000000E-99   1.00000000000000E-99
201   96     1.00000000000000E-99   1.00000000000000E-99
202   96     1.00000000000000E-99   1.00000000000000E-99
203   96     1.00000000000000E-99   1.00000000000000E-99
204   96     1.00000000000000E-99   1.00000000000000E-99
205   96     1.00000000000000E-99   1.00000000000000E-99
206   96     1.00000000000000E-99   1.00000000000000E-99
207   96     1.00000000000000E-99   1.00000000000000E-99
208   96     1.00000000000000E-99   1.00000000000000E-99
209   96     1.00000000000000E-99   1.00000000000000E-99
211   96     1.00000000000000E-99   1.00000000000000E-99
213   96     1.00000000000000E-99   1.00000000000000E-99
215   96     1.00000000000000E-99   1.00000000000000E-99
145   97     1.00000000000000E-99   1.00000000000000E-99
146   97     1.00000000000000E-99   1.00000000000000E-99
147   97     1.00000000000000E-99   1.00000000000000E-99
148   97     1.00000000000000E-99   1.00000000000000E-99
149   97     1.00000000000000E-99   1.00000000000000E-99
150   97     1.00000000000000E-99   1.00000000000000E-99
151   97     1.00000000000000E-99   1.00000000000000E-99
152   97     1.00000000000000E-99   1.00000000000000E-99
153   97     1.00000000000000E-99   1.00000000000000E-99
154   97     1.00000000000000E-99   1.00000000000000E-99
155   97     1.00000000000000E-99   1.00000000000000E-99
156   97     1.00000000000000E-99   1.00000000000000E-99
157   97     1.00000000000000E-99   1.00000000000000E-99
158   97     1.00000000000000E-99   1.00000000000000E-99
159   97     1.00000000000000E-99   1.00000000000000E-99
160   97     1.00000000000000E-99   1.00000000000000E-99
161   97     1.00000000000000E-99   1.00000000000000E-99
162   97     1.00000000000000E-99   1.00000000000000E-99
163   97     1.00000000000000E-99   1.00000000000000E-99
164   97     1.00000000000000E-99   1.00000000000000E-99
165   97     1.00000000000000E-99   1.00000000000000E-99
166   97     1.00000000000000E-99   1.00000000000000E-99
167   97     1.00000000000000E-99   1.00000000000000E-99
168   97     1.00000000000000E-99   1.00000000000000E-99
169   97     1.00000000000000E-99   1.00000000000000E-99
170   97     1.00000000000000E-99   1.00000000000000E-99
171   97     1.00000000000000E-99   1.00000000000000E-99
172   97     5.51408344231778E-24   1.48328844598348E-21
173   97     1.88460676462054E-24   5.08843826447545E-22
174   97     3.47725778539802E-19   9.42336859842863E-17
175   97     2.39677578099264E-19   6.51923012429997E-17
176   97     8.96937970340976E-16   2.44864065903086E-13
177   97     2.23677901690109E-16   6.12877450630898E-14
178   97     6.59818494511456E-14   1.81450085990650E-11
179   97     2.76678299749130E-16   7.63632107307598E-14
180   97     1.86846677883751E-12   5.17565297737990E-10
181   97     1.78578390384596E-15   4.96447925269177E-13
182   97     3.62054297206585E-15   1.01013148920637E-12
183   97     1.81644028829470E-18   5.08603280722516E-16
184   97     9.26764268291295E-22   2.60420759389854E-19
185   97     6.04545818046380E-23   1.70481920689079E-20
186   97     8.67456417967501E-23   2.45490166284803E-20
187   97     1.20429832130272E-23   3.42020723249971E-21
188   97     8.63485165849394E-24   2.46093272267077E-21
189   97     5.27748837063465E-24   1.50936167400151E-21
190   97     1.22787061350528E-23   3.52398866076015E-21
191   97     1.00000000000000E-99   1.00000000000000E-99
192   97     1.00000000000000E-99   1.00000000000000E-99
193   97     1.00000000000000E-99   1.00000000000000E-99
194   97     1.00000000000000E-99   1.00000000000000E-99
195   97     1.00000000000000E-99   1.00000000000000E-99
196   97     1.00000000000000E-99   1.00000000000000E-99
197   97     1.00000000000000E-99   1.00000000000000E-99
198   97     1.00000000000000E-99   1.00000000000000E-99
199   97     1.00000000000000E-99   1.00000000000000E-99
200   97     1.00000000000000E-99   1.00000000000000E-99
201   97     1.00000000000000E-99   1.00000000000000E-99
202   97     1.00000000000000E-99   1.00000000000000E-99
203   97     1.00000000000000E-99   1.00000000000000E-99
204   97     1.00000000000000E-99   1.00000000000000E-99
205   97     1.00000000000000E-99   1.00000000000000E-99
206   97     1.00000000000000E-99   1.00000000000000E-99
207   97     1.00000000000000E-99   1.00000000000000E-99
208   97     1.00000000000000E-99   1.00000000000000E-99
209   97     1.00000000000000E-99   1.00000000000000E-99
210   97     1.00000000000000E-99   1.00000000000000E-99
211   97     1.00000000000000E-99   1.00000000000000E-99
213   97     1.00000000000000E-99   1.00000000000000E-99
215   97     1.00000000000000E-99   1.00000000000000E-99
217   97     1.00000000000000E-99   1.00000000000000E-99
147   98     1.00000000000000E-99   1.00000000000000E-99
148   98     1.00000000000000E-99   1.00000000000000E-99
149   98     1.00000000000000E-99   1.00000000000000E-99
150   98     1.00000000000000E-99   1.00000000000000E-99
151   98     1.00000000000000E-99   1.00000000000000E-99
152   98     1.00000000000000E-99   1.00000000000000E-99
153   98     1.00000000000000E-99   1.00000000000000E-99
154   98     1.00000000000000E-99   1.00000000000000E-99
155   98     1.00000000000000E-99   1.00000000000000E-99
156   98     1.00000000000000E-99   1.00000000000000E-99
157   98     1.00000000000000E-99   1.00000000000000E-99
158   98     1.00000000000000E-99   1.00000000000000E-99
159   98     1.00000000000000E-99   1.00000000000000E-99
160   98     1.00000000000000E-99   1.00000000000000E-99
161   98     1.00000000000000E-99   1.00000000000000E-99
162   98     1.00000000000000E-99   1.00000000000000E-99
163   98     1.00000000000000E-99   1.00000000000000E-99
164   98     1.00000000000000E-99   1.00000000000000E-99
165   98     1.00000000000000E-99   1.00000000000000E-99
166   98     1.00000000000000E-99   1.00000000000000E-99
167   98     1.00000000000000E-99   1.00000000000000E-99
168   98     1.00000000000000E-99   1.00000000000000E-99
169   98     1.00000000000000E-99   1.00000000000000E-99
170   98     1.00000000000000E-99   1.00000000000000E-99
171   98     1.00000000000000E-99   1.00000000000000E-99
172   98     1.74714001064231E-25   4.71727802873425E-23
173   98     1.00000000000000E-99   1.00000000000000E-99
174   98     8.66966287661043E-23   2.35814830243804E-20
175   98     8.38771837492899E-23   2.28984711635561E-20
176   98     5.07300360777944E-20   1.39000298853157E-17
177   98     1.01029551493043E-19   2.77831266605868E-17
178   98     1.65934355363810E-17   4.57978820804116E-15
179   98     3.17346109554308E-21   8.79048723465434E-19
180   98     7.83088388944572E-20   2.17698572126591E-17
181   98     5.88190431742177E-24   1.64105130456067E-21
182   98     1.00000000000000E-99   1.00000000000000E-99
183   98     1.00000000000000E-99   1.00000000000000E-99
184   98     1.00000000000000E-99   1.00000000000000E-99
185   98     1.00000000000000E-99   1.00000000000000E-99
186   98     1.00000000000000E-99   1.00000000000000E-99
187   98     1.00000000000000E-99   1.00000000000000E-99
188   98     1.00000000000000E-99   1.00000000000000E-99
189   98     1.00000000000000E-99   1.00000000000000E-99
190   98     1.00000000000000E-99   1.00000000000000E-99
191   98     1.00000000000000E-99   1.00000000000000E-99
192   98     1.00000000000000E-99   1.00000000000000E-99
193   98     1.00000000000000E-99   1.00000000000000E-99
194   98     1.00000000000000E-99   1.00000000000000E-99
195   98     1.00000000000000E-99   1.00000000000000E-99
196   98     1.00000000000000E-99   1.00000000000000E-99
197   98     1.00000000000000E-99   1.00000000000000E-99
198   98     1.00000000000000E-99   1.00000000000000E-99
199   98     1.00000000000000E-99   1.00000000000000E-99
200   98     1.00000000000000E-99   1.00000000000000E-99
201   98     1.00000000000000E-99   1.00000000000000E-99
202   98     1.00000000000000E-99   1.00000000000000E-99
203   98     1.00000000000000E-99   1.00000000000000E-99
204   98     1.00000000000000E-99   1.00000000000000E-99
205   98     1.00000000000000E-99   1.00000000000000E-99
206   98     1.00000000000000E-99   1.00000000000000E-99
207   98     1.00000000000000E-99   1.00000000000000E-99
208   98     1.00000000000000E-99   1.00000000000000E-99
209   98     1.00000000000000E-99   1.00000000000000E-99
210   98     1.00000000000000E-99   1.00000000000000E-99
211   98     1.00000000000000E-99   1.00000000000000E-99
213   98     1.00000000000000E-99   1.00000000000000E-99
215   98     1.00000000000000E-99   1.00000000000000E-99
217   98     1.00000000000000E-99   1.00000000000000E-99
219   98     1.00000000000000E-99   1.00000000000000E-99
221   98     1.00000000000000E-99   1.00000000000000E-99
149   99     1.00000000000000E-99   1.00000000000000E-99
150   99     1.00000000000000E-99   1.00000000000000E-99
151   99     1.00000000000000E-99   1.00000000000000E-99
152   99     1.00000000000000E-99   1.00000000000000E-99
153   99     1.00000000000000E-99   1.00000000000000E-99
154   99     1.00000000000000E-99   1.00000000000000E-99
155   99     1.00000000000000E-99   1.00000000000000E-99
156   99     1.00000000000000E-99   1.00000000000000E-99
157   99     1.00000000000000E-99   1.00000000000000E-99
158   99     1.00000000000000E-99   1.00000000000000E-99
159   99     1.00000000000000E-99   1.00000000000000E-99
160   99     1.00000000000000E-99   1.00000000000000E-99
161   99     1.00000000000000E-99   1.00000000000000E-99
162   99     1.00000000000000E-99   1.00000000000000E-99
163   99     1.00000000000000E-99   1.00000000000000E-99
164   99     1.00000000000000E-99   1.00000000000000E-99
165   99     1.00000000000000E-99   1.00000000000000E-99
166   99     1.00000000000000E-99   1.00000000000000E-99
167   99     1.00000000000000E-99   1.00000000000000E-99
168   99     1.00000000000000E-99   1.00000000000000E-99
169   99     1.00000000000000E-99   1.00000000000000E-99
170   99     1.00000000000000E-99   1.00000000000000E-99
171   99     1.00000000000000E-99   1.00000000000000E-99
172   99     1.00000000000000E-99   1.00000000000000E-99
173   99     1.00000000000000E-99   1.00000000000000E-99
174   99     1.00000000000000E-99   1.00000000000000E-99
175   99     1.00000000000000E-99   1.00000000000000E-99
176   99     6.30778769531204E-25   1.73464161621081E-22
177   99     2.97794085983732E-24   8.21911677315100E-22
178   99     1.00000000000000E-99   1.00000000000000E-99
179   99     1.00000000000000E-99   1.00000000000000E-99
180   99     1.00000000000000E-99   1.00000000000000E-99
181   99     1.00000000000000E-99   1.00000000000000E-99
182   99     1.00000000000000E-99   1.00000000000000E-99
183   99     1.00000000000000E-99   1.00000000000000E-99
184   99     1.00000000000000E-99   1.00000000000000E-99
185   99     1.00000000000000E-99   1.00000000000000E-99
186   99     1.00000000000000E-99   1.00000000000000E-99
187   99     1.00000000000000E-99   1.00000000000000E-99
188   99     1.00000000000000E-99   1.00000000000000E-99
189   99     1.00000000000000E-99   1.00000000000000E-99
190   99     1.00000000000000E-99   1.00000000000000E-99
191   99     1.00000000000000E-99   1.00000000000000E-99
192   99     1.00000000000000E-99   1.00000000000000E-99
193   99     1.00000000000000E-99   1.00000000000000E-99
194   99     1.00000000000000E-99   1.00000000000000E-99
195   99     1.00000000000000E-99   1.00000000000000E-99
196   99     1.00000000000000E-99   1.00000000000000E-99
197   99     1.00000000000000E-99   1.00000000000000E-99
198   99     1.00000000000000E-99   1.00000000000000E-99
199   99     1.00000000000000E-99   1.00000000000000E-99
200   99     1.00000000000000E-99   1.00000000000000E-99
201   99     1.00000000000000E-99   1.00000000000000E-99
202   99     1.00000000000000E-99   1.00000000000000E-99
203   99     1.00000000000000E-99   1.00000000000000E-99
204   99     1.00000000000000E-99   1.00000000000000E-99
205   99     1.00000000000000E-99   1.00000000000000E-99
206   99     1.00000000000000E-99   1.00000000000000E-99
207   99     1.00000000000000E-99   1.00000000000000E-99
208   99     1.00000000000000E-99   1.00000000000000E-99
209   99     1.00000000000000E-99   1.00000000000000E-99
210   99     1.00000000000000E-99   1.00000000000000E-99
211   99     1.00000000000000E-99   1.00000000000000E-99
212   99     1.00000000000000E-99   1.00000000000000E-99
213   99     1.00000000000000E-99   1.00000000000000E-99
215   99     1.00000000000000E-99   1.00000000000000E-99
216   99     1.00000000000000E-99   1.00000000000000E-99
217   99     1.00000000000000E-99   1.00000000000000E-99
219   99     1.00000000000000E-99   1.00000000000000E-99
221   99     1.00000000000000E-99   1.00000000000000E-99
223   99     1.00000000000000E-99   1.00000000000000E-99
151  100     1.00000000000000E-99   1.00000000000000E-99
152  100     1.00000000000000E-99   1.00000000000000E-99
153  100     1.00000000000000E-99   1.00000000000000E-99
154  100     1.00000000000000E-99   1.00000000000000E-99
155  100     1.00000000000000E-99   1.00000000000000E-99
156  100     1.00000000000000E-99   1.00000000000000E-99
157  100     1.00000000000000E-99   1.00000000000000E-99
158  100     1.00000000000000E-99   1.00000000000000E-99
159  100     1.00000000000000E-99   1.00000000000000E-99
160  100     1.00000000000000E-99   1.00000000000000E-99
161  100     1.00000000000000E-99   1.00000000000000E-99
162  100     1.00000000000000E-99   1.00000000000000E-99
163  100     1.00000000000000E-99   1.00000000000000E-99
164  100     1.00000000000000E-99   1.00000000000000E-99
165  100     1.00000000000000E-99   1.00000000000000E-99
166  100     1.00000000000000E-99   1.00000000000000E-99
167  100     1.00000000000000E-99   1.00000000000000E-99
168  100     1.00000000000000E-99   1.00000000000000E-99
169  100     1.00000000000000E-99   1.00000000000000E-99
170  100     1.00000000000000E-99   1.00000000000000E-99
171  100     1.00000000000000E-99   1.00000000000000E-99
172  100     1.00000000000000E-99   1.00000000000000E-99
173  100     1.00000000000000E-99   1.00000000000000E-99
174  100     1.00000000000000E-99   1.00000000000000E-99
175  100     1.00000000000000E-99   1.00000000000000E-99
176  100     1.00000000000000E-99   1.00000000000000E-99
177  100     1.00000000000000E-99   1.00000000000000E-99
178  100     1.00000000000000E-99   1.00000000000000E-99
179  100     1.00000000000000E-99   1.00000000000000E-99
180  100     1.00000000000000E-99   1.00000000000000E-99
181  100     1.00000000000000E-99   1.00000000000000E-99
182  100     1.00000000000000E-99   1.00000000000000E-99
183  100     1.00000000000000E-99   1.00000000000000E-99
184  100     1.00000000000000E-99   1.00000000000000E-99
185  100     1.00000000000000E-99   1.00000000000000E-99
186  100     1.00000000000000E-99   1.00000000000000E-99
187  100     1.00000000000000E-99   1.00000000000000E-99
188  100     1.00000000000000E-99   1.00000000000000E-99
189  100     1.00000000000000E-99   1.00000000000000E-99
190  100     1.00000000000000E-99   1.00000000000000E-99
191  100     1.00000000000000E-99   1.00000000000000E-99
192  100     1.00000000000000E-99   1.00000000000000E-99
193  100     1.00000000000000E-99   1.00000000000000E-99
194  100     1.00000000000000E-99   1.00000000000000E-99
195  100     1.00000000000000E-99   1.00000000000000E-99
196  100     1.00000000000000E-99   1.00000000000000E-99
197  100     1.00000000000000E-99   1.00000000000000E-99
198  100     1.00000000000000E-99   1.00000000000000E-99
199  100     1.00000000000000E-99   1.00000000000000E-99
200  100     1.00000000000000E-99   1.00000000000000E-99
201  100     1.00000000000000E-99   1.00000000000000E-99
202  100     1.00000000000000E-99   1.00000000000000E-99
203  100     1.00000000000000E-99   1.00000000000000E-99
204  100     1.00000000000000E-99   1.00000000000000E-99
205  100     1.00000000000000E-99   1.00000000000000E-99
206  100     1.00000000000000E-99   1.00000000000000E-99
207  100     1.00000000000000E-99   1.00000000000000E-99
208  100     1.00000000000000E-99   1.00000000000000E-99
209  100     1.00000000000000E-99   1.00000000000000E-99
210  100     1.00000000000000E-99   1.00000000000000E-99
211  100     1.00000000000000E-99   1.00000000000000E-99
213  100     1.00000000000000E-99   1.00000000000000E-99
215  100     1.00000000000000E-99   1.00000000000000E-99
217  100     1.00000000000000E-99   1.00000000000000E-99
218  100     1.00000000000000E-99   1.00000000000000E-99
219  100     1.00000000000000E-99   1.00000000000000E-99
221  100     1.00000000000000E-99   1.00000000000000E-99
223  100     1.00000000000000E-99   1.00000000000000E-99
225  100     1.00000000000000E-99   1.00000000000000E-99
152  101     1.00000000000000E-99   1.00000000000000E-99
153  101     1.00000000000000E-99   1.00000000000000E-99
154  101     1.00000000000000E-99   1.00000000000000E-99
155  101     1.00000000000000E-99   1.00000000000000E-99
156  101     1.00000000000000E-99   1.00000000000000E-99
157  101     1.00000000000000E-99   1.00000000000000E-99
158  101     1.00000000000000E-99   1.00000000000000E-99
159  101     1.00000000000000E-99   1.00000000000000E-99
160  101     1.00000000000000E-99   1.00000000000000E-99
161  101     1.00000000000000E-99   1.00000000000000E-99
162  101     1.00000000000000E-99   1.00000000000000E-99
163  101     1.00000000000000E-99   1.00000000000000E-99
164  101     1.00000000000000E-99   1.00000000000000E-99
165  101     1.00000000000000E-99   1.00000000000000E-99
166  101     1.00000000000000E-99   1.00000000000000E-99
167  101     1.00000000000000E-99   1.00000000000000E-99
168  101     1.00000000000000E-99   1.00000000000000E-99
169  101     1.00000000000000E-99   1.00000000000000E-99
170  101     1.00000000000000E-99   1.00000000000000E-99
171  101     1.00000000000000E-99   1.00000000000000E-99
172  101     1.00000000000000E-99   1.00000000000000E-99
173  101     1.00000000000000E-99   1.00000000000000E-99
174  101     1.00000000000000E-99   1.00000000000000E-99
175  101     1.00000000000000E-99   1.00000000000000E-99
176  101     1.00000000000000E-99   1.00000000000000E-99
177  101     1.00000000000000E-99   1.00000000000000E-99
178  101     1.00000000000000E-99   1.00000000000000E-99
179  101     1.00000000000000E-99   1.00000000000000E-99
180  101     1.00000000000000E-99   1.00000000000000E-99
181  101     1.00000000000000E-99   1.00000000000000E-99
182  101     1.00000000000000E-99   1.00000000000000E-99
183  101     1.00000000000000E-99   1.00000000000000E-99
184  101     1.00000000000000E-99   1.00000000000000E-99
185  101     1.00000000000000E-99   1.00000000000000E-99
186  101     1.00000000000000E-99   1.00000000000000E-99
187  101     1.00000000000000E-99   1.00000000000000E-99
188  101     1.00000000000000E-99   1.00000000000000E-99
189  101     1.00000000000000E-99   1.00000000000000E-99
190  101     1.00000000000000E-99   1.00000000000000E-99
191  101     1.00000000000000E-99   1.00000000000000E-99
192  101     1.00000000000000E-99   1.00000000000000E-99
193  101     1.00000000000000E-99   1.00000000000000E-99
194  101     1.00000000000000E-99   1.00000000000000E-99
195  101     1.00000000000000E-99   1.00000000000000E-99
196  101     1.00000000000000E-99   1.00000000000000E-99
197  101     1.00000000000000E-99   1.00000000000000E-99
198  101     1.00000000000000E-99   1.00000000000000E-99
199  101     1.00000000000000E-99   1.00000000000000E-99
200  101     1.00000000000000E-99   1.00000000000000E-99
201  101     1.00000000000000E-99   1.00000000000000E-99
202  101     1.00000000000000E-99   1.00000000000000E-99
203  101     1.00000000000000E-99   1.00000000000000E-99
204  101     1.00000000000000E-99   1.00000000000000E-99
205  101     1.00000000000000E-99   1.00000000000000E-99
206  101     1.00000000000000E-99   1.00000000000000E-99
207  101     1.00000000000000E-99   1.00000000000000E-99
208  101     1.00000000000000E-99   1.00000000000000E-99
209  101     1.00000000000000E-99   1.00000000000000E-99
210  101     1.00000000000000E-99   1.00000000000000E-99
211  101     1.00000000000000E-99   1.00000000000000E-99
212  101     1.00000000000000E-99   1.00000000000000E-99
213  101     1.00000000000000E-99   1.00000000000000E-99
214  101     1.00000000000000E-99   1.00000000000000E-99
215  101     1.00000000000000E-99   1.00000000000000E-99
216  101     1.00000000000000E-99   1.00000000000000E-99
217  101     1.00000000000000E-99   1.00000000000000E-99
218  101     1.00000000000000E-99   1.00000000000000E-99
219  101     1.00000000000000E-99   1.00000000000000E-99
220  101     1.00000000000000E-99   1.00000000000000E-99
221  101     1.00000000000000E-99   1.00000000000000E-99
223  101     1.00000000000000E-99   1.00000000000000E-99
225  101     1.00000000000000E-99   1.00000000000000E-99
227  101     1.00000000000000E-99   1.00000000000000E-99
152  102     1.00000000000000E-99   1.00000000000000E-99
153  102     1.00000000000000E-99   1.00000000000000E-99
154  102     1.00000000000000E-99   1.00000000000000E-99
155  102     1.00000000000000E-99   1.00000000000000E-99
156  102     1.00000000000000E-99   1.00000000000000E-99
157  102     1.00000000000000E-99   1.00000000000000E-99
158  102     1.00000000000000E-99   1.00000000000000E-99
159  102     1.00000000000000E-99   1.00000000000000E-99
160  102     1.00000000000000E-99   1.00000000000000E-99
161  102     1.00000000000000E-99   1.00000000000000E-99
162  102     1.00000000000000E-99   1.00000000000000E-99
163  102     1.00000000000000E-99   1.00000000000000E-99
164  102     1.00000000000000E-99   1.00000000000000E-99
165  102     1.00000000000000E-99   1.00000000000000E-99
166  102     1.00000000000000E-99   1.00000000000000E-99
167  102     1.00000000000000E-99   1.00000000000000E-99
168  102     1.00000000000000E-99   1.00000000000000E-99
169  102     1.00000000000000E-99   1.00000000000000E-99
170  102     1.00000000000000E-99   1.00000000000000E-99
171  102     1.00000000000000E-99   1.00000000000000E-99
172  102     1.00000000000000E-99   1.00000000000000E-99
173  102     1.00000000000000E-99   1.00000000000000E-99
174  102     1.00000000000000E-99   1.00000000000000E-99
175  102     1.00000000000000E-99   1.00000000000000E-99
176  102     1.00000000000000E-99   1.00000000000000E-99
177  102     1.00000000000000E-99   1.00000000000000E-99
178  102     1.00000000000000E-99   1.00000000000000E-99
179  102     1.00000000000000E-99   1.00000000000000E-99
180  102     1.00000000000000E-99   1.00000000000000E-99
181  102     1.00000000000000E-99   1.00000000000000E-99
182  102     1.00000000000000E-99   1.00000000000000E-99
183  102     1.00000000000000E-99   1.00000000000000E-99
184  102     1.00000000000000E-99   1.00000000000000E-99
185  102     1.00000000000000E-99   1.00000000000000E-99
186  102     1.00000000000000E-99   1.00000000000000E-99
187  102     1.00000000000000E-99   1.00000000000000E-99
188  102     1.00000000000000E-99   1.00000000000000E-99
189  102     1.00000000000000E-99   1.00000000000000E-99
190  102     1.00000000000000E-99   1.00000000000000E-99
191  102     1.00000000000000E-99   1.00000000000000E-99
192  102     1.00000000000000E-99   1.00000000000000E-99
193  102     1.00000000000000E-99   1.00000000000000E-99
194  102     1.00000000000000E-99   1.00000000000000E-99
195  102     1.00000000000000E-99   1.00000000000000E-99
196  102     1.00000000000000E-99   1.00000000000000E-99
197  102     1.00000000000000E-99   1.00000000000000E-99
198  102     1.00000000000000E-99   1.00000000000000E-99
199  102     1.00000000000000E-99   1.00000000000000E-99
200  102     1.00000000000000E-99   1.00000000000000E-99
201  102     1.00000000000000E-99   1.00000000000000E-99
202  102     1.00000000000000E-99   1.00000000000000E-99
203  102     1.00000000000000E-99   1.00000000000000E-99
204  102     1.00000000000000E-99   1.00000000000000E-99
205  102     1.00000000000000E-99   1.00000000000000E-99
206  102     1.00000000000000E-99   1.00000000000000E-99
207  102     1.00000000000000E-99   1.00000000000000E-99
208  102     1.00000000000000E-99   1.00000000000000E-99
209  102     1.00000000000000E-99   1.00000000000000E-99
210  102     1.00000000000000E-99   1.00000000000000E-99
211  102     1.00000000000000E-99   1.00000000000000E-99
212  102     1.00000000000000E-99   1.00000000000000E-99
213  102     1.00000000000000E-99   1.00000000000000E-99
214  102     1.00000000000000E-99   1.00000000000000E-99
215  102     1.00000000000000E-99   1.00000000000000E-99
216  102     1.00000000000000E-99   1.00000000000000E-99
217  102     1.00000000000000E-99   1.00000000000000E-99
218  102     1.00000000000000E-99   1.00000000000000E-99
219  102     1.00000000000000E-99   1.00000000000000E-99
221  102     1.00000000000000E-99   1.00000000000000E-99
223  102     1.00000000000000E-99   1.00000000000000E-99
225  102     1.00000000000000E-99   1.00000000000000E-99
227  102     1.00000000000000E-99   1.00000000000000E-99
229  102     1.00000000000000E-99   1.00000000000000E-99
153  103     1.00000000000000E-99   1.00000000000000E-99
154  103     1.00000000000000E-99   1.00000000000000E-99
155  103     1.00000000000000E-99   1.00000000000000E-99
156  103     1.00000000000000E-99   1.00000000000000E-99
157  103     1.00000000000000E-99   1.00000000000000E-99
158  103     1.00000000000000E-99   1.00000000000000E-99
159  103     1.00000000000000E-99   1.00000000000000E-99
160  103     1.00000000000000E-99   1.00000000000000E-99
161  103     1.00000000000000E-99   1.00000000000000E-99
162  103     1.00000000000000E-99   1.00000000000000E-99
163  103     1.00000000000000E-99   1.00000000000000E-99
164  103     1.00000000000000E-99   1.00000000000000E-99
165  103     1.00000000000000E-99   1.00000000000000E-99
166  103     1.00000000000000E-99   1.00000000000000E-99
167  103     1.00000000000000E-99   1.00000000000000E-99
168  103     1.00000000000000E-99   1.00000000000000E-99
169  103     1.00000000000000E-99   1.00000000000000E-99
170  103     1.00000000000000E-99   1.00000000000000E-99
171  103     1.00000000000000E-99   1.00000000000000E-99
172  103     1.00000000000000E-99   1.00000000000000E-99
173  103     1.00000000000000E-99   1.00000000000000E-99
174  103     1.00000000000000E-99   1.00000000000000E-99
175  103     1.00000000000000E-99   1.00000000000000E-99
176  103     1.00000000000000E-99   1.00000000000000E-99
177  103     1.00000000000000E-99   1.00000000000000E-99
178  103     1.00000000000000E-99   1.00000000000000E-99
179  103     1.00000000000000E-99   1.00000000000000E-99
180  103     1.00000000000000E-99   1.00000000000000E-99
181  103     1.00000000000000E-99   1.00000000000000E-99
182  103     1.00000000000000E-99   1.00000000000000E-99
183  103     1.00000000000000E-99   1.00000000000000E-99
184  103     1.00000000000000E-99   1.00000000000000E-99
185  103     1.00000000000000E-99   1.00000000000000E-99
186  103     1.00000000000000E-99   1.00000000000000E-99
187  103     1.00000000000000E-99   1.00000000000000E-99
188  103     1.00000000000000E-99   1.00000000000000E-99
189  103     1.00000000000000E-99   1.00000000000000E-99
190  103     1.00000000000000E-99   1.00000000000000E-99
191  103     1.00000000000000E-99   1.00000000000000E-99
192  103     1.00000000000000E-99   1.00000000000000E-99
193  103     1.00000000000000E-99   1.00000000000000E-99
194  103     1.00000000000000E-99   1.00000000000000E-99
195  103     1.00000000000000E-99   1.00000000000000E-99
196  103     1.00000000000000E-99   1.00000000000000E-99
197  103     1.00000000000000E-99   1.00000000000000E-99
198  103     1.00000000000000E-99   1.00000000000000E-99
199  103     1.00000000000000E-99   1.00000000000000E-99
200  103     1.00000000000000E-99   1.00000000000000E-99
201  103     1.00000000000000E-99   1.00000000000000E-99
202  103     1.00000000000000E-99   1.00000000000000E-99
203  103     1.00000000000000E-99   1.00000000000000E-99
204  103     1.00000000000000E-99   1.00000000000000E-99
205  103     1.00000000000000E-99   1.00000000000000E-99
206  103     1.00000000000000E-99   1.00000000000000E-99
207  103     1.00000000000000E-99   1.00000000000000E-99
208  103     1.00000000000000E-99   1.00000000000000E-99
209  103     1.00000000000000E-99   1.00000000000000E-99
210  103     1.00000000000000E-99   1.00000000000000E-99
211  103     1.00000000000000E-99   1.00000000000000E-99
212  103     1.00000000000000E-99   1.00000000000000E-99
213  103     1.00000000000000E-99   1.00000000000000E-99
214  103     1.00000000000000E-99   1.00000000000000E-99
215  103     1.00000000000000E-99   1.00000000000000E-99
216  103     1.00000000000000E-99   1.00000000000000E-99
217  103     1.00000000000000E-99   1.00000000000000E-99
218  103     1.00000000000000E-99   1.00000000000000E-99
219  103     1.00000000000000E-99   1.00000000000000E-99
220  103     1.00000000000000E-99   1.00000000000000E-99
221  103     1.00000000000000E-99   1.00000000000000E-99
222  103     1.00000000000000E-99   1.00000000000000E-99
223  103     1.00000000000000E-99   1.00000000000000E-99
225  103     1.00000000000000E-99   1.00000000000000E-99
229  103     1.00000000000000E-99   1.00000000000000E-99
231  103     1.00000000000000E-99   1.00000000000000E-99
156  104     1.00000000000000E-99   1.00000000000000E-99
157  104     1.00000000000000E-99   1.00000000000000E-99
158  104     1.00000000000000E-99   1.00000000000000E-99
159  104     1.00000000000000E-99   1.00000000000000E-99
160  104     1.00000000000000E-99   1.00000000000000E-99
161  104     1.00000000000000E-99   1.00000000000000E-99
162  104     1.00000000000000E-99   1.00000000000000E-99
163  104     1.00000000000000E-99   1.00000000000000E-99
164  104     1.00000000000000E-99   1.00000000000000E-99
165  104     1.00000000000000E-99   1.00000000000000E-99
166  104     1.00000000000000E-99   1.00000000000000E-99
167  104     1.00000000000000E-99   1.00000000000000E-99
168  104     1.00000000000000E-99   1.00000000000000E-99
169  104     1.00000000000000E-99   1.00000000000000E-99
170  104     1.00000000000000E-99   1.00000000000000E-99
171  104     1.00000000000000E-99   1.00000000000000E-99
172  104     1.00000000000000E-99   1.00000000000000E-99
173  104     1.00000000000000E-99   1.00000000000000E-99
174  104     1.00000000000000E-99   1.00000000000000E-99
175  104     1.00000000000000E-99   1.00000000000000E-99
176  104     1.00000000000000E-99   1.00000000000000E-99
177  104     1.00000000000000E-99   1.00000000000000E-99
178  104     1.00000000000000E-99   1.00000000000000E-99
179  104     1.00000000000000E-99   1.00000000000000E-99
180  104     1.00000000000000E-99   1.00000000000000E-99
181  104     1.00000000000000E-99   1.00000000000000E-99
182  104     1.00000000000000E-99   1.00000000000000E-99
183  104     1.00000000000000E-99   1.00000000000000E-99
184  104     1.00000000000000E-99   1.00000000000000E-99
185  104     1.00000000000000E-99   1.00000000000000E-99
186  104     1.00000000000000E-99   1.00000000000000E-99
187  104     1.00000000000000E-99   1.00000000000000E-99
188  104     1.00000000000000E-99   1.00000000000000E-99
189  104     1.00000000000000E-99   1.00000000000000E-99
190  104     1.00000000000000E-99   1.00000000000000E-99
191  104     1.00000000000000E-99   1.00000000000000E-99
192  104     1.00000000000000E-99   1.00000000000000E-99
193  104     1.00000000000000E-99   1.00000000000000E-99
194  104     1.00000000000000E-99   1.00000000000000E-99
195  104     1.00000000000000E-99   1.00000000000000E-99
196  104     1.00000000000000E-99   1.00000000000000E-99
197  104     1.00000000000000E-99   1.00000000000000E-99
198  104     1.00000000000000E-99   1.00000000000000E-99
199  104     1.00000000000000E-99   1.00000000000000E-99
200  104     1.00000000000000E-99   1.00000000000000E-99
201  104     1.00000000000000E-99   1.00000000000000E-99
202  104     1.00000000000000E-99   1.00000000000000E-99
203  104     1.00000000000000E-99   1.00000000000000E-99
204  104     1.00000000000000E-99   1.00000000000000E-99
205  104     1.00000000000000E-99   1.00000000000000E-99
206  104     1.00000000000000E-99   1.00000000000000E-99
207  104     1.00000000000000E-99   1.00000000000000E-99
208  104     1.00000000000000E-99   1.00000000000000E-99
209  104     1.00000000000000E-99   1.00000000000000E-99
210  104     1.00000000000000E-99   1.00000000000000E-99
211  104     1.00000000000000E-99   1.00000000000000E-99
212  104     1.00000000000000E-99   1.00000000000000E-99
213  104     1.00000000000000E-99   1.00000000000000E-99
214  104     1.00000000000000E-99   1.00000000000000E-99
215  104     1.00000000000000E-99   1.00000000000000E-99
216  104     1.00000000000000E-99   1.00000000000000E-99
217  104     1.00000000000000E-99   1.00000000000000E-99
218  104     1.00000000000000E-99   1.00000000000000E-99
219  104     1.00000000000000E-99   1.00000000000000E-99
220  104     1.00000000000000E-99   1.00000000000000E-99
221  104     1.00000000000000E-99   1.00000000000000E-99
222  104     1.00000000000000E-99   1.00000000000000E-99
223  104     1.00000000000000E-99   1.00000000000000E-99
225  104     1.00000000000000E-99   1.00000000000000E-99
229  104     1.00000000000000E-99   1.00000000000000E-99
231  104     1.00000000000000E-99   1.00000000000000E-99
233  104     1.00000000000000E-99   1.00000000000000E-99
157  105     1.00000000000000E-99   1.00000000000000E-99
158  105     1.00000000000000E-99   1.00000000000000E-99
159  105     1.00000000000000E-99   1.00000000000000E-99
160  105     1.00000000000000E-99   1.00000000000000E-99
161  105     1.00000000000000E-99   1.00000000000000E-99
162  105     1.00000000000000E-99   1.00000000000000E-99
163  105     1.00000000000000E-99   1.00000000000000E-99
164  105     1.00000000000000E-99   1.00000000000000E-99
165  105     1.00000000000000E-99   1.00000000000000E-99
166  105     1.00000000000000E-99   1.00000000000000E-99
167  105     1.00000000000000E-99   1.00000000000000E-99
168  105     1.00000000000000E-99   1.00000000000000E-99
169  105     1.00000000000000E-99   1.00000000000000E-99
170  105     1.00000000000000E-99   1.00000000000000E-99
171  105     1.00000000000000E-99   1.00000000000000E-99
172  105     1.00000000000000E-99   1.00000000000000E-99
173  105     1.00000000000000E-99   1.00000000000000E-99
174  105     1.00000000000000E-99   1.00000000000000E-99
175  105     1.00000000000000E-99   1.00000000000000E-99
176  105     1.00000000000000E-99   1.00000000000000E-99
177  105     1.00000000000000E-99   1.00000000000000E-99
178  105     1.00000000000000E-99   1.00000000000000E-99
179  105     1.00000000000000E-99   1.00000000000000E-99
180  105     1.00000000000000E-99   1.00000000000000E-99
181  105     1.00000000000000E-99   1.00000000000000E-99
182  105     1.00000000000000E-99   1.00000000000000E-99
183  105     1.00000000000000E-99   1.00000000000000E-99
184  105     1.00000000000000E-99   1.00000000000000E-99
185  105     1.00000000000000E-99   1.00000000000000E-99
186  105     1.00000000000000E-99   1.00000000000000E-99
187  105     1.00000000000000E-99   1.00000000000000E-99
188  105     1.00000000000000E-99   1.00000000000000E-99
189  105     1.00000000000000E-99   1.00000000000000E-99
190  105     1.00000000000000E-99   1.00000000000000E-99
191  105     1.00000000000000E-99   1.00000000000000E-99
192  105     1.00000000000000E-99   1.00000000000000E-99
193  105     1.00000000000000E-99   1.00000000000000E-99
194  105     1.00000000000000E-99   1.00000000000000E-99
195  105     1.00000000000000E-99   1.00000000000000E-99
196  105     1.00000000000000E-99   1.00000000000000E-99
197  105     1.00000000000000E-99   1.00000000000000E-99
198  105     1.00000000000000E-99   1.00000000000000E-99
199  105     1.00000000000000E-99   1.00000000000000E-99
200  105     1.00000000000000E-99   1.00000000000000E-99
201  105     1.00000000000000E-99   1.00000000000000E-99
202  105     1.00000000000000E-99   1.00000000000000E-99
203  105     1.00000000000000E-99   1.00000000000000E-99
204  105     1.00000000000000E-99   1.00000000000000E-99
205  105     1.00000000000000E-99   1.00000000000000E-99
206  105     1.00000000000000E-99   1.00000000000000E-99
207  105     1.00000000000000E-99   1.00000000000000E-99
208  105     1.00000000000000E-99   1.00000000000000E-99
209  105     1.00000000000000E-99   1.00000000000000E-99
210  105     1.00000000000000E-99   1.00000000000000E-99
211  105     1.00000000000000E-99   1.00000000000000E-99
212  105     1.00000000000000E-99   1.00000000000000E-99
213  105     1.00000000000000E-99   1.00000000000000E-99
214  105     1.00000000000000E-99   1.00000000000000E-99
215  105     1.00000000000000E-99   1.00000000000000E-99
216  105     1.00000000000000E-99   1.00000000000000E-99
217  105     1.00000000000000E-99   1.00000000000000E-99
218  105     1.00000000000000E-99   1.00000000000000E-99
219  105     1.00000000000000E-99   1.00000000000000E-99
220  105     1.00000000000000E-99   1.00000000000000E-99
221  105     1.00000000000000E-99   1.00000000000000E-99
222  105     1.00000000000000E-99   1.00000000000000E-99
223  105     1.00000000000000E-99   1.00000000000000E-99
224  105     1.00000000000000E-99   1.00000000000000E-99
225  105     1.00000000000000E-99   1.00000000000000E-99
228  105     1.00000000000000E-99   1.00000000000000E-99
229  105     1.00000000000000E-99   1.00000000000000E-99
231  105     1.00000000000000E-99   1.00000000000000E-99
160  106     1.00000000000000E-99   1.00000000000000E-99
161  106     1.00000000000000E-99   1.00000000000000E-99
162  106     1.00000000000000E-99   1.00000000000000E-99
163  106     1.00000000000000E-99   1.00000000000000E-99
164  106     1.00000000000000E-99   1.00000000000000E-99
165  106     1.00000000000000E-99   1.00000000000000E-99
166  106     1.00000000000000E-99   1.00000000000000E-99
167  106     1.00000000000000E-99   1.00000000000000E-99
168  106     1.00000000000000E-99   1.00000000000000E-99
169  106     1.00000000000000E-99   1.00000000000000E-99
170  106     1.00000000000000E-99   1.00000000000000E-99
171  106     1.00000000000000E-99   1.00000000000000E-99
172  106     1.00000000000000E-99   1.00000000000000E-99
173  106     1.00000000000000E-99   1.00000000000000E-99
174  106     1.00000000000000E-99   1.00000000000000E-99
175  106     1.00000000000000E-99   1.00000000000000E-99
176  106     1.00000000000000E-99   1.00000000000000E-99
177  106     1.00000000000000E-99   1.00000000000000E-99
178  106     1.00000000000000E-99   1.00000000000000E-99
179  106     1.00000000000000E-99   1.00000000000000E-99
180  106     1.00000000000000E-99   1.00000000000000E-99
181  106     1.00000000000000E-99   1.00000000000000E-99
182  106     1.00000000000000E-99   1.00000000000000E-99
183  106     1.00000000000000E-99   1.00000000000000E-99
184  106     1.00000000000000E-99   1.00000000000000E-99
185  106     1.00000000000000E-99   1.00000000000000E-99
186  106     1.00000000000000E-99   1.00000000000000E-99
187  106     1.00000000000000E-99   1.00000000000000E-99
188  106     1.00000000000000E-99   1.00000000000000E-99
189  106     1.00000000000000E-99   1.00000000000000E-99
190  106     1.00000000000000E-99   1.00000000000000E-99
191  106     1.00000000000000E-99   1.00000000000000E-99
192  106     1.00000000000000E-99   1.00000000000000E-99
193  106     1.00000000000000E-99   1.00000000000000E-99
194  106     1.00000000000000E-99   1.00000000000000E-99
195  106     1.00000000000000E-99   1.00000000000000E-99
196  106     1.00000000000000E-99   1.00000000000000E-99
197  106     1.00000000000000E-99   1.00000000000000E-99
198  106     1.00000000000000E-99   1.00000000000000E-99
199  106     1.00000000000000E-99   1.00000000000000E-99
200  106     1.00000000000000E-99   1.00000000000000E-99
201  106     1.00000000000000E-99   1.00000000000000E-99
202  106     1.00000000000000E-99   1.00000000000000E-99
203  106     1.00000000000000E-99   1.00000000000000E-99
204  106     1.00000000000000E-99   1.00000000000000E-99
205  106     1.00000000000000E-99   1.00000000000000E-99
206  106     1.00000000000000E-99   1.00000000000000E-99
207  106     1.00000000000000E-99   1.00000000000000E-99
208  106     1.00000000000000E-99   1.00000000000000E-99
209  106     1.00000000000000E-99   1.00000000000000E-99
210  106     1.00000000000000E-99   1.00000000000000E-99
211  106     1.00000000000000E-99   1.00000000000000E-99
212  106     1.00000000000000E-99   1.00000000000000E-99
213  106     1.00000000000000E-99   1.00000000000000E-99
214  106     1.00000000000000E-99   1.00000000000000E-99
215  106     1.00000000000000E-99   1.00000000000000E-99
216  106     1.00000000000000E-99   1.00000000000000E-99
217  106     1.00000000000000E-99   1.00000000000000E-99
218  106     1.00000000000000E-99   1.00000000000000E-99
219  106     1.00000000000000E-99   1.00000000000000E-99
220  106     1.00000000000000E-99   1.00000000000000E-99
221  106     1.00000000000000E-99   1.00000000000000E-99
222  106     1.00000000000000E-99   1.00000000000000E-99
223  106     1.00000000000000E-99   1.00000000000000E-99
224  106     1.00000000000000E-99   1.00000000000000E-99
225  106     1.00000000000000E-99   1.00000000000000E-99
227  106     1.00000000000000E-99   1.00000000000000E-99
228  106     1.00000000000000E-99   1.00000000000000E-99
229  106     1.00000000000000E-99   1.00000000000000E-99
231  106     1.00000000000000E-99   1.00000000000000E-99
162  107     1.00000000000000E-99   1.00000000000000E-99
163  107     1.00000000000000E-99   1.00000000000000E-99
164  107     1.00000000000000E-99   1.00000000000000E-99
165  107     1.00000000000000E-99   1.00000000000000E-99
166  107     1.00000000000000E-99   1.00000000000000E-99
167  107     1.00000000000000E-99   1.00000000000000E-99
168  107     1.00000000000000E-99   1.00000000000000E-99
169  107     1.00000000000000E-99   1.00000000000000E-99
170  107     1.00000000000000E-99   1.00000000000000E-99
171  107     1.00000000000000E-99   1.00000000000000E-99
172  107     1.00000000000000E-99   1.00000000000000E-99
173  107     1.00000000000000E-99   1.00000000000000E-99
174  107     1.00000000000000E-99   1.00000000000000E-99
175  107     1.00000000000000E-99   1.00000000000000E-99
176  107     1.00000000000000E-99   1.00000000000000E-99
177  107     1.00000000000000E-99   1.00000000000000E-99
178  107     1.00000000000000E-99   1.00000000000000E-99
179  107     1.00000000000000E-99   1.00000000000000E-99
180  107     1.00000000000000E-99   1.00000000000000E-99
181  107     1.00000000000000E-99   1.00000000000000E-99
182  107     1.00000000000000E-99   1.00000000000000E-99
183  107     1.00000000000000E-99   1.00000000000000E-99
184  107     1.00000000000000E-99   1.00000000000000E-99
185  107     1.00000000000000E-99   1.00000000000000E-99
186  107     1.00000000000000E-99   1.00000000000000E-99
187  107     1.00000000000000E-99   1.00000000000000E-99
188  107     1.00000000000000E-99   1.00000000000000E-99
189  107     1.00000000000000E-99   1.00000000000000E-99
190  107     1.00000000000000E-99   1.00000000000000E-99
191  107     1.00000000000000E-99   1.00000000000000E-99
192  107     1.00000000000000E-99   1.00000000000000E-99
193  107     1.00000000000000E-99   1.00000000000000E-99
194  107     1.00000000000000E-99   1.00000000000000E-99
195  107     1.00000000000000E-99   1.00000000000000E-99
196  107     1.00000000000000E-99   1.00000000000000E-99
197  107     1.00000000000000E-99   1.00000000000000E-99
198  107     1.00000000000000E-99   1.00000000000000E-99
199  107     1.00000000000000E-99   1.00000000000000E-99
200  107     1.00000000000000E-99   1.00000000000000E-99
201  107     1.00000000000000E-99   1.00000000000000E-99
202  107     1.00000000000000E-99   1.00000000000000E-99
203  107     1.00000000000000E-99   1.00000000000000E-99
204  107     1.00000000000000E-99   1.00000000000000E-99
205  107     1.00000000000000E-99   1.00000000000000E-99
206  107     1.00000000000000E-99   1.00000000000000E-99
207  107     1.00000000000000E-99   1.00000000000000E-99
208  107     1.00000000000000E-99   1.00000000000000E-99
209  107     1.00000000000000E-99   1.00000000000000E-99
210  107     1.00000000000000E-99   1.00000000000000E-99
211  107     1.00000000000000E-99   1.00000000000000E-99
212  107     1.00000000000000E-99   1.00000000000000E-99
213  107     1.00000000000000E-99   1.00000000000000E-99
214  107     1.00000000000000E-99   1.00000000000000E-99
215  107     1.00000000000000E-99   1.00000000000000E-99
216  107     1.00000000000000E-99   1.00000000000000E-99
217  107     1.00000000000000E-99   1.00000000000000E-99
218  107     1.00000000000000E-99   1.00000000000000E-99
219  107     1.00000000000000E-99   1.00000000000000E-99
220  107     1.00000000000000E-99   1.00000000000000E-99
221  107     1.00000000000000E-99   1.00000000000000E-99
222  107     1.00000000000000E-99   1.00000000000000E-99
223  107     1.00000000000000E-99   1.00000000000000E-99
224  107     1.00000000000000E-99   1.00000000000000E-99
225  107     1.00000000000000E-99   1.00000000000000E-99
227  107     1.00000000000000E-99   1.00000000000000E-99
228  107     1.00000000000000E-99   1.00000000000000E-99
229  107     1.00000000000000E-99   1.00000000000000E-99
230  107     1.00000000000000E-99   1.00000000000000E-99
165  108     1.00000000000000E-99   1.00000000000000E-99
166  108     1.00000000000000E-99   1.00000000000000E-99
167  108     1.00000000000000E-99   1.00000000000000E-99
168  108     1.00000000000000E-99   1.00000000000000E-99
169  108     1.00000000000000E-99   1.00000000000000E-99
170  108     1.00000000000000E-99   1.00000000000000E-99
171  108     1.00000000000000E-99   1.00000000000000E-99
172  108     1.00000000000000E-99   1.00000000000000E-99
173  108     1.00000000000000E-99   1.00000000000000E-99
174  108     1.00000000000000E-99   1.00000000000000E-99
175  108     1.00000000000000E-99   1.00000000000000E-99
176  108     1.00000000000000E-99   1.00000000000000E-99
177  108     1.00000000000000E-99   1.00000000000000E-99
178  108     1.00000000000000E-99   1.00000000000000E-99
179  108     1.00000000000000E-99   1.00000000000000E-99
180  108     1.00000000000000E-99   1.00000000000000E-99
181  108     1.00000000000000E-99   1.00000000000000E-99
182  108     1.00000000000000E-99   1.00000000000000E-99
183  108     1.00000000000000E-99   1.00000000000000E-99
184  108     1.00000000000000E-99   1.00000000000000E-99
185  108     1.00000000000000E-99   1.00000000000000E-99
186  108     1.00000000000000E-99   1.00000000000000E-99
187  108     1.00000000000000E-99   1.00000000000000E-99
188  108     1.00000000000000E-99   1.00000000000000E-99
189  108     1.00000000000000E-99   1.00000000000000E-99
190  108     1.00000000000000E-99   1.00000000000000E-99
191  108     1.00000000000000E-99   1.00000000000000E-99
192  108     1.00000000000000E-99   1.00000000000000E-99
193  108     1.00000000000000E-99   1.00000000000000E-99
194  108     1.00000000000000E-99   1.00000000000000E-99
195  108     1.00000000000000E-99   1.00000000000000E-99
196  108     1.00000000000000E-99   1.00000000000000E-99
197  108     1.00000000000000E-99   1.00000000000000E-99
198  108     1.00000000000000E-99   1.00000000000000E-99
199  108     1.00000000000000E-99   1.00000000000000E-99
200  108     1.00000000000000E-99   1.00000000000000E-99
201  108     1.00000000000000E-99   1.00000000000000E-99
202  108     1.00000000000000E-99   1.00000000000000E-99
203  108     1.00000000000000E-99   1.00000000000000E-99
204  108     1.00000000000000E-99   1.00000000000000E-99
205  108     1.00000000000000E-99   1.00000000000000E-99
206  108     1.00000000000000E-99   1.00000000000000E-99
207  108     1.00000000000000E-99   1.00000000000000E-99
208  108     1.00000000000000E-99   1.00000000000000E-99
209  108     1.00000000000000E-99   1.00000000000000E-99
210  108     1.00000000000000E-99   1.00000000000000E-99
211  108     1.00000000000000E-99   1.00000000000000E-99
212  108     1.00000000000000E-99   1.00000000000000E-99
213  108     1.00000000000000E-99   1.00000000000000E-99
214  108     1.00000000000000E-99   1.00000000000000E-99
215  108     1.00000000000000E-99   1.00000000000000E-99
216  108     1.00000000000000E-99   1.00000000000000E-99
217  108     1.00000000000000E-99   1.00000000000000E-99
218  108     1.00000000000000E-99   1.00000000000000E-99
219  108     1.00000000000000E-99   1.00000000000000E-99
221  108     1.00000000000000E-99   1.00000000000000E-99
222  108     1.00000000000000E-99   1.00000000000000E-99
223  108     1.00000000000000E-99   1.00000000000000E-99
224  108     1.00000000000000E-99   1.00000000000000E-99
226  108     1.00000000000000E-99   1.00000000000000E-99
227  108     1.00000000000000E-99   1.00000000000000E-99
228  108     1.00000000000000E-99   1.00000000000000E-99
229  108     1.00000000000000E-99   1.00000000000000E-99
166  109     1.00000000000000E-99   1.00000000000000E-99
167  109     1.00000000000000E-99   1.00000000000000E-99
168  109     1.00000000000000E-99   1.00000000000000E-99
169  109     1.00000000000000E-99   1.00000000000000E-99
170  109     1.00000000000000E-99   1.00000000000000E-99
171  109     1.00000000000000E-99   1.00000000000000E-99
172  109     1.00000000000000E-99   1.00000000000000E-99
173  109     1.00000000000000E-99   1.00000000000000E-99
174  109     1.00000000000000E-99   1.00000000000000E-99
175  109     1.00000000000000E-99   1.00000000000000E-99
176  109     1.00000000000000E-99   1.00000000000000E-99
177  109     1.00000000000000E-99   1.00000000000000E-99
178  109     1.00000000000000E-99   1.00000000000000E-99
179  109     1.00000000000000E-99   1.00000000000000E-99
180  109     1.00000000000000E-99   1.00000000000000E-99
181  109     1.00000000000000E-99   1.00000000000000E-99
182  109     1.00000000000000E-99   1.00000000000000E-99
183  109     1.00000000000000E-99   1.00000000000000E-99
184  109     1.00000000000000E-99   1.00000000000000E-99
185  109     1.00000000000000E-99   1.00000000000000E-99
186  109     1.00000000000000E-99   1.00000000000000E-99
187  109     1.00000000000000E-99   1.00000000000000E-99
188  109     1.00000000000000E-99   1.00000000000000E-99
189  109     1.00000000000000E-99   1.00000000000000E-99
190  109     1.00000000000000E-99   1.00000000000000E-99
191  109     1.00000000000000E-99   1.00000000000000E-99
192  109     1.00000000000000E-99   1.00000000000000E-99
193  109     1.00000000000000E-99   1.00000000000000E-99
194  109     1.00000000000000E-99   1.00000000000000E-99
195  109     1.00000000000000E-99   1.00000000000000E-99
196  109     1.00000000000000E-99   1.00000000000000E-99
197  109     1.00000000000000E-99   1.00000000000000E-99
198  109     1.00000000000000E-99   1.00000000000000E-99
199  109     1.00000000000000E-99   1.00000000000000E-99
200  109     1.00000000000000E-99   1.00000000000000E-99
201  109     1.00000000000000E-99   1.00000000000000E-99
202  109     1.00000000000000E-99   1.00000000000000E-99
203  109     1.00000000000000E-99   1.00000000000000E-99
204  109     1.00000000000000E-99   1.00000000000000E-99
205  109     1.00000000000000E-99   1.00000000000000E-99
206  109     1.00000000000000E-99   1.00000000000000E-99
207  109     1.00000000000000E-99   1.00000000000000E-99
208  109     1.00000000000000E-99   1.00000000000000E-99
209  109     1.00000000000000E-99   1.00000000000000E-99
210  109     1.00000000000000E-99   1.00000000000000E-99
211  109     1.00000000000000E-99   1.00000000000000E-99
212  109     1.00000000000000E-99   1.00000000000000E-99
213  109     1.00000000000000E-99   1.00000000000000E-99
214  109     1.00000000000000E-99   1.00000000000000E-99
215  109     1.00000000000000E-99   1.00000000000000E-99
216  109     1.00000000000000E-99   1.00000000000000E-99
217  109     1.00000000000000E-99   1.00000000000000E-99
218  109     1.00000000000000E-99   1.00000000000000E-99
220  109     1.00000000000000E-99   1.00000000000000E-99
221  109     1.00000000000000E-99   1.00000000000000E-99
222  109     1.00000000000000E-99   1.00000000000000E-99
223  109     1.00000000000000E-99   1.00000000000000E-99
224  109     1.00000000000000E-99   1.00000000000000E-99
225  109     1.00000000000000E-99   1.00000000000000E-99
226  109     1.00000000000000E-99   1.00000000000000E-99
227  109     1.00000000000000E-99   1.00000000000000E-99
228  109     1.00000000000000E-99   1.00000000000000E-99
169  110     1.00000000000000E-99   1.00000000000000E-99
170  110     1.00000000000000E-99   1.00000000000000E-99
171  110     1.00000000000000E-99   1.00000000000000E-99
172  110     1.00000000000000E-99   1.00000000000000E-99
173  110     1.00000000000000E-99   1.00000000000000E-99
174  110     1.00000000000000E-99   1.00000000000000E-99
175  110     1.00000000000000E-99   1.00000000000000E-99
176  110     1.00000000000000E-99   1.00000000000000E-99
177  110     1.00000000000000E-99   1.00000000000000E-99
178  110     1.00000000000000E-99   1.00000000000000E-99
179  110     1.00000000000000E-99   1.00000000000000E-99
180  110     1.00000000000000E-99   1.00000000000000E-99
181  110     1.00000000000000E-99   1.00000000000000E-99
182  110     1.00000000000000E-99   1.00000000000000E-99
183  110     1.00000000000000E-99   1.00000000000000E-99
184  110     1.00000000000000E-99   1.00000000000000E-99
185  110     1.00000000000000E-99   1.00000000000000E-99
186  110     1.00000000000000E-99   1.00000000000000E-99
187  110     1.00000000000000E-99   1.00000000000000E-99
188  110     1.00000000000000E-99   1.00000000000000E-99
189  110     1.00000000000000E-99   1.00000000000000E-99
190  110     1.00000000000000E-99   1.00000000000000E-99
191  110     1.00000000000000E-99   1.00000000000000E-99
192  110     1.00000000000000E-99   1.00000000000000E-99
193  110     1.00000000000000E-99   1.00000000000000E-99
194  110     1.00000000000000E-99   1.00000000000000E-99
195  110     1.00000000000000E-99   1.00000000000000E-99
196  110     1.00000000000000E-99   1.00000000000000E-99
197  110     1.00000000000000E-99   1.00000000000000E-99
198  110     1.00000000000000E-99   1.00000000000000E-99
199  110     1.00000000000000E-99   1.00000000000000E-99
200  110     1.00000000000000E-99   1.00000000000000E-99
201  110     1.00000000000000E-99   1.00000000000000E-99
202  110     1.00000000000000E-99   1.00000000000000E-99
203  110     1.00000000000000E-99   1.00000000000000E-99
204  110     1.00000000000000E-99   1.00000000000000E-99
205  110     1.00000000000000E-99   1.00000000000000E-99
206  110     1.00000000000000E-99   1.00000000000000E-99
207  110     1.00000000000000E-99   1.00000000000000E-99
208  110     1.00000000000000E-99   1.00000000000000E-99
209  110     1.00000000000000E-99   1.00000000000000E-99
210  110     1.00000000000000E-99   1.00000000000000E-99
211  110     1.00000000000000E-99   1.00000000000000E-99
212  110     1.00000000000000E-99   1.00000000000000E-99
213  110     1.00000000000000E-99   1.00000000000000E-99
214  110     1.00000000000000E-99   1.00000000000000E-99
215  110     1.00000000000000E-99   1.00000000000000E-99
216  110     1.00000000000000E-99   1.00000000000000E-99
217  110     1.00000000000000E-99   1.00000000000000E-99
218  110     1.00000000000000E-99   1.00000000000000E-99
219  110     1.00000000000000E-99   1.00000000000000E-99
220  110     1.00000000000000E-99   1.00000000000000E-99
221  110     1.00000000000000E-99   1.00000000000000E-99
222  110     1.00000000000000E-99   1.00000000000000E-99
223  110     1.00000000000000E-99   1.00000000000000E-99
224  110     1.00000000000000E-99   1.00000000000000E-99
225  110     1.00000000000000E-99   1.00000000000000E-99
226  110     1.00000000000000E-99   1.00000000000000E-99
227  110     1.00000000000000E-99   1.00000000000000E-99
172  111     1.00000000000000E-99   1.00000000000000E-99
173  111     1.00000000000000E-99   1.00000000000000E-99
174  111     1.00000000000000E-99   1.00000000000000E-99
175  111     1.00000000000000E-99   1.00000000000000E-99
176  111     1.00000000000000E-99   1.00000000000000E-99
177  111     1.00000000000000E-99   1.00000000000000E-99
178  111     1.00000000000000E-99   1.00000000000000E-99
179  111     1.00000000000000E-99   1.00000000000000E-99
180  111     1.00000000000000E-99   1.00000000000000E-99
181  111     1.00000000000000E-99   1.00000000000000E-99
182  111     1.00000000000000E-99   1.00000000000000E-99
183  111     1.00000000000000E-99   1.00000000000000E-99
184  111     1.00000000000000E-99   1.00000000000000E-99
185  111     1.00000000000000E-99   1.00000000000000E-99
186  111     1.00000000000000E-99   1.00000000000000E-99
187  111     1.00000000000000E-99   1.00000000000000E-99
188  111     1.00000000000000E-99   1.00000000000000E-99
189  111     1.00000000000000E-99   1.00000000000000E-99
190  111     1.00000000000000E-99   1.00000000000000E-99
191  111     1.00000000000000E-99   1.00000000000000E-99
192  111     1.00000000000000E-99   1.00000000000000E-99
193  111     1.00000000000000E-99   1.00000000000000E-99
194  111     1.00000000000000E-99   1.00000000000000E-99
195  111     1.00000000000000E-99   1.00000000000000E-99
196  111     1.00000000000000E-99   1.00000000000000E-99
197  111     1.00000000000000E-99   1.00000000000000E-99
198  111     1.00000000000000E-99   1.00000000000000E-99
199  111     1.00000000000000E-99   1.00000000000000E-99
200  111     1.00000000000000E-99   1.00000000000000E-99
201  111     1.00000000000000E-99   1.00000000000000E-99
202  111     1.00000000000000E-99   1.00000000000000E-99
203  111     1.00000000000000E-99   1.00000000000000E-99
204  111     1.00000000000000E-99   1.00000000000000E-99
205  111     1.00000000000000E-99   1.00000000000000E-99
206  111     1.00000000000000E-99   1.00000000000000E-99
207  111     1.00000000000000E-99   1.00000000000000E-99
208  111     1.00000000000000E-99   1.00000000000000E-99
209  111     1.00000000000000E-99   1.00000000000000E-99
210  111     1.00000000000000E-99   1.00000000000000E-99
211  111     1.00000000000000E-99   1.00000000000000E-99
212  111     1.00000000000000E-99   1.00000000000000E-99
213  111     1.00000000000000E-99   1.00000000000000E-99
214  111     1.00000000000000E-99   1.00000000000000E-99
215  111     1.00000000000000E-99   1.00000000000000E-99
216  111     1.00000000000000E-99   1.00000000000000E-99
217  111     1.00000000000000E-99   1.00000000000000E-99
218  111     1.00000000000000E-99   1.00000000000000E-99
219  111     1.00000000000000E-99   1.00000000000000E-99
220  111     1.00000000000000E-99   1.00000000000000E-99
221  111     1.00000000000000E-99   1.00000000000000E-99
222  111     1.00000000000000E-99   1.00000000000000E-99
223  111     1.00000000000000E-99   1.00000000000000E-99
224  111     1.00000000000000E-99   1.00000000000000E-99
225  111     1.00000000000000E-99   1.00000000000000E-99
226  111     1.00000000000000E-99   1.00000000000000E-99
