    time    temp    dens
   1.81003135773950E+00   3.65866307521932E-01   6.66279805155115E+01
     nin     zin       y       x
  1    0     3.27475958875153E-09   3.27475958875153E-09
  0    1     7.16927306105272E-14   7.16927306105272E-14
  1    1     1.08118995841002E-14   2.16237991682004E-14
  2    1     9.28317841953482E-09   2.78495352586045E-08
  1    2     2.14500304665741E-17   6.43500913997222E-17
  2    2     2.68940523001233E-04   1.07576209200493E-03
  4    2     5.56843227373271E-08   3.34105936423963E-07
  3    3     1.07567633296800E-09   6.45405799780802E-09
  4    3     2.27969328756100E-09   1.59578530129270E-08
  5    3     5.25679176609519E-13   4.20543341287615E-12
  6    3     4.26437430944645E-07   3.83793687850180E-06
  3    4     2.77025419625156E-18   1.93917793737609E-17
  5    4     7.39358981383978E-07   6.65423083245580E-06
  6    4     7.61524133427401E-07   7.61524133427401E-06
  7    4     7.78613533893675E-16   8.56474887283042E-15
  8    4     1.19494414767017E-18   1.43393297720421E-17
  3    5     1.00000000000000E-99   1.00000000000000E-99
  5    5     1.04032981614955E-13   1.04032981614955E-12
  6    5     1.93887181385890E-08   2.13275899524479E-07
  7    5     1.99252559074627E-12   2.39103070889552E-11
  8    5     1.68751414887547E-13   2.19376839353812E-12
  9    5     1.68290537020083E-20   2.35606751828117E-19
  3    6     1.00000000000000E-99   1.00000000000000E-99
  4    6     1.00000000000000E-99   1.00000000000000E-99
  5    6     8.41670434332508E-25   9.25837477765758E-24
  6    6     4.64212239200640E-07   5.57054687040768E-06
  7    6     1.65115186565914E-08   2.14649742535688E-07
  8    6     1.06219553056012E-08   1.48707374278416E-07
  9    6     4.71230514050023E-11   7.06845771075034E-10
 10    6     3.84773176591340E-06   6.15637082546144E-05
 11    6     6.86839110909374E-12   1.16762648854594E-10
 12    6     1.00000000000000E-99   1.00000000000000E-99
  4    7     1.00000000000000E-99   1.00000000000000E-99
  5    7     1.00000000000000E-99   1.00000000000000E-99
  6    7     1.67829513775011E-19   2.18178367907515E-18
  7    7     1.85492376755597E-11   2.59689327457835E-10
  8    7     3.53284571236755E-06   5.29926856855132E-05
  9    7     8.27203375276334E-08   1.32352540044213E-06
 10    7     3.27111098761784E-08   5.56088867895033E-07
 11    7     9.31915764440276E-09   1.67744837599250E-07
 12    7     9.20336460275840E-10   1.74863927452410E-08
 13    7     4.42117195937863E-08   8.84234391875726E-07
 14    7     1.00000000000000E-99   1.00000000000000E-99
  5    8     1.00000000000000E-99   1.00000000000000E-99
  6    8     1.00000000000000E-99   1.00000000000000E-99
  7    8     6.85235022982681E-24   1.02785253447402E-22
  8    8     8.33324196918138E-09   1.33331871506902E-07
  9    8     6.31069949957898E-10   1.07281891492843E-08
 10    8     1.02368400693468E-08   1.84263121248242E-07
 11    8     5.47343261362353E-07   1.03995219658847E-05
 12    8     1.00750028754099E-06   2.01500057508197E-05
 13    8     2.02797887681018E-07   4.25875564130138E-06
 14    8     6.90701181072316E-06   1.51954259835909E-04
  5    9     1.00000000000000E-99   1.00000000000000E-99
  6    9     1.00000000000000E-99   1.00000000000000E-99
  7    9     1.00000000000000E-99   1.00000000000000E-99
  8    9     6.11157601923272E-24   1.03896792326956E-22
  9    9     1.23877382042197E-20   2.22979287675955E-19
 10    9     6.17543779408687E-09   1.17333318087651E-07
 11    9     2.50761059316560E-08   5.01522118633120E-07
 12    9     3.38658193260562E-08   7.11182205847181E-07
 13    9     1.61316293370357E-06   3.54895845414785E-05
 14    9     1.82358581590732E-09   4.19424737658684E-08
 15    9     8.81411236508606E-10   2.11538696762065E-08
 16    9     1.91406817508301E-10   4.78517043770752E-09
 17    9     2.43033083454405E-16   6.31886016981453E-15
  7   10     1.00000000000000E-99   1.00000000000000E-99
  8   10     1.00000000000000E-99   1.00000000000000E-99
  9   10     1.00000000000000E-99   1.00000000000000E-99
 10   10     4.32954848028048E-10   8.65909696056095E-09
 11   10     2.02537180166296E-09   4.25328078349222E-08
 12   10     1.00500892981025E-07   2.21101964558256E-06
 13   10     1.24060635292855E-09   2.85339461173567E-08
 14   10     2.05852570466074E-08   4.94046169118578E-07
 15   10     3.48746157220965E-08   8.71865393052412E-07
 16   10     3.82612765903416E-10   9.94793191348882E-09
 17   10     1.60238692248594E-15   4.32644469071203E-14
 18   10     9.14610776653933E-20   2.56091017463101E-18
 19   10     3.38956471843662E-24   9.82973768346619E-23
 20   10     1.00000000000000E-99   1.00000000000000E-99
 21   10     1.00000000000000E-99   1.00000000000000E-99
 22   10     1.00000000000000E-99   1.00000000000000E-99
 23   10     1.00000000000000E-99   1.00000000000000E-99
 24   10     1.00000000000000E-99   1.00000000000000E-99
 25   10     1.00000000000000E-99   1.00000000000000E-99
 26   10     1.00000000000000E-99   1.00000000000000E-99
 27   10     1.00000000000000E-99   1.00000000000000E-99
 28   10     1.00000000000000E-99   1.00000000000000E-99
 29   10     1.00000000000000E-99   1.00000000000000E-99
 30   10     1.00000000000000E-99   1.00000000000000E-99
 31   10     1.00000000000000E-99   1.00000000000000E-99
  8   11     1.00000000000000E-99   1.00000000000000E-99
  9   11     1.00000000000000E-99   1.00000000000000E-99
 10   11     1.00000000000000E-99   1.00000000000000E-99
 11   11     2.21428385027349E-21   4.87142447060169E-20
 12   11     9.28382177267666E-12   2.13527900771563E-10
 13   11     3.52914666124074E-11   8.46995198697777E-10
 14   11     3.05801857520296E-08   7.64504643800741E-07
 15   11     3.89729526988118E-09   1.01329677016911E-07
 16   11     7.06182608132518E-10   1.90669304195780E-08
 17   11     9.69470764093049E-14   2.71451813946054E-12
 18   11     4.18277309949323E-14   1.21300419885304E-12
 19   11     1.05064264267842E-14   3.15192792803526E-13
 20   11     3.31023670033590E-18   1.02617337710413E-16
 21   11     6.92987370873191E-23   2.21755958679421E-21
 22   11     1.00000000000000E-99   1.00000000000000E-99
 23   11     1.00000000000000E-99   1.00000000000000E-99
 24   11     1.00000000000000E-99   1.00000000000000E-99
 25   11     1.00000000000000E-99   1.00000000000000E-99
 26   11     1.00000000000000E-99   1.00000000000000E-99
 27   11     1.00000000000000E-99   1.00000000000000E-99
 28   11     1.00000000000000E-99   1.00000000000000E-99
 29   11     1.00000000000000E-99   1.00000000000000E-99
 30   11     1.00000000000000E-99   1.00000000000000E-99
 31   11     1.00000000000000E-99   1.00000000000000E-99
 32   11     1.00000000000000E-99   1.00000000000000E-99
 33   11     1.00000000000000E-99   1.00000000000000E-99
  8   12     1.00000000000000E-99   1.00000000000000E-99
  9   12     1.00000000000000E-99   1.00000000000000E-99
 10   12     1.00000000000000E-99   1.00000000000000E-99
 11   12     1.00000000000000E-99   1.00000000000000E-99
 12   12     1.17571750869008E-16   2.82172202085618E-15
 13   12     1.00924267323735E-10   2.52310668309336E-09
 14   12     1.28193493184683E-09   3.33303082280175E-08
 15   12     1.53426673904725E-09   4.14252019542758E-08
 16   12     1.25462501577425E-09   3.51295004416789E-08
 17   12     5.83427316635971E-10   1.69193921824432E-08
 18   12     6.19814603447974E-10   1.85944381034392E-08
 19   12     2.07456845446571E-10   6.43116220884370E-09
 20   12     6.31051603105633E-11   2.01936512993802E-09
 21   12     1.21004075988507E-11   3.99313450762072E-10
 22   12     1.16796653342832E-15   3.97108621365628E-14
 23   12     1.00000000000000E-99   1.00000000000000E-99
 24   12     1.00000000000000E-99   1.00000000000000E-99
 25   12     1.00000000000000E-99   1.00000000000000E-99
 26   12     1.00000000000000E-99   1.00000000000000E-99
 27   12     1.00000000000000E-99   1.00000000000000E-99
 28   12     1.00000000000000E-99   1.00000000000000E-99
 29   12     1.00000000000000E-99   1.00000000000000E-99
 30   12     1.00000000000000E-99   1.00000000000000E-99
 31   12     1.00000000000000E-99   1.00000000000000E-99
 32   12     1.00000000000000E-99   1.00000000000000E-99
 33   12     1.00000000000000E-99   1.00000000000000E-99
 34   12     1.00000000000000E-99   1.00000000000000E-99
 35   12     1.00000000000000E-99   1.00000000000000E-99
  8   13     1.00000000000000E-99   1.00000000000000E-99
  9   13     1.00000000000000E-99   1.00000000000000E-99
 10   13     1.00000000000000E-99   1.00000000000000E-99
 11   13     1.00000000000000E-99   1.00000000000000E-99
 12   13     1.00000000000000E-99   1.00000000000000E-99
 13   13     7.50914149286275E-23   1.95237678814432E-21
 14   13     5.88867687674618E-13   1.58994275672147E-11
 15   13     5.13099370838084E-14   1.43667823834663E-12
 16   13     2.02875816896652E-10   5.88339869000291E-09
 17   13     1.28081660282211E-09   3.84244980846633E-08
 18   13     1.41224003513686E-09   4.37794410892428E-08
 19   13     3.86716010697854E-11   1.23749123423313E-09
 20   13     9.65150078297130E-12   3.18499525838053E-10
 21   13     2.20440418988994E-13   7.49497424562580E-12
 22   13     1.23530914117457E-13   4.32358199411101E-12
 23   13     4.70243331575596E-12   1.69287599367215E-10
 24   13     6.69994298407067E-16   2.47897890410615E-14
 25   13     3.11047238870970E-22   1.18197950770968E-20
 26   13     1.00000000000000E-99   1.00000000000000E-99
 27   13     1.00000000000000E-99   1.00000000000000E-99
 28   13     1.00000000000000E-99   1.00000000000000E-99
 29   13     1.00000000000000E-99   1.00000000000000E-99
 30   13     1.00000000000000E-99   1.00000000000000E-99
 31   13     1.00000000000000E-99   1.00000000000000E-99
 32   13     1.00000000000000E-99   1.00000000000000E-99
 33   13     1.00000000000000E-99   1.00000000000000E-99
 34   13     1.00000000000000E-99   1.00000000000000E-99
 35   13     1.00000000000000E-99   1.00000000000000E-99
 36   13     1.00000000000000E-99   1.00000000000000E-99
 37   13     1.00000000000000E-99   1.00000000000000E-99
 38   13     1.00000000000000E-99   1.00000000000000E-99
  8   14     1.00000000000000E-99   1.00000000000000E-99
  9   14     1.00000000000000E-99   1.00000000000000E-99
 10   14     1.00000000000000E-99   1.00000000000000E-99
 11   14     1.00000000000000E-99   1.00000000000000E-99
 12   14     1.00000000000000E-99   1.00000000000000E-99
 13   14     1.00000000000000E-99   1.00000000000000E-99
 14   14     7.48259934556917E-17   2.09512781675937E-15
 15   14     9.81163546985223E-14   2.84537428625715E-12
 16   14     8.90557590719147E-11   2.67167277215744E-09
 17   14     8.58113552235070E-10   2.66015201192872E-08
 18   14     1.02040979933758E-08   3.26531135788027E-07
 19   14     1.10336572787753E-08   3.64110690199585E-07
 20   14     1.79934845179224E-08   6.11778473609361E-07
 21   14     8.04864975711841E-09   2.81702741499144E-07
 22   14     1.99453865759640E-09   7.18033916734703E-08
 23   14     3.24761081678034E-11   1.20161600220873E-09
 24   14     1.03095701937279E-09   3.91763667361661E-08
 25   14     1.08499170274469E-13   4.23146764070429E-12
 26   14     7.15929156337907E-16   2.86371662535163E-14
 27   14     1.90828209431201E-19   7.82395658667922E-18
 28   14     3.77483982550452E-23   1.58543272671190E-21
 29   14     1.00000000000000E-99   1.00000000000000E-99
 30   14     1.00000000000000E-99   1.00000000000000E-99
 31   14     1.00000000000000E-99   1.00000000000000E-99
 32   14     1.00000000000000E-99   1.00000000000000E-99
 33   14     1.00000000000000E-99   1.00000000000000E-99
 34   14     1.00000000000000E-99   1.00000000000000E-99
 35   14     1.00000000000000E-99   1.00000000000000E-99
 36   14     1.00000000000000E-99   1.00000000000000E-99
 37   14     1.00000000000000E-99   1.00000000000000E-99
 38   14     1.00000000000000E-99   1.00000000000000E-99
 39   14     1.00000000000000E-99   1.00000000000000E-99
 40   14     1.00000000000000E-99   1.00000000000000E-99
  8   15     1.00000000000000E-99   1.00000000000000E-99
  9   15     1.00000000000000E-99   1.00000000000000E-99
 10   15     1.00000000000000E-99   1.00000000000000E-99
 11   15     1.00000000000000E-99   1.00000000000000E-99
 12   15     1.00000000000000E-99   1.00000000000000E-99
 13   15     1.00000000000000E-99   1.00000000000000E-99
 14   15     1.00000000000000E-99   1.00000000000000E-99
 15   15     1.00000000000000E-99   1.00000000000000E-99
 16   15     1.74603718306493E-14   5.41271526750129E-13
 17   15     4.64015310122547E-16   1.48484899239215E-14
 18   15     6.42238211651320E-10   2.11938609844935E-08
 19   15     2.39024363928717E-09   8.12682837357639E-08
 20   15     6.71897813316192E-09   2.35164234660667E-07
 21   15     2.76389871010154E-09   9.95003535636555E-08
 22   15     9.78838437689317E-09   3.62170221945047E-07
 23   15     4.44941234668331E-09   1.69077669173966E-07
 24   15     1.06199703411887E-09   4.14178843306359E-08
 25   15     6.43983057307632E-11   2.57593222923053E-09
 26   15     1.05002949201531E-10   4.30512091726278E-09
 27   15     3.40535653684061E-13   1.43024974547305E-11
 28   15     2.20167328542495E-13   9.46719512732728E-12
 29   15     1.00000000000000E-99   1.00000000000000E-99
 30   15     1.00000000000000E-99   1.00000000000000E-99
 31   15     1.00000000000000E-99   1.00000000000000E-99
 32   15     1.00000000000000E-99   1.00000000000000E-99
 33   15     1.00000000000000E-99   1.00000000000000E-99
 34   15     1.00000000000000E-99   1.00000000000000E-99
 35   15     1.00000000000000E-99   1.00000000000000E-99
 36   15     1.00000000000000E-99   1.00000000000000E-99
 37   15     1.00000000000000E-99   1.00000000000000E-99
 38   15     1.00000000000000E-99   1.00000000000000E-99
 39   15     1.00000000000000E-99   1.00000000000000E-99
 40   15     1.00000000000000E-99   1.00000000000000E-99
 41   15     1.00000000000000E-99   1.00000000000000E-99
 42   15     1.00000000000000E-99   1.00000000000000E-99
  8   16     1.00000000000000E-99   1.00000000000000E-99
  9   16     1.00000000000000E-99   1.00000000000000E-99
 10   16     1.00000000000000E-99   1.00000000000000E-99
 11   16     1.00000000000000E-99   1.00000000000000E-99
 12   16     1.00000000000000E-99   1.00000000000000E-99
 13   16     1.00000000000000E-99   1.00000000000000E-99
 14   16     1.00000000000000E-99   1.00000000000000E-99
 15   16     1.00000000000000E-99   1.00000000000000E-99
 16   16     6.22898170650154E-23   1.99327414608049E-21
 17   16     2.06283335134668E-17   6.80735005944404E-16
 18   16     3.89559145185637E-11   1.32450109363116E-09
 19   16     3.07439458327849E-11   1.07603810414747E-09
 20   16     1.34791863671811E-10   4.85250709218518E-09
 21   16     1.80312869545503E-09   6.67157617318362E-08
 22   16     3.25033721417264E-09   1.23512814138560E-07
 23   16     2.25735723202237E-09   8.80369320488723E-08
 24   16     4.81029929412493E-09   1.92411971764997E-07
 25   16     7.08096914586892E-09   2.90319734980626E-07
 26   16     6.66816553364274E-08   2.80062952412995E-06
 27   16     4.42981624724442E-09   1.90482098631510E-07
 28   16     1.37253974049326E-10   6.03917485817033E-09
 29   16     7.66572668685653E-13   3.44957700908544E-11
 30   16     5.78928948742010E-12   2.66307316421325E-10
 31   16     3.92111913807891E-20   1.84292599489709E-18
 32   16     6.50868920226875E-25   3.12417081708900E-23
 33   16     1.00000000000000E-99   1.00000000000000E-99
 34   16     1.00000000000000E-99   1.00000000000000E-99
 35   16     1.00000000000000E-99   1.00000000000000E-99
 36   16     1.00000000000000E-99   1.00000000000000E-99
 37   16     1.00000000000000E-99   1.00000000000000E-99
 38   16     1.00000000000000E-99   1.00000000000000E-99
 39   16     1.00000000000000E-99   1.00000000000000E-99
 40   16     1.00000000000000E-99   1.00000000000000E-99
 41   16     1.00000000000000E-99   1.00000000000000E-99
 42   16     1.00000000000000E-99   1.00000000000000E-99
 43   16     1.00000000000000E-99   1.00000000000000E-99
 44   16     1.00000000000000E-99   1.00000000000000E-99
  9   17     1.00000000000000E-99   1.00000000000000E-99
 10   17     1.00000000000000E-99   1.00000000000000E-99
 11   17     1.00000000000000E-99   1.00000000000000E-99
 12   17     1.00000000000000E-99   1.00000000000000E-99
 13   17     1.00000000000000E-99   1.00000000000000E-99
 14   17     1.00000000000000E-99   1.00000000000000E-99
 15   17     1.00000000000000E-99   1.00000000000000E-99
 16   17     1.00000000000000E-99   1.00000000000000E-99
 17   17     1.00000000000000E-99   1.00000000000000E-99
 18   17     5.27561439702624E-19   1.84646503895918E-17
 19   17     2.10919666966025E-20   7.59310801077690E-19
 20   17     1.09163293743156E-12   4.03904186849679E-11
 21   17     8.59854329653547E-14   3.26744645268348E-12
 22   17     4.59070529501171E-11   1.79037506505457E-09
 23   17     1.39205276074567E-10   5.56821104298269E-09
 24   17     1.27967847199438E-09   5.24668173517696E-08
 25   17     2.99666494632838E-08   1.25859927745792E-06
 26   17     1.93992343761353E-08   8.34167078173820E-07
 27   17     4.87192470856252E-09   2.14364687176751E-07
 28   17     2.48603721190919E-08   1.11871674535913E-06
 29   17     2.02667587799118E-09   9.32270903875943E-08
 30   17     3.06045701394756E-10   1.43841479655535E-08
 31   17     4.38765561623767E-15   2.10607469579408E-13
 32   17     4.18810975271675E-18   2.05217377883121E-16
 33   17     2.36553398845593E-24   1.18276699422796E-22
 34   17     1.00000000000000E-99   1.00000000000000E-99
 35   17     1.00000000000000E-99   1.00000000000000E-99
 36   17     1.00000000000000E-99   1.00000000000000E-99
 37   17     1.00000000000000E-99   1.00000000000000E-99
 38   17     1.00000000000000E-99   1.00000000000000E-99
 39   17     1.00000000000000E-99   1.00000000000000E-99
 40   17     1.00000000000000E-99   1.00000000000000E-99
 41   17     1.00000000000000E-99   1.00000000000000E-99
 42   17     1.00000000000000E-99   1.00000000000000E-99
 43   17     1.00000000000000E-99   1.00000000000000E-99
 44   17     1.00000000000000E-99   1.00000000000000E-99
 45   17     1.00000000000000E-99   1.00000000000000E-99
 46   17     1.00000000000000E-99   1.00000000000000E-99
  9   18     1.00000000000000E-99   1.00000000000000E-99
 10   18     1.00000000000000E-99   1.00000000000000E-99
 11   18     1.00000000000000E-99   1.00000000000000E-99
 12   18     1.00000000000000E-99   1.00000000000000E-99
 13   18     1.00000000000000E-99   1.00000000000000E-99
 14   18     1.00000000000000E-99   1.00000000000000E-99
 15   18     1.00000000000000E-99   1.00000000000000E-99
 16   18     1.00000000000000E-99   1.00000000000000E-99
 17   18     1.00000000000000E-99   1.00000000000000E-99
 18   18     1.00000000000000E-99   1.00000000000000E-99
 19   18     1.00000000000000E-99   1.00000000000000E-99
 20   18     5.41869265303460E-18   2.05910320815315E-16
 21   18     1.83240904553198E-15   7.14639527757471E-14
 22   18     2.77223886735671E-13   1.10889554694268E-11
 23   18     5.74408124314875E-12   2.35507330969099E-10
 24   18     9.32071626403098E-10   3.91470083089301E-08
 25   18     1.80521120612329E-09   7.76240818633016E-08
 26   18     1.30028320925137E-08   5.72124612070605E-07
 27   18     3.12613131361067E-08   1.40675909112480E-06
 28   18     3.21112305440868E-08   1.47711660502799E-06
 29   18     5.68709052174505E-09   2.67293254522017E-07
 30   18     5.97999971583888E-09   2.87039986360266E-07
 31   18     3.99717399201282E-11   1.95861525608628E-09
 32   18     3.04575551792222E-11   1.52287775896111E-09
 33   18     1.44152031916227E-16   7.35175362772759E-15
 34   18     2.75307769916484E-20   1.43160040356572E-18
 35   18     1.00000000000000E-99   1.00000000000000E-99
 36   18     1.00000000000000E-99   1.00000000000000E-99
 37   18     1.00000000000000E-99   1.00000000000000E-99
 38   18     1.00000000000000E-99   1.00000000000000E-99
 39   18     1.00000000000000E-99   1.00000000000000E-99
 40   18     1.00000000000000E-99   1.00000000000000E-99
 41   18     1.00000000000000E-99   1.00000000000000E-99
 42   18     1.00000000000000E-99   1.00000000000000E-99
 43   18     1.00000000000000E-99   1.00000000000000E-99
 44   18     1.00000000000000E-99   1.00000000000000E-99
 45   18     1.00000000000000E-99   1.00000000000000E-99
 46   18     1.00000000000000E-99   1.00000000000000E-99
 47   18     1.00000000000000E-99   1.00000000000000E-99
 48   18     1.00000000000000E-99   1.00000000000000E-99
 49   18     1.00000000000000E-99   1.00000000000000E-99
 10   19     1.00000000000000E-99   1.00000000000000E-99
 11   19     1.00000000000000E-99   1.00000000000000E-99
 12   19     1.00000000000000E-99   1.00000000000000E-99
 13   19     1.00000000000000E-99   1.00000000000000E-99
 14   19     1.00000000000000E-99   1.00000000000000E-99
 15   19     1.00000000000000E-99   1.00000000000000E-99
 16   19     1.00000000000000E-99   1.00000000000000E-99
 17   19     1.00000000000000E-99   1.00000000000000E-99
 18   19     1.00000000000000E-99   1.00000000000000E-99
 19   19     1.00000000000000E-99   1.00000000000000E-99
 20   19     1.00000000000000E-99   1.00000000000000E-99
 21   19     1.00000000000000E-99   1.00000000000000E-99
 22   19     9.10829861584814E-17   3.73440243249774E-15
 23   19     1.09737582053308E-17   4.60897844623893E-16
 24   19     7.90374544557232E-13   3.39861054159610E-11
 25   19     2.84056037107771E-12   1.24984656327419E-10
 26   19     3.22786681979392E-10   1.45254006890726E-08
 27   19     1.14852091835066E-09   5.28319622441303E-08
 28   19     4.89523261691129E-09   2.30075932994830E-07
 29   19     4.83053611352065E-09   2.31865733448991E-07
 30   19     3.90377237234584E-09   1.91284846244946E-07
 31   19     1.11451790888989E-09   5.57258954444943E-08
 32   19     2.32845521651728E-09   1.18751216042381E-07
 33   19     5.25195789640281E-11   2.73101810612946E-09
 34   19     8.92138955802213E-14   4.72833646575173E-12
 35   19     5.65975941651519E-19   3.05627008491820E-17
 36   19     1.56048455264532E-23   8.58266503954927E-22
 37   19     1.00000000000000E-99   1.00000000000000E-99
 38   19     1.00000000000000E-99   1.00000000000000E-99
 39   19     1.00000000000000E-99   1.00000000000000E-99
 40   19     1.00000000000000E-99   1.00000000000000E-99
 41   19     1.00000000000000E-99   1.00000000000000E-99
 42   19     1.00000000000000E-99   1.00000000000000E-99
 43   19     1.00000000000000E-99   1.00000000000000E-99
 44   19     1.00000000000000E-99   1.00000000000000E-99
 45   19     1.00000000000000E-99   1.00000000000000E-99
 46   19     1.00000000000000E-99   1.00000000000000E-99
 47   19     1.00000000000000E-99   1.00000000000000E-99
 48   19     1.00000000000000E-99   1.00000000000000E-99
 49   19     1.00000000000000E-99   1.00000000000000E-99
 50   19     1.00000000000000E-99   1.00000000000000E-99
 51   19     1.00000000000000E-99   1.00000000000000E-99
 10   20     1.00000000000000E-99   1.00000000000000E-99
 11   20     1.00000000000000E-99   1.00000000000000E-99
 12   20     1.00000000000000E-99   1.00000000000000E-99
 13   20     1.00000000000000E-99   1.00000000000000E-99
 14   20     1.00000000000000E-99   1.00000000000000E-99
 15   20     1.00000000000000E-99   1.00000000000000E-99
 16   20     1.00000000000000E-99   1.00000000000000E-99
 17   20     1.00000000000000E-99   1.00000000000000E-99
 18   20     1.00000000000000E-99   1.00000000000000E-99
 19   20     1.00000000000000E-99   1.00000000000000E-99
 20   20     1.00000000000000E-99   1.00000000000000E-99
 21   20     1.00000000000000E-99   1.00000000000000E-99
 22   20     2.26987049119479E-23   9.53345606301811E-22
 23   20     8.06612287408620E-19   3.46843283585707E-17
 24   20     2.49549972492230E-16   1.09801987896581E-14
 25   20     3.67867072189952E-14   1.65540182485478E-12
 26   20     1.77707825921652E-12   8.17455999239598E-11
 27   20     6.05096972576730E-11   2.84395577111063E-09
 28   20     1.25170963913426E-09   6.00820626784444E-08
 29   20     5.80250782115426E-10   2.84322883236559E-08
 30   20     3.31766974635074E-09   1.65883487317537E-07
 31   20     5.09125053455061E-09   2.59653777262081E-07
 32   20     1.07901912805497E-08   5.61089946588582E-07
 33   20     4.26319649213313E-11   2.25949414083056E-09
 34   20     1.47310705607213E-11   7.95477810278952E-10
 35   20     4.27248057213361E-16   2.34986431467349E-14
 36   20     1.31745889416882E-20   7.37776980734541E-19
 37   20     1.00000000000000E-99   1.00000000000000E-99
 38   20     1.00000000000000E-99   1.00000000000000E-99
 39   20     1.00000000000000E-99   1.00000000000000E-99
 40   20     1.00000000000000E-99   1.00000000000000E-99
 41   20     1.00000000000000E-99   1.00000000000000E-99
 42   20     1.00000000000000E-99   1.00000000000000E-99
 43   20     1.00000000000000E-99   1.00000000000000E-99
 44   20     1.00000000000000E-99   1.00000000000000E-99
 45   20     1.00000000000000E-99   1.00000000000000E-99
 46   20     1.00000000000000E-99   1.00000000000000E-99
 47   20     1.00000000000000E-99   1.00000000000000E-99
 48   20     1.00000000000000E-99   1.00000000000000E-99
 49   20     1.00000000000000E-99   1.00000000000000E-99
 50   20     1.00000000000000E-99   1.00000000000000E-99
 51   20     1.00000000000000E-99   1.00000000000000E-99
 52   20     1.00000000000000E-99   1.00000000000000E-99
 53   20     1.00000000000000E-99   1.00000000000000E-99
 11   21     1.00000000000000E-99   1.00000000000000E-99
 12   21     1.00000000000000E-99   1.00000000000000E-99
 13   21     1.00000000000000E-99   1.00000000000000E-99
 14   21     1.00000000000000E-99   1.00000000000000E-99
 15   21     1.00000000000000E-99   1.00000000000000E-99
 16   21     1.00000000000000E-99   1.00000000000000E-99
 17   21     1.00000000000000E-99   1.00000000000000E-99
 18   21     1.00000000000000E-99   1.00000000000000E-99
 19   21     1.00000000000000E-99   1.00000000000000E-99
 20   21     1.00000000000000E-99   1.00000000000000E-99
 21   21     1.00000000000000E-99   1.00000000000000E-99
 22   21     1.00000000000000E-99   1.00000000000000E-99
 23   21     1.00000000000000E-99   1.00000000000000E-99
 24   21     1.90632300697174E-22   8.57845353137283E-21
 25   21     4.72359826956320E-23   2.17285520399907E-21
 26   21     1.68995506608921E-17   7.94278881061927E-16
 27   21     4.60834689227962E-18   2.21200650829422E-16
 28   21     2.27881120846559E-13   1.11661749214814E-11
 29   21     5.51940534520165E-11   2.75970267260082E-09
 30   21     1.66934372366981E-10   8.51365299071601E-09
 31   21     1.42410226981301E-09   7.40533180302768E-08
 32   21     3.20836384823967E-09   1.70043283956703E-07
 33   21     1.52831541918734E-09   8.25290326361162E-08
 34   21     2.10512106678083E-11   1.15781658672946E-09
 35   21     9.43021073483938E-15   5.28091801151005E-13
 36   21     6.98769966458821E-17   3.98298880881528E-15
 37   21     6.73434535004188E-21   3.90592030302429E-19
 38   21     5.65691032143043E-24   3.33757708964396E-22
 39   21     1.00000000000000E-99   1.00000000000000E-99
 40   21     1.00000000000000E-99   1.00000000000000E-99
 41   21     1.00000000000000E-99   1.00000000000000E-99
 42   21     1.00000000000000E-99   1.00000000000000E-99
 43   21     1.00000000000000E-99   1.00000000000000E-99
 44   21     1.00000000000000E-99   1.00000000000000E-99
 45   21     1.00000000000000E-99   1.00000000000000E-99
 46   21     1.00000000000000E-99   1.00000000000000E-99
 47   21     1.00000000000000E-99   1.00000000000000E-99
 48   21     1.00000000000000E-99   1.00000000000000E-99
 49   21     1.00000000000000E-99   1.00000000000000E-99
 50   21     1.00000000000000E-99   1.00000000000000E-99
 51   21     1.00000000000000E-99   1.00000000000000E-99
 52   21     1.00000000000000E-99   1.00000000000000E-99
 53   21     1.00000000000000E-99   1.00000000000000E-99
 54   21     1.00000000000000E-99   1.00000000000000E-99
 55   21     1.00000000000000E-99   1.00000000000000E-99
 12   22     1.00000000000000E-99   1.00000000000000E-99
 13   22     1.00000000000000E-99   1.00000000000000E-99
 14   22     1.00000000000000E-99   1.00000000000000E-99
 15   22     1.00000000000000E-99   1.00000000000000E-99
 16   22     1.00000000000000E-99   1.00000000000000E-99
 17   22     1.00000000000000E-99   1.00000000000000E-99
 18   22     1.00000000000000E-99   1.00000000000000E-99
 19   22     1.00000000000000E-99   1.00000000000000E-99
 20   22     1.00000000000000E-99   1.00000000000000E-99
 21   22     1.00000000000000E-99   1.00000000000000E-99
 22   22     1.00000000000000E-99   1.00000000000000E-99
 23   22     1.00000000000000E-99   1.00000000000000E-99
 24   22     1.00000000000000E-99   1.00000000000000E-99
 25   22     2.37391391206107E-24   1.11573953866870E-22
 26   22     1.00734142697415E-25   4.83523884947592E-24
 27   22     7.50047322318333E-18   3.67523187935983E-16
 28   22     7.82667788218104E-14   3.91333894109052E-12
 29   22     2.22061070541873E-12   1.13251145976355E-10
 30   22     4.26284161954850E-11   2.21667764216522E-09
 31   22     4.76399155430213E-10   2.52491552378013E-08
 32   22     1.52328540489977E-09   8.22574118645877E-08
 33   22     1.18788416496187E-09   6.53336290729030E-08
 34   22     5.66474398610143E-10   3.17225663221680E-08
 35   22     5.04210332558507E-11   2.87399889558349E-09
 36   22     3.93912745206168E-12   2.28469392219577E-10
 37   22     1.80622713716811E-15   1.06567401092918E-13
 38   22     1.77638713835355E-17   1.06583228301213E-15
 39   22     1.86075048612700E-21   1.13505779653747E-19
 40   22     8.29697401040859E-20   5.14412388645332E-18
 41   22     1.00000000000000E-99   1.00000000000000E-99
 42   22     3.91291143461896E-23   2.50426331815614E-21
 43   22     1.00000000000000E-99   1.00000000000000E-99
 44   22     1.00000000000000E-99   1.00000000000000E-99
 45   22     1.00000000000000E-99   1.00000000000000E-99
 46   22     1.00000000000000E-99   1.00000000000000E-99
 47   22     1.00000000000000E-99   1.00000000000000E-99
 48   22     1.00000000000000E-99   1.00000000000000E-99
 49   22     1.00000000000000E-99   1.00000000000000E-99
 50   22     1.00000000000000E-99   1.00000000000000E-99
 51   22     1.00000000000000E-99   1.00000000000000E-99
 52   22     1.00000000000000E-99   1.00000000000000E-99
 53   22     1.00000000000000E-99   1.00000000000000E-99
 54   22     1.00000000000000E-99   1.00000000000000E-99
 55   22     1.00000000000000E-99   1.00000000000000E-99
 56   22     1.00000000000000E-99   1.00000000000000E-99
 57   22     1.00000000000000E-99   1.00000000000000E-99
 58   22     1.00000000000000E-99   1.00000000000000E-99
 13   23     1.00000000000000E-99   1.00000000000000E-99
 14   23     1.00000000000000E-99   1.00000000000000E-99
 15   23     1.00000000000000E-99   1.00000000000000E-99
 16   23     1.00000000000000E-99   1.00000000000000E-99
 17   23     1.00000000000000E-99   1.00000000000000E-99
 18   23     1.00000000000000E-99   1.00000000000000E-99
 19   23     1.00000000000000E-99   1.00000000000000E-99
 20   23     1.00000000000000E-99   1.00000000000000E-99
 21   23     1.00000000000000E-99   1.00000000000000E-99
 22   23     1.00000000000000E-99   1.00000000000000E-99
 23   23     1.00000000000000E-99   1.00000000000000E-99
 24   23     1.00000000000000E-99   1.00000000000000E-99
 25   23     1.00000000000000E-99   1.00000000000000E-99
 26   23     1.00000000000000E-99   1.00000000000000E-99
 27   23     1.00000000000000E-99   1.00000000000000E-99
 28   23     5.94150582761088E-16   3.03016797208155E-14
 29   23     5.20480656416146E-14   2.70649941336396E-12
 30   23     2.39394110033080E-12   1.26878878317532E-10
 31   23     1.77548834321909E-10   9.58763705338310E-09
 32   23     3.73449630094744E-10   2.05397296552109E-08
 33   23     8.09807039568908E-10   4.53491942158589E-08
 34   23     1.77983361636186E-09   1.01450516132626E-07
 35   23     4.50388508673271E-10   2.61225335030497E-08
 36   23     1.62105525784629E-10   9.56422602129313E-09
 37   23     3.49726400382488E-12   2.09835840229493E-10
 38   23     3.20104293186674E-12   1.95263618843871E-10
 39   23     2.18101969345434E-14   1.35223220994169E-12
 40   23     1.77438027027359E-16   1.11785957027236E-14
 41   23     9.20230943234886E-20   5.88947803670327E-18
 42   23     2.47720561812465E-22   1.61018365178102E-20
 43   23     1.00000000000000E-99   1.00000000000000E-99
 44   23     1.00000000000000E-99   1.00000000000000E-99
 45   23     1.00000000000000E-99   1.00000000000000E-99
 46   23     1.00000000000000E-99   1.00000000000000E-99
 47   23     1.00000000000000E-99   1.00000000000000E-99
 48   23     1.00000000000000E-99   1.00000000000000E-99
 49   23     1.00000000000000E-99   1.00000000000000E-99
 50   23     1.00000000000000E-99   1.00000000000000E-99
 51   23     1.00000000000000E-99   1.00000000000000E-99
 52   23     1.00000000000000E-99   1.00000000000000E-99
 53   23     1.00000000000000E-99   1.00000000000000E-99
 54   23     1.00000000000000E-99   1.00000000000000E-99
 55   23     1.00000000000000E-99   1.00000000000000E-99
 56   23     1.00000000000000E-99   1.00000000000000E-99
 57   23     1.00000000000000E-99   1.00000000000000E-99
 58   23     1.00000000000000E-99   1.00000000000000E-99
 59   23     1.00000000000000E-99   1.00000000000000E-99
 60   23     1.00000000000000E-99   1.00000000000000E-99
 14   24     1.00000000000000E-99   1.00000000000000E-99
 15   24     1.00000000000000E-99   1.00000000000000E-99
 16   24     1.00000000000000E-99   1.00000000000000E-99
 17   24     1.00000000000000E-99   1.00000000000000E-99
 18   24     1.00000000000000E-99   1.00000000000000E-99
 19   24     1.00000000000000E-99   1.00000000000000E-99
 20   24     1.00000000000000E-99   1.00000000000000E-99
 21   24     1.00000000000000E-99   1.00000000000000E-99
 22   24     1.00000000000000E-99   1.00000000000000E-99
 23   24     1.00000000000000E-99   1.00000000000000E-99
 24   24     1.00000000000000E-99   1.00000000000000E-99
 25   24     1.00000000000000E-99   1.00000000000000E-99
 26   24     1.00000000000000E-99   1.00000000000000E-99
 27   24     1.00000000000000E-99   1.00000000000000E-99
 28   24     2.29161699361349E-17   1.19164083667902E-15
 29   24     2.16228971160940E-15   1.14601354715298E-13
 30   24     4.51826381423984E-13   2.43986245968951E-11
 31   24     9.11521157067995E-12   5.01336636387397E-10
 32   24     1.22110747203207E-09   6.83820184337961E-08
 33   24     2.49888177376447E-09   1.42436261104575E-07
 34   24     2.97298420511438E-09   1.72433083896634E-07
 35   24     2.89034101100191E-09   1.70530119649113E-07
 36   24     1.85286800104933E-09   1.11172080062960E-07
 37   24     6.66851293260253E-10   4.06779288888755E-08
 38   24     1.76919546764433E-09   1.09690118993949E-07
 39   24     2.38775888670763E-10   1.50428809862581E-08
 40   24     3.32928331601451E-12   2.13074132224929E-10
 41   24     6.69913995232562E-16   4.35444096901166E-14
 42   24     2.12808150566357E-17   1.40453379373796E-15
 43   24     1.01606650608469E-16   6.80764559076744E-15
 44   24     2.22637046530980E-18   1.51393191641066E-16
 45   24     1.47539708457800E-22   1.01802398835882E-20
 46   24     2.04038883615513E-23   1.42827218530859E-21
 47   24     1.00000000000000E-99   1.00000000000000E-99
 48   24     1.00000000000000E-99   1.00000000000000E-99
 49   24     1.00000000000000E-99   1.00000000000000E-99
 50   24     1.00000000000000E-99   1.00000000000000E-99
 51   24     1.00000000000000E-99   1.00000000000000E-99
 52   24     1.00000000000000E-99   1.00000000000000E-99
 53   24     1.00000000000000E-99   1.00000000000000E-99
 54   24     1.00000000000000E-99   1.00000000000000E-99
 55   24     1.00000000000000E-99   1.00000000000000E-99
 56   24     1.00000000000000E-99   1.00000000000000E-99
 57   24     1.00000000000000E-99   1.00000000000000E-99
 58   24     1.00000000000000E-99   1.00000000000000E-99
 59   24     1.00000000000000E-99   1.00000000000000E-99
 60   24     1.00000000000000E-99   1.00000000000000E-99
 61   24     1.00000000000000E-99   1.00000000000000E-99
 62   24     1.00000000000000E-99   1.00000000000000E-99
 15   25     1.00000000000000E-99   1.00000000000000E-99
 16   25     1.00000000000000E-99   1.00000000000000E-99
 17   25     1.00000000000000E-99   1.00000000000000E-99
 18   25     1.00000000000000E-99   1.00000000000000E-99
 19   25     1.00000000000000E-99   1.00000000000000E-99
 20   25     1.00000000000000E-99   1.00000000000000E-99
 21   25     1.00000000000000E-99   1.00000000000000E-99
 22   25     1.00000000000000E-99   1.00000000000000E-99
 23   25     1.00000000000000E-99   1.00000000000000E-99
 24   25     1.00000000000000E-99   1.00000000000000E-99
 25   25     1.00000000000000E-99   1.00000000000000E-99
 26   25     1.00000000000000E-99   1.00000000000000E-99
 27   25     1.00000000000000E-99   1.00000000000000E-99
 28   25     1.00000000000000E-99   1.00000000000000E-99
 29   25     1.00000000000000E-99   1.00000000000000E-99
 30   25     3.98473103136846E-15   2.19160206725265E-13
 31   25     3.63294581805690E-13   2.03444965811186E-11
 32   25     1.89989957701258E-11   1.08294275889717E-09
 33   25     6.49522986780994E-11   3.76723332332977E-09
 34   25     7.44776411010391E-10   4.39418082496131E-08
 35   25     6.59705339369210E-10   3.95823203621526E-08
 36   25     1.70056463717828E-09   1.03734442867875E-07
 37   25     1.87400437205196E-09   1.16188271067221E-07
 38   25     2.54741490769925E-09   1.60487139185053E-07
 39   25     1.76858178905576E-10   1.13189234499569E-08
 40   25     2.50124955455041E-10   1.62581221045776E-08
 41   25     7.11322665458740E-12   4.69472959202768E-10
 42   25     9.15069751359710E-12   6.13096733411006E-10
 43   25     1.93630808949233E-14   1.31668950085479E-12
 44   25     1.75742828875768E-16   1.21262551924280E-14
 45   25     2.70975116175158E-20   1.89682581322610E-18
 46   25     1.24747818008608E-22   8.85709507861116E-21
 47   25     1.00000000000000E-99   1.00000000000000E-99
 48   25     1.00000000000000E-99   1.00000000000000E-99
 49   25     1.00000000000000E-99   1.00000000000000E-99
 50   25     1.00000000000000E-99   1.00000000000000E-99
 51   25     1.00000000000000E-99   1.00000000000000E-99
 52   25     1.00000000000000E-99   1.00000000000000E-99
 53   25     1.00000000000000E-99   1.00000000000000E-99
 54   25     1.00000000000000E-99   1.00000000000000E-99
 55   25     1.00000000000000E-99   1.00000000000000E-99
 56   25     1.00000000000000E-99   1.00000000000000E-99
 57   25     1.00000000000000E-99   1.00000000000000E-99
 58   25     1.00000000000000E-99   1.00000000000000E-99
 59   25     1.00000000000000E-99   1.00000000000000E-99
 60   25     1.00000000000000E-99   1.00000000000000E-99
 61   25     1.00000000000000E-99   1.00000000000000E-99
 62   25     1.00000000000000E-99   1.00000000000000E-99
 63   25     1.00000000000000E-99   1.00000000000000E-99
 64   25     1.00000000000000E-99   1.00000000000000E-99
 16   26     1.00000000000000E-99   1.00000000000000E-99
 17   26     1.00000000000000E-99   1.00000000000000E-99
 18   26     1.00000000000000E-99   1.00000000000000E-99
 19   26     1.00000000000000E-99   1.00000000000000E-99
 20   26     1.00000000000000E-99   1.00000000000000E-99
 21   26     1.00000000000000E-99   1.00000000000000E-99
 22   26     1.00000000000000E-99   1.00000000000000E-99
 23   26     1.00000000000000E-99   1.00000000000000E-99
 24   26     1.00000000000000E-99   1.00000000000000E-99
 25   26     1.00000000000000E-99   1.00000000000000E-99
 26   26     1.00000000000000E-99   1.00000000000000E-99
 27   26     1.00000000000000E-99   1.00000000000000E-99
 28   26     1.00000000000000E-99   1.00000000000000E-99
 29   26     1.00000000000000E-99   1.00000000000000E-99
 30   26     3.72644581200361E-18   2.08680965472202E-16
 31   26     1.99070914517858E-14   1.13470421275179E-12
 32   26     2.52766399114720E-12   1.46604511486538E-10
 33   26     2.11067542540728E-11   1.24529850099029E-09
 34   26     4.45463278678311E-10   2.67277967206987E-08
 35   26     5.64068925152617E-10   3.44082044343097E-08
 36   26     3.54877256595695E-09   2.20023899089331E-07
 37   26     4.29403131593249E-09   2.70523972903747E-07
 38   26     3.65096908873346E-09   2.33662021678942E-07
 39   26     5.77182324217219E-09   3.75168510741192E-07
 40   26     3.61735798477107E-09   2.38745626994891E-07
 41   26     3.32764986729956E-09   2.22952541109071E-07
 42   26     1.31336236065564E-09   8.93086405245834E-08
 43   26     7.94158007047095E-11   5.47969024862495E-09
 44   26     1.60252104671703E-11   1.12176473270192E-09
 45   26     9.75714409864780E-15   6.92757231003993E-13
 46   26     9.29849882707031E-11   6.69491915549063E-09
 47   26     5.79352854271018E-13   4.22927583617843E-11
 48   26     4.50352820228568E-13   3.33261086969141E-11
 49   26     2.06502883884277E-15   1.54877162913208E-13
 50   26     1.27684692835345E-15   9.70403665548621E-14
 51   26     1.00000000000000E-99   1.00000000000000E-99
 52   26     1.00000000000000E-99   1.00000000000000E-99
 53   26     1.00000000000000E-99   1.00000000000000E-99
 54   26     1.00000000000000E-99   1.00000000000000E-99
 55   26     1.00000000000000E-99   1.00000000000000E-99
 56   26     1.00000000000000E-99   1.00000000000000E-99
 57   26     1.00000000000000E-99   1.00000000000000E-99
 58   26     1.00000000000000E-99   1.00000000000000E-99
 59   26     1.00000000000000E-99   1.00000000000000E-99
 60   26     1.00000000000000E-99   1.00000000000000E-99
 61   26     1.00000000000000E-99   1.00000000000000E-99
 62   26     1.00000000000000E-99   1.00000000000000E-99
 63   26     1.00000000000000E-99   1.00000000000000E-99
 64   26     1.00000000000000E-99   1.00000000000000E-99
 65   26     1.00000000000000E-99   1.00000000000000E-99
 66   26     1.00000000000000E-99   1.00000000000000E-99
 17   27     1.00000000000000E-99   1.00000000000000E-99
 18   27     1.00000000000000E-99   1.00000000000000E-99
 19   27     1.00000000000000E-99   1.00000000000000E-99
 20   27     1.00000000000000E-99   1.00000000000000E-99
 21   27     1.00000000000000E-99   1.00000000000000E-99
 22   27     1.00000000000000E-99   1.00000000000000E-99
 23   27     1.00000000000000E-99   1.00000000000000E-99
 24   27     1.00000000000000E-99   1.00000000000000E-99
 25   27     1.00000000000000E-99   1.00000000000000E-99
 26   27     1.00000000000000E-99   1.00000000000000E-99
 27   27     1.00000000000000E-99   1.00000000000000E-99
 28   27     1.00000000000000E-99   1.00000000000000E-99
 29   27     1.00000000000000E-99   1.00000000000000E-99
 30   27     1.00000000000000E-99   1.00000000000000E-99
 31   27     1.00000000000000E-99   1.00000000000000E-99
 32   27     4.59995438525011E-19   2.71397308729756E-17
 33   27     7.28703668707463E-20   4.37222201224478E-18
 34   27     1.75276500817416E-13   1.06918665498624E-11
 35   27     5.13170474170630E-12   3.18165693985791E-10
 36   27     1.17136314260559E-10   7.37958779841521E-09
 37   27     2.04677078035006E-10   1.30993329942404E-08
 38   27     1.86722930695191E-09   1.21369904951874E-07
 39   27     1.05304330892383E-09   6.95008583889727E-08
 40   27     3.24806343671255E-09   2.17620250259741E-07
 41   27     1.52079521324064E-09   1.03414074500363E-07
 42   27     2.65289994150411E-09   1.83050095963783E-07
 43   27     1.77291618127550E-10   1.24104132689285E-08
 44   27     1.28593641152060E-10   9.13014852179627E-09
 45   27     1.01811034882948E-10   7.33039451157222E-09
 46   27     4.94805801799075E-12   3.61208235313324E-10
 47   27     3.58042264196679E-13   2.64951275505542E-11
 48   27     9.94648903550858E-15   7.45986677663144E-13
 49   27     1.54632545895141E-16   1.17520734880307E-14
 50   27     1.33171788972836E-19   1.02542277509084E-17
 51   27     1.00000000000000E-99   1.00000000000000E-99
 52   27     1.00000000000000E-99   1.00000000000000E-99
 53   27     1.00000000000000E-99   1.00000000000000E-99
 54   27     1.00000000000000E-99   1.00000000000000E-99
 55   27     1.00000000000000E-99   1.00000000000000E-99
 56   27     1.00000000000000E-99   1.00000000000000E-99
 57   27     1.00000000000000E-99   1.00000000000000E-99
 58   27     1.00000000000000E-99   1.00000000000000E-99
 59   27     1.00000000000000E-99   1.00000000000000E-99
 60   27     1.00000000000000E-99   1.00000000000000E-99
 61   27     1.00000000000000E-99   1.00000000000000E-99
 62   27     1.00000000000000E-99   1.00000000000000E-99
 63   27     1.00000000000000E-99   1.00000000000000E-99
 64   27     1.00000000000000E-99   1.00000000000000E-99
 65   27     1.00000000000000E-99   1.00000000000000E-99
 66   27     1.00000000000000E-99   1.00000000000000E-99
 67   27     1.00000000000000E-99   1.00000000000000E-99
 68   27     1.00000000000000E-99   1.00000000000000E-99
 69   27     1.00000000000000E-99   1.00000000000000E-99
 18   28     1.00000000000000E-99   1.00000000000000E-99
 19   28     1.00000000000000E-99   1.00000000000000E-99
 20   28     1.00000000000000E-99   1.00000000000000E-99
 21   28     1.00000000000000E-99   1.00000000000000E-99
 22   28     1.00000000000000E-99   1.00000000000000E-99
 23   28     1.00000000000000E-99   1.00000000000000E-99
 24   28     1.00000000000000E-99   1.00000000000000E-99
 25   28     1.00000000000000E-99   1.00000000000000E-99
 26   28     1.00000000000000E-99   1.00000000000000E-99
 27   28     1.00000000000000E-99   1.00000000000000E-99
 28   28     1.00000000000000E-99   1.00000000000000E-99
 29   28     1.00000000000000E-99   1.00000000000000E-99
 30   28     1.00000000000000E-99   1.00000000000000E-99
 31   28     1.00000000000000E-99   1.00000000000000E-99
 32   28     1.00000000000000E-99   1.00000000000000E-99
 33   28     1.93988848204633E-18   1.18333197404826E-16
 34   28     5.01238855704985E-15   3.10768090537091E-13
 35   28     4.19953374608177E-13   2.64570626003151E-11
 36   28     9.13378628214877E-11   5.84562322057521E-09
 37   28     2.25000021394575E-10   1.46250013906474E-08
 38   28     1.03741336106391E-09   6.84692818302179E-08
 39   28     1.64974665944072E-09   1.10533026182528E-07
 40   28     2.60256618733120E-09   1.76974500738522E-07
 41   28     5.31419867993931E-09   3.66679708915812E-07
 42   28     2.76885284299985E-09   1.93819699009989E-07
 43   28     4.70468757931836E-09   3.34032818131603E-07
 44   28     5.90474991672426E-09   4.25141994004146E-07
 45   28     4.18436961185620E-09   3.05458981665503E-07
 46   28     4.71887938865730E-09   3.49197074760640E-07
 47   28     7.12559307332942E-09   5.34419480499707E-07
 48   28     4.11025020616061E-09   3.12379015668206E-07
 49   28     6.69409718310857E-10   5.15445483099360E-08
 50   28     1.38870343268149E-09   1.08318867749156E-07
 51   28     2.40330716269690E-18   1.89861265853055E-16
 52   28     8.57662713378690E-11   6.86130170702952E-09
 53   28     3.83521742575843E-24   3.10652611486433E-22
 54   28     2.63142452565009E-15   2.15776811103307E-13
 55   28     1.00000000000000E-99   1.00000000000000E-99
 56   28     1.00000000000000E-99   1.00000000000000E-99
 57   28     1.00000000000000E-99   1.00000000000000E-99
 58   28     1.00000000000000E-99   1.00000000000000E-99
 59   28     1.00000000000000E-99   1.00000000000000E-99
 60   28     1.00000000000000E-99   1.00000000000000E-99
 61   28     1.00000000000000E-99   1.00000000000000E-99
 62   28     1.00000000000000E-99   1.00000000000000E-99
 63   28     1.00000000000000E-99   1.00000000000000E-99
 64   28     1.00000000000000E-99   1.00000000000000E-99
 65   28     1.00000000000000E-99   1.00000000000000E-99
 66   28     1.00000000000000E-99   1.00000000000000E-99
 67   28     1.00000000000000E-99   1.00000000000000E-99
 68   28     1.00000000000000E-99   1.00000000000000E-99
 69   28     1.00000000000000E-99   1.00000000000000E-99
 70   28     1.00000000000000E-99   1.00000000000000E-99
 71   28     1.00000000000000E-99   1.00000000000000E-99
 19   29     1.00000000000000E-99   1.00000000000000E-99
 20   29     1.00000000000000E-99   1.00000000000000E-99
 21   29     1.00000000000000E-99   1.00000000000000E-99
 22   29     1.00000000000000E-99   1.00000000000000E-99
 23   29     1.00000000000000E-99   1.00000000000000E-99
 24   29     1.00000000000000E-99   1.00000000000000E-99
 25   29     1.00000000000000E-99   1.00000000000000E-99
 26   29     1.00000000000000E-99   1.00000000000000E-99
 27   29     1.00000000000000E-99   1.00000000000000E-99
 28   29     1.00000000000000E-99   1.00000000000000E-99
 29   29     1.00000000000000E-99   1.00000000000000E-99
 30   29     1.00000000000000E-99   1.00000000000000E-99
 31   29     1.00000000000000E-99   1.00000000000000E-99
 32   29     1.00000000000000E-99   1.00000000000000E-99
 33   29     1.00000000000000E-99   1.00000000000000E-99
 34   29     7.61220127473780E-24   4.79568680308481E-22
 35   29     1.00000000000000E-99   1.00000000000000E-99
 36   29     2.23199172590383E-15   1.45079462183749E-13
 37   29     5.66519850800945E-16   3.73903101528624E-14
 38   29     8.29116482257255E-12   5.55508043112361E-10
 39   29     9.92342546641188E-12   6.74792931716008E-10
 40   29     7.87670686368082E-11   5.43492773593976E-09
 41   29     6.28370944415195E-11   4.39859661090637E-09
 42   29     4.83961965499433E-10   3.43612995504597E-08
 43   29     5.80272451100326E-10   4.17796164792235E-08
 44   29     2.42914266222949E-09   1.77327414342752E-07
 45   29     2.20838083338297E-09   1.63420181670340E-07
 46   29     1.57427271343044E-08   1.18070453507283E-06
 47   29     9.06258247207287E-09   6.88756267877538E-07
 48   29     2.25585445629615E-08   1.73700793134804E-06
 49   29     1.68291699179195E-08   1.31267525359772E-06
 50   29     1.38660116646611E-08   1.09541492150822E-06
 51   29     1.45432233886542E-10   1.16345787109234E-08
 52   29     3.77756765821283E-11   3.05982980315239E-09
 53   29     2.59805341636270E-15   2.13040380141741E-13
 54   29     6.37667849956989E-17   5.29264315464301E-15
 55   29     3.72717475913430E-22   3.13082679767282E-20
 56   29     1.00000000000000E-99   1.00000000000000E-99
 57   29     1.00000000000000E-99   1.00000000000000E-99
 58   29     1.00000000000000E-99   1.00000000000000E-99
 59   29     1.00000000000000E-99   1.00000000000000E-99
 60   29     1.00000000000000E-99   1.00000000000000E-99
 61   29     1.00000000000000E-99   1.00000000000000E-99
 62   29     1.00000000000000E-99   1.00000000000000E-99
 63   29     1.00000000000000E-99   1.00000000000000E-99
 64   29     1.00000000000000E-99   1.00000000000000E-99
 65   29     1.00000000000000E-99   1.00000000000000E-99
 66   29     1.00000000000000E-99   1.00000000000000E-99
 67   29     1.00000000000000E-99   1.00000000000000E-99
 68   29     1.00000000000000E-99   1.00000000000000E-99
 69   29     1.00000000000000E-99   1.00000000000000E-99
 70   29     1.00000000000000E-99   1.00000000000000E-99
 71   29     1.00000000000000E-99   1.00000000000000E-99
 72   29     1.00000000000000E-99   1.00000000000000E-99
 73   29     1.00000000000000E-99   1.00000000000000E-99
 21   30     1.00000000000000E-99   1.00000000000000E-99
 22   30     1.00000000000000E-99   1.00000000000000E-99
 23   30     1.00000000000000E-99   1.00000000000000E-99
 24   30     1.00000000000000E-99   1.00000000000000E-99
 25   30     1.00000000000000E-99   1.00000000000000E-99
 26   30     1.00000000000000E-99   1.00000000000000E-99
 27   30     1.00000000000000E-99   1.00000000000000E-99
 28   30     1.00000000000000E-99   1.00000000000000E-99
 29   30     1.00000000000000E-99   1.00000000000000E-99
 30   30     1.00000000000000E-99   1.00000000000000E-99
 31   30     1.00000000000000E-99   1.00000000000000E-99
 32   30     1.00000000000000E-99   1.00000000000000E-99
 33   30     1.00000000000000E-99   1.00000000000000E-99
 34   30     1.00000000000000E-99   1.00000000000000E-99
 35   30     1.00000000000000E-99   1.00000000000000E-99
 36   30     1.32688469519776E-19   8.75743898830520E-18
 37   30     1.93429040277839E-18   1.29597456986152E-16
 38   30     2.84477368580286E-14   1.93444610634595E-12
 39   30     3.70517244181738E-14   2.55656898485400E-12
 40   30     1.66310591689584E-13   1.16417414182709E-11
 41   30     2.59186154796698E-12   1.84022169905656E-10
 42   30     1.26061484067213E-11   9.07642685283931E-10
 43   30     8.34824045502284E-11   6.09421553216667E-09
 44   30     3.97793605451949E-10   2.94367268034442E-08
 45   30     2.91658301717477E-09   2.18743726288107E-07
 46   30     1.05059051806629E-08   7.98448793730381E-07
 47   30     2.91267635888679E-08   2.24276079634283E-06
 48   30     4.80100932032419E-08   3.74478726985287E-06
 49   30     4.36934746066538E-08   3.45178449392565E-06
 50   30     7.11168753787214E-09   5.68935003029771E-07
 51   30     4.28544373006801E-10   3.47120942135509E-08
 52   30     1.81330560983287E-09   1.48691060006295E-07
 53   30     1.00118913029201E-10   8.30986978142371E-09
 54   30     5.09162991905910E-10   4.27696913200965E-08
 55   30     4.88808463108938E-15   4.15487193642597E-13
 56   30     1.24387811312952E-18   1.06973517729139E-16
 57   30     1.00000000000000E-99   1.00000000000000E-99
 58   30     1.00000000000000E-99   1.00000000000000E-99
 59   30     1.00000000000000E-99   1.00000000000000E-99
 60   30     1.00000000000000E-99   1.00000000000000E-99
 61   30     1.00000000000000E-99   1.00000000000000E-99
 62   30     1.00000000000000E-99   1.00000000000000E-99
 63   30     1.00000000000000E-99   1.00000000000000E-99
 64   30     1.00000000000000E-99   1.00000000000000E-99
 65   30     1.00000000000000E-99   1.00000000000000E-99
 66   30     1.00000000000000E-99   1.00000000000000E-99
 67   30     1.00000000000000E-99   1.00000000000000E-99
 68   30     1.00000000000000E-99   1.00000000000000E-99
 69   30     1.00000000000000E-99   1.00000000000000E-99
 70   30     1.00000000000000E-99   1.00000000000000E-99
 71   30     1.00000000000000E-99   1.00000000000000E-99
 72   30     1.00000000000000E-99   1.00000000000000E-99
 73   30     1.00000000000000E-99   1.00000000000000E-99
 74   30     1.00000000000000E-99   1.00000000000000E-99
 75   30     1.00000000000000E-99   1.00000000000000E-99
 22   31     1.00000000000000E-99   1.00000000000000E-99
 23   31     1.00000000000000E-99   1.00000000000000E-99
 24   31     1.00000000000000E-99   1.00000000000000E-99
 25   31     1.00000000000000E-99   1.00000000000000E-99
 26   31     1.00000000000000E-99   1.00000000000000E-99
 27   31     1.00000000000000E-99   1.00000000000000E-99
 28   31     1.00000000000000E-99   1.00000000000000E-99
 29   31     1.00000000000000E-99   1.00000000000000E-99
 30   31     1.00000000000000E-99   1.00000000000000E-99
 31   31     1.00000000000000E-99   1.00000000000000E-99
 32   31     1.00000000000000E-99   1.00000000000000E-99
 33   31     1.00000000000000E-99   1.00000000000000E-99
 34   31     1.00000000000000E-99   1.00000000000000E-99
 35   31     1.00000000000000E-99   1.00000000000000E-99
 36   31     1.00000000000000E-99   1.00000000000000E-99
 37   31     1.00000000000000E-99   1.00000000000000E-99
 38   31     5.38413075778598E-19   3.71505022287233E-17
 39   31     1.37877855128044E-19   9.65144985896311E-18
 40   31     1.01778726935439E-15   7.22628961241614E-14
 41   31     2.61005669411467E-16   1.87924081976256E-14
 42   31     2.86957705904855E-13   2.09479125310544E-11
 43   31     3.33919992329799E-13   2.47100794324051E-11
 44   31     3.64484120708881E-11   2.73363090531661E-09
 45   31     1.59932957666222E-10   1.21549047826328E-08
 46   31     2.72539798159010E-09   2.09855644582437E-07
 47   31     5.82539394846484E-09   4.54380727980258E-07
 48   31     1.52322652463529E-08   1.20334895446188E-06
 49   31     2.66999817886230E-09   2.13599854308984E-07
 50   31     8.21583653005748E-09   6.65482758934656E-07
 51   31     2.21498940318777E-09   1.81629131061397E-07
 52   31     2.10429164393610E-09   1.74656206446696E-07
 53   31     3.16222050574032E-10   2.65626522482187E-08
 54   31     1.17864606272158E-09   1.00184915331334E-07
 55   31     7.44121488196026E-11   6.39944479848582E-09
 56   31     2.39044472772087E-11   2.07968691311716E-09
 57   31     4.16080979393740E-16   3.66151261866491E-14
 58   31     6.50562571503535E-19   5.79000688638146E-17
 59   31     2.68816985631318E-24   2.41935287068186E-22
 60   31     1.00000000000000E-99   1.00000000000000E-99
 61   31     1.00000000000000E-99   1.00000000000000E-99
 62   31     1.00000000000000E-99   1.00000000000000E-99
 63   31     1.00000000000000E-99   1.00000000000000E-99
 64   31     1.00000000000000E-99   1.00000000000000E-99
 65   31     1.00000000000000E-99   1.00000000000000E-99
 66   31     1.00000000000000E-99   1.00000000000000E-99
 67   31     1.00000000000000E-99   1.00000000000000E-99
 68   31     1.00000000000000E-99   1.00000000000000E-99
 69   31     1.00000000000000E-99   1.00000000000000E-99
 70   31     1.00000000000000E-99   1.00000000000000E-99
 71   31     1.00000000000000E-99   1.00000000000000E-99
 72   31     1.00000000000000E-99   1.00000000000000E-99
 73   31     1.00000000000000E-99   1.00000000000000E-99
 74   31     1.00000000000000E-99   1.00000000000000E-99
 75   31     1.00000000000000E-99   1.00000000000000E-99
 76   31     1.00000000000000E-99   1.00000000000000E-99
 77   31     1.00000000000000E-99   1.00000000000000E-99
 23   32     1.00000000000000E-99   1.00000000000000E-99
 24   32     1.00000000000000E-99   1.00000000000000E-99
 25   32     1.00000000000000E-99   1.00000000000000E-99
 26   32     1.00000000000000E-99   1.00000000000000E-99
 27   32     1.00000000000000E-99   1.00000000000000E-99
 28   32     1.00000000000000E-99   1.00000000000000E-99
 29   32     1.00000000000000E-99   1.00000000000000E-99
 30   32     1.00000000000000E-99   1.00000000000000E-99
 31   32     1.00000000000000E-99   1.00000000000000E-99
 32   32     1.00000000000000E-99   1.00000000000000E-99
 33   32     1.00000000000000E-99   1.00000000000000E-99
 34   32     1.00000000000000E-99   1.00000000000000E-99
 35   32     1.00000000000000E-99   1.00000000000000E-99
 36   32     1.00000000000000E-99   1.00000000000000E-99
 37   32     1.00000000000000E-99   1.00000000000000E-99
 38   32     4.54282797708891E-24   3.17997958396223E-22
 39   32     1.00000000000000E-99   1.00000000000000E-99
 40   32     3.00886072197735E-22   2.16637971982369E-20
 41   32     6.57301164180570E-19   4.79829849851816E-17
 42   32     5.04245906792351E-17   3.73141971026340E-15
 43   32     1.80667146276234E-14   1.35500359707175E-12
 44   32     4.52919691656116E-13   3.44218965658648E-11
 45   32     1.86243886551882E-11   1.43407792644949E-09
 46   32     1.58420481863549E-10   1.23567975853569E-08
 47   32     7.43824367652730E-10   5.87621250445657E-08
 48   32     6.82522981898113E-10   5.46018385518491E-08
 49   32     1.72629800107554E-09   1.39830138087119E-07
 50   32     3.25814882510376E-09   2.67168203658508E-07
 51   32     3.43724679383801E-09   2.85291483888555E-07
 52   32     7.23565403145462E-09   6.07794938642188E-07
 53   32     9.00547881873178E-10   7.65465699592201E-08
 54   32     1.00275487328918E-08   8.62369191028692E-07
 55   32     5.99742590896491E-11   5.21776054079947E-09
 56   32     4.16771651690154E-10   3.66759053487336E-08
 57   32     1.64408964163239E-14   1.46323978105283E-12
 58   32     5.92997896085245E-14   5.33698106476721E-12
 59   32     2.97355223582114E-18   2.70593253459723E-16
 60   32     1.37273380668370E-20   1.26291510214900E-18
 61   32     4.01954909822468E-25   3.73818066134895E-23
 62   32     1.77881371391314E-24   1.67208489107835E-22
 63   32     1.00000000000000E-99   1.00000000000000E-99
 64   32     1.00000000000000E-99   1.00000000000000E-99
 65   32     1.00000000000000E-99   1.00000000000000E-99
 66   32     1.00000000000000E-99   1.00000000000000E-99
 67   32     1.00000000000000E-99   1.00000000000000E-99
 68   32     1.00000000000000E-99   1.00000000000000E-99
 69   32     1.00000000000000E-99   1.00000000000000E-99
 70   32     1.00000000000000E-99   1.00000000000000E-99
 71   32     1.00000000000000E-99   1.00000000000000E-99
 72   32     1.00000000000000E-99   1.00000000000000E-99
 73   32     1.00000000000000E-99   1.00000000000000E-99
 74   32     1.00000000000000E-99   1.00000000000000E-99
 75   32     1.00000000000000E-99   1.00000000000000E-99
 76   32     1.00000000000000E-99   1.00000000000000E-99
 77   32     1.00000000000000E-99   1.00000000000000E-99
 78   32     1.00000000000000E-99   1.00000000000000E-99
 79   32     1.00000000000000E-99   1.00000000000000E-99
 80   32     1.00000000000000E-99   1.00000000000000E-99
 24   33     1.00000000000000E-99   1.00000000000000E-99
 25   33     1.00000000000000E-99   1.00000000000000E-99
 26   33     1.00000000000000E-99   1.00000000000000E-99
 27   33     1.00000000000000E-99   1.00000000000000E-99
 28   33     1.00000000000000E-99   1.00000000000000E-99
 29   33     1.00000000000000E-99   1.00000000000000E-99
 30   33     1.00000000000000E-99   1.00000000000000E-99
 31   33     1.00000000000000E-99   1.00000000000000E-99
 32   33     1.00000000000000E-99   1.00000000000000E-99
 33   33     1.00000000000000E-99   1.00000000000000E-99
 34   33     1.00000000000000E-99   1.00000000000000E-99
 35   33     1.00000000000000E-99   1.00000000000000E-99
 36   33     1.00000000000000E-99   1.00000000000000E-99
 37   33     1.00000000000000E-99   1.00000000000000E-99
 38   33     1.00000000000000E-99   1.00000000000000E-99
 39   33     1.00000000000000E-99   1.00000000000000E-99
 40   33     1.00000000000000E-99   1.00000000000000E-99
 41   33     1.00000000000000E-99   1.00000000000000E-99
 42   33     1.10002882915411E-19   8.25021621865585E-18
 43   33     4.81034193615809E-20   3.65585987148015E-18
 44   33     2.38473476099964E-17   1.83624576596973E-15
 45   33     1.01511056717499E-15   7.91786242396495E-14
 46   33     2.92416102627985E-12   2.31008721076108E-10
 47   33     1.83699463325199E-12   1.46959570660159E-10
 48   33     3.13348671594140E-11   2.53812423991254E-09
 49   33     7.81703180781371E-11   6.40996608240724E-09
 50   33     7.27475163057083E-10   6.03804385337379E-08
 51   33     1.39130989280044E-09   1.16870030995237E-07
 52   33     1.68346037930516E-09   1.43094132240938E-07
 53   33     4.27875828184741E-09   3.67973212238877E-07
 54   33     2.19616373711589E-09   1.91066245129083E-07
 55   33     1.60437478757296E-09   1.41184981306421E-07
 56   33     7.45303857699249E-10   6.63320433352331E-08
 57   33     9.56290563014341E-13   8.60661506712907E-11
 58   33     1.28711094425086E-12   1.17127095926828E-10
 59   33     4.23918861720312E-15   3.90005352782687E-13
 60   33     1.64473298577169E-16   1.52960167676767E-14
 61   33     1.67784205233002E-19   1.57717152919022E-17
 62   33     3.99779589026546E-20   3.79790609575219E-18
 63   33     9.11762703939543E-24   8.75292195781962E-22
 64   33     1.00000000000000E-99   1.00000000000000E-99
 65   33     1.00000000000000E-99   1.00000000000000E-99
 66   33     1.00000000000000E-99   1.00000000000000E-99
 67   33     1.00000000000000E-99   1.00000000000000E-99
 68   33     1.00000000000000E-99   1.00000000000000E-99
 69   33     1.00000000000000E-99   1.00000000000000E-99
 70   33     1.00000000000000E-99   1.00000000000000E-99
 71   33     1.00000000000000E-99   1.00000000000000E-99
 72   33     1.00000000000000E-99   1.00000000000000E-99
 73   33     1.00000000000000E-99   1.00000000000000E-99
 74   33     1.00000000000000E-99   1.00000000000000E-99
 75   33     1.00000000000000E-99   1.00000000000000E-99
 76   33     1.00000000000000E-99   1.00000000000000E-99
 77   33     1.00000000000000E-99   1.00000000000000E-99
 78   33     1.00000000000000E-99   1.00000000000000E-99
 79   33     1.00000000000000E-99   1.00000000000000E-99
 80   33     1.00000000000000E-99   1.00000000000000E-99
 81   33     1.00000000000000E-99   1.00000000000000E-99
 82   33     1.00000000000000E-99   1.00000000000000E-99
 25   34     1.00000000000000E-99   1.00000000000000E-99
 26   34     1.00000000000000E-99   1.00000000000000E-99
 27   34     1.00000000000000E-99   1.00000000000000E-99
 28   34     1.00000000000000E-99   1.00000000000000E-99
 29   34     1.00000000000000E-99   1.00000000000000E-99
 30   34     1.00000000000000E-99   1.00000000000000E-99
 31   34     1.00000000000000E-99   1.00000000000000E-99
 32   34     1.00000000000000E-99   1.00000000000000E-99
 33   34     1.00000000000000E-99   1.00000000000000E-99
 34   34     1.00000000000000E-99   1.00000000000000E-99
 35   34     1.00000000000000E-99   1.00000000000000E-99
 36   34     1.00000000000000E-99   1.00000000000000E-99
 37   34     1.00000000000000E-99   1.00000000000000E-99
 38   34     1.00000000000000E-99   1.00000000000000E-99
 39   34     1.00000000000000E-99   1.00000000000000E-99
 40   34     1.00000000000000E-99   1.00000000000000E-99
 41   34     1.00000000000000E-99   1.00000000000000E-99
 42   34     1.00000000000000E-99   1.00000000000000E-99
 43   34     4.49269726955473E-24   3.45937689755714E-22
 44   34     1.00925455395217E-20   7.87218552082696E-19
 45   34     2.03613671229732E-16   1.60854800271488E-14
 46   34     8.66513507615783E-15   6.93210806092626E-13
 47   34     6.60904102709692E-14   5.35332323194851E-12
 48   34     4.59703303242997E-13   3.76956708659257E-11
 49   34     6.48621065302086E-12   5.38355484200732E-10
 50   34     1.54833090443750E-10   1.30059795972750E-08
 51   34     3.10677919712340E-10   2.64076231755489E-08
 52   34     8.65348092566903E-10   7.44199359607536E-08
 53   34     1.50428268461567E-09   1.30872593561564E-07
 54   34     3.45633270938682E-09   3.04157278426040E-07
 55   34     1.94283793676817E-10   1.72912576372367E-08
 56   34     2.03303745503692E-09   1.82973370953323E-07
 57   34     8.43160565074740E-11   7.67276114218014E-09
 58   34     2.12744254165099E-10   1.95724713831891E-08
 59   34     5.90009794249889E-14   5.48709108652397E-12
 60   34     1.32741535203200E-13   1.24777043091008E-11
 61   34     1.88183058250919E-16   1.78773905338373E-14
 62   34     9.80069210439864E-16   9.40866442022269E-14
 63   34     3.38116607574109E-19   3.27973109346886E-17
 64   34     1.25782889001983E-21   1.23267231221944E-19
 65   34     1.00000000000000E-99   1.00000000000000E-99
 66   34     1.00000000000000E-99   1.00000000000000E-99
 67   34     1.00000000000000E-99   1.00000000000000E-99
 68   34     1.00000000000000E-99   1.00000000000000E-99
 69   34     1.00000000000000E-99   1.00000000000000E-99
 70   34     1.00000000000000E-99   1.00000000000000E-99
 71   34     1.00000000000000E-99   1.00000000000000E-99
 72   34     1.00000000000000E-99   1.00000000000000E-99
 73   34     1.00000000000000E-99   1.00000000000000E-99
 74   34     1.00000000000000E-99   1.00000000000000E-99
 75   34     1.00000000000000E-99   1.00000000000000E-99
 76   34     1.00000000000000E-99   1.00000000000000E-99
 77   34     1.00000000000000E-99   1.00000000000000E-99
 78   34     1.00000000000000E-99   1.00000000000000E-99
 79   34     1.00000000000000E-99   1.00000000000000E-99
 80   34     1.00000000000000E-99   1.00000000000000E-99
 81   34     1.00000000000000E-99   1.00000000000000E-99
 82   34     1.00000000000000E-99   1.00000000000000E-99
 83   34     1.00000000000000E-99   1.00000000000000E-99
 84   34     1.00000000000000E-99   1.00000000000000E-99
 26   35     1.00000000000000E-99   1.00000000000000E-99
 27   35     1.00000000000000E-99   1.00000000000000E-99
 28   35     1.00000000000000E-99   1.00000000000000E-99
 29   35     1.00000000000000E-99   1.00000000000000E-99
 30   35     1.00000000000000E-99   1.00000000000000E-99
 31   35     1.00000000000000E-99   1.00000000000000E-99
 32   35     1.00000000000000E-99   1.00000000000000E-99
 33   35     1.00000000000000E-99   1.00000000000000E-99
 34   35     1.00000000000000E-99   1.00000000000000E-99
 35   35     1.00000000000000E-99   1.00000000000000E-99
 36   35     1.00000000000000E-99   1.00000000000000E-99
 37   35     1.00000000000000E-99   1.00000000000000E-99
 38   35     1.00000000000000E-99   1.00000000000000E-99
 39   35     1.00000000000000E-99   1.00000000000000E-99
 40   35     1.00000000000000E-99   1.00000000000000E-99
 41   35     1.00000000000000E-99   1.00000000000000E-99
 42   35     1.00000000000000E-99   1.00000000000000E-99
 43   35     1.00000000000000E-99   1.00000000000000E-99
 44   35     1.00000000000000E-99   1.00000000000000E-99
 45   35     1.00000000000000E-99   1.00000000000000E-99
 46   35     2.25778230423520E-18   1.82880366643051E-16
 47   35     7.53710922358064E-19   6.18042956333612E-17
 48   35     3.12385587223455E-16   2.59280037395468E-14
 49   35     4.20893350133649E-14   3.53550414112265E-12
 50   35     1.17918222764685E-12   1.00230489349982E-10
 51   35     7.83336070012567E-12   6.73669020210808E-10
 52   35     4.26910441006396E-11   3.71412083675565E-09
 53   35     2.48686551283032E-10   2.18844165129068E-08
 54   35     3.88092704079768E-10   3.45402506630993E-08
 55   35     7.04056783962427E-10   6.33651105566184E-08
 56   35     5.44847869049643E-10   4.95811560835175E-08
 57   35     5.34657143572626E-10   4.91884572086816E-08
 58   35     2.54010520296019E-10   2.36229783875298E-08
 59   35     1.07038492957532E-11   1.00616183380080E-09
 60   35     6.09896337193173E-12   5.79401520333515E-10
 61   35     4.15249485137014E-14   3.98639505731533E-12
 62   35     2.54055473881576E-13   2.46433809665128E-11
 63   35     3.72799734700828E-15   3.65343740006812E-13
 64   35     1.02388089259091E-16   1.01364208366500E-14
 65   35     3.46840034157886E-20   3.46840034157886E-18
 66   35     6.95496096313150E-23   7.02451057276282E-21
 67   35     1.00000000000000E-99   1.00000000000000E-99
 68   35     1.00000000000000E-99   1.00000000000000E-99
 69   35     1.00000000000000E-99   1.00000000000000E-99
 70   35     1.00000000000000E-99   1.00000000000000E-99
 71   35     1.00000000000000E-99   1.00000000000000E-99
 72   35     1.00000000000000E-99   1.00000000000000E-99
 73   35     1.00000000000000E-99   1.00000000000000E-99
 74   35     1.00000000000000E-99   1.00000000000000E-99
 75   35     1.00000000000000E-99   1.00000000000000E-99
 76   35     1.00000000000000E-99   1.00000000000000E-99
 77   35     1.00000000000000E-99   1.00000000000000E-99
 78   35     1.00000000000000E-99   1.00000000000000E-99
 79   35     1.00000000000000E-99   1.00000000000000E-99
 80   35     1.00000000000000E-99   1.00000000000000E-99
 81   35     1.00000000000000E-99   1.00000000000000E-99
 82   35     1.00000000000000E-99   1.00000000000000E-99
 83   35     1.00000000000000E-99   1.00000000000000E-99
 84   35     1.00000000000000E-99   1.00000000000000E-99
 85   35     1.00000000000000E-99   1.00000000000000E-99
 86   35     1.00000000000000E-99   1.00000000000000E-99
 27   36     1.00000000000000E-99   1.00000000000000E-99
 28   36     1.00000000000000E-99   1.00000000000000E-99
 29   36     1.00000000000000E-99   1.00000000000000E-99
 30   36     1.00000000000000E-99   1.00000000000000E-99
 31   36     1.00000000000000E-99   1.00000000000000E-99
 32   36     1.00000000000000E-99   1.00000000000000E-99
 33   36     1.00000000000000E-99   1.00000000000000E-99
 34   36     1.00000000000000E-99   1.00000000000000E-99
 35   36     1.00000000000000E-99   1.00000000000000E-99
 36   36     1.00000000000000E-99   1.00000000000000E-99
 37   36     1.00000000000000E-99   1.00000000000000E-99
 38   36     1.00000000000000E-99   1.00000000000000E-99
 39   36     1.00000000000000E-99   1.00000000000000E-99
 40   36     1.00000000000000E-99   1.00000000000000E-99
 41   36     1.00000000000000E-99   1.00000000000000E-99
 42   36     1.00000000000000E-99   1.00000000000000E-99
 43   36     1.00000000000000E-99   1.00000000000000E-99
 44   36     1.00000000000000E-99   1.00000000000000E-99
 45   36     1.00000000000000E-99   1.00000000000000E-99
 46   36     1.00000000000000E-99   1.00000000000000E-99
 47   36     1.37812657477769E-21   1.14384505706548E-19
 48   36     1.49272606625474E-18   1.25388989565399E-16
 49   36     4.97822352574526E-16   4.23148999688347E-14
 50   36     1.66408244086828E-14   1.43111089914672E-12
 51   36     1.81048093927480E-13   1.57511841716908E-11
 52   36     3.56575514567896E-12   3.13786452819749E-10
 53   36     2.74224343529732E-11   2.44059665741461E-09
 54   36     1.05241612185984E-10   9.47174509673856E-09
 55   36     3.67289217733028E-10   3.34233188137056E-08
 56   36     2.23115185904767E-09   2.05265971032386E-07
 57   36     8.76145222325887E-10   8.14815056763075E-08
 58   36     9.61993175844262E-10   9.04273585293606E-08
 59   36     7.37216529960573E-11   7.00355703462544E-09
 60   36     9.32119208718167E-11   8.94834440369441E-09
 61   36     4.07875517659434E-12   3.95639252129651E-10
 62   36     1.17567067908302E-12   1.15215726550136E-10
 63   36     2.43172698615119E-16   2.40740971628968E-14
 64   36     2.22317540777420E-19   2.22317540777420E-17
 65   36     1.07065405073457E-22   1.08136059124192E-20
 66   36     7.95464861308464E-19   8.11374158534633E-17
 67   36     3.46357334023764E-22   3.56748054044477E-20
 68   36     2.89956880429304E-23   3.01555155646477E-21
 69   36     1.00000000000000E-99   1.00000000000000E-99
 70   36     1.00000000000000E-99   1.00000000000000E-99
 71   36     1.00000000000000E-99   1.00000000000000E-99
 72   36     1.00000000000000E-99   1.00000000000000E-99
 73   36     1.00000000000000E-99   1.00000000000000E-99
 74   36     1.00000000000000E-99   1.00000000000000E-99
 75   36     1.00000000000000E-99   1.00000000000000E-99
 76   36     1.00000000000000E-99   1.00000000000000E-99
 77   36     1.00000000000000E-99   1.00000000000000E-99
 78   36     1.00000000000000E-99   1.00000000000000E-99
 79   36     1.00000000000000E-99   1.00000000000000E-99
 80   36     1.00000000000000E-99   1.00000000000000E-99
 81   36     1.00000000000000E-99   1.00000000000000E-99
 82   36     1.00000000000000E-99   1.00000000000000E-99
 83   36     1.00000000000000E-99   1.00000000000000E-99
 84   36     1.00000000000000E-99   1.00000000000000E-99
 85   36     1.00000000000000E-99   1.00000000000000E-99
 86   36     1.00000000000000E-99   1.00000000000000E-99
 87   36     1.00000000000000E-99   1.00000000000000E-99
 88   36     1.00000000000000E-99   1.00000000000000E-99
 29   37     1.00000000000000E-99   1.00000000000000E-99
 30   37     1.00000000000000E-99   1.00000000000000E-99
 31   37     1.00000000000000E-99   1.00000000000000E-99
 32   37     1.00000000000000E-99   1.00000000000000E-99
 33   37     1.00000000000000E-99   1.00000000000000E-99
 34   37     1.00000000000000E-99   1.00000000000000E-99
 35   37     1.00000000000000E-99   1.00000000000000E-99
 36   37     1.00000000000000E-99   1.00000000000000E-99
 37   37     1.00000000000000E-99   1.00000000000000E-99
 38   37     1.00000000000000E-99   1.00000000000000E-99
 39   37     1.00000000000000E-99   1.00000000000000E-99
 40   37     1.00000000000000E-99   1.00000000000000E-99
 41   37     1.00000000000000E-99   1.00000000000000E-99
 42   37     1.00000000000000E-99   1.00000000000000E-99
 43   37     1.00000000000000E-99   1.00000000000000E-99
 44   37     1.00000000000000E-99   1.00000000000000E-99
 45   37     1.00000000000000E-99   1.00000000000000E-99
 46   37     1.00000000000000E-99   1.00000000000000E-99
 47   37     1.00000000000000E-99   1.00000000000000E-99
 48   37     1.00000000000000E-99   1.00000000000000E-99
 49   37     1.00000000000000E-99   1.00000000000000E-99
 50   37     3.18548780905755E-18   2.77137439388007E-16
 51   37     2.19022441158216E-17   1.92739748219230E-15
 52   37     1.17665778727423E-14   1.04722543067406E-12
 53   37     2.38776376770047E-13   2.14898739093042E-11
 54   37     5.17632445340451E-12   4.71045525259811E-10
 55   37     1.50311324484299E-10   1.38286418525555E-08
 56   37     2.99237378735728E-10   2.78290762224227E-08
 57   37     5.14899401361833E-10   4.84005437280123E-08
 58   37     1.86884202189636E-09   1.77539992080154E-07
 59   37     5.12226513045408E-10   4.91737452523592E-08
 60   37     6.35733882512167E-10   6.16661866036802E-08
 61   37     1.70170412085715E-10   1.66767003844000E-08
 62   37     3.77066678941449E-11   3.73296012152034E-09
 63   37     1.80008137805953E-12   1.80008137805953E-10
 64   37     1.83997888379791E-13   1.85837867263589E-11
 65   37     1.10844429924326E-14   1.13061318522813E-12
 66   37     3.64166146894567E-16   3.75091131301404E-14
 67   37     6.94141014599384E-19   7.21906655183360E-17
 68   37     1.24475747292709E-20   1.30699534657344E-18
 69   37     5.84298876477765E-24   6.19356809066431E-22
 70   37     1.00000000000000E-99   1.00000000000000E-99
 71   37     5.23017707839944E-25   5.64859124467139E-23
 72   37     1.00000000000000E-99   1.00000000000000E-99
 73   37     5.94620651037741E-25   6.54082716141515E-23
 74   37     9.23098439513101E-25   1.02463926785954E-22
 75   37     1.00000000000000E-99   1.00000000000000E-99
 76   37     1.00000000000000E-99   1.00000000000000E-99
 77   37     2.80893108257744E-23   3.20218143413828E-21
 78   37     5.87568765007178E-25   6.75704079758255E-23
 79   37     3.18780579999930E-23   3.69785472799919E-21
 80   37     1.00000000000000E-99   1.00000000000000E-99
 81   37     2.00766836371973E-24   2.36904866918928E-22
 82   37     1.00000000000000E-99   1.00000000000000E-99
 83   37     1.00000000000000E-99   1.00000000000000E-99
 84   37     1.00000000000000E-99   1.00000000000000E-99
 85   37     1.00000000000000E-99   1.00000000000000E-99
 86   37     1.00000000000000E-99   1.00000000000000E-99
 87   37     1.00000000000000E-99   1.00000000000000E-99
 88   37     1.00000000000000E-99   1.00000000000000E-99
 89   37     1.00000000000000E-99   1.00000000000000E-99
 90   37     1.00000000000000E-99   1.00000000000000E-99
 91   37     1.00000000000000E-99   1.00000000000000E-99
 30   38     1.00000000000000E-99   1.00000000000000E-99
 31   38     1.00000000000000E-99   1.00000000000000E-99
 32   38     1.00000000000000E-99   1.00000000000000E-99
 33   38     1.00000000000000E-99   1.00000000000000E-99
 34   38     1.00000000000000E-99   1.00000000000000E-99
 35   38     1.00000000000000E-99   1.00000000000000E-99
 36   38     1.00000000000000E-99   1.00000000000000E-99
 37   38     1.00000000000000E-99   1.00000000000000E-99
 38   38     1.00000000000000E-99   1.00000000000000E-99
 39   38     1.00000000000000E-99   1.00000000000000E-99
 40   38     1.00000000000000E-99   1.00000000000000E-99
 41   38     1.00000000000000E-99   1.00000000000000E-99
 42   38     1.00000000000000E-99   1.00000000000000E-99
 43   38     1.00000000000000E-99   1.00000000000000E-99
 44   38     1.00000000000000E-99   1.00000000000000E-99
 45   38     1.00000000000000E-99   1.00000000000000E-99
 46   38     1.00000000000000E-99   1.00000000000000E-99
 47   38     1.00000000000000E-99   1.00000000000000E-99
 48   38     1.00000000000000E-99   1.00000000000000E-99
 49   38     1.00000000000000E-99   1.00000000000000E-99
 50   38     1.47508031116323E-21   1.29807067382364E-19
 51   38     9.74107062456337E-19   8.66955285586140E-17
 52   38     1.20035693591438E-16   1.08032124232294E-14
 53   38     7.41950511569886E-15   6.75174965528596E-13
 54   38     3.86475558370899E-12   3.55557513701227E-10
 55   38     9.81980943898987E-12   9.13242277826058E-10
 56   38     1.44221525144016E-10   1.35568233635375E-08
 57   38     1.20461180795314E-09   1.14438121755549E-07
 58   38     1.64159335673877E-09   1.57592962246922E-07
 59   38     1.15912704981853E-09   1.12435323832397E-07
 60   38     2.05344411854923E-09   2.01237523617824E-07
 61   38     8.65501683759531E-10   8.56846666921936E-08
 62   38     7.93549173012372E-10   7.93549173012372E-08
 63   38     4.85919539768630E-11   4.90778735166316E-09
 64   38     1.56251618721648E-11   1.59376651096081E-09
 65   38     1.86986126396313E-12   1.92595710188202E-10
 66   38     3.70995093512940E-13   3.85834897253458E-11
 67   38     1.19226093605615E-14   1.25187398285895E-12
 68   38     1.04868670883172E-13   1.11160791136163E-11
 69   38     3.61694940175366E-16   3.87013585987641E-14
 70   38     1.70188822593118E-17   1.83803928400567E-15
 71   38     5.06565542515059E-21   5.52156441341415E-19
 72   38     1.32011281388143E-23   1.45212409526958E-21
 73   38     5.43283582065551E-25   6.03044776092762E-23
 74   38     6.25209020375816E-23   7.00234102820913E-21
 75   38     2.30847780365019E-23   2.60857991812472E-21
 76   38     7.70128812919802E-23   8.77946846728574E-21
 77   38     4.80364552005210E-21   5.52419234805991E-19
 78   38     1.39001401501303E-23   1.61241625741512E-21
 79   38     1.83085998845105E-20   2.14210618648772E-18
 80   38     2.46177134388106E-25   2.90489018577965E-23
 81   38     1.80713589702662E-21   2.15049171746168E-19
 82   38     5.63287629814871E-24   6.75945155777845E-22
 83   38     1.00000000000000E-99   1.00000000000000E-99
 84   38     1.00000000000000E-99   1.00000000000000E-99
 85   38     1.00000000000000E-99   1.00000000000000E-99
 86   38     1.00000000000000E-99   1.00000000000000E-99
 87   38     1.00000000000000E-99   1.00000000000000E-99
 88   38     1.00000000000000E-99   1.00000000000000E-99
 89   38     1.00000000000000E-99   1.00000000000000E-99
 90   38     1.00000000000000E-99   1.00000000000000E-99
 91   38     1.00000000000000E-99   1.00000000000000E-99
 92   38     1.00000000000000E-99   1.00000000000000E-99
 93   38     1.00000000000000E-99   1.00000000000000E-99
 31   39     1.00000000000000E-99   1.00000000000000E-99
 32   39     1.00000000000000E-99   1.00000000000000E-99
 33   39     1.00000000000000E-99   1.00000000000000E-99
 34   39     1.00000000000000E-99   1.00000000000000E-99
 35   39     1.00000000000000E-99   1.00000000000000E-99
 36   39     1.00000000000000E-99   1.00000000000000E-99
 37   39     1.00000000000000E-99   1.00000000000000E-99
 38   39     1.00000000000000E-99   1.00000000000000E-99
 39   39     1.00000000000000E-99   1.00000000000000E-99
 40   39     1.00000000000000E-99   1.00000000000000E-99
 41   39     1.00000000000000E-99   1.00000000000000E-99
 42   39     1.00000000000000E-99   1.00000000000000E-99
 43   39     1.00000000000000E-99   1.00000000000000E-99
 44   39     1.00000000000000E-99   1.00000000000000E-99
 45   39     1.00000000000000E-99   1.00000000000000E-99
 46   39     1.00000000000000E-99   1.00000000000000E-99
 47   39     1.00000000000000E-99   1.00000000000000E-99
 48   39     1.00000000000000E-99   1.00000000000000E-99
 49   39     1.00000000000000E-99   1.00000000000000E-99
 50   39     1.00000000000000E-99   1.00000000000000E-99
 51   39     1.00000000000000E-99   1.00000000000000E-99
 52   39     1.21728489763391E-20   1.10772925684686E-18
 53   39     1.37328760764201E-17   1.26342459903065E-15
 54   39     1.32638133085582E-15   1.23353463769591E-13
 55   39     1.03475048794061E-13   9.72665458664171E-12
 56   39     5.42526648433910E-12   5.15400316012215E-10
 57   39     9.84341460069030E-11   9.44967801666269E-09
 58   39     6.72606279386800E-10   6.52428091005196E-08
 59   39     1.48657494706729E-10   1.45684344812595E-08
 60   39     1.13991034269795E-09   1.12851123927097E-07
 61   39     7.11253540472417E-10   7.11253540472417E-08
 62   39     8.23458672792110E-10   8.31693259520031E-08
 63   39     3.29419976963581E-10   3.36008376502853E-08
 64   39     8.72800775562191E-10   8.98984798829056E-08
 65   39     1.44367346772005E-10   1.50142040642885E-08
 66   39     9.64490389147409E-11   1.01271490860478E-08
 67   39     7.78935527008873E-12   8.25671658629406E-10
 68   39     2.10836463511539E-12   2.25595015957347E-10
 69   39     1.65529108846729E-14   1.78771437554467E-12
 70   39     2.52401858701841E-16   2.75118025985007E-14
 71   39     1.30675693368760E-18   1.43743262705636E-16
 72   39     2.38153710363371E-21   2.64350618503342E-19
 73   39     8.66871162080050E-19   9.70895701529656E-17
 74   39     3.72335107645391E-21   4.20738671639292E-19
 75   39     6.41999495072449E-17   7.31879424382592E-15
 76   39     7.94814202152845E-20   9.14036332475772E-18
 77   39     1.12956257416993E-14   1.31029258603712E-12
 78   39     1.37291471445464E-18   1.60631021591193E-16
 79   39     4.59153890880866E-14   5.41801591239421E-12
 80   39     4.00961686290762E-18   4.77144406686007E-16
 81   39     2.20018075508336E-14   2.64021690610004E-12
 82   39     3.79106168747805E-16   4.58718464184845E-14
 83   39     9.28765949679904E-22   1.13309445860948E-19
 84   39     3.96428906819054E-19   4.87607555387436E-17
 85   39     1.40260130588395E-23   1.73922561929609E-21
 86   39     1.00000000000000E-99   1.00000000000000E-99
 87   39     1.00000000000000E-99   1.00000000000000E-99
 88   39     1.00000000000000E-99   1.00000000000000E-99
 89   39     1.00000000000000E-99   1.00000000000000E-99
 90   39     1.00000000000000E-99   1.00000000000000E-99
 91   39     1.00000000000000E-99   1.00000000000000E-99
 92   39     1.00000000000000E-99   1.00000000000000E-99
 93   39     1.00000000000000E-99   1.00000000000000E-99
 94   39     1.00000000000000E-99   1.00000000000000E-99
 95   39     1.00000000000000E-99   1.00000000000000E-99
 32   40     1.00000000000000E-99   1.00000000000000E-99
 33   40     1.00000000000000E-99   1.00000000000000E-99
 34   40     1.00000000000000E-99   1.00000000000000E-99
 35   40     1.00000000000000E-99   1.00000000000000E-99
 36   40     1.00000000000000E-99   1.00000000000000E-99
 37   40     1.00000000000000E-99   1.00000000000000E-99
 38   40     1.00000000000000E-99   1.00000000000000E-99
 39   40     1.00000000000000E-99   1.00000000000000E-99
 40   40     1.00000000000000E-99   1.00000000000000E-99
 41   40     1.00000000000000E-99   1.00000000000000E-99
 42   40     1.00000000000000E-99   1.00000000000000E-99
 43   40     1.00000000000000E-99   1.00000000000000E-99
 44   40     1.00000000000000E-99   1.00000000000000E-99
 45   40     1.00000000000000E-99   1.00000000000000E-99
 46   40     1.00000000000000E-99   1.00000000000000E-99
 47   40     1.00000000000000E-99   1.00000000000000E-99
 48   40     1.00000000000000E-99   1.00000000000000E-99
 49   40     1.00000000000000E-99   1.00000000000000E-99
 50   40     1.00000000000000E-99   1.00000000000000E-99
 51   40     1.00000000000000E-99   1.00000000000000E-99
 52   40     6.06193397735853E-23   5.57697925916985E-21
 53   40     1.95084136698444E-21   1.81428247129553E-19
 54   40     6.88365825212432E-18   6.47063875699686E-16
 55   40     5.91934320029347E-16   5.62337604027879E-14
 56   40     1.81372290500459E-12   1.74117398880441E-10
 57   40     2.11581270226539E-11   2.05233832119743E-09
 58   40     3.61614187076648E-11   3.54381903335115E-09
 59   40     9.00624929901324E-11   8.91618680602311E-09
 60   40     1.92878447797544E-10   1.92878447797544E-08
 61   40     3.01924754443680E-10   3.04944001988116E-08
 62   40     7.36346597744476E-10   7.51073529699365E-08
 63   40     1.11186613913927E-09   1.14522212331344E-07
 64   40     1.45734307038983E-09   1.51563679320543E-07
 65   40     8.48636154597825E-10   8.91067962327716E-08
 66   40     8.23472222122365E-10   8.72880555449707E-08
 67   40     1.21358627240458E-10   1.29853731147290E-08
 68   40     7.82504645647391E-11   8.45105017299183E-09
 69   40     5.70600774051002E-12   6.21954843715592E-10
 70   40     2.38693189992181E-13   2.62562508991399E-11
 71   40     9.56893617576466E-14   1.06215191550988E-11
 72   40     1.23038311532479E-13   1.37802908916377E-11
 73   40     2.78734806232439E-16   3.14970331042656E-14
 74   40     2.28216976822225E-14   2.60167353577336E-12
 75   40     1.57412616778280E-14   1.81024509295022E-12
 76   40     1.07909331714717E-13   1.25174824789072E-11
 77   40     6.97505391284509E-13   8.16081307802875E-11
 78   40     3.88240327665239E-14   4.58123586644982E-12
 79   40     4.57257308011538E-12   5.44136196533730E-10
 80   40     6.73367442364606E-16   8.08040930837527E-14
 81   40     3.32859767354320E-12   4.02760318498727E-10
 82   40     1.08545449750708E-13   1.32425448695864E-11
 83   40     2.15446535379560E-19   2.64999238516858E-17
 84   40     2.04506577261435E-22   2.53588155804179E-20
 85   40     1.00000000000000E-99   1.00000000000000E-99
 86   40     1.00000000000000E-99   1.00000000000000E-99
 87   40     1.00000000000000E-99   1.00000000000000E-99
 88   40     1.00000000000000E-99   1.00000000000000E-99
 89   40     1.00000000000000E-99   1.00000000000000E-99
 90   40     1.00000000000000E-99   1.00000000000000E-99
 91   40     1.00000000000000E-99   1.00000000000000E-99
 92   40     1.00000000000000E-99   1.00000000000000E-99
 93   40     1.00000000000000E-99   1.00000000000000E-99
 94   40     1.00000000000000E-99   1.00000000000000E-99
 95   40     1.00000000000000E-99   1.00000000000000E-99
 96   40     1.03360032972181E-25   1.40569644842166E-23
 97   40     1.54913457367216E-21   2.12231436593086E-19
 33   41     1.00000000000000E-99   1.00000000000000E-99
 34   41     1.00000000000000E-99   1.00000000000000E-99
 35   41     1.00000000000000E-99   1.00000000000000E-99
 36   41     1.00000000000000E-99   1.00000000000000E-99
 37   41     1.00000000000000E-99   1.00000000000000E-99
 38   41     1.00000000000000E-99   1.00000000000000E-99
 39   41     1.00000000000000E-99   1.00000000000000E-99
 40   41     1.00000000000000E-99   1.00000000000000E-99
 41   41     1.00000000000000E-99   1.00000000000000E-99
 42   41     1.00000000000000E-99   1.00000000000000E-99
 43   41     1.00000000000000E-99   1.00000000000000E-99
 44   41     1.00000000000000E-99   1.00000000000000E-99
 45   41     1.00000000000000E-99   1.00000000000000E-99
 46   41     1.00000000000000E-99   1.00000000000000E-99
 47   41     1.00000000000000E-99   1.00000000000000E-99
 48   41     1.00000000000000E-99   1.00000000000000E-99
 49   41     1.00000000000000E-99   1.00000000000000E-99
 50   41     1.00000000000000E-99   1.00000000000000E-99
 51   41     1.00000000000000E-99   1.00000000000000E-99
 52   41     1.00000000000000E-99   1.00000000000000E-99
 53   41     1.00000000000000E-99   1.00000000000000E-99
 54   41     3.35385234903663E-24   3.18615973158480E-22
 55   41     1.69574738669227E-22   1.62791749122458E-20
 56   41     1.58874103798541E-17   1.54107880684585E-15
 57   41     3.79236211834021E-14   3.71651487597340E-12
 58   41     2.43112109583782E-12   2.40680988487944E-10
 59   41     1.56628875711795E-12   1.56628875711795E-10
 60   41     8.21735959260345E-12   8.29953318852948E-10
 61   41     1.08607573436653E-11   1.10779724905386E-09
 62   41     1.10569762882070E-10   1.13886855768532E-08
 63   41     8.05020479590437E-11   8.37221298774054E-09
 64   41     6.55179885151998E-10   6.87938879409598E-08
 65   41     5.64217865349944E-10   5.98070937270941E-08
 66   41     8.60474741886132E-10   9.20707973818161E-08
 67   41     4.16453314928614E-10   4.49769580122903E-08
 68   41     6.73459558433223E-10   7.34070918692213E-08
 69   41     7.78328458963198E-11   8.56161304859518E-09
 70   41     3.82104046055187E-11   4.24135491121258E-09
 71   41     4.82656517907869E-13   5.40575300056813E-11
 72   41     1.17107336426912E-12   1.32331290162410E-10
 73   41     1.19674600398140E-12   1.36429044453880E-10
 74   41     1.47337020495978E-13   1.69437573570375E-11
 75   41     7.64529697525578E-11   8.86854449129670E-09
 76   41     9.45030711743372E-13   1.10568593273975E-10
 77   41     3.40358300694510E-10   4.01622794819521E-08
 78   41     1.71719539802118E-12   2.04346252364520E-10
 79   41     3.71890506912408E-09   4.46268608294889E-07
 80   41     2.14383805456218E-12   2.59404404602024E-10
 81   41     4.43924329757199E-08   5.41587682303783E-06
 82   41     3.33720334999499E-08   4.10476012049383E-06
 83   41     2.10617422937904E-13   2.61165604443001E-11
 84   41     2.52793654086898E-15   3.15992067608623E-13
 85   41     5.36424721457773E-21   6.75895149036794E-19
 86   41     4.67475906348229E-13   5.93694401062250E-11
 87   41     7.09908753675257E-19   9.08683204704329E-17
 88   41     2.56642995076028E-18   3.31069463648076E-16
 89   41     1.10542896777092E-18   1.43705765810220E-16
 90   41     2.33826895071835E-11   3.06313232544104E-09
 91   41     1.70573100243406E-16   2.25156492321295E-14
 92   41     1.44878078496479E-11   1.92687844400317E-09
 93   41     1.88575121255221E-16   2.52690662481996E-14
 94   41     1.02645241153395E-13   1.38571075557083E-11
 95   41     5.48353467645773E-17   7.45760715998251E-15
 96   41     1.45725654907172E-15   1.99644147222826E-13
 97   41     1.41737058040555E-17   1.95597140095966E-15
 98   41     1.33435124833888E-22   1.85474823519104E-20
 99   41     3.68816580447224E-15   5.16343212626114E-13
 35   42     1.00000000000000E-99   1.00000000000000E-99
 36   42     1.00000000000000E-99   1.00000000000000E-99
 37   42     1.00000000000000E-99   1.00000000000000E-99
 38   42     1.00000000000000E-99   1.00000000000000E-99
 39   42     1.00000000000000E-99   1.00000000000000E-99
 40   42     1.00000000000000E-99   1.00000000000000E-99
 41   42     1.00000000000000E-99   1.00000000000000E-99
 42   42     1.00000000000000E-99   1.00000000000000E-99
 43   42     1.00000000000000E-99   1.00000000000000E-99
 44   42     1.00000000000000E-99   1.00000000000000E-99
 45   42     1.00000000000000E-99   1.00000000000000E-99
 46   42     1.00000000000000E-99   1.00000000000000E-99
 47   42     1.00000000000000E-99   1.00000000000000E-99
 48   42     1.00000000000000E-99   1.00000000000000E-99
 49   42     1.00000000000000E-99   1.00000000000000E-99
 50   42     1.00000000000000E-99   1.00000000000000E-99
 51   42     1.00000000000000E-99   1.00000000000000E-99
 52   42     1.00000000000000E-99   1.00000000000000E-99
 53   42     1.00000000000000E-99   1.00000000000000E-99
 54   42     1.00000000000000E-99   1.00000000000000E-99
 55   42     1.11740551743361E-22   1.08388335191061E-20
 56   42     6.31851919337188E-16   6.19214880950444E-14
 57   42     6.15310724581031E-15   6.09157617335221E-13
 58   42     5.73684165343472E-14   5.73684165343472E-12
 59   42     7.01963613767360E-14   7.08983249905033E-12
 60   42     2.29236051556057E-13   2.33820772587178E-11
 61   42     4.34028380435294E-12   4.47049231848352E-10
 62   42     5.25707298072429E-12   5.46735589995327E-10
 63   42     2.06243606021237E-11   2.16555786322298E-09
 64   42     1.54246724002576E-10   1.63501527442731E-08
 65   42     5.58500717861414E-10   5.97595768111713E-08
 66   42     1.38161329812889E-09   1.49214236197920E-07
 67   42     1.56229620050919E-09   1.70290285855502E-07
 68   42     4.46631250873102E-09   4.91294375960412E-07
 69   42     5.92614643633463E-10   6.57802254433144E-08
 70   42     3.27029428530157E-10   3.66272959953776E-08
 71   42     7.56153158574684E-12   8.54453069189393E-10
 72   42     1.41590313126204E-11   1.61412956963873E-09
 73   42     9.53751625548289E-11   1.09681436938053E-08
 74   42     1.77240722943469E-10   2.05599238614424E-08
 75   42     5.19430155808268E-10   6.07733282295673E-08
 76   42     3.22380151792287E-09   3.80408579114899E-07
 77   42     8.18306526494947E-09   9.73784766528987E-07
 78   42     4.10632198593750E-08   4.92758638312500E-06
 79   42     5.25939425855800E-08   6.36386705285518E-06
 80   42     5.71030340259210E-08   6.96657015116236E-06
 81   42     5.98345898084021E-08   7.35965454643346E-06
 82   42     9.75938908097628E-12   1.21016424604106E-09
 83   42     5.74364162469138E-18   7.17955203086423E-16
 84   42     4.64814847667307E-17   5.85666708060806E-15
 85   42     3.35147488383863E-23   4.25637310247506E-21
 86   42     1.12007259443311E-10   1.43369292087438E-08
 87   42     1.32370000843901E-14   1.70757301088633E-12
 88   42     3.62543100122633E-11   4.71306030159422E-09
 89   42     5.31007755815147E-17   6.95620160117843E-15
 90   42     2.03408190413857E-13   2.68498811346291E-11
 91   42     3.08180549651369E-18   4.09880131036321E-16
 92   42     5.58802989472848E-13   7.48796005893617E-11
 93   42     2.27931105487316E-18   3.07706992407876E-16
 94   42     8.18940431049976E-10   1.11375898622797E-07
 95   42     2.07779553836324E-15   2.84657988755764E-13
 96   42     2.64842858692326E-11   3.65483144995410E-09
 97   42     1.03678854993544E-16   1.44113608441026E-14
 98   42     3.87019324219758E-15   5.41827053907661E-13
 99   42     1.95906995191609E-19   2.76228863220169E-17
100   42     2.24109092962161E-22   3.18234912006269E-20
101   42     6.05887791339911E-15   8.66419541616073E-13
102   42     2.54429595919011E-18   3.66378618123376E-16
 36   43     1.00000000000000E-99   1.00000000000000E-99
 37   43     1.00000000000000E-99   1.00000000000000E-99
 38   43     1.00000000000000E-99   1.00000000000000E-99
 39   43     1.00000000000000E-99   1.00000000000000E-99
 40   43     1.00000000000000E-99   1.00000000000000E-99
 41   43     1.00000000000000E-99   1.00000000000000E-99
 42   43     1.00000000000000E-99   1.00000000000000E-99
 43   43     1.00000000000000E-99   1.00000000000000E-99
 44   43     1.00000000000000E-99   1.00000000000000E-99
 45   43     1.00000000000000E-99   1.00000000000000E-99
 46   43     1.00000000000000E-99   1.00000000000000E-99
 47   43     1.00000000000000E-99   1.00000000000000E-99
 48   43     1.00000000000000E-99   1.00000000000000E-99
 49   43     1.00000000000000E-99   1.00000000000000E-99
 50   43     1.00000000000000E-99   1.00000000000000E-99
 51   43     1.00000000000000E-99   1.00000000000000E-99
 52   43     1.00000000000000E-99   1.00000000000000E-99
 53   43     1.00000000000000E-99   1.00000000000000E-99
 54   43     1.00000000000000E-99   1.00000000000000E-99
 55   43     1.00000000000000E-99   1.00000000000000E-99
 56   43     4.55529911465118E-22   4.50974612350467E-20
 57   43     2.12406427185372E-22   2.12406427185372E-20
 58   43     2.45302986532722E-18   2.47756016398049E-16
 59   43     7.01705096898142E-18   7.15739198836105E-16
 60   43     2.20877518633462E-15   2.27503844192466E-13
 61   43     1.69627892166396E-15   1.76413007853052E-13
 62   43     3.33918572741506E-14   3.50614501378581E-12
 63   43     3.40355600900737E-13   3.60776936954781E-11
 64   43     1.20324326888760E-11   1.28747029770974E-09
 65   43     2.50606806159702E-11   2.70655350652478E-09
 66   43     2.55214943398193E-10   2.78184288304030E-08
 67   43     5.85254949236771E-10   6.43780444160448E-08
 68   43     1.96182465550257E-09   2.17762536760786E-07
 69   43     8.02200060075120E-10   8.98464067284135E-08
 70   43     1.61985100599191E-09   1.83043163677085E-07
 71   43     1.11936874128933E-10   1.27608036506984E-08
 72   43     3.29603641845604E-10   3.79044188122445E-08
 73   43     1.62777793317034E-10   1.88822240247759E-08
 74   43     1.06696451374007E-09   1.24834848107588E-07
 75   43     3.62950940922091E-09   4.28282110288067E-07
 76   43     1.86232819213039E-08   2.21617054863517E-06
 77   43     5.87078188758865E-08   7.04493826510638E-06
 78   43     7.03639942073351E-08   8.51404329908755E-06
 79   43     5.49067734863318E-08   6.69862636533248E-06
 80   43     4.39150369191042E-10   5.40154954104981E-08
 81   43     1.35041902000040E-10   1.67451958480050E-08
 82   43     1.50445147302153E-10   1.88056434127692E-08
 83   43     2.35059688551492E-11   2.96175207574880E-09
 84   43     9.40957061499755E-11   1.19501546810469E-08
 85   43     1.74001988086245E-16   2.22722544750393E-14
 86   43     4.24299801031359E-13   5.47346743330453E-11
 87   43     3.45072585191307E-19   4.48594360748699E-17
 88   43     1.25356519230885E-12   1.64217040192460E-10
 89   43     8.81065656657085E-18   1.16300666678735E-15
 90   43     1.13800090406866E-09   1.51354120241132E-07
 91   43     2.50361126039035E-15   3.35483908892307E-13
 92   43     5.75326571128055E-09   7.76690871022875E-07
 93   43     3.61272874162103E-14   4.91331108860461E-12
 94   43     7.92014294787190E-09   1.08505958385845E-06
 95   43     2.11171339803201E-14   2.91416448928417E-12
 96   43     3.41668829331211E-09   4.74919672770383E-07
 97   43     9.80293934595193E-15   1.37241150843327E-12
 98   43     2.71888977893197E-11   3.83363458829408E-09
 99   43     3.62436071502039E-16   5.14659221532896E-14
100   43     1.19164813379904E-12   1.70405683133262E-10
101   43     1.07320657647742E-17   1.54541747012749E-15
102   43     1.82784735399894E-14   2.65037866329847E-12
103   43     3.70212093452735E-15   5.40509656440993E-13
104   43     7.07919729980324E-18   1.04064200307108E-15
 37   44     1.00000000000000E-99   1.00000000000000E-99
 38   44     1.00000000000000E-99   1.00000000000000E-99
 39   44     1.00000000000000E-99   1.00000000000000E-99
 40   44     1.00000000000000E-99   1.00000000000000E-99
 41   44     1.00000000000000E-99   1.00000000000000E-99
 42   44     1.00000000000000E-99   1.00000000000000E-99
 43   44     1.00000000000000E-99   1.00000000000000E-99
 44   44     1.00000000000000E-99   1.00000000000000E-99
 45   44     1.00000000000000E-99   1.00000000000000E-99
 46   44     1.00000000000000E-99   1.00000000000000E-99
 47   44     1.00000000000000E-99   1.00000000000000E-99
 48   44     1.00000000000000E-99   1.00000000000000E-99
 49   44     1.00000000000000E-99   1.00000000000000E-99
 50   44     1.00000000000000E-99   1.00000000000000E-99
 51   44     1.00000000000000E-99   1.00000000000000E-99
 52   44     1.00000000000000E-99   1.00000000000000E-99
 53   44     1.00000000000000E-99   1.00000000000000E-99
 54   44     1.00000000000000E-99   1.00000000000000E-99
 55   44     1.00000000000000E-99   1.00000000000000E-99
 56   44     1.00000000000000E-99   1.00000000000000E-99
 57   44     4.16547808191884E-23   4.20713286273803E-21
 58   44     4.78612981405634E-20   4.88185241033747E-18
 59   44     1.07566876616111E-18   1.10793882914594E-16
 60   44     8.52966820439185E-19   8.87085493256752E-17
 61   44     2.58557738323466E-18   2.71485625239639E-16
 62   44     5.64574384008618E-16   5.98448847049135E-14
 63   44     2.09443657394222E-14   2.24104713411817E-12
 64   44     4.26443363958098E-13   4.60558833074746E-11
 65   44     1.51221393802614E-11   1.64831319244850E-09
 66   44     9.69187493251322E-11   1.06610624257645E-08
 67   44     4.60647158482494E-10   5.11318345915569E-08
 68   44     9.70661643156910E-10   1.08714104033574E-07
 69   44     1.50643094200177E-09   1.70226696446200E-07
 70   44     1.89251961433434E-09   2.15747236034114E-07
 71   44     8.13278379647707E-10   9.35270136594863E-08
 72   44     1.05932122467978E-09   1.22881262062854E-07
 73   44     1.61340695995350E-09   1.88768614314559E-07
 74   44     1.66452704938017E-08   1.96414191826860E-06
 75   44     8.54484764985258E-08   1.01683687033246E-05
 76   44     2.45126308060279E-07   2.94151569672334E-05
 77   44     2.65764639523467E-07   3.21575213823395E-05
 78   44     1.36537685453146E-07   1.66575976252838E-05
 79   44     2.77986310517438E-09   3.41923161936449E-07
 80   44     4.41605176028179E-09   5.47590418274942E-07
 81   44     5.25093757299755E-09   6.56367196624694E-07
 82   44     4.44156615687336E-10   5.59637335766043E-08
 83   44     7.67163370960921E-13   9.74297481120369E-11
 84   44     4.35299827641071E-11   5.57183779380571E-09
 85   44     5.43721024723180E-17   7.01400121892902E-15
 86   44     1.20834474462955E-08   1.57084816801842E-06
 87   44     2.92317768226510E-15   3.82936276376727E-13
 88   44     1.66458570059962E-08   2.19725312479150E-06
 89   44     3.00483939903811E-14   3.99643640072069E-12
 90   44     1.92182079964367E-08   2.57523987152251E-06
 91   44     4.34130528959203E-14   5.86076214094924E-12
 92   44     3.13400074338428E-08   4.26224101100262E-06
 93   44     5.28487515364793E-14   7.24027896049766E-12
 94   44     2.39343374682037E-08   3.30293857061212E-06
 95   44     1.14155219585398E-14   1.58675755223703E-12
 96   44     5.04106621304535E-08   7.05749269826349E-06
 97   44     2.97402678458351E-14   4.19337776626275E-12
 98   44     4.67823832660987E-09   6.64309842378601E-07
 99   44     2.37508731066614E-14   3.39637485425258E-12
100   44     6.14386121806868E-10   8.84716015401890E-08
101   44     1.28754980604828E-13   1.86694721877001E-11
102   44     7.49178070563614E-11   1.09379998302288E-08
103   44     3.16550716627569E-16   4.65329553442527E-14
104   44     2.53792821731737E-19   3.75613376162970E-17
105   44     2.04755509914458E-14   3.05085709772543E-12
106   44     2.35888674288565E-18   3.53833011432847E-16
 38   45     1.00000000000000E-99   1.00000000000000E-99
 39   45     1.00000000000000E-99   1.00000000000000E-99
 40   45     1.00000000000000E-99   1.00000000000000E-99
 41   45     1.00000000000000E-99   1.00000000000000E-99
 42   45     1.00000000000000E-99   1.00000000000000E-99
 43   45     1.00000000000000E-99   1.00000000000000E-99
 44   45     1.00000000000000E-99   1.00000000000000E-99
 45   45     1.00000000000000E-99   1.00000000000000E-99
 46   45     1.00000000000000E-99   1.00000000000000E-99
 47   45     1.00000000000000E-99   1.00000000000000E-99
 48   45     1.00000000000000E-99   1.00000000000000E-99
 49   45     1.00000000000000E-99   1.00000000000000E-99
 50   45     1.00000000000000E-99   1.00000000000000E-99
 51   45     1.00000000000000E-99   1.00000000000000E-99
 52   45     1.00000000000000E-99   1.00000000000000E-99
 53   45     1.00000000000000E-99   1.00000000000000E-99
 54   45     1.00000000000000E-99   1.00000000000000E-99
 55   45     1.00000000000000E-99   1.00000000000000E-99
 56   45     1.00000000000000E-99   1.00000000000000E-99
 57   45     1.00000000000000E-99   1.00000000000000E-99
 58   45     1.00000000000000E-99   1.00000000000000E-99
 59   45     1.00000000000000E-99   1.00000000000000E-99
 60   45     2.94545210629826E-24   3.09272471161317E-22
 61   45     1.41411689730467E-24   1.49896391114295E-22
 62   45     2.17654824596762E-18   2.32890662318535E-16
 63   45     1.86702869334886E-17   2.01639098881677E-15
 64   45     1.10650208507136E-14   1.20608727272778E-12
 65   45     1.79908805162379E-13   1.97899685678617E-11
 66   45     9.13687223041367E-12   1.01419281757592E-09
 67   45     1.20336137836631E-11   1.34776474377026E-09
 68   45     1.46296158440925E-10   1.65314659038245E-08
 69   45     3.88543044688737E-10   4.42939070945160E-08
 70   45     2.48298244607738E-10   2.85542981298899E-08
 71   45     3.53821039908277E-10   4.10432406293601E-08
 72   45     1.55843117350363E-09   1.82336447299925E-07
 73   45     5.23386310630914E-09   6.17595846544478E-07
 74   45     3.41647216268154E-08   4.06560187359104E-06
 75   45     1.22496813682901E-07   1.46996176419481E-05
 76   45     3.54343800831118E-07   4.28755999005653E-05
 77   45     9.16664946865618E-08   1.11833123517605E-05
 78   45     4.06275031767251E-08   4.99718289073719E-06
 79   45     6.45609508881304E-09   8.00555791012817E-07
 80   45     4.41468818080847E-09   5.51836022601058E-07
 81   45     5.61659510009711E-10   7.07690982612235E-08
 82   45     1.41562060729614E-10   1.79783817126609E-08
 83   45     9.11940380205491E-09   1.16728368666303E-06
 84   45     1.29809316973651E-08   1.67454018896010E-06
 85   45     3.59139800526898E-08   4.66881740684967E-06
 86   45     4.01159815730326E-08   5.25519358606727E-06
 87   45     4.76361240494422E-14   6.28796837452637E-12
 88   45     4.74894441409480E-08   6.31609607074608E-06
 89   45     1.51807108128602E-12   2.03421524892327E-10
 90   45     4.33617906266947E-08   5.85384173460378E-06
 91   45     4.54058501965990E-12   6.17519562673746E-10
 92   45     1.16454325908443E-07   1.59542426494567E-05
 93   45     2.21480113870525E-11   3.05642557141324E-09
 94   45     1.17881728300867E-08   1.63855602338206E-06
 95   45     2.76499513180768E-14   3.87099318453075E-12
 96   45     1.43437240235595E-09   2.02246508732189E-07
 97   45     4.11467361110612E-15   5.84283652777069E-13
 98   45     1.39255973216932E-10   1.99136041700212E-08
 99   45     1.66765162900209E-15   2.40141834576302E-13
100   45     1.01510872850423E-12   1.47190765633113E-10
101   45     2.24410932435082E-21   3.27639961355220E-19
102   45     3.76667619905915E-14   5.53701401261694E-12
103   45     2.41445999144764E-23   3.57340078734251E-21
104   45     1.00000000000000E-99   1.00000000000000E-99
105   45     1.00000000000000E-99   1.00000000000000E-99
106   45     1.00000000000000E-99   1.00000000000000E-99
107   45     1.00000000000000E-99   1.00000000000000E-99
108   45     1.00000000000000E-99   1.00000000000000E-99
 40   46     1.00000000000000E-99   1.00000000000000E-99
 41   46     1.00000000000000E-99   1.00000000000000E-99
 42   46     1.00000000000000E-99   1.00000000000000E-99
 43   46     1.00000000000000E-99   1.00000000000000E-99
 44   46     1.00000000000000E-99   1.00000000000000E-99
 45   46     1.00000000000000E-99   1.00000000000000E-99
 46   46     1.00000000000000E-99   1.00000000000000E-99
 47   46     1.00000000000000E-99   1.00000000000000E-99
 48   46     1.00000000000000E-99   1.00000000000000E-99
 49   46     1.00000000000000E-99   1.00000000000000E-99
 50   46     1.00000000000000E-99   1.00000000000000E-99
 51   46     1.00000000000000E-99   1.00000000000000E-99
 52   46     1.00000000000000E-99   1.00000000000000E-99
 53   46     1.00000000000000E-99   1.00000000000000E-99
 54   46     1.00000000000000E-99   1.00000000000000E-99
 55   46     1.00000000000000E-99   1.00000000000000E-99
 56   46     1.00000000000000E-99   1.00000000000000E-99
 57   46     1.00000000000000E-99   1.00000000000000E-99
 58   46     1.00000000000000E-99   1.00000000000000E-99
 59   46     1.00000000000000E-99   1.00000000000000E-99
 60   46     1.00000000000000E-99   1.00000000000000E-99
 61   46     1.93526354816961E-23   2.07073199654148E-21
 62   46     3.68026216606936E-20   3.97468313935491E-18
 63   46     2.57590675527471E-18   2.80773836324943E-16
 64   46     3.36632333334818E-15   3.70295566668300E-13
 65   46     2.26607572551439E-14   2.51534405532097E-12
 66   46     2.84694789735732E-13   3.18858164504020E-11
 67   46     1.87125672530554E-12   2.11452009959526E-10
 68   46     1.89739307191766E-11   2.16302810198613E-09
 69   46     1.76485626286176E-11   2.02958470229102E-09
 70   46     7.51118462759958E-11   8.71297416801551E-09
 71   46     3.10706277544593E-10   3.63526344727173E-08
 72   46     2.19827543105302E-09   2.59396500864256E-07
 73   46     1.16418162037487E-08   1.38537612824609E-06
 74   46     1.19656926267031E-07   1.43588311520437E-05
 75   46     2.90050190789258E-07   3.50960730855002E-05
 76   46     4.06169065282408E-07   4.95526259644538E-05
 77   46     3.52430969690477E-07   4.33490092719287E-05
 78   46     3.31211116456588E-08   4.10701784406169E-06
 79   46     4.45096114467136E-07   5.56370143083920E-05
 80   46     1.06613396871714E-06   1.34332880058360E-04
 81   46     4.87891689068049E-06   6.19622445116422E-04
 82   46     6.08309589245600E-06   7.78636274234368E-04
 83   46     7.03209623574398E-06   9.07140414410973E-04
 84   46     1.69803185776106E-05   2.20744141508938E-03
 85   46     4.13229951011336E-06   5.41331235824850E-04
 86   46     1.77540334347829E-06   2.34353241339134E-04
 87   46     1.23679903370497E-13   1.64494271482761E-11
 88   46     3.12540957478151E-07   4.18804883020723E-05
 89   46     1.52476701594805E-12   2.05843547152987E-10
 90   46     3.54290278599719E-08   4.81834778895618E-06
 91   46     6.12312807390335E-13   8.38868546124758E-11
 92   46     6.91964139705055E-09   9.54910512792976E-07
 93   46     1.10540376200774E-11   1.53651122919075E-09
 94   46     3.62114052638909E-08   5.06959673694472E-06
 95   46     1.14883587609403E-13   1.61985858529259E-11
 96   46     3.08552541807363E-08   4.38144609366456E-06
 97   46     6.65548013844794E-14   9.51733659798056E-12
 98   46     5.39892880211422E-09   7.77445747504448E-07
 99   46     1.01389437447360E-14   1.47014684298673E-12
100   46     3.38672006301627E-10   4.94461129200376E-08
101   46     2.45611849245581E-16   3.61049418391004E-14
102   46     2.22624043733414E-11   3.29483584725453E-09
103   46     8.82159490681747E-19   1.31441764111580E-16
104   46     1.56421910301137E-13   2.34632865451705E-11
105   46     6.22708053995964E-25   9.40289161533905E-23
106   46     5.24756883401448E-21   7.97630462770201E-19
107   46     1.00000000000000E-99   1.00000000000000E-99
108   46     1.00000000000000E-99   1.00000000000000E-99
109   46     1.00000000000000E-99   1.00000000000000E-99
110   46     1.00000000000000E-99   1.00000000000000E-99
 41   47     1.00000000000000E-99   1.00000000000000E-99
 42   47     1.00000000000000E-99   1.00000000000000E-99
 43   47     1.00000000000000E-99   1.00000000000000E-99
 44   47     1.00000000000000E-99   1.00000000000000E-99
 45   47     1.00000000000000E-99   1.00000000000000E-99
 46   47     1.00000000000000E-99   1.00000000000000E-99
 47   47     1.00000000000000E-99   1.00000000000000E-99
 48   47     1.00000000000000E-99   1.00000000000000E-99
 49   47     1.00000000000000E-99   1.00000000000000E-99
 50   47     1.00000000000000E-99   1.00000000000000E-99
 51   47     1.00000000000000E-99   1.00000000000000E-99
 52   47     1.00000000000000E-99   1.00000000000000E-99
 53   47     1.00000000000000E-99   1.00000000000000E-99
 54   47     1.00000000000000E-99   1.00000000000000E-99
 55   47     1.00000000000000E-99   1.00000000000000E-99
 56   47     1.00000000000000E-99   1.00000000000000E-99
 57   47     1.00000000000000E-99   1.00000000000000E-99
 58   47     1.00000000000000E-99   1.00000000000000E-99
 59   47     1.00000000000000E-99   1.00000000000000E-99
 60   47     1.00000000000000E-99   1.00000000000000E-99
 61   47     1.00000000000000E-99   1.00000000000000E-99
 62   47     5.21329032619246E-25   5.68248645554978E-23
 63   47     1.00000000000000E-99   1.00000000000000E-99
 64   47     2.96823793084961E-19   3.29474410324307E-17
 65   47     1.78548433085622E-19   1.99974245055897E-17
 66   47     5.09831052887702E-16   5.76109089763103E-14
 67   47     2.31273321464328E-15   2.63651586469334E-13
 68   47     2.91852706606421E-14   3.35630612597384E-12
 69   47     1.31214636864290E-13   1.52208978762577E-11
 70   47     3.29425828126242E-12   3.85428218907703E-10
 71   47     3.58715271709538E-11   4.23284020617255E-09
 72   47     4.61263433048632E-10   5.48903485327872E-08
 73   47     3.97113705397506E-09   4.76536446477007E-07
 74   47     9.27458146631870E-08   1.12222435742456E-05
 75   47     1.15134294246059E-07   1.40463838980192E-05
 76   47     5.65870794374567E-07   6.96021077080718E-05
 77   47     1.21906571283935E-07   1.51164148392080E-05
 78   47     7.42629606840574E-07   9.28287008550718E-05
 79   47     8.98059970009932E-07   1.13155556221251E-04
 80   47     3.92335769882779E-06   4.98266427751129E-04
 81   47     1.46807329927309E-05   1.87913382306955E-03
 82   47     2.22851823268820E-05   2.87478852016778E-03
 83   47     7.92976580313129E-06   1.03086955440707E-03
 84   47     3.52968321175582E-06   4.62388500740012E-04
 85   47     4.14165883805609E-06   5.46698966623404E-04
 86   47     9.58211423285933E-07   1.27442119297029E-04
 87   47     3.64968920461308E-14   4.89058353418152E-12
 88   47     1.75330089434486E-08   2.36695620736556E-06
 89   47     1.24904121636688E-11   1.69869605425896E-09
 90   47     3.63777323151226E-08   4.98374932717179E-06
 91   47     1.21630787959295E-10   1.67850487383828E-08
 92   47     1.86633693682823E-08   2.59420834219124E-06
 93   47     4.11840026887482E-08   5.76576037642475E-06
 94   47     5.65180687564467E-08   7.96904769465899E-06
 95   47     6.35453648742769E-10   9.02344181214733E-08
 96   47     3.56866864095159E-08   5.10319615656077E-06
 97   47     6.51871709158688E-11   9.38695261188510E-09
 98   47     1.63236831332076E-08   2.36693405431510E-06
 99   47     1.94802400214303E-12   2.84411504312882E-10
100   47     1.10202921112622E-09   1.61998294035555E-07
101   47     2.87092196185969E-15   4.24896450355235E-13
102   47     8.55131337647115E-12   1.27414569309420E-09
103   47     1.54589213954279E-20   2.31883820931418E-18
104   47     3.29580981724524E-17   4.97667282404032E-15
105   47     1.00000000000000E-99   1.00000000000000E-99
106   47     1.00000000000000E-99   1.00000000000000E-99
107   47     1.00000000000000E-99   1.00000000000000E-99
108   47     1.00000000000000E-99   1.00000000000000E-99
109   47     1.00000000000000E-99   1.00000000000000E-99
110   47     1.00000000000000E-99   1.00000000000000E-99
111   47     1.00000000000000E-99   1.00000000000000E-99
112   47     1.00000000000000E-99   1.00000000000000E-99
113   47     1.00000000000000E-99   1.00000000000000E-99
 42   48     1.00000000000000E-99   1.00000000000000E-99
 43   48     1.00000000000000E-99   1.00000000000000E-99
 44   48     1.00000000000000E-99   1.00000000000000E-99
 45   48     1.00000000000000E-99   1.00000000000000E-99
 46   48     1.00000000000000E-99   1.00000000000000E-99
 47   48     1.00000000000000E-99   1.00000000000000E-99
 48   48     1.00000000000000E-99   1.00000000000000E-99
 49   48     1.00000000000000E-99   1.00000000000000E-99
 50   48     1.00000000000000E-99   1.00000000000000E-99
 51   48     1.00000000000000E-99   1.00000000000000E-99
 52   48     1.00000000000000E-99   1.00000000000000E-99
 53   48     1.00000000000000E-99   1.00000000000000E-99
 54   48     1.00000000000000E-99   1.00000000000000E-99
 55   48     1.00000000000000E-99   1.00000000000000E-99
 56   48     1.00000000000000E-99   1.00000000000000E-99
 57   48     1.00000000000000E-99   1.00000000000000E-99
 58   48     1.00000000000000E-99   1.00000000000000E-99
 59   48     1.00000000000000E-99   1.00000000000000E-99
 60   48     1.00000000000000E-99   1.00000000000000E-99
 61   48     1.00000000000000E-99   1.00000000000000E-99
 62   48     1.00000000000000E-99   1.00000000000000E-99
 63   48     1.00000000000000E-99   1.00000000000000E-99
 64   48     1.00000000000000E-99   1.00000000000000E-99
 65   48     4.83615074610563E-22   5.46485034309936E-20
 66   48     1.93849586968940E-17   2.20988529144591E-15
 67   48     4.32321089744733E-18   4.97169253206442E-16
 68   48     2.98422108179238E-17   3.46169645487916E-15
 69   48     1.45998129512857E-15   1.70817811530043E-13
 70   48     4.27161009668086E-13   5.04049991408342E-11
 71   48     1.74533161223726E-11   2.07694461856234E-09
 72   48     2.22682929791356E-10   2.67219515749627E-08
 73   48     8.34063082422390E-09   1.00921632973109E-06
 74   48     2.82272846420458E-08   3.44372872632959E-06
 75   48     2.15834021052825E-07   2.65475845894975E-05
 76   48     2.72431808750288E-07   3.37815442850357E-05
 77   48     8.86687595043133E-07   1.10835949380392E-04
 78   48     2.58789239619777E-06   3.26074441920919E-04
 79   48     1.12412266278364E-05   1.42763578173522E-03
 80   48     7.02284668998348E-05   8.98924376317885E-03
 81   48     2.19821989219102E-04   2.83570366092641E-02
 82   48     5.24249692838677E-05   6.81524600690281E-03
 83   48     5.88347728723817E-06   7.70735524628201E-04
 84   48     4.31434423068993E-06   5.69493438451071E-04
 85   48     3.67567774898393E-07   4.88865140614863E-05
 86   48     9.56974132588489E-06   1.28234533766858E-03
 87   48     1.15396193370532E-06   1.55784861050218E-04
 88   48     1.76546491156013E-06   2.40103227972178E-04
 89   48     2.25422512825682E-14   3.08828842571184E-12
 90   48     2.62987472055908E-07   3.62922711437153E-05
 91   48     1.82762959843203E-13   2.54040514182052E-11
 92   48     8.09260765651681E-09   1.13296507191235E-06
 93   48     6.16762610865824E-08   8.69635281320812E-06
 94   48     4.57511020897582E-08   6.49665649674566E-06
 95   48     3.18632324937741E-09   4.55644224660969E-07
 96   48     4.12325339403707E-09   5.93748488741338E-07
 97   48     2.74366754212206E-11   3.97831793607698E-09
 98   48     3.48079199668311E-10   5.08195631515734E-08
 99   48     1.98587043684064E-13   2.91922954215574E-11
100   48     4.77199632671868E-13   7.06255456354364E-11
101   48     2.58855060766728E-20   3.85694040542424E-18
102   48     3.01190668558109E-18   4.51786002837163E-16
103   48     1.00000000000000E-99   1.00000000000000E-99
104   48     1.00000000000000E-99   1.00000000000000E-99
105   48     1.00000000000000E-99   1.00000000000000E-99
106   48     1.00000000000000E-99   1.00000000000000E-99
107   48     1.00000000000000E-99   1.00000000000000E-99
108   48     1.00000000000000E-99   1.00000000000000E-99
109   48     1.00000000000000E-99   1.00000000000000E-99
110   48     1.00000000000000E-99   1.00000000000000E-99
111   48     1.00000000000000E-99   1.00000000000000E-99
112   48     1.00000000000000E-99   1.00000000000000E-99
113   48     1.00000000000000E-99   1.00000000000000E-99
114   48     1.00000000000000E-99   1.00000000000000E-99
115   48     1.00000000000000E-99   1.00000000000000E-99
 43   49     1.00000000000000E-99   1.00000000000000E-99
 44   49     1.00000000000000E-99   1.00000000000000E-99
 45   49     1.00000000000000E-99   1.00000000000000E-99
 46   49     1.00000000000000E-99   1.00000000000000E-99
 47   49     1.00000000000000E-99   1.00000000000000E-99
 48   49     1.00000000000000E-99   1.00000000000000E-99
 49   49     1.00000000000000E-99   1.00000000000000E-99
 50   49     1.00000000000000E-99   1.00000000000000E-99
 51   49     1.00000000000000E-99   1.00000000000000E-99
 52   49     1.00000000000000E-99   1.00000000000000E-99
 53   49     1.00000000000000E-99   1.00000000000000E-99
 54   49     1.00000000000000E-99   1.00000000000000E-99
 55   49     1.00000000000000E-99   1.00000000000000E-99
 56   49     1.00000000000000E-99   1.00000000000000E-99
 57   49     1.00000000000000E-99   1.00000000000000E-99
 58   49     1.00000000000000E-99   1.00000000000000E-99
 59   49     1.00000000000000E-99   1.00000000000000E-99
 60   49     1.00000000000000E-99   1.00000000000000E-99
 61   49     1.00000000000000E-99   1.00000000000000E-99
 62   49     1.00000000000000E-99   1.00000000000000E-99
 63   49     1.00000000000000E-99   1.00000000000000E-99
 64   49     1.00000000000000E-99   1.00000000000000E-99
 65   49     1.00000000000000E-99   1.00000000000000E-99
 66   49     1.00000000000000E-99   1.00000000000000E-99
 67   49     1.00000000000000E-99   1.00000000000000E-99
 68   49     2.98990075938908E-21   3.49818388848523E-19
 69   49     1.74730598258741E-18   2.06182105945314E-16
 70   49     2.47164078913345E-15   2.94125253906881E-13
 71   49     5.29560359729134E-14   6.35472431674960E-12
 72   49     2.35303424253770E-11   2.84717143347062E-09
 73   49     1.05840775572788E-10   1.29125746198801E-08
 74   49     6.62018127745901E-09   8.14282297127458E-07
 75   49     9.86973323273221E-09   1.22384692085879E-06
 76   49     1.51944105734585E-07   1.89930132168231E-05
 77   49     4.68134136221658E-07   5.89849011639289E-05
 78   49     5.26485831602644E-06   6.68637006135358E-04
 79   49     3.56010987981843E-05   4.55694064616759E-03
 80   49     3.75940921356458E-05   4.84963788549831E-03
 81   49     7.09751216702774E-05   9.22676581713606E-03
 82   49     9.73485516351863E-05   1.27526602642094E-02
 83   49     3.73605453559595E-05   4.93159198698665E-03
 84   49     2.43595418825089E-05   3.23981907037368E-03
 85   49     1.63012007255112E-05   2.18436089721850E-03
 86   49     7.79309811010259E-06   1.05206824486385E-03
 87   49     4.23000969175135E-07   5.75281318078183E-05
 88   49     7.00593566564723E-07   9.59813186193670E-05
 89   49     3.09237456603178E-10   4.26747690112385E-08
 90   49     8.39795868088484E-08   1.16731625664299E-05
 91   49     3.54724708419239E-08   4.96614591786935E-06
 92   49     2.95147562208669E-08   4.16158062714223E-06
 93   49     2.84560329187818E-09   4.04075667446701E-07
 94   49     3.28504359280446E-09   4.69761233771038E-07
 95   49     3.17471680396536E-10   4.57159219771013E-08
 96   49     2.05301032585539E-10   2.97686497249031E-08
 97   49     5.09123473996131E-12   7.43320272034351E-10
 98   49     2.56715337317613E-12   3.77371545856891E-10
 99   49     1.59943139844072E-16   2.36715846969227E-14
100   49     7.22172075955110E-19   1.07603639317311E-16
101   49     6.50305770393139E-24   9.75458655589708E-22
102   49     1.00000000000000E-99   1.00000000000000E-99
103   49     1.00000000000000E-99   1.00000000000000E-99
104   49     1.00000000000000E-99   1.00000000000000E-99
105   49     1.00000000000000E-99   1.00000000000000E-99
106   49     1.00000000000000E-99   1.00000000000000E-99
107   49     1.00000000000000E-99   1.00000000000000E-99
108   49     1.00000000000000E-99   1.00000000000000E-99
109   49     1.00000000000000E-99   1.00000000000000E-99
110   49     1.00000000000000E-99   1.00000000000000E-99
111   49     1.00000000000000E-99   1.00000000000000E-99
112   49     1.00000000000000E-99   1.00000000000000E-99
113   49     1.00000000000000E-99   1.00000000000000E-99
114   49     1.00000000000000E-99   1.00000000000000E-99
115   49     1.00000000000000E-99   1.00000000000000E-99
116   49     1.00000000000000E-99   1.00000000000000E-99
117   49     1.00000000000000E-99   1.00000000000000E-99
 44   50     1.00000000000000E-99   1.00000000000000E-99
 45   50     1.00000000000000E-99   1.00000000000000E-99
 46   50     1.00000000000000E-99   1.00000000000000E-99
 47   50     1.00000000000000E-99   1.00000000000000E-99
 48   50     1.00000000000000E-99   1.00000000000000E-99
 49   50     1.00000000000000E-99   1.00000000000000E-99
 50   50     1.00000000000000E-99   1.00000000000000E-99
 51   50     1.00000000000000E-99   1.00000000000000E-99
 52   50     1.00000000000000E-99   1.00000000000000E-99
 53   50     1.00000000000000E-99   1.00000000000000E-99
 54   50     1.00000000000000E-99   1.00000000000000E-99
 55   50     1.00000000000000E-99   1.00000000000000E-99
 56   50     1.00000000000000E-99   1.00000000000000E-99
 57   50     1.00000000000000E-99   1.00000000000000E-99
 58   50     1.00000000000000E-99   1.00000000000000E-99
 59   50     1.00000000000000E-99   1.00000000000000E-99
 60   50     1.00000000000000E-99   1.00000000000000E-99
 61   50     1.00000000000000E-99   1.00000000000000E-99
 62   50     1.00000000000000E-99   1.00000000000000E-99
 63   50     1.00000000000000E-99   1.00000000000000E-99
 64   50     1.00000000000000E-99   1.00000000000000E-99
 65   50     1.00000000000000E-99   1.00000000000000E-99
 66   50     1.00000000000000E-99   1.00000000000000E-99
 67   50     1.00000000000000E-99   1.00000000000000E-99
 68   50     1.14606235076221E-20   1.35235357389941E-18
 69   50     4.53512567704908E-19   5.39679955568840E-17
 70   50     7.17103531786009E-16   8.60524238143210E-14
 71   50     3.72383519719185E-14   4.50584058860214E-12
 72   50     3.92877220486468E-12   4.79310208993491E-10
 73   50     5.35003752074591E-11   6.58054615051747E-09
 74   50     2.61213397632383E-10   3.23904613064154E-08
 75   50     4.61991126723389E-09   5.77488908404236E-07
 76   50     3.02913640354260E-08   3.81671186846367E-06
 77   50     4.83955301328173E-07   6.14623232686779E-05
 78   50     4.99285171997684E-06   6.39085020157036E-04
 79   50     8.13811284938114E-06   1.04981655757017E-03
 80   50     1.06456376740674E-04   1.38393289762877E-02
 81   50     2.03684058041443E-04   2.66826116034291E-02
 82   50     2.90373017158156E-04   3.83292382648766E-02
 83   50     1.39407796748427E-04   1.85412369675407E-02
 84   50     3.01526411436192E-04   4.04045391324497E-02
 85   50     2.03916643220769E-05   2.75287468348038E-03
 86   50     1.94933871815525E-05   2.65110065669115E-03
 87   50     3.05363557986646E-06   4.18348074441705E-04
 88   50     1.23346351715263E-05   1.70217965367062E-03
 89   50     2.99710331073896E-06   4.16597360192715E-04
 90   50     9.55905601693580E-07   1.33826784237101E-04
 91   50     9.64777600343621E-10   1.36033641648451E-07
 92   50     8.11062068417117E-09   1.15170813715231E-06
 93   50     1.40737492848230E-13   2.01254614772969E-11
 94   50     1.98486653737761E-10   2.85820781382375E-08
 95   50     4.78749318985973E-12   6.94186512529661E-10
 96   50     9.08333012929704E-13   1.32616619887737E-10
 97   50     5.31704649861737E-15   7.81605835296754E-13
 98   50     5.83400604446820E-19   8.63432894581294E-17
 99   50     2.46424859812519E-24   3.67173041120653E-22
100   50     1.00000000000000E-99   1.00000000000000E-99
101   50     1.00000000000000E-99   1.00000000000000E-99
102   50     1.00000000000000E-99   1.00000000000000E-99
103   50     1.00000000000000E-99   1.00000000000000E-99
104   50     1.00000000000000E-99   1.00000000000000E-99
105   50     1.00000000000000E-99   1.00000000000000E-99
106   50     1.00000000000000E-99   1.00000000000000E-99
107   50     1.00000000000000E-99   1.00000000000000E-99
108   50     1.00000000000000E-99   1.00000000000000E-99
109   50     1.00000000000000E-99   1.00000000000000E-99
110   50     1.00000000000000E-99   1.00000000000000E-99
111   50     1.00000000000000E-99   1.00000000000000E-99
112   50     1.00000000000000E-99   1.00000000000000E-99
113   50     1.00000000000000E-99   1.00000000000000E-99
114   50     1.00000000000000E-99   1.00000000000000E-99
115   50     1.00000000000000E-99   1.00000000000000E-99
116   50     1.00000000000000E-99   1.00000000000000E-99
117   50     1.00000000000000E-99   1.00000000000000E-99
118   50     1.00000000000000E-99   1.00000000000000E-99
119   50     1.00000000000000E-99   1.00000000000000E-99
 46   51     1.00000000000000E-99   1.00000000000000E-99
 47   51     1.00000000000000E-99   1.00000000000000E-99
 48   51     1.00000000000000E-99   1.00000000000000E-99
 49   51     1.00000000000000E-99   1.00000000000000E-99
 50   51     1.00000000000000E-99   1.00000000000000E-99
 51   51     1.00000000000000E-99   1.00000000000000E-99
 52   51     1.00000000000000E-99   1.00000000000000E-99
 53   51     1.00000000000000E-99   1.00000000000000E-99
 54   51     1.00000000000000E-99   1.00000000000000E-99
 55   51     1.00000000000000E-99   1.00000000000000E-99
 56   51     1.00000000000000E-99   1.00000000000000E-99
 57   51     1.00000000000000E-99   1.00000000000000E-99
 58   51     1.00000000000000E-99   1.00000000000000E-99
 59   51     1.00000000000000E-99   1.00000000000000E-99
 60   51     1.00000000000000E-99   1.00000000000000E-99
 61   51     1.00000000000000E-99   1.00000000000000E-99
 62   51     1.00000000000000E-99   1.00000000000000E-99
 63   51     1.00000000000000E-99   1.00000000000000E-99
 64   51     1.00000000000000E-99   1.00000000000000E-99
 65   51     1.00000000000000E-99   1.00000000000000E-99
 66   51     1.00000000000000E-99   1.00000000000000E-99
 67   51     1.00000000000000E-99   1.00000000000000E-99
 68   51     1.00000000000000E-99   1.00000000000000E-99
 69   51     1.00000000000000E-99   1.00000000000000E-99
 70   51     8.04941662398205E-21   9.73979411501828E-19
 71   51     3.00784075502697E-21   3.66956572113290E-19
 72   51     1.47309229976421E-19   1.81190352870998E-17
 73   51     3.46464170043110E-20   4.29615570853457E-18
 74   51     1.99414799297680E-16   2.49268499122100E-14
 75   51     7.13562984480700E-17   8.99089360445682E-15
 76   51     3.52355164617331E-12   4.47491059064011E-10
 77   51     6.60313137816616E-11   8.45200816405269E-09
 78   51     4.92974857212261E-09   6.35937565803817E-07
 79   51     2.04438571038993E-05   2.65770142350691E-03
 80   51     6.15051435011899E-05   8.05717379865588E-03
 81   51     5.01869265348550E-05   6.62467430260086E-03
 82   51     3.36443355795936E-04   4.47469663208595E-02
 83   51     7.12994964774307E-05   9.55413252797572E-03
 84   51     8.29482504240451E-05   1.11980138072461E-02
 85   51     4.40774331415119E-05   5.99453090724562E-03
 86   51     3.88978315807813E-05   5.32900292656703E-03
 87   51     2.92053919634275E-06   4.03034409095299E-04
 88   51     2.30501828627753E-06   3.20397541792576E-04
 89   51     5.09735428877095E-07   7.13629600427932E-05
 90   51     1.06443394565271E-07   1.50085186337032E-05
 91   51     2.38153717224527E-10   3.38178278458829E-08
 92   51     3.20732716950944E-10   4.58647785239849E-08
 93   51     2.41398238786928E-11   3.47613463853176E-09
 94   51     2.80062729181384E-12   4.06090957313007E-10
 95   51     9.80589300275296E-14   1.43166037840193E-11
 96   51     1.51630296439493E-15   2.22896535766055E-13
 97   51     1.12498251704938E-19   1.66497412523308E-17
 98   51     6.21041721818804E-23   9.25352165510019E-21
 99   51     1.00000000000000E-99   1.00000000000000E-99
100   51     1.00000000000000E-99   1.00000000000000E-99
101   51     1.00000000000000E-99   1.00000000000000E-99
102   51     1.00000000000000E-99   1.00000000000000E-99
103   51     1.00000000000000E-99   1.00000000000000E-99
104   51     1.00000000000000E-99   1.00000000000000E-99
105   51     1.00000000000000E-99   1.00000000000000E-99
106   51     1.00000000000000E-99   1.00000000000000E-99
107   51     1.00000000000000E-99   1.00000000000000E-99
108   51     1.00000000000000E-99   1.00000000000000E-99
109   51     1.00000000000000E-99   1.00000000000000E-99
110   51     1.00000000000000E-99   1.00000000000000E-99
111   51     1.00000000000000E-99   1.00000000000000E-99
112   51     1.00000000000000E-99   1.00000000000000E-99
113   51     1.00000000000000E-99   1.00000000000000E-99
114   51     1.00000000000000E-99   1.00000000000000E-99
115   51     1.00000000000000E-99   1.00000000000000E-99
116   51     1.00000000000000E-99   1.00000000000000E-99
117   51     1.00000000000000E-99   1.00000000000000E-99
118   51     1.00000000000000E-99   1.00000000000000E-99
119   51     1.00000000000000E-99   1.00000000000000E-99
120   51     1.00000000000000E-99   1.00000000000000E-99
121   51     1.00000000000000E-99   1.00000000000000E-99
 47   52     1.00000000000000E-99   1.00000000000000E-99
 48   52     1.00000000000000E-99   1.00000000000000E-99
 49   52     1.00000000000000E-99   1.00000000000000E-99
 50   52     1.00000000000000E-99   1.00000000000000E-99
 51   52     1.00000000000000E-99   1.00000000000000E-99
 52   52     1.00000000000000E-99   1.00000000000000E-99
 53   52     1.00000000000000E-99   1.00000000000000E-99
 54   52     1.00000000000000E-99   1.00000000000000E-99
 55   52     1.00000000000000E-99   1.00000000000000E-99
 56   52     1.00000000000000E-99   1.00000000000000E-99
 57   52     1.00000000000000E-99   1.00000000000000E-99
 58   52     1.00000000000000E-99   1.00000000000000E-99
 59   52     1.00000000000000E-99   1.00000000000000E-99
 60   52     1.00000000000000E-99   1.00000000000000E-99
 61   52     1.00000000000000E-99   1.00000000000000E-99
 62   52     1.00000000000000E-99   1.00000000000000E-99
 63   52     1.00000000000000E-99   1.00000000000000E-99
 64   52     1.00000000000000E-99   1.00000000000000E-99
 65   52     1.00000000000000E-99   1.00000000000000E-99
 66   52     1.00000000000000E-99   1.00000000000000E-99
 67   52     1.00000000000000E-99   1.00000000000000E-99
 68   52     1.00000000000000E-99   1.00000000000000E-99
 69   52     1.00000000000000E-99   1.00000000000000E-99
 70   52     1.00000000000000E-99   1.00000000000000E-99
 71   52     1.00000000000000E-99   1.00000000000000E-99
 72   52     1.00000000000000E-99   1.00000000000000E-99
 73   52     1.00000000000000E-99   1.00000000000000E-99
 74   52     1.83913925825975E-24   2.31731546540729E-22
 75   52     3.32130045083544E-19   4.21805157256101E-17
 76   52     1.11935046634542E-16   1.43276859692214E-14
 77   52     1.47631510664235E-14   1.90444648756863E-12
 78   52     1.78345868654655E-09   2.31849629251052E-07
 79   52     7.00808836389144E-09   9.18059575669778E-07
 80   52     8.03335619819980E-08   1.06040301816237E-05
 81   52     1.04453144985284E-06   1.38922682830428E-04
 82   52     2.40147153102882E-05   3.21797185157861E-03
 83   52     1.62314299059212E-05   2.19124303729936E-03
 84   52     3.11663015509932E-05   4.23861701093508E-03
 85   52     2.05378008491240E-05   2.81367871632998E-03
 86   52     2.46336549980780E-05   3.39944438973476E-03
 87   52     2.87723708786245E-06   3.99935955212880E-04
 88   52     1.02097089873268E-05   1.42935925822575E-03
 89   52     1.18068855161625E-07   1.66477085777891E-05
 90   52     6.04792528206632E-08   8.58805390053418E-06
 91   52     4.74662162716296E-10   6.78766892684304E-08
 92   52     1.95357191346283E-09   2.81314355538647E-07
 93   52     1.73217249395200E-12   2.51165011623039E-10
 94   52     2.01783941291295E-11   2.94604554285290E-09
 95   52     9.99981265955966E-15   1.46997246095527E-12
 96   52     3.29720081774929E-14   4.87985721026896E-12
 97   52     1.07471808880190E-16   1.60132995231483E-14
 98   52     3.11658933801942E-18   4.67488400702912E-16
 99   52     1.93303524852655E-22   2.91888322527509E-20
100   52     4.66275924921324E-23   7.08739405880412E-21
101   52     1.00000000000000E-99   1.00000000000000E-99
102   52     1.00000000000000E-99   1.00000000000000E-99
103   52     1.00000000000000E-99   1.00000000000000E-99
104   52     1.00000000000000E-99   1.00000000000000E-99
105   52     1.00000000000000E-99   1.00000000000000E-99
106   52     1.00000000000000E-99   1.00000000000000E-99
107   52     1.00000000000000E-99   1.00000000000000E-99
108   52     1.00000000000000E-99   1.00000000000000E-99
109   52     1.00000000000000E-99   1.00000000000000E-99
110   52     1.00000000000000E-99   1.00000000000000E-99
111   52     1.00000000000000E-99   1.00000000000000E-99
112   52     1.00000000000000E-99   1.00000000000000E-99
113   52     1.00000000000000E-99   1.00000000000000E-99
114   52     1.00000000000000E-99   1.00000000000000E-99
115   52     1.00000000000000E-99   1.00000000000000E-99
116   52     1.00000000000000E-99   1.00000000000000E-99
117   52     1.00000000000000E-99   1.00000000000000E-99
118   52     1.00000000000000E-99   1.00000000000000E-99
119   52     1.00000000000000E-99   1.00000000000000E-99
120   52     1.00000000000000E-99   1.00000000000000E-99
121   52     1.00000000000000E-99   1.00000000000000E-99
122   52     1.00000000000000E-99   1.00000000000000E-99
123   52     1.00000000000000E-99   1.00000000000000E-99
124   52     1.00000000000000E-99   1.00000000000000E-99
 48   53     1.00000000000000E-99   1.00000000000000E-99
 49   53     1.00000000000000E-99   1.00000000000000E-99
 50   53     1.00000000000000E-99   1.00000000000000E-99
 51   53     1.00000000000000E-99   1.00000000000000E-99
 52   53     1.00000000000000E-99   1.00000000000000E-99
 53   53     1.00000000000000E-99   1.00000000000000E-99
 54   53     1.00000000000000E-99   1.00000000000000E-99
 55   53     1.00000000000000E-99   1.00000000000000E-99
 56   53     1.00000000000000E-99   1.00000000000000E-99
 57   53     1.00000000000000E-99   1.00000000000000E-99
 58   53     1.00000000000000E-99   1.00000000000000E-99
 59   53     1.00000000000000E-99   1.00000000000000E-99
 60   53     1.00000000000000E-99   1.00000000000000E-99
 61   53     1.00000000000000E-99   1.00000000000000E-99
 62   53     1.00000000000000E-99   1.00000000000000E-99
 63   53     1.00000000000000E-99   1.00000000000000E-99
 64   53     1.00000000000000E-99   1.00000000000000E-99
 65   53     1.00000000000000E-99   1.00000000000000E-99
 66   53     1.00000000000000E-99   1.00000000000000E-99
 67   53     1.00000000000000E-99   1.00000000000000E-99
 68   53     1.00000000000000E-99   1.00000000000000E-99
 69   53     1.00000000000000E-99   1.00000000000000E-99
 70   53     1.00000000000000E-99   1.00000000000000E-99
 71   53     1.00000000000000E-99   1.00000000000000E-99
 72   53     1.00000000000000E-99   1.00000000000000E-99
 73   53     1.00000000000000E-99   1.00000000000000E-99
 74   53     1.00000000000000E-99   1.00000000000000E-99
 75   53     1.00000000000000E-99   1.00000000000000E-99
 76   53     9.15288179120475E-20   1.18072175106541E-17
 77   53     3.78010829486824E-20   4.91414078332872E-18
 78   53     2.65669986306890E-13   3.48027682062026E-11
 79   53     1.36791575320618E-13   1.80564879423216E-11
 80   53     1.28485640902925E-10   1.70885902400890E-08
 81   53     9.86549279674033E-10   1.32197603476320E-07
 82   53     1.73820340839613E-07   2.34657460133477E-05
 83   53     3.68825924181542E-07   5.01603256886897E-05
 84   53     2.06568293159758E-06   2.82998561628869E-04
 85   53     3.37095972637899E-06   4.65192442240300E-04
 86   53     1.59426745870141E-06   2.21603176759496E-04
 87   53     1.46362884639144E-06   2.04908038494801E-04
 88   53     1.82376803115872E-06   2.57151292393379E-04
 89   53     2.49096069706999E-07   3.53716418983939E-05
 90   53     3.13155979977530E-07   4.47813051367868E-05
 91   53     1.09543726203309E-08   1.57742965732765E-06
 92   53     8.47359873844799E-09   1.22867181707496E-06
 93   53     2.68703978468390E-10   3.92307808563849E-08
 94   53     1.03082240239213E-10   1.51530893151643E-08
 95   53     7.86908576871248E-12   1.16462469376945E-09
 96   53     4.79759011496530E-11   7.14840927129830E-09
 97   53     2.91923474744897E-13   4.37885212117345E-11
 98   53     3.35916953710097E-14   5.07234600102247E-12
 99   53     2.61955309931523E-16   3.98172071095914E-14
100   53     6.69843974600540E-18   1.02486128113883E-15
101   53     7.76873392962039E-21   1.19638502516154E-18
102   53     3.81059902796008E-23   5.90642849333813E-21
103   53     1.00000000000000E-99   1.00000000000000E-99
104   53     1.00000000000000E-99   1.00000000000000E-99
105   53     1.00000000000000E-99   1.00000000000000E-99
106   53     1.00000000000000E-99   1.00000000000000E-99
107   53     1.00000000000000E-99   1.00000000000000E-99
108   53     1.00000000000000E-99   1.00000000000000E-99
109   53     1.00000000000000E-99   1.00000000000000E-99
110   53     1.00000000000000E-99   1.00000000000000E-99
111   53     1.00000000000000E-99   1.00000000000000E-99
112   53     1.00000000000000E-99   1.00000000000000E-99
113   53     1.00000000000000E-99   1.00000000000000E-99
114   53     1.00000000000000E-99   1.00000000000000E-99
115   53     1.00000000000000E-99   1.00000000000000E-99
116   53     1.00000000000000E-99   1.00000000000000E-99
117   53     1.00000000000000E-99   1.00000000000000E-99
118   53     1.00000000000000E-99   1.00000000000000E-99
119   53     1.00000000000000E-99   1.00000000000000E-99
120   53     1.00000000000000E-99   1.00000000000000E-99
121   53     1.00000000000000E-99   1.00000000000000E-99
122   53     1.00000000000000E-99   1.00000000000000E-99
123   53     1.00000000000000E-99   1.00000000000000E-99
124   53     1.00000000000000E-99   1.00000000000000E-99
125   53     1.00000000000000E-99   1.00000000000000E-99
126   53     1.00000000000000E-99   1.00000000000000E-99
 49   54     1.00000000000000E-99   1.00000000000000E-99
 50   54     1.00000000000000E-99   1.00000000000000E-99
 51   54     1.00000000000000E-99   1.00000000000000E-99
 52   54     1.00000000000000E-99   1.00000000000000E-99
 53   54     1.00000000000000E-99   1.00000000000000E-99
 54   54     1.00000000000000E-99   1.00000000000000E-99
 55   54     1.00000000000000E-99   1.00000000000000E-99
 56   54     1.00000000000000E-99   1.00000000000000E-99
 57   54     1.00000000000000E-99   1.00000000000000E-99
 58   54     1.00000000000000E-99   1.00000000000000E-99
 59   54     1.00000000000000E-99   1.00000000000000E-99
 60   54     1.00000000000000E-99   1.00000000000000E-99
 61   54     1.00000000000000E-99   1.00000000000000E-99
 62   54     1.00000000000000E-99   1.00000000000000E-99
 63   54     1.00000000000000E-99   1.00000000000000E-99
 64   54     1.00000000000000E-99   1.00000000000000E-99
 65   54     1.00000000000000E-99   1.00000000000000E-99
 66   54     1.00000000000000E-99   1.00000000000000E-99
 67   54     1.00000000000000E-99   1.00000000000000E-99
 68   54     1.00000000000000E-99   1.00000000000000E-99
 69   54     1.00000000000000E-99   1.00000000000000E-99
 70   54     1.00000000000000E-99   1.00000000000000E-99
 71   54     1.00000000000000E-99   1.00000000000000E-99
 72   54     1.00000000000000E-99   1.00000000000000E-99
 73   54     1.00000000000000E-99   1.00000000000000E-99
 74   54     1.00000000000000E-99   1.00000000000000E-99
 75   54     1.00000000000000E-99   1.00000000000000E-99
 76   54     1.00000000000000E-99   1.00000000000000E-99
 77   54     1.28486156395954E-20   1.68316864878699E-18
 78   54     1.16438844966967E-18   1.53699275356396E-16
 79   54     9.56634498875253E-17   1.27232388350409E-14
 80   54     2.77779398455689E-14   3.72224393930623E-12
 81   54     7.18539126384607E-13   9.70027820619219E-11
 82   54     1.49336472533473E-09   2.03097602645523E-07
 83   54     1.51123137818258E-08   2.07038698811013E-06
 84   54     8.78364097567670E-08   1.21214245464339E-05
 85   54     1.49380451398625E-07   2.07638827444089E-05
 86   54     4.70165688999446E-07   6.58231964599224E-05
 87   54     8.04812269248386E-07   1.13478529964022E-04
 88   54     1.72570035675162E-06   2.45049450658731E-04
 89   54     1.83795823595595E-07   2.62828027741701E-05
 90   54     6.89304208370254E-07   9.92598060053165E-05
 91   54     7.94285141803095E-08   1.15171345561449E-05
 92   54     2.89393293979998E-07   4.22514209210797E-05
 93   54     2.12927739068995E-08   3.13003776431423E-06
 94   54     2.38771142318257E-07   3.53381290631021E-05
 95   54     9.11878534417754E-09   1.35869901628245E-06
 96   54     1.54868571997859E-08   2.32302857996788E-06
 97   54     3.22467165114344E-11   4.86925419322659E-09
 98   54     5.61112483688007E-11   8.52890975205771E-09
 99   54     1.77845616779493E-13   2.72103793672624E-11
100   54     7.50090765062263E-14   1.15513977819588E-11
101   54     3.81851271579094E-16   5.91869470947596E-14
102   54     3.53025389925757E-18   5.50719608284182E-16
103   54     3.75855542974416E-22   5.90093202469834E-20
104   54     3.66483079012966E-25   5.79043264840487E-23
105   54     1.00000000000000E-99   1.00000000000000E-99
106   54     1.00000000000000E-99   1.00000000000000E-99
107   54     1.00000000000000E-99   1.00000000000000E-99
108   54     1.00000000000000E-99   1.00000000000000E-99
109   54     1.00000000000000E-99   1.00000000000000E-99
110   54     1.00000000000000E-99   1.00000000000000E-99
111   54     1.00000000000000E-99   1.00000000000000E-99
112   54     1.00000000000000E-99   1.00000000000000E-99
113   54     1.00000000000000E-99   1.00000000000000E-99
114   54     1.00000000000000E-99   1.00000000000000E-99
115   54     1.00000000000000E-99   1.00000000000000E-99
116   54     1.00000000000000E-99   1.00000000000000E-99
117   54     1.00000000000000E-99   1.00000000000000E-99
118   54     1.00000000000000E-99   1.00000000000000E-99
119   54     1.00000000000000E-99   1.00000000000000E-99
120   54     1.00000000000000E-99   1.00000000000000E-99
121   54     1.00000000000000E-99   1.00000000000000E-99
122   54     1.00000000000000E-99   1.00000000000000E-99
123   54     1.00000000000000E-99   1.00000000000000E-99
124   54     1.00000000000000E-99   1.00000000000000E-99
125   54     1.00000000000000E-99   1.00000000000000E-99
126   54     1.00000000000000E-99   1.00000000000000E-99
127   54     1.00000000000000E-99   1.00000000000000E-99
128   54     1.00000000000000E-99   1.00000000000000E-99
 51   55     1.00000000000000E-99   1.00000000000000E-99
 52   55     1.00000000000000E-99   1.00000000000000E-99
 53   55     1.00000000000000E-99   1.00000000000000E-99
 54   55     1.00000000000000E-99   1.00000000000000E-99
 55   55     1.00000000000000E-99   1.00000000000000E-99
 56   55     1.00000000000000E-99   1.00000000000000E-99
 57   55     1.00000000000000E-99   1.00000000000000E-99
 58   55     1.00000000000000E-99   1.00000000000000E-99
 59   55     1.00000000000000E-99   1.00000000000000E-99
 60   55     1.00000000000000E-99   1.00000000000000E-99
 61   55     1.00000000000000E-99   1.00000000000000E-99
 62   55     1.00000000000000E-99   1.00000000000000E-99
 63   55     1.00000000000000E-99   1.00000000000000E-99
 64   55     1.00000000000000E-99   1.00000000000000E-99
 65   55     1.00000000000000E-99   1.00000000000000E-99
 66   55     1.00000000000000E-99   1.00000000000000E-99
 67   55     1.00000000000000E-99   1.00000000000000E-99
 68   55     1.00000000000000E-99   1.00000000000000E-99
 69   55     1.00000000000000E-99   1.00000000000000E-99
 70   55     1.00000000000000E-99   1.00000000000000E-99
 71   55     1.00000000000000E-99   1.00000000000000E-99
 72   55     1.00000000000000E-99   1.00000000000000E-99
 73   55     1.00000000000000E-99   1.00000000000000E-99
 74   55     1.00000000000000E-99   1.00000000000000E-99
 75   55     1.00000000000000E-99   1.00000000000000E-99
 76   55     1.00000000000000E-99   1.00000000000000E-99
 77   55     1.00000000000000E-99   1.00000000000000E-99
 78   55     5.29759326909338E-24   7.04579904789419E-22
 79   55     2.38763440310936E-24   3.19943010016654E-22
 80   55     1.10194935014478E-18   1.48763162269546E-16
 81   55     3.72409047491866E-19   5.06476304588937E-17
 82   55     6.57523298817522E-12   9.00806919380005E-10
 83   55     9.22603416756302E-12   1.27319271512370E-09
 84   55     4.02452698112927E-10   5.59409250376969E-08
 85   55     3.51472853164789E-09   4.92061994430705E-07
 86   55     5.83286935137426E-08   8.22434578543770E-06
 87   55     7.47657970493183E-08   1.06167431810032E-05
 88   55     2.32257687144517E-07   3.32128492616659E-05
 89   55     1.31555892053373E-07   1.89440484556858E-05
 90   55     3.83623395179013E-07   5.56253923009569E-05
 91   55     3.08300092482007E-07   4.50118135023730E-05
 92   55     6.21440251267825E-07   9.13517169363703E-05
 93   55     1.76082648338826E-07   2.60602319541463E-05
 94   55     9.86631012193592E-07   1.47008020816845E-04
 95   55     2.00477387406919E-07   3.00716081110379E-05
 96   55     2.51849743561176E-07   3.80293112777376E-05
 97   55     8.05965485434239E-09   1.22506753786004E-06
 98   55     7.02164232397163E-09   1.07431127556766E-06
 99   55     5.65445693243719E-10   8.70786367595327E-08
100   55     5.12323549042998E-10   7.94101501016647E-08
101   55     3.94834816042841E-11   6.15942313026832E-09
102   55     3.22928208148610E-12   5.06997286793318E-10
103   55     1.53443386410151E-14   2.42440550528039E-12
104   55     1.65003801691995E-16   2.62356044690272E-14
105   55     6.38206328182061E-20   1.02113012509130E-17
106   55     1.55447098630132E-22   2.50269828794513E-20
107   55     1.00000000000000E-99   1.00000000000000E-99
108   55     1.00000000000000E-99   1.00000000000000E-99
109   55     1.00000000000000E-99   1.00000000000000E-99
110   55     1.00000000000000E-99   1.00000000000000E-99
111   55     1.00000000000000E-99   1.00000000000000E-99
112   55     1.00000000000000E-99   1.00000000000000E-99
113   55     1.00000000000000E-99   1.00000000000000E-99
114   55     1.00000000000000E-99   1.00000000000000E-99
115   55     1.00000000000000E-99   1.00000000000000E-99
116   55     1.00000000000000E-99   1.00000000000000E-99
117   55     1.00000000000000E-99   1.00000000000000E-99
118   55     1.00000000000000E-99   1.00000000000000E-99
119   55     1.00000000000000E-99   1.00000000000000E-99
120   55     1.00000000000000E-99   1.00000000000000E-99
121   55     1.00000000000000E-99   1.00000000000000E-99
122   55     1.00000000000000E-99   1.00000000000000E-99
123   55     1.00000000000000E-99   1.00000000000000E-99
124   55     1.00000000000000E-99   1.00000000000000E-99
125   55     1.00000000000000E-99   1.00000000000000E-99
126   55     1.00000000000000E-99   1.00000000000000E-99
127   55     1.00000000000000E-99   1.00000000000000E-99
128   55     1.00000000000000E-99   1.00000000000000E-99
129   55     1.00000000000000E-99   1.00000000000000E-99
130   55     1.00000000000000E-99   1.00000000000000E-99
 52   56     1.00000000000000E-99   1.00000000000000E-99
 53   56     1.00000000000000E-99   1.00000000000000E-99
 54   56     1.00000000000000E-99   1.00000000000000E-99
 55   56     1.00000000000000E-99   1.00000000000000E-99
 56   56     1.00000000000000E-99   1.00000000000000E-99
 57   56     1.00000000000000E-99   1.00000000000000E-99
 58   56     1.00000000000000E-99   1.00000000000000E-99
 59   56     1.00000000000000E-99   1.00000000000000E-99
 60   56     1.00000000000000E-99   1.00000000000000E-99
 61   56     1.00000000000000E-99   1.00000000000000E-99
 62   56     1.00000000000000E-99   1.00000000000000E-99
 63   56     1.00000000000000E-99   1.00000000000000E-99
 64   56     1.00000000000000E-99   1.00000000000000E-99
 65   56     1.00000000000000E-99   1.00000000000000E-99
 66   56     1.00000000000000E-99   1.00000000000000E-99
 67   56     1.00000000000000E-99   1.00000000000000E-99
 68   56     1.00000000000000E-99   1.00000000000000E-99
 69   56     1.00000000000000E-99   1.00000000000000E-99
 70   56     1.00000000000000E-99   1.00000000000000E-99
 71   56     1.00000000000000E-99   1.00000000000000E-99
 72   56     1.00000000000000E-99   1.00000000000000E-99
 73   56     1.00000000000000E-99   1.00000000000000E-99
 74   56     1.00000000000000E-99   1.00000000000000E-99
 75   56     1.00000000000000E-99   1.00000000000000E-99
 76   56     1.00000000000000E-99   1.00000000000000E-99
 77   56     1.00000000000000E-99   1.00000000000000E-99
 78   56     1.00000000000000E-99   1.00000000000000E-99
 79   56     1.00000000000000E-99   1.00000000000000E-99
 80   56     1.00000000000000E-99   1.00000000000000E-99
 81   56     4.20403009549375E-22   5.75952123082644E-20
 82   56     3.72140488267138E-16   5.13553873808651E-14
 83   56     5.74851484733718E-14   7.99043563779868E-12
 84   56     4.90738432819527E-12   6.87033805947337E-10
 85   56     2.08356365352274E-10   2.93782475146706E-08
 86   56     4.78165902471173E-09   6.78995581509065E-07
 87   56     1.41284681880161E-08   2.02037095088630E-06
 88   56     3.90982748222708E-08   5.63015157440699E-06
 89   56     1.24644985973309E-07   1.80735229661298E-05
 90   56     4.19958987020804E-07   6.13140121050374E-05
 91   56     6.68593469539621E-07   9.82832400223243E-05
 92   56     1.77475588998916E-06   2.62663871718396E-04
 93   56     5.62983370886326E-07   8.38845222620626E-05
 94   56     2.25590325710592E-06   3.38385488565887E-04
 95   56     4.93387167162210E-07   7.45014622414938E-05
 96   56     1.36149049735594E-06   2.06946555598103E-04
 97   56     3.04099138767041E-08   4.65271682313572E-06
 98   56     1.85791546894934E-07   2.86118982218198E-05
 99   56     5.52275726391966E-09   8.56027375907547E-07
100   56     2.85644272435476E-08   4.45605064999343E-06
101   56     9.50018651359999E-10   1.49152928263520E-07
102   56     2.66133560326219E-10   4.20491025315427E-08
103   56     1.99972341990988E-13   3.17956023765670E-11
104   56     6.73032736457649E-15   1.07685237833224E-12
105   56     4.98612124449478E-19   8.02765520363659E-17
106   56     7.86808851786184E-20   1.27463033989362E-17
107   56     3.69817072094414E-23   6.02801827513896E-21
108   56     3.05468885375297E-25   5.00968972015487E-23
109   56     1.00000000000000E-99   1.00000000000000E-99
110   56     1.00000000000000E-99   1.00000000000000E-99
111   56     1.00000000000000E-99   1.00000000000000E-99
112   56     1.00000000000000E-99   1.00000000000000E-99
113   56     1.00000000000000E-99   1.00000000000000E-99
114   56     1.00000000000000E-99   1.00000000000000E-99
115   56     1.00000000000000E-99   1.00000000000000E-99
116   56     1.00000000000000E-99   1.00000000000000E-99
117   56     1.00000000000000E-99   1.00000000000000E-99
118   56     1.00000000000000E-99   1.00000000000000E-99
119   56     1.00000000000000E-99   1.00000000000000E-99
120   56     1.00000000000000E-99   1.00000000000000E-99
121   56     1.00000000000000E-99   1.00000000000000E-99
122   56     1.00000000000000E-99   1.00000000000000E-99
123   56     1.00000000000000E-99   1.00000000000000E-99
124   56     1.00000000000000E-99   1.00000000000000E-99
125   56     1.00000000000000E-99   1.00000000000000E-99
126   56     1.00000000000000E-99   1.00000000000000E-99
127   56     1.00000000000000E-99   1.00000000000000E-99
128   56     1.00000000000000E-99   1.00000000000000E-99
129   56     1.00000000000000E-99   1.00000000000000E-99
130   56     1.00000000000000E-99   1.00000000000000E-99
131   56     1.00000000000000E-99   1.00000000000000E-99
132   56     1.00000000000000E-99   1.00000000000000E-99
133   56     1.00000000000000E-99   1.00000000000000E-99
 53   57     1.00000000000000E-99   1.00000000000000E-99
 54   57     1.00000000000000E-99   1.00000000000000E-99
 55   57     1.00000000000000E-99   1.00000000000000E-99
 56   57     1.00000000000000E-99   1.00000000000000E-99
 57   57     1.00000000000000E-99   1.00000000000000E-99
 58   57     1.00000000000000E-99   1.00000000000000E-99
 59   57     1.00000000000000E-99   1.00000000000000E-99
 60   57     1.00000000000000E-99   1.00000000000000E-99
 61   57     1.00000000000000E-99   1.00000000000000E-99
 62   57     1.00000000000000E-99   1.00000000000000E-99
 63   57     1.00000000000000E-99   1.00000000000000E-99
 64   57     1.00000000000000E-99   1.00000000000000E-99
 65   57     1.00000000000000E-99   1.00000000000000E-99
 66   57     1.00000000000000E-99   1.00000000000000E-99
 67   57     1.00000000000000E-99   1.00000000000000E-99
 68   57     1.00000000000000E-99   1.00000000000000E-99
 69   57     1.00000000000000E-99   1.00000000000000E-99
 70   57     1.00000000000000E-99   1.00000000000000E-99
 71   57     1.00000000000000E-99   1.00000000000000E-99
 72   57     1.00000000000000E-99   1.00000000000000E-99
 73   57     1.00000000000000E-99   1.00000000000000E-99
 74   57     1.00000000000000E-99   1.00000000000000E-99
 75   57     1.00000000000000E-99   1.00000000000000E-99
 76   57     1.00000000000000E-99   1.00000000000000E-99
 77   57     1.00000000000000E-99   1.00000000000000E-99
 78   57     1.00000000000000E-99   1.00000000000000E-99
 79   57     1.00000000000000E-99   1.00000000000000E-99
 80   57     1.00000000000000E-99   1.00000000000000E-99
 81   57     1.00000000000000E-99   1.00000000000000E-99
 82   57     7.33898581916406E-19   1.02011902886380E-16
 83   57     2.21484741397530E-19   3.10078637956542E-17
 84   57     9.57057569643739E-15   1.34945117319767E-12
 85   57     2.86068741756429E-13   4.06217613294129E-11
 86   57     6.88308345037813E-11   9.84280933404073E-09
 87   57     1.63124761193584E-10   2.34899656118761E-08
 88   57     1.97862480526996E-09   2.86900596764145E-07
 89   57     5.34854747271588E-09   7.80887931016519E-07
 90   57     1.04475962622490E-07   1.53579665055061E-05
 91   57     1.69436188832354E-07   2.50765559471883E-05
 92   57     2.42215937879074E-07   3.60901747439820E-05
 93   57     5.06728128235755E-07   7.60092192353632E-05
 94   57     9.12890255821834E-07   1.37846428629097E-04
 95   57     9.98456590700927E-07   1.51765401786541E-04
 96   57     1.35859768886628E-06   2.07865446396540E-04
 97   57     4.73607697246922E-07   7.29355853760261E-05
 98   57     7.85832965433468E-07   1.21804109642187E-04
 99   57     1.57463507381511E-07   2.45643071515156E-05
100   57     1.67431740145998E-07   2.62867832029217E-05
101   57     2.88373270328252E-08   4.55629767118638E-06
102   57     6.71888520426459E-09   1.06830274747807E-06
103   57     1.52927523123971E-10   2.44684036998354E-08
104   57     6.72515753821857E-12   1.08275036365319E-09
105   57     2.41429542745696E-14   3.91115859248028E-12
106   57     6.15508059697550E-16   1.00327813730701E-13
107   57     2.74048610564857E-18   4.49439721326366E-16
108   57     2.99435567316651E-20   4.94068686072474E-18
109   57     4.70299540863419E-23   7.80697237833276E-21
110   57     4.67239914326696E-23   7.80290656925582E-21
111   57     1.00000000000000E-99   1.00000000000000E-99
112   57     1.00000000000000E-99   1.00000000000000E-99
113   57     1.00000000000000E-99   1.00000000000000E-99
114   57     1.00000000000000E-99   1.00000000000000E-99
115   57     1.00000000000000E-99   1.00000000000000E-99
116   57     1.00000000000000E-99   1.00000000000000E-99
117   57     1.00000000000000E-99   1.00000000000000E-99
118   57     1.00000000000000E-99   1.00000000000000E-99
119   57     1.00000000000000E-99   1.00000000000000E-99
120   57     1.00000000000000E-99   1.00000000000000E-99
121   57     1.00000000000000E-99   1.00000000000000E-99
122   57     1.00000000000000E-99   1.00000000000000E-99
123   57     1.00000000000000E-99   1.00000000000000E-99
124   57     1.00000000000000E-99   1.00000000000000E-99
125   57     1.00000000000000E-99   1.00000000000000E-99
126   57     1.00000000000000E-99   1.00000000000000E-99
127   57     1.00000000000000E-99   1.00000000000000E-99
128   57     1.00000000000000E-99   1.00000000000000E-99
129   57     1.00000000000000E-99   1.00000000000000E-99
130   57     1.00000000000000E-99   1.00000000000000E-99
131   57     1.00000000000000E-99   1.00000000000000E-99
132   57     1.00000000000000E-99   1.00000000000000E-99
133   57     1.00000000000000E-99   1.00000000000000E-99
134   57     1.00000000000000E-99   1.00000000000000E-99
135   57     1.00000000000000E-99   1.00000000000000E-99
 55   58     1.00000000000000E-99   1.00000000000000E-99
 56   58     1.00000000000000E-99   1.00000000000000E-99
 57   58     1.00000000000000E-99   1.00000000000000E-99
 58   58     1.00000000000000E-99   1.00000000000000E-99
 59   58     1.00000000000000E-99   1.00000000000000E-99
 60   58     1.00000000000000E-99   1.00000000000000E-99
 61   58     1.00000000000000E-99   1.00000000000000E-99
 62   58     1.00000000000000E-99   1.00000000000000E-99
 63   58     1.00000000000000E-99   1.00000000000000E-99
 64   58     1.00000000000000E-99   1.00000000000000E-99
 65   58     1.00000000000000E-99   1.00000000000000E-99
 66   58     1.00000000000000E-99   1.00000000000000E-99
 67   58     1.00000000000000E-99   1.00000000000000E-99
 68   58     1.00000000000000E-99   1.00000000000000E-99
 69   58     1.00000000000000E-99   1.00000000000000E-99
 70   58     1.00000000000000E-99   1.00000000000000E-99
 71   58     1.00000000000000E-99   1.00000000000000E-99
 72   58     1.00000000000000E-99   1.00000000000000E-99
 73   58     1.00000000000000E-99   1.00000000000000E-99
 74   58     1.00000000000000E-99   1.00000000000000E-99
 75   58     1.00000000000000E-99   1.00000000000000E-99
 76   58     1.00000000000000E-99   1.00000000000000E-99
 77   58     1.00000000000000E-99   1.00000000000000E-99
 78   58     1.00000000000000E-99   1.00000000000000E-99
 79   58     1.00000000000000E-99   1.00000000000000E-99
 80   58     1.00000000000000E-99   1.00000000000000E-99
 81   58     1.00000000000000E-99   1.00000000000000E-99
 82   58     1.00000000000000E-99   1.00000000000000E-99
 83   58     3.25106825493652E-20   4.58400623946049E-18
 84   58     2.90316457534503E-18   4.12249369698994E-16
 85   58     4.01839482458802E-15   5.74630459916086E-13
 86   58     2.62393820462790E-13   3.77847101466417E-11
 87   58     3.36439285453823E-12   4.87836963908043E-10
 88   58     6.88140092984188E-11   1.00468453575691E-08
 89   58     1.55552401413296E-09   2.28662030077546E-07
 90   58     1.33962523406997E-08   1.98264534642355E-06
 91   58     1.35993803102745E-08   2.02630766623090E-06
 92   58     8.95212506759962E-08   1.34281876013994E-05
 93   58     1.75375638758778E-07   2.64817214525755E-05
 94   58     7.69399386853908E-07   1.16948706801794E-04
 95   58     5.25216310883720E-07   8.03580955652092E-05
 96   58     3.12560612330234E-06   4.81343342988560E-04
 97   58     7.70318412142510E-07   1.19399353882089E-04
 98   58     4.08989184580179E-06   6.38023127945079E-04
 99   58     7.60102433419629E-07   1.19336082046882E-04
100   58     4.24647724435623E-06   6.70943404608284E-04
101   58     6.27542611568258E-07   9.97792752393530E-05
102   58     8.08295783608700E-07   1.29327325377392E-04
103   58     2.02870226393119E-08   3.26621064492921E-06
104   58     5.24650461353173E-09   8.49933747392140E-07
105   58     4.43754873656885E-12   7.23320444060723E-10
106   58     1.27484088393767E-11   2.09073904965778E-09
107   58     2.55646946135585E-13   4.21817461123715E-11
108   58     2.19366617208519E-14   3.64148584566142E-12
109   58     1.42391722509687E-17   2.37794176591177E-15
110   58     5.34653813086335E-18   8.98218405985042E-16
111   58     2.55498524550316E-21   4.31792506490033E-19
112   58     2.83815831377158E-21   4.82486913341169E-19
113   58     5.26632902660695E-24   9.00542263549789E-22
114   58     1.00000000000000E-99   1.00000000000000E-99
115   58     1.00000000000000E-99   1.00000000000000E-99
116   58     1.00000000000000E-99   1.00000000000000E-99
117   58     1.00000000000000E-99   1.00000000000000E-99
118   58     1.00000000000000E-99   1.00000000000000E-99
119   58     1.00000000000000E-99   1.00000000000000E-99
120   58     1.00000000000000E-99   1.00000000000000E-99
121   58     1.00000000000000E-99   1.00000000000000E-99
122   58     1.00000000000000E-99   1.00000000000000E-99
123   58     1.00000000000000E-99   1.00000000000000E-99
124   58     1.00000000000000E-99   1.00000000000000E-99
125   58     1.00000000000000E-99   1.00000000000000E-99
126   58     1.00000000000000E-99   1.00000000000000E-99
127   58     1.00000000000000E-99   1.00000000000000E-99
128   58     1.00000000000000E-99   1.00000000000000E-99
129   58     1.00000000000000E-99   1.00000000000000E-99
130   58     1.00000000000000E-99   1.00000000000000E-99
131   58     1.00000000000000E-99   1.00000000000000E-99
132   58     1.00000000000000E-99   1.00000000000000E-99
133   58     1.00000000000000E-99   1.00000000000000E-99
134   58     1.00000000000000E-99   1.00000000000000E-99
135   58     1.00000000000000E-99   1.00000000000000E-99
136   58     1.00000000000000E-99   1.00000000000000E-99
137   58     1.00000000000000E-99   1.00000000000000E-99
 56   59     1.00000000000000E-99   1.00000000000000E-99
 57   59     1.00000000000000E-99   1.00000000000000E-99
 58   59     1.00000000000000E-99   1.00000000000000E-99
 59   59     1.00000000000000E-99   1.00000000000000E-99
 60   59     1.00000000000000E-99   1.00000000000000E-99
 61   59     1.00000000000000E-99   1.00000000000000E-99
 62   59     1.00000000000000E-99   1.00000000000000E-99
 63   59     1.00000000000000E-99   1.00000000000000E-99
 64   59     1.00000000000000E-99   1.00000000000000E-99
 65   59     1.00000000000000E-99   1.00000000000000E-99
 66   59     1.00000000000000E-99   1.00000000000000E-99
 67   59     1.00000000000000E-99   1.00000000000000E-99
 68   59     1.00000000000000E-99   1.00000000000000E-99
 69   59     1.00000000000000E-99   1.00000000000000E-99
 70   59     1.00000000000000E-99   1.00000000000000E-99
 71   59     1.00000000000000E-99   1.00000000000000E-99
 72   59     1.00000000000000E-99   1.00000000000000E-99
 73   59     1.00000000000000E-99   1.00000000000000E-99
 74   59     1.00000000000000E-99   1.00000000000000E-99
 75   59     1.00000000000000E-99   1.00000000000000E-99
 76   59     1.00000000000000E-99   1.00000000000000E-99
 77   59     1.00000000000000E-99   1.00000000000000E-99
 78   59     1.00000000000000E-99   1.00000000000000E-99
 79   59     1.00000000000000E-99   1.00000000000000E-99
 80   59     1.00000000000000E-99   1.00000000000000E-99
 81   59     1.00000000000000E-99   1.00000000000000E-99
 82   59     1.00000000000000E-99   1.00000000000000E-99
 83   59     1.00000000000000E-99   1.00000000000000E-99
 84   59     9.72252296017918E-22   1.39032078330562E-19
 85   59     4.47269007941650E-22   6.44067371435977E-20
 86   59     5.31104624998299E-16   7.70101706247534E-14
 87   59     1.81667827897392E-15   2.65235028730193E-13
 88   59     1.09329363242359E-12   1.60714163966268E-10
 89   59     4.71314097670133E-12   6.97544864551797E-10
 90   59     6.84312323408949E-11   1.01962536187933E-08
 91   59     4.02832101736364E-10   6.04248152604547E-08
 92   59     4.27226956943721E-09   6.45112704985018E-07
 93   59     1.60102758655079E-08   2.43356193155720E-06
 94   59     4.49797017022818E-08   6.88189436044911E-06
 95   59     1.59599832516280E-07   2.45783742075071E-05
 96   59     6.07441788243878E-07   9.41534771778011E-05
 97   59     5.86806665809864E-07   9.15418398663388E-05
 98   59     1.52898360893276E-06   2.40050426602444E-04
 99   59     1.41108779773253E-06   2.22951872041740E-04
100   59     3.49580166683518E-06   5.55832465026793E-04
101   59     1.13104986373473E-06   1.80967978197558E-04
102   59     1.08675363286972E-06   1.74967334892025E-04
103   59     9.56986451845288E-08   1.55031805198937E-05
104   59     4.48394074916731E-08   7.30882342114272E-06
105   59     6.16094732437293E-10   1.01039536119716E-07
106   59     1.46474888148972E-10   2.41683565445803E-08
107   59     7.26917117402546E-12   1.20668241488823E-09
108   59     9.29441293203729E-13   1.55216695965023E-10
109   59     1.36305705179891E-14   2.28993584702216E-12
110   59     3.90187615035167E-13   6.59417069409432E-11
111   59     1.02046606107608E-15   1.73479230382934E-13
112   59     4.11573189761430E-17   7.03790154492046E-15
113   59     4.05398014084544E-18   6.97284584225416E-16
114   59     2.83410540018082E-19   4.90300234231282E-17
115   59     4.08269155213051E-22   7.10388330070709E-20
116   59     1.72806318470941E-24   3.02411057324146E-22
117   59     1.00000000000000E-99   1.00000000000000E-99
118   59     1.00000000000000E-99   1.00000000000000E-99
119   59     1.00000000000000E-99   1.00000000000000E-99
120   59     1.00000000000000E-99   1.00000000000000E-99
121   59     1.00000000000000E-99   1.00000000000000E-99
122   59     1.00000000000000E-99   1.00000000000000E-99
123   59     1.00000000000000E-99   1.00000000000000E-99
124   59     1.00000000000000E-99   1.00000000000000E-99
125   59     1.00000000000000E-99   1.00000000000000E-99
126   59     1.00000000000000E-99   1.00000000000000E-99
127   59     1.00000000000000E-99   1.00000000000000E-99
128   59     1.00000000000000E-99   1.00000000000000E-99
129   59     1.00000000000000E-99   1.00000000000000E-99
130   59     1.00000000000000E-99   1.00000000000000E-99
131   59     1.00000000000000E-99   1.00000000000000E-99
132   59     1.00000000000000E-99   1.00000000000000E-99
133   59     1.00000000000000E-99   1.00000000000000E-99
134   59     1.00000000000000E-99   1.00000000000000E-99
135   59     1.00000000000000E-99   1.00000000000000E-99
136   59     1.00000000000000E-99   1.00000000000000E-99
137   59     1.00000000000000E-99   1.00000000000000E-99
138   59     1.00000000000000E-99   1.00000000000000E-99
139   59     1.00000000000000E-99   1.00000000000000E-99
 58   60     1.00000000000000E-99   1.00000000000000E-99
 59   60     1.00000000000000E-99   1.00000000000000E-99
 60   60     1.00000000000000E-99   1.00000000000000E-99
 61   60     1.00000000000000E-99   1.00000000000000E-99
 62   60     1.00000000000000E-99   1.00000000000000E-99
 63   60     1.00000000000000E-99   1.00000000000000E-99
 64   60     1.00000000000000E-99   1.00000000000000E-99
 65   60     1.00000000000000E-99   1.00000000000000E-99
 66   60     1.00000000000000E-99   1.00000000000000E-99
 67   60     1.00000000000000E-99   1.00000000000000E-99
 68   60     1.00000000000000E-99   1.00000000000000E-99
 69   60     1.00000000000000E-99   1.00000000000000E-99
 70   60     1.00000000000000E-99   1.00000000000000E-99
 71   60     1.00000000000000E-99   1.00000000000000E-99
 72   60     1.00000000000000E-99   1.00000000000000E-99
 73   60     1.00000000000000E-99   1.00000000000000E-99
 74   60     1.00000000000000E-99   1.00000000000000E-99
 75   60     1.00000000000000E-99   1.00000000000000E-99
 76   60     1.00000000000000E-99   1.00000000000000E-99
 77   60     1.00000000000000E-99   1.00000000000000E-99
 78   60     1.00000000000000E-99   1.00000000000000E-99
 79   60     1.00000000000000E-99   1.00000000000000E-99
 80   60     1.00000000000000E-99   1.00000000000000E-99
 81   60     1.00000000000000E-99   1.00000000000000E-99
 82   60     1.00000000000000E-99   1.00000000000000E-99
 83   60     1.00000000000000E-99   1.00000000000000E-99
 84   60     1.00000000000000E-99   1.00000000000000E-99
 85   60     6.05868676976135E-22   8.78509581615396E-20
 86   60     5.10232647563680E-20   7.44939665442973E-18
 87   60     3.10937161416624E-17   4.57077627282438E-15
 88   60     1.34964295765428E-15   1.99747157732834E-13
 89   60     1.18964785031826E-14   1.77257529697420E-12
 90   60     2.60190613836470E-12   3.90285920754705E-10
 91   60     8.93575382234677E-12   1.34929882717436E-09
 92   60     2.87020028652459E-10   4.36270443551738E-08
 93   60     3.79751523261344E-10   5.81019830589857E-08
 94   60     6.44986427954499E-09   9.93279099049929E-07
 95   60     1.19231354539039E-07   1.84808599535510E-05
 96   60     7.48737319449506E-07   1.16803021834123E-04
 97   60     1.00660075851819E-06   1.58036319087356E-04
 98   60     4.81085181436330E-06   7.60114586669401E-04
 99   60     3.53577015824454E-06   5.62187455160882E-04
100   60     1.38957004923465E-05   2.22331207877544E-03
101   60     7.25637761195824E-06   1.16827679552528E-03
102   60     1.65524532442556E-05   2.68149742556940E-03
103   60     1.50220796004526E-06   2.44859897487377E-04
104   60     2.55618752118952E-06   4.19214753475081E-04
105   60     8.26292993620395E-09   1.36338343947365E-06
106   60     4.33857225039294E-08   7.20202993565228E-06
107   60     4.58623129622019E-09   7.65900626468772E-07
108   60     3.91716101370171E-09   6.58083050301886E-07
109   60     3.43966765388966E-11   5.81303833507353E-09
110   60     4.70596484830676E-11   8.00014024212149E-09
111   60     3.12490211079280E-13   5.34358260945569E-11
112   60     8.19375622438060E-13   1.40932607059346E-10
113   60     1.39518904824822E-14   2.41367705346942E-12
114   60     4.03845407294384E-15   7.02691008692228E-13
115   60     1.59269217465009E-18   2.78721130563766E-16
116   60     4.29755666317072E-20   7.56369972718047E-18
117   60     9.08339618110932E-25   1.60776112405635E-22
118   60     1.00000000000000E-99   1.00000000000000E-99
119   60     1.00000000000000E-99   1.00000000000000E-99
120   60     1.00000000000000E-99   1.00000000000000E-99
121   60     1.00000000000000E-99   1.00000000000000E-99
122   60     1.00000000000000E-99   1.00000000000000E-99
123   60     1.00000000000000E-99   1.00000000000000E-99
124   60     1.00000000000000E-99   1.00000000000000E-99
125   60     1.00000000000000E-99   1.00000000000000E-99
126   60     1.00000000000000E-99   1.00000000000000E-99
127   60     1.00000000000000E-99   1.00000000000000E-99
128   60     1.00000000000000E-99   1.00000000000000E-99
129   60     1.00000000000000E-99   1.00000000000000E-99
130   60     1.00000000000000E-99   1.00000000000000E-99
131   60     1.00000000000000E-99   1.00000000000000E-99
132   60     1.00000000000000E-99   1.00000000000000E-99
133   60     1.00000000000000E-99   1.00000000000000E-99
134   60     1.00000000000000E-99   1.00000000000000E-99
135   60     1.00000000000000E-99   1.00000000000000E-99
136   60     1.00000000000000E-99   1.00000000000000E-99
137   60     1.00000000000000E-99   1.00000000000000E-99
138   60     1.00000000000000E-99   1.00000000000000E-99
139   60     1.00000000000000E-99   1.00000000000000E-99
140   60     1.00000000000000E-99   1.00000000000000E-99
141   60     1.00000000000000E-99   1.00000000000000E-99
 59   61     1.00000000000000E-99   1.00000000000000E-99
 60   61     1.00000000000000E-99   1.00000000000000E-99
 61   61     1.00000000000000E-99   1.00000000000000E-99
 62   61     1.00000000000000E-99   1.00000000000000E-99
 63   61     1.00000000000000E-99   1.00000000000000E-99
 64   61     1.00000000000000E-99   1.00000000000000E-99
 65   61     1.00000000000000E-99   1.00000000000000E-99
 66   61     1.00000000000000E-99   1.00000000000000E-99
 67   61     1.00000000000000E-99   1.00000000000000E-99
 68   61     1.00000000000000E-99   1.00000000000000E-99
 69   61     1.00000000000000E-99   1.00000000000000E-99
 70   61     1.00000000000000E-99   1.00000000000000E-99
 71   61     1.00000000000000E-99   1.00000000000000E-99
 72   61     1.00000000000000E-99   1.00000000000000E-99
 73   61     1.00000000000000E-99   1.00000000000000E-99
 74   61     1.00000000000000E-99   1.00000000000000E-99
 75   61     1.00000000000000E-99   1.00000000000000E-99
 76   61     1.00000000000000E-99   1.00000000000000E-99
 77   61     1.00000000000000E-99   1.00000000000000E-99
 78   61     1.00000000000000E-99   1.00000000000000E-99
 79   61     1.00000000000000E-99   1.00000000000000E-99
 80   61     1.00000000000000E-99   1.00000000000000E-99
 81   61     1.00000000000000E-99   1.00000000000000E-99
 82   61     1.00000000000000E-99   1.00000000000000E-99
 83   61     1.00000000000000E-99   1.00000000000000E-99
 84   61     1.00000000000000E-99   1.00000000000000E-99
 85   61     1.00000000000000E-99   1.00000000000000E-99
 86   61     1.00000000000000E-99   1.00000000000000E-99
 87   61     1.00000000000000E-99   1.00000000000000E-99
 88   61     1.36844699252012E-20   2.03898601885498E-18
 89   61     3.21512847064290E-21   4.82269270596435E-19
 90   61     2.00063180471680E-16   3.02095402512236E-14
 91   61     4.86053373746153E-15   7.38801128094153E-13
 92   61     3.00785138877440E-13   4.60201262482483E-11
 93   61     2.67453512715700E-12   4.11878409582178E-10
 94   61     5.96603244372646E-10   9.24735028777601E-08
 95   61     1.51472715379805E-09   2.36297435992495E-07
 96   61     1.09312479356948E-07   1.71620592590409E-05
 97   61     1.41374488067069E-07   2.23371691145969E-05
 98   61     6.11730716593976E-07   9.72651839384422E-05
 99   61     1.14841046715515E-06   1.83745674744824E-04
100   61     3.68477143738562E-06   5.93248201419085E-04
101   61     4.57542060127666E-06   7.41218137406820E-04
102   61     8.71120736779361E-06   1.41992680095036E-03
103   61     3.25062472587862E-06   5.33102455044094E-04
104   61     3.56378141708638E-06   5.88023933819253E-04
105   61     1.64952981839196E-07   2.73821949853066E-05
106   61     3.37756217351740E-07   5.64052882977406E-05
107   61     1.35471532469995E-07   2.27592174549592E-05
108   61     2.39531444007962E-07   4.04808140373456E-05
109   61     2.14761564326447E-08   3.65094659354960E-06
110   61     3.20631773840635E-08   5.48280333267486E-06
111   61     5.13297321180094E-10   8.82871392429761E-08
112   61     1.04337191530846E-10   1.80503341348363E-08
113   61     4.24389340928296E-12   7.38437453215235E-10
114   61     4.55230268089083E-13   7.96652969155895E-11
115   61     6.27423689721737E-15   1.10426569391026E-12
116   61     1.81126760368734E-16   3.20594365852658E-14
117   61     2.98717257745906E-19   5.31716718787712E-17
118   61     1.94538622689335E-21   3.48224134613909E-19
119   61     2.71766602213456E-25   4.89179883984221E-23
120   61     1.00000000000000E-99   1.00000000000000E-99
121   61     1.00000000000000E-99   1.00000000000000E-99
122   61     1.00000000000000E-99   1.00000000000000E-99
123   61     1.00000000000000E-99   1.00000000000000E-99
124   61     1.00000000000000E-99   1.00000000000000E-99
125   61     1.00000000000000E-99   1.00000000000000E-99
126   61     1.00000000000000E-99   1.00000000000000E-99
127   61     1.00000000000000E-99   1.00000000000000E-99
128   61     1.00000000000000E-99   1.00000000000000E-99
129   61     1.00000000000000E-99   1.00000000000000E-99
130   61     1.00000000000000E-99   1.00000000000000E-99
131   61     1.00000000000000E-99   1.00000000000000E-99
132   61     1.00000000000000E-99   1.00000000000000E-99
133   61     1.00000000000000E-99   1.00000000000000E-99
134   61     1.00000000000000E-99   1.00000000000000E-99
135   61     1.00000000000000E-99   1.00000000000000E-99
136   61     1.00000000000000E-99   1.00000000000000E-99
137   61     1.00000000000000E-99   1.00000000000000E-99
138   61     1.00000000000000E-99   1.00000000000000E-99
139   61     1.00000000000000E-99   1.00000000000000E-99
140   61     1.00000000000000E-99   1.00000000000000E-99
141   61     1.00000000000000E-99   1.00000000000000E-99
142   61     1.00000000000000E-99   1.00000000000000E-99
143   61     1.00000000000000E-99   1.00000000000000E-99
144   61     1.00000000000000E-99   1.00000000000000E-99
 61   62     1.00000000000000E-99   1.00000000000000E-99
 62   62     1.00000000000000E-99   1.00000000000000E-99
 63   62     1.00000000000000E-99   1.00000000000000E-99
 64   62     1.00000000000000E-99   1.00000000000000E-99
 65   62     1.00000000000000E-99   1.00000000000000E-99
 66   62     1.00000000000000E-99   1.00000000000000E-99
 67   62     1.00000000000000E-99   1.00000000000000E-99
 68   62     1.00000000000000E-99   1.00000000000000E-99
 69   62     1.00000000000000E-99   1.00000000000000E-99
 70   62     1.00000000000000E-99   1.00000000000000E-99
 71   62     1.00000000000000E-99   1.00000000000000E-99
 72   62     1.00000000000000E-99   1.00000000000000E-99
 73   62     1.00000000000000E-99   1.00000000000000E-99
 74   62     1.00000000000000E-99   1.00000000000000E-99
 75   62     1.00000000000000E-99   1.00000000000000E-99
 76   62     1.00000000000000E-99   1.00000000000000E-99
 77   62     1.00000000000000E-99   1.00000000000000E-99
 78   62     1.00000000000000E-99   1.00000000000000E-99
 79   62     1.00000000000000E-99   1.00000000000000E-99
 80   62     1.00000000000000E-99   1.00000000000000E-99
 81   62     1.00000000000000E-99   1.00000000000000E-99
 82   62     1.00000000000000E-99   1.00000000000000E-99
 83   62     1.00000000000000E-99   1.00000000000000E-99
 84   62     1.00000000000000E-99   1.00000000000000E-99
 85   62     1.00000000000000E-99   1.00000000000000E-99
 86   62     1.00000000000000E-99   1.00000000000000E-99
 87   62     1.00000000000000E-99   1.00000000000000E-99
 88   62     1.00000000000000E-99   1.00000000000000E-99
 89   62     1.32056717895970E-23   1.99405644022915E-21
 90   62     4.17426896620396E-19   6.34488882863001E-17
 91   62     1.13916368993620E-17   1.74292044560238E-15
 92   62     5.47145252777551E-16   8.42603689277429E-14
 93   62     4.59181228035097E-13   7.11730903454401E-11
 94   62     8.99613979135454E-12   1.40339780745131E-09
 95   62     3.21311622537789E-10   5.04459247384328E-08
 96   62     2.33466741633045E-09   3.68877451780212E-07
 97   62     1.90302873718341E-08   3.02581569212161E-06
 98   62     2.28513028477694E-07   3.65620845564311E-05
 99   62     6.77808660315365E-07   1.09127194310774E-04
100   62     3.38573015596482E-06   5.48488285266300E-04
101   62     6.18669429881111E-06   1.00843117070621E-03
102   62     2.06314687297832E-05   3.38356087168444E-03
103   62     8.39457257359422E-06   1.38510447464305E-03
104   62     1.36211653103813E-05   2.26111344152329E-03
105   62     1.35255365920327E-06   2.25876461086946E-04
106   62     6.92602915541830E-06   1.16357289811027E-03
107   62     7.79265329461607E-07   1.31695840679012E-04
108   62     1.78768208186660E-06   3.03905953917322E-04
109   62     5.63823543567936E-08   9.64138259501170E-06
110   62     2.34205010547010E-07   4.02832618140857E-05
111   62     7.44580141998551E-09   1.28812364565749E-06
112   62     3.08031732966106E-08   5.35975215361025E-06
113   62     3.18078103371751E-09   5.56636680900565E-07
114   62     3.97438538994814E-09   6.99491828630873E-07
115   62     2.01858444286721E-11   3.57289446387496E-09
116   62     3.07173317083923E-12   5.46768504409383E-10
117   62     3.24966400782339E-16   5.81689857400387E-14
118   62     4.13622398337834E-18   7.44520317008102E-16
119   62     9.32445092943029E-23   1.68772561822688E-20
120   62     7.26307460443990E-23   1.32187957800806E-20
121   62     1.00000000000000E-99   1.00000000000000E-99
122   62     1.00000000000000E-99   1.00000000000000E-99
123   62     1.00000000000000E-99   1.00000000000000E-99
124   62     1.00000000000000E-99   1.00000000000000E-99
125   62     1.00000000000000E-99   1.00000000000000E-99
126   62     1.00000000000000E-99   1.00000000000000E-99
127   62     1.00000000000000E-99   1.00000000000000E-99
128   62     1.00000000000000E-99   1.00000000000000E-99
129   62     1.00000000000000E-99   1.00000000000000E-99
130   62     1.00000000000000E-99   1.00000000000000E-99
131   62     1.00000000000000E-99   1.00000000000000E-99
132   62     1.00000000000000E-99   1.00000000000000E-99
133   62     1.00000000000000E-99   1.00000000000000E-99
134   62     1.00000000000000E-99   1.00000000000000E-99
135   62     1.00000000000000E-99   1.00000000000000E-99
136   62     1.00000000000000E-99   1.00000000000000E-99
137   62     1.00000000000000E-99   1.00000000000000E-99
138   62     1.00000000000000E-99   1.00000000000000E-99
139   62     1.00000000000000E-99   1.00000000000000E-99
140   62     1.00000000000000E-99   1.00000000000000E-99
141   62     1.00000000000000E-99   1.00000000000000E-99
142   62     1.00000000000000E-99   1.00000000000000E-99
143   62     1.00000000000000E-99   1.00000000000000E-99
144   62     1.00000000000000E-99   1.00000000000000E-99
145   62     1.00000000000000E-99   1.00000000000000E-99
146   62     1.00000000000000E-99   1.00000000000000E-99
 62   63     1.00000000000000E-99   1.00000000000000E-99
 63   63     1.00000000000000E-99   1.00000000000000E-99
 64   63     1.00000000000000E-99   1.00000000000000E-99
 65   63     1.00000000000000E-99   1.00000000000000E-99
 66   63     1.00000000000000E-99   1.00000000000000E-99
 67   63     1.00000000000000E-99   1.00000000000000E-99
 68   63     1.00000000000000E-99   1.00000000000000E-99
 69   63     1.00000000000000E-99   1.00000000000000E-99
 70   63     1.00000000000000E-99   1.00000000000000E-99
 71   63     1.00000000000000E-99   1.00000000000000E-99
 72   63     1.00000000000000E-99   1.00000000000000E-99
 73   63     1.00000000000000E-99   1.00000000000000E-99
 74   63     1.00000000000000E-99   1.00000000000000E-99
 75   63     1.00000000000000E-99   1.00000000000000E-99
 76   63     1.00000000000000E-99   1.00000000000000E-99
 77   63     1.00000000000000E-99   1.00000000000000E-99
 78   63     1.00000000000000E-99   1.00000000000000E-99
 79   63     1.00000000000000E-99   1.00000000000000E-99
 80   63     1.00000000000000E-99   1.00000000000000E-99
 81   63     1.00000000000000E-99   1.00000000000000E-99
 82   63     1.00000000000000E-99   1.00000000000000E-99
 83   63     1.00000000000000E-99   1.00000000000000E-99
 84   63     1.00000000000000E-99   1.00000000000000E-99
 85   63     1.00000000000000E-99   1.00000000000000E-99
 86   63     1.00000000000000E-99   1.00000000000000E-99
 87   63     1.00000000000000E-99   1.00000000000000E-99
 88   63     1.00000000000000E-99   1.00000000000000E-99
 89   63     1.00000000000000E-99   1.00000000000000E-99
 90   63     4.05245938174806E-25   6.20026285407453E-23
 91   63     1.00000000000000E-99   1.00000000000000E-99
 92   63     4.21124217447593E-18   6.52742537043770E-16
 93   63     6.02637793494889E-18   9.40114957852026E-16
 94   63     1.31475716073606E-14   2.06416874235561E-12
 95   63     6.20087599371653E-14   9.79738407007212E-12
 96   63     3.32808381961419E-11   5.29165327318657E-09
 97   63     1.88982718627351E-10   3.02372349803762E-08
 98   63     5.49912963529974E-09   8.85359871283258E-07
 99   63     2.58580963693092E-08   4.18901161182808E-06
100   63     1.57930506848395E-07   2.57426726162883E-05
101   63     2.79467815215784E-07   4.58327216953885E-05
102   63     2.04894326974122E-06   3.38075639507302E-04
103   63     1.16691706840722E-06   1.93708233355598E-04
104   63     8.72834569649002E-06   1.45763373131383E-03
105   63     3.85290503766202E-06   6.47288046327219E-04
106   63     7.23942620206525E-06   1.22346302814903E-03
107   63     1.85874130570114E-06   3.15986021969194E-04
108   63     2.78115775324066E-06   4.75577975804153E-04
109   63     5.09010987626205E-07   8.75498898717072E-05
110   63     6.07718069135222E-07   1.05135225960393E-04
111   63     5.84641302649142E-08   1.01727586660951E-05
112   63     3.85496200956568E-07   6.74618351673994E-05
113   63     4.50671008227105E-08   7.93180974479705E-06
114   63     2.71882178636116E-08   4.81231456185926E-06
115   63     1.50356325999061E-09   2.67634260278329E-07
116   63     3.07097294461279E-10   5.49704157085689E-08
117   63     2.03825027013936E-12   3.66885048625085E-10
118   63     7.67967062189694E-14   1.39002038256335E-11
119   63     9.33299922155097E-17   1.69860585832228E-14
120   63     4.20189215483044E-17   7.68946264333971E-15
121   63     9.12188266617371E-19   1.67842641057596E-16
122   63     2.05539435192586E-19   3.80247955106285E-17
123   63     9.98865320717407E-22   1.85788949653438E-19
124   63     1.12779172799868E-23   2.10897053135753E-21
125   63     1.00000000000000E-99   1.00000000000000E-99
126   63     1.00000000000000E-99   1.00000000000000E-99
127   63     1.00000000000000E-99   1.00000000000000E-99
128   63     1.00000000000000E-99   1.00000000000000E-99
129   63     1.00000000000000E-99   1.00000000000000E-99
130   63     1.00000000000000E-99   1.00000000000000E-99
131   63     1.00000000000000E-99   1.00000000000000E-99
132   63     1.00000000000000E-99   1.00000000000000E-99
133   63     1.00000000000000E-99   1.00000000000000E-99
134   63     1.00000000000000E-99   1.00000000000000E-99
135   63     1.00000000000000E-99   1.00000000000000E-99
136   63     1.00000000000000E-99   1.00000000000000E-99
137   63     1.00000000000000E-99   1.00000000000000E-99
138   63     1.00000000000000E-99   1.00000000000000E-99
139   63     1.00000000000000E-99   1.00000000000000E-99
140   63     1.00000000000000E-99   1.00000000000000E-99
141   63     1.00000000000000E-99   1.00000000000000E-99
142   63     1.00000000000000E-99   1.00000000000000E-99
143   63     1.00000000000000E-99   1.00000000000000E-99
144   63     1.00000000000000E-99   1.00000000000000E-99
145   63     1.00000000000000E-99   1.00000000000000E-99
146   63     1.00000000000000E-99   1.00000000000000E-99
147   63     1.00000000000000E-99   1.00000000000000E-99
148   63     1.00000000000000E-99   1.00000000000000E-99
 81   64     1.00000000000000E-99   1.00000000000000E-99
 82   64     1.00000000000000E-99   1.00000000000000E-99
 83   64     1.00000000000000E-99   1.00000000000000E-99
 84   64     1.00000000000000E-99   1.00000000000000E-99
 85   64     1.00000000000000E-99   1.00000000000000E-99
 86   64     1.00000000000000E-99   1.00000000000000E-99
 87   64     1.00000000000000E-99   1.00000000000000E-99
 88   64     1.00000000000000E-99   1.00000000000000E-99
 89   64     1.00000000000000E-99   1.00000000000000E-99
 90   64     1.00000000000000E-99   1.00000000000000E-99
 91   64     1.00000000000000E-99   1.00000000000000E-99
 92   64     1.00000000000000E-99   1.00000000000000E-99
 93   64     2.79289064288053E-21   4.38483830932243E-19
 94   64     5.64523000688049E-19   8.91946341087117E-17
 95   64     5.88938694302406E-16   9.36412523940825E-14
 96   64     1.79081347167929E-13   2.86530155468687E-11
 97   64     6.48747200140202E-12   1.04448299222572E-09
 98   64     1.29512075637878E-10   2.09809562533363E-08
 99   64     6.89615079742578E-10   1.12407257998040E-07
100   64     5.50772793586137E-09   9.03267381481265E-07
101   64     4.92833322308868E-08   8.13174981809633E-06
102   64     2.11091992309769E-07   3.50412707234216E-05
103   64     6.18831947257455E-07   1.03344935191995E-04
104   64     5.15208508576820E-06   8.65550294409057E-04
105   64     1.36772072067063E-06   2.31144801793336E-04
106   64     8.36587050749574E-06   1.42219798627428E-03
107   64     5.59367217329548E-06   9.56517941633527E-04
108   64     1.05508518782132E-05   1.81474652305268E-03
109   64     1.64186166684113E-06   2.84042068363516E-04
110   64     5.92686271737316E-06   1.03127411282293E-03
111   64     7.21197195644825E-07   1.26209509237844E-04
112   64     3.10807652472597E-06   5.47021468351771E-04
113   64     5.71271961677464E-07   1.01115137216911E-04
114   64     1.08375666381613E-06   1.92908686159271E-04
115   64     4.82947594203770E-08   8.64476193624748E-06
116   64     4.68062850489161E-08   8.42513130880489E-06
117   64     5.58441998099690E-11   1.01078001656044E-08
118   64     6.69674910214023E-12   1.21880833658952E-09
119   64     4.06544325732583E-15   7.43976116090626E-13
120   64     1.28828913878147E-13   2.37045201535790E-11
121   64     4.59484200513136E-16   8.50045770949302E-14
122   64     5.51943961208605E-16   1.02661576784801E-13
123   64     1.90962482860721E-18   3.57099842949549E-16
124   64     1.33115738486800E-18   2.50257588355184E-16
125   64     9.59764938841012E-21   1.81395573440951E-18
126   64     4.10195967664214E-24   7.79372338562007E-22
127   64     1.00000000000000E-99   1.00000000000000E-99
128   64     1.00000000000000E-99   1.00000000000000E-99
129   64     1.00000000000000E-99   1.00000000000000E-99
130   64     1.00000000000000E-99   1.00000000000000E-99
131   64     1.00000000000000E-99   1.00000000000000E-99
132   64     1.00000000000000E-99   1.00000000000000E-99
133   64     1.00000000000000E-99   1.00000000000000E-99
134   64     1.00000000000000E-99   1.00000000000000E-99
135   64     1.00000000000000E-99   1.00000000000000E-99
136   64     1.00000000000000E-99   1.00000000000000E-99
137   64     1.00000000000000E-99   1.00000000000000E-99
138   64     1.00000000000000E-99   1.00000000000000E-99
139   64     1.00000000000000E-99   1.00000000000000E-99
140   64     1.00000000000000E-99   1.00000000000000E-99
141   64     1.00000000000000E-99   1.00000000000000E-99
142   64     1.00000000000000E-99   1.00000000000000E-99
143   64     1.00000000000000E-99   1.00000000000000E-99
144   64     1.00000000000000E-99   1.00000000000000E-99
145   64     1.00000000000000E-99   1.00000000000000E-99
146   64     1.00000000000000E-99   1.00000000000000E-99
147   64     1.00000000000000E-99   1.00000000000000E-99
148   64     1.00000000000000E-99   1.00000000000000E-99
149   64     1.00000000000000E-99   1.00000000000000E-99
150   64     1.00000000000000E-99   1.00000000000000E-99
 82   65     1.00000000000000E-99   1.00000000000000E-99
 83   65     1.00000000000000E-99   1.00000000000000E-99
 84   65     1.00000000000000E-99   1.00000000000000E-99
 85   65     1.00000000000000E-99   1.00000000000000E-99
 86   65     1.00000000000000E-99   1.00000000000000E-99
 87   65     1.00000000000000E-99   1.00000000000000E-99
 88   65     1.00000000000000E-99   1.00000000000000E-99
 89   65     1.00000000000000E-99   1.00000000000000E-99
 90   65     1.00000000000000E-99   1.00000000000000E-99
 91   65     1.00000000000000E-99   1.00000000000000E-99
 92   65     1.00000000000000E-99   1.00000000000000E-99
 93   65     1.00000000000000E-99   1.00000000000000E-99
 94   65     8.66749684025654E-23   1.37813199760079E-20
 95   65     3.87916451767950E-23   6.20666322828721E-21
 96   65     4.67969315567219E-16   7.53430598063222E-14
 97   65     3.96884340133900E-15   6.42952631016917E-13
 98   65     2.61519446261692E-13   4.26276697406558E-11
 99   65     1.27977517736930E-12   2.09883129088565E-10
100   65     1.19391598684283E-10   1.96996137829067E-08
101   65     7.40935877482034E-10   1.22995355662018E-07
102   65     8.59875968385109E-09   1.43599286720313E-06
103   65     3.54666793587790E-08   5.95840213227487E-06
104   65     3.12905900029608E-07   5.28810971050038E-05
105   65     3.16517700040705E-07   5.38080090069198E-05
106   65     1.45993840389291E-06   2.49649467065688E-04
107   65     1.65957389320716E-06   2.85446709631632E-04
108   65     3.64118489739165E-06   6.29924987248755E-04
109   65     2.41589072536996E-06   4.20364986214373E-04
110   65     5.71442139437151E-06   1.00002374401502E-03
111   65     1.28909115474037E-06   2.26880043234305E-04
112   65     3.56797363191214E-06   6.31531332848448E-04
113   65     1.36221896580893E-06   2.42474975913989E-04
114   65     1.53274067725868E-06   2.74360581229304E-04
115   65     1.78737283600131E-07   3.21727110480236E-05
116   65     2.02848400648696E-07   3.67155605174139E-05
117   65     4.94237489735637E-09   8.99512231318860E-07
118   65     6.98432827526119E-10   1.27813207437280E-07
119   65     1.99029039250455E-11   3.66213432220838E-09
120   65     7.82349965321577E-11   1.44734743584492E-08
121   65     2.15796637454836E-12   4.01381745665994E-10
122   65     2.53548635950259E-13   4.74135949226984E-11
123   65     3.92302791526338E-15   7.37529248069515E-13
124   65     1.57806540492517E-14   2.98254361530857E-12
125   65     3.05831390518431E-16   5.81079641985018E-14
126   65     8.71691628908125E-19   1.66493101121452E-16
127   65     1.00000000000000E-99   1.00000000000000E-99
128   65     1.00000000000000E-99   1.00000000000000E-99
129   65     1.00000000000000E-99   1.00000000000000E-99
130   65     1.00000000000000E-99   1.00000000000000E-99
131   65     1.00000000000000E-99   1.00000000000000E-99
132   65     1.00000000000000E-99   1.00000000000000E-99
133   65     1.00000000000000E-99   1.00000000000000E-99
134   65     1.00000000000000E-99   1.00000000000000E-99
135   65     1.00000000000000E-99   1.00000000000000E-99
136   65     1.00000000000000E-99   1.00000000000000E-99
137   65     1.00000000000000E-99   1.00000000000000E-99
138   65     1.00000000000000E-99   1.00000000000000E-99
139   65     1.00000000000000E-99   1.00000000000000E-99
140   65     1.00000000000000E-99   1.00000000000000E-99
141   65     1.00000000000000E-99   1.00000000000000E-99
142   65     1.00000000000000E-99   1.00000000000000E-99
143   65     1.00000000000000E-99   1.00000000000000E-99
144   65     1.00000000000000E-99   1.00000000000000E-99
145   65     1.00000000000000E-99   1.00000000000000E-99
146   65     1.00000000000000E-99   1.00000000000000E-99
147   65     1.00000000000000E-99   1.00000000000000E-99
148   65     1.00000000000000E-99   1.00000000000000E-99
149   65     1.00000000000000E-99   1.00000000000000E-99
150   65     1.00000000000000E-99   1.00000000000000E-99
151   65     1.00000000000000E-99   1.00000000000000E-99
152   65     1.00000000000000E-99   1.00000000000000E-99
153   65     1.00000000000000E-99   1.00000000000000E-99
 82   66     1.00000000000000E-99   1.00000000000000E-99
 83   66     1.00000000000000E-99   1.00000000000000E-99
 84   66     1.00000000000000E-99   1.00000000000000E-99
 85   66     1.00000000000000E-99   1.00000000000000E-99
 86   66     1.00000000000000E-99   1.00000000000000E-99
 87   66     1.00000000000000E-99   1.00000000000000E-99
 88   66     1.00000000000000E-99   1.00000000000000E-99
 89   66     1.00000000000000E-99   1.00000000000000E-99
 90   66     1.00000000000000E-99   1.00000000000000E-99
 91   66     1.00000000000000E-99   1.00000000000000E-99
 92   66     1.00000000000000E-99   1.00000000000000E-99
 93   66     1.00000000000000E-99   1.00000000000000E-99
 94   66     1.00000000000000E-99   1.00000000000000E-99
 95   66     6.78650773679981E-24   1.09262774562477E-21
 96   66     1.74913415617385E-19   2.83359733300164E-17
 97   66     3.01690325908052E-18   4.91755231230124E-16
 98   66     2.17553728138574E-16   3.56788114147262E-14
 99   66     2.27924907384583E-14   3.76076097184563E-12
100   66     1.30470530796268E-12   2.16581081121805E-10
101   66     1.08278728051386E-11   1.80825475845815E-09
102   66     2.73544508052316E-10   4.59554773527890E-08
103   66     1.55549735884784E-09   2.62879053645285E-07
104   66     4.49483194799835E-08   7.64121431159720E-06
105   66     4.30719509511639E-08   7.36530361264902E-06
106   66     2.09652721936415E-07   3.60602681730633E-05
107   66     4.46998097594094E-07   7.73306708837783E-05
108   66     2.57949523976263E-06   4.48832171718698E-04
109   66     7.71577153843242E-07   1.35026001922567E-04
110   66     6.46523235028786E-06   1.13788089365066E-03
111   66     2.78295444594532E-06   4.92582936932321E-04
112   66     9.33590991320521E-06   1.66179196455053E-03
113   66     2.93850798117652E-06   5.25992928630597E-04
114   66     6.73147555054404E-06   1.21166559909793E-03
115   66     1.44877803437434E-06   2.62228824221756E-04
116   66     2.33315712488017E-06   4.24634596728190E-04
117   66     1.48410989141777E-08   2.71592110129451E-06
118   66     1.86806764847780E-08   3.43724447319915E-06
119   66     2.23240419311323E-10   4.12994775725948E-08
120   66     9.99604666622788E-09   1.85926467991839E-06
121   66     1.48857123264098E-10   2.78362820503863E-08
122   66     1.12755628571655E-09   2.11980581714712E-07
123   66     4.53362174870884E-12   8.56854510505971E-10
124   66     5.70887892713057E-11   1.08468699615481E-08
125   66     2.94700888744777E-12   5.62878697502525E-10
126   66     4.40019380669949E-14   8.44837210886303E-12
127   66     2.11994060049399E-25   4.09148535895339E-23
128   66     2.10477364004428E-16   4.08326086168590E-14
129   66     1.00000000000000E-99   1.00000000000000E-99
130   66     2.30556467117756E-25   4.51890675550801E-23
131   66     1.00000000000000E-99   1.00000000000000E-99
132   66     1.00000000000000E-99   1.00000000000000E-99
133   66     1.00000000000000E-99   1.00000000000000E-99
134   66     1.00000000000000E-99   1.00000000000000E-99
135   66     1.00000000000000E-99   1.00000000000000E-99
136   66     1.00000000000000E-99   1.00000000000000E-99
137   66     1.00000000000000E-99   1.00000000000000E-99
138   66     1.00000000000000E-99   1.00000000000000E-99
139   66     1.00000000000000E-99   1.00000000000000E-99
140   66     1.00000000000000E-99   1.00000000000000E-99
141   66     1.00000000000000E-99   1.00000000000000E-99
142   66     1.00000000000000E-99   1.00000000000000E-99
143   66     1.00000000000000E-99   1.00000000000000E-99
144   66     1.00000000000000E-99   1.00000000000000E-99
145   66     1.00000000000000E-99   1.00000000000000E-99
146   66     1.00000000000000E-99   1.00000000000000E-99
147   66     1.00000000000000E-99   1.00000000000000E-99
148   66     1.00000000000000E-99   1.00000000000000E-99
149   66     1.00000000000000E-99   1.00000000000000E-99
150   66     1.00000000000000E-99   1.00000000000000E-99
151   66     1.00000000000000E-99   1.00000000000000E-99
152   66     1.00000000000000E-99   1.00000000000000E-99
153   66     1.00000000000000E-99   1.00000000000000E-99
154   66     1.00000000000000E-99   1.00000000000000E-99
155   66     1.00000000000000E-99   1.00000000000000E-99
 84   67     1.00000000000000E-99   1.00000000000000E-99
 85   67     1.00000000000000E-99   1.00000000000000E-99
 86   67     1.00000000000000E-99   1.00000000000000E-99
 87   67     1.00000000000000E-99   1.00000000000000E-99
 88   67     1.00000000000000E-99   1.00000000000000E-99
 89   67     1.00000000000000E-99   1.00000000000000E-99
 90   67     1.00000000000000E-99   1.00000000000000E-99
 91   67     1.00000000000000E-99   1.00000000000000E-99
 92   67     1.00000000000000E-99   1.00000000000000E-99
 93   67     1.00000000000000E-99   1.00000000000000E-99
 94   67     1.00000000000000E-99   1.00000000000000E-99
 95   67     1.00000000000000E-99   1.00000000000000E-99
 96   67     1.00000000000000E-99   1.00000000000000E-99
 97   67     1.00000000000000E-99   1.00000000000000E-99
 98   67     3.25262203843588E-20   5.36682636341920E-18
 99   67     2.96280383097283E-20   4.91825435941490E-18
100   67     5.43936399853680E-16   9.08373787755646E-14
101   67     7.46472878138725E-15   1.25407443527306E-12
102   67     1.08553935792923E-12   1.83456151490040E-10
103   67     1.26538052830010E-11   2.15114689811017E-09
104   67     1.08920430825525E-09   1.86253936711648E-07
105   67     8.51346251624906E-10   1.46431555279484E-07
106   67     7.99309114917067E-09   1.38280476880653E-06
107   67     4.60563432392174E-08   8.01380372362382E-06
108   67     1.18039398940568E-07   2.06568948145994E-05
109   67     2.82816251894352E-07   4.97756603334060E-05
110   67     8.36307994998982E-07   1.48026515114820E-04
111   67     9.14415301373807E-07   1.62765923644538E-04
112   67     1.88280431199420E-06   3.37021971846962E-04
113   67     1.03498102501444E-06   1.86296584502600E-04
114   67     2.73159911038711E-06   4.94419438980067E-04
115   67     1.26073573673436E-06   2.29453904085654E-04
116   67     1.50620976028884E-06   2.75636386132858E-04
117   67     1.04071717064953E-07   1.91491959399513E-05
118   67     1.11545573382223E-07   2.06359310757112E-05
119   67     1.72545866969313E-08   3.20935312562922E-06
120   67     9.90241339125933E-08   1.85175130416549E-05
121   67     1.67461146193041E-08   3.14826954842918E-06
122   67     6.43542379196660E-08   1.21629509668169E-05
123   67     1.87627156022587E-08   3.56491596442915E-06
124   67     4.88706023955692E-09   9.33428505755372E-07
125   67     1.71992470262786E-10   3.30225542904550E-08
126   67     2.77223769739249E-12   5.35041875596750E-10
127   67     6.31908788537289E-19   1.22590304976234E-16
128   67     2.10392326162289E-13   4.10265036016463E-11
129   67     1.74050119206650E-25   3.41138233645035E-23
130   67     1.21034023750938E-19   2.38437026789349E-17
131   67     1.00000000000000E-99   1.00000000000000E-99
132   67     1.00000000000000E-99   1.00000000000000E-99
133   67     1.00000000000000E-99   1.00000000000000E-99
134   67     1.00000000000000E-99   1.00000000000000E-99
135   67     1.00000000000000E-99   1.00000000000000E-99
136   67     1.00000000000000E-99   1.00000000000000E-99
137   67     1.00000000000000E-99   1.00000000000000E-99
138   67     1.00000000000000E-99   1.00000000000000E-99
139   67     1.00000000000000E-99   1.00000000000000E-99
140   67     1.00000000000000E-99   1.00000000000000E-99
141   67     1.00000000000000E-99   1.00000000000000E-99
142   67     1.00000000000000E-99   1.00000000000000E-99
143   67     1.00000000000000E-99   1.00000000000000E-99
144   67     1.00000000000000E-99   1.00000000000000E-99
145   67     1.00000000000000E-99   1.00000000000000E-99
146   67     1.00000000000000E-99   1.00000000000000E-99
147   67     1.00000000000000E-99   1.00000000000000E-99
148   67     1.00000000000000E-99   1.00000000000000E-99
149   67     1.00000000000000E-99   1.00000000000000E-99
150   67     1.00000000000000E-99   1.00000000000000E-99
151   67     1.00000000000000E-99   1.00000000000000E-99
152   67     1.00000000000000E-99   1.00000000000000E-99
153   67     1.00000000000000E-99   1.00000000000000E-99
154   67     1.00000000000000E-99   1.00000000000000E-99
155   67     1.00000000000000E-99   1.00000000000000E-99
156   67     1.00000000000000E-99   1.00000000000000E-99
157   67     1.00000000000000E-99   1.00000000000000E-99
 85   68     1.00000000000000E-99   1.00000000000000E-99
 86   68     1.00000000000000E-99   1.00000000000000E-99
 87   68     1.00000000000000E-99   1.00000000000000E-99
 88   68     1.00000000000000E-99   1.00000000000000E-99
 89   68     1.00000000000000E-99   1.00000000000000E-99
 90   68     1.00000000000000E-99   1.00000000000000E-99
 91   68     1.00000000000000E-99   1.00000000000000E-99
 92   68     1.00000000000000E-99   1.00000000000000E-99
 93   68     1.00000000000000E-99   1.00000000000000E-99
 94   68     1.00000000000000E-99   1.00000000000000E-99
 95   68     1.00000000000000E-99   1.00000000000000E-99
 96   68     1.00000000000000E-99   1.00000000000000E-99
 97   68     1.00000000000000E-99   1.00000000000000E-99
 98   68     1.00000000000000E-99   1.00000000000000E-99
 99   68     5.45995008460199E-22   9.11811664128532E-20
100   68     9.94053838563482E-19   1.67001044878665E-16
101   68     7.35223168089610E-17   1.24252715407144E-14
102   68     2.64721767336678E-15   4.50027004472353E-13
103   68     6.16612446229894E-13   1.05440728305312E-10
104   68     2.03802468075009E-12   3.50540245089016E-10
105   68     1.23906318337278E-10   2.14357930723491E-08
106   68     2.37006556098599E-09   4.12391407611562E-07
107   68     7.47598777865177E-09   1.30829786126406E-06
108   68     4.94014258347768E-08   8.69465094692072E-06
109   68     1.12160170810660E-07   1.98523502334869E-05
110   68     5.28277702724330E-07   9.40334310849307E-05
111   68     5.38114378158635E-07   9.63224736903956E-05
112   68     1.60780559817678E-06   2.89405007671820E-04
113   68     1.39064706996664E-06   2.51707119663961E-04
114   68     3.75147423302494E-06   6.82768310410539E-04
115   68     1.88099390315387E-06   3.44221884277159E-04
116   68     4.21583940140142E-06   7.75714449857862E-04
117   68     5.03809288975739E-07   9.32047184605117E-05
118   68     9.94594104242349E-07   1.84994503389077E-04
119   68     6.44988205524032E-08   1.20612794432994E-05
120   68     1.22617629241056E-06   2.30521142973186E-04
121   68     1.94808412021796E-07   3.68187898721195E-05
122   68     3.16590136581933E-06   6.01521259505673E-04
123   68     4.88143144319994E-07   9.32353405651188E-05
124   68     9.86240993514061E-07   1.89358270754700E-04
125   68     6.84001961008477E-07   1.32012378474636E-04
126   68     9.06353872126560E-08   1.75832651192553E-05
127   68     9.14420751370002E-14   1.78312046517150E-11
128   68     1.58654992905262E-07   3.10963786094314E-05
129   68     1.15105841318824E-19   2.26758507398084E-17
130   68     1.32054322778873E-14   2.61467559102169E-12
131   68     3.45534153627448E-22   6.87612965718621E-20
132   68     2.73230382127155E-21   5.46460764254311E-19
133   68     1.00000000000000E-99   1.00000000000000E-99
134   68     1.00000000000000E-99   1.00000000000000E-99
135   68     1.00000000000000E-99   1.00000000000000E-99
136   68     1.00000000000000E-99   1.00000000000000E-99
137   68     1.00000000000000E-99   1.00000000000000E-99
138   68     1.00000000000000E-99   1.00000000000000E-99
139   68     1.00000000000000E-99   1.00000000000000E-99
140   68     1.00000000000000E-99   1.00000000000000E-99
141   68     1.00000000000000E-99   1.00000000000000E-99
142   68     1.00000000000000E-99   1.00000000000000E-99
143   68     1.00000000000000E-99   1.00000000000000E-99
144   68     1.00000000000000E-99   1.00000000000000E-99
145   68     1.00000000000000E-99   1.00000000000000E-99
146   68     1.00000000000000E-99   1.00000000000000E-99
147   68     1.00000000000000E-99   1.00000000000000E-99
148   68     1.00000000000000E-99   1.00000000000000E-99
149   68     1.00000000000000E-99   1.00000000000000E-99
150   68     1.00000000000000E-99   1.00000000000000E-99
151   68     1.00000000000000E-99   1.00000000000000E-99
152   68     1.00000000000000E-99   1.00000000000000E-99
153   68     1.00000000000000E-99   1.00000000000000E-99
154   68     1.00000000000000E-99   1.00000000000000E-99
155   68     1.00000000000000E-99   1.00000000000000E-99
156   68     1.00000000000000E-99   1.00000000000000E-99
157   68     1.00000000000000E-99   1.00000000000000E-99
158   68     1.00000000000000E-99   1.00000000000000E-99
159   68     1.00000000000000E-99   1.00000000000000E-99
 86   69     1.00000000000000E-99   1.00000000000000E-99
 87   69     1.00000000000000E-99   1.00000000000000E-99
 88   69     1.00000000000000E-99   1.00000000000000E-99
 89   69     1.00000000000000E-99   1.00000000000000E-99
 90   69     1.00000000000000E-99   1.00000000000000E-99
 91   69     1.00000000000000E-99   1.00000000000000E-99
 92   69     1.00000000000000E-99   1.00000000000000E-99
 93   69     1.00000000000000E-99   1.00000000000000E-99
 94   69     1.00000000000000E-99   1.00000000000000E-99
 95   69     1.00000000000000E-99   1.00000000000000E-99
 96   69     1.00000000000000E-99   1.00000000000000E-99
 97   69     1.00000000000000E-99   1.00000000000000E-99
 98   69     1.00000000000000E-99   1.00000000000000E-99
 99   69     1.00000000000000E-99   1.00000000000000E-99
100   69     6.57128739268697E-25   1.11054756936410E-22
101   69     4.42585237192257E-25   7.52394903226837E-23
102   69     4.16288892304351E-19   7.11854005840441E-17
103   69     2.91039078305655E-19   5.00587214685727E-17
104   69     3.75700879388344E-14   6.49962521341834E-12
105   69     1.79924308710566E-13   3.13068297156385E-11
106   69     4.61397870643156E-12   8.07446273625524E-10
107   69     4.62779690642927E-11   8.14492255531552E-09
108   69     5.16058612058742E-10   9.13423743343973E-08
109   69     1.14926183993769E-09   2.04568607508909E-07
110   69     1.00522509743913E-08   1.79935292441604E-06
111   69     1.58424763610674E-08   2.85164574499214E-06
112   69     4.92950181615511E-08   8.92239828724075E-06
113   69     8.78717664734157E-08   1.59926614981617E-05
114   69     2.67619608467084E-07   4.89743883494764E-05
115   69     4.42631744078518E-07   8.14442409104473E-05
116   69     1.18415850806816E-06   2.19069323992610E-04
117   69     8.98186117582647E-07   1.67062617870372E-04
118   69     9.47106449024011E-07   1.77108905967490E-04
119   69     4.99120262708468E-07   9.38346093891920E-05
120   69     2.55599248558951E-06   4.83082579776417E-04
121   69     1.76043106271632E-06   3.34481901916101E-04
122   69     4.24128859146078E-06   8.10086120969009E-04
123   69     1.80253070882924E-06   3.46085896095213E-04
124   69     3.67177218677825E-06   7.08652032048203E-04
125   69     1.66960495823944E-06   3.23903361898451E-04
126   69     5.95092262498847E-07   1.16042991187275E-04
127   69     2.56201929376217E-11   5.02155781577385E-09
128   69     3.71241995929124E-09   7.31346731980374E-07
129   69     4.59599393077893E-17   9.10006798294228E-15
130   69     2.45298628840398E-17   4.88144271392393E-15
131   69     1.93202179707304E-19   3.86404359414609E-17
132   69     2.65551226816769E-17   5.33757965901705E-15
133   69     1.11384626430351E-20   2.24996945389310E-18
134   69     6.15113398692674E-23   1.24868019934613E-20
135   69     1.00000000000000E-99   1.00000000000000E-99
136   69     1.00000000000000E-99   1.00000000000000E-99
137   69     1.00000000000000E-99   1.00000000000000E-99
138   69     1.00000000000000E-99   1.00000000000000E-99
139   69     1.00000000000000E-99   1.00000000000000E-99
140   69     1.00000000000000E-99   1.00000000000000E-99
141   69     1.00000000000000E-99   1.00000000000000E-99
142   69     1.00000000000000E-99   1.00000000000000E-99
143   69     1.00000000000000E-99   1.00000000000000E-99
144   69     1.00000000000000E-99   1.00000000000000E-99
145   69     1.00000000000000E-99   1.00000000000000E-99
146   69     1.00000000000000E-99   1.00000000000000E-99
147   69     1.00000000000000E-99   1.00000000000000E-99
148   69     1.00000000000000E-99   1.00000000000000E-99
149   69     1.00000000000000E-99   1.00000000000000E-99
150   69     1.00000000000000E-99   1.00000000000000E-99
151   69     1.00000000000000E-99   1.00000000000000E-99
152   69     1.00000000000000E-99   1.00000000000000E-99
153   69     1.00000000000000E-99   1.00000000000000E-99
154   69     1.00000000000000E-99   1.00000000000000E-99
155   69     1.00000000000000E-99   1.00000000000000E-99
156   69     1.00000000000000E-99   1.00000000000000E-99
157   69     1.00000000000000E-99   1.00000000000000E-99
158   69     1.00000000000000E-99   1.00000000000000E-99
159   69     1.00000000000000E-99   1.00000000000000E-99
160   69     1.00000000000000E-99   1.00000000000000E-99
161   69     1.00000000000000E-99   1.00000000000000E-99
 88   70     1.00000000000000E-99   1.00000000000000E-99
 89   70     1.00000000000000E-99   1.00000000000000E-99
 90   70     1.00000000000000E-99   1.00000000000000E-99
 91   70     1.00000000000000E-99   1.00000000000000E-99
 92   70     1.00000000000000E-99   1.00000000000000E-99
 93   70     1.00000000000000E-99   1.00000000000000E-99
 94   70     1.00000000000000E-99   1.00000000000000E-99
 95   70     1.00000000000000E-99   1.00000000000000E-99
 96   70     1.00000000000000E-99   1.00000000000000E-99
 97   70     1.00000000000000E-99   1.00000000000000E-99
 98   70     1.00000000000000E-99   1.00000000000000E-99
 99   70     1.00000000000000E-99   1.00000000000000E-99
100   70     1.00000000000000E-99   1.00000000000000E-99
101   70     1.00000000000000E-99   1.00000000000000E-99
102   70     1.00000000000000E-99   1.00000000000000E-99
103   70     2.08917344260546E-20   3.61427005570745E-18
104   70     1.74780644815121E-17   3.04118321978311E-15
105   70     1.08979665089756E-16   1.90714413907073E-14
106   70     1.52007993308739E-14   2.67534068223380E-12
107   70     1.38819314823336E-13   2.45710187237305E-11
108   70     2.09943705908486E-12   3.73699796517105E-10
109   70     1.42830971837661E-11   2.55667439589413E-09
110   70     1.13794031051312E-10   2.04829255892362E-08
111   70     2.91857911471734E-10   5.28262819763838E-08
112   70     4.81172977644348E-09   8.75734819312714E-07
113   70     5.27017243559822E-09   9.64441555714475E-07
114   70     9.46560739100487E-08   1.74167175994490E-05
115   70     1.03211511315281E-07   1.90941295933270E-05
116   70     1.36284814069410E-06   2.53489754169102E-04
117   70     3.30054073775644E-07   6.17201117960455E-05
118   70     2.24408527862568E-06   4.21888032381628E-04
119   70     1.95039205067355E-06   3.68624097577301E-04
120   70     1.98803840598977E-05   3.77727297138057E-03
121   70     6.00937281387723E-06   1.14779020745055E-03
122   70     4.04939012735292E-05   7.77482904451761E-03
123   70     4.99584458027565E-05   9.64198003993201E-03
124   70     1.63868457987579E-04   3.17904808495903E-02
125   70     2.18817506002067E-04   4.26694136704030E-02
126   70     6.55950067066964E-05   1.28566213145125E-02
127   70     1.78831497881304E-08   3.52298050826169E-06
128   70     1.81627839318533E-06   3.59623121850695E-04
129   70     5.07103088096365E-15   1.00913514531177E-12
130   70     5.66047471195800E-12   1.13209494239160E-09
131   70     1.48138808293819E-15   2.97759004670577E-13
132   70     9.52599510101717E-15   1.92425101040547E-12
133   70     1.58219786835384E-17   3.21186167275830E-15
134   70     6.93438190937865E-19   1.41461390951324E-16
135   70     6.14682241521354E-22   1.26009859511878E-19
136   70     1.33685197011548E-20   2.75391505843788E-18
137   70     1.49232443863698E-24   3.08911158797854E-22
138   70     7.59594841600694E-24   1.57995727052944E-21
139   70     1.00000000000000E-99   1.00000000000000E-99
140   70     1.00000000000000E-99   1.00000000000000E-99
141   70     1.00000000000000E-99   1.00000000000000E-99
142   70     1.00000000000000E-99   1.00000000000000E-99
143   70     1.00000000000000E-99   1.00000000000000E-99
144   70     1.00000000000000E-99   1.00000000000000E-99
145   70     1.00000000000000E-99   1.00000000000000E-99
146   70     1.00000000000000E-99   1.00000000000000E-99
147   70     1.00000000000000E-99   1.00000000000000E-99
148   70     1.00000000000000E-99   1.00000000000000E-99
149   70     1.00000000000000E-99   1.00000000000000E-99
150   70     1.00000000000000E-99   1.00000000000000E-99
151   70     1.00000000000000E-99   1.00000000000000E-99
152   70     1.00000000000000E-99   1.00000000000000E-99
153   70     1.00000000000000E-99   1.00000000000000E-99
154   70     1.00000000000000E-99   1.00000000000000E-99
155   70     1.00000000000000E-99   1.00000000000000E-99
156   70     1.00000000000000E-99   1.00000000000000E-99
157   70     1.00000000000000E-99   1.00000000000000E-99
158   70     1.00000000000000E-99   1.00000000000000E-99
159   70     1.00000000000000E-99   1.00000000000000E-99
160   70     1.00000000000000E-99   1.00000000000000E-99
161   70     1.00000000000000E-99   1.00000000000000E-99
162   70     1.00000000000000E-99   1.00000000000000E-99
163   70     1.00000000000000E-99   1.00000000000000E-99
164   70     1.00000000000000E-99   1.00000000000000E-99
 90   71     1.00000000000000E-99   1.00000000000000E-99
 91   71     1.00000000000000E-99   1.00000000000000E-99
 92   71     1.00000000000000E-99   1.00000000000000E-99
 93   71     1.00000000000000E-99   1.00000000000000E-99
 94   71     1.00000000000000E-99   1.00000000000000E-99
 95   71     1.00000000000000E-99   1.00000000000000E-99
 96   71     1.00000000000000E-99   1.00000000000000E-99
 97   71     1.00000000000000E-99   1.00000000000000E-99
 98   71     1.00000000000000E-99   1.00000000000000E-99
 99   71     1.00000000000000E-99   1.00000000000000E-99
100   71     1.00000000000000E-99   1.00000000000000E-99
101   71     1.00000000000000E-99   1.00000000000000E-99
102   71     1.00000000000000E-99   1.00000000000000E-99
103   71     1.00000000000000E-99   1.00000000000000E-99
104   71     3.61173042081920E-24   6.32052823643360E-22
105   71     1.94539787216305E-24   3.42390025500697E-22
106   71     3.30842348177932E-19   5.85590956274939E-17
107   71     7.68666541488939E-18   1.36822644385031E-15
108   71     6.39203344198757E-16   1.14417398611577E-13
109   71     1.08769963837463E-14   1.95785934907434E-12
110   71     1.50828952031918E-13   2.73000403177771E-11
111   71     6.46345614393762E-13   1.17634901819665E-10
112   71     7.46138679873201E-12   1.36543378416796E-09
113   71     1.02964274310263E-10   1.89454264730883E-08
114   71     1.23102693460885E-09   2.27739982902637E-07
115   71     8.95143327672454E-09   1.66496658947077E-06
116   71     9.46211831756517E-08   1.76941612538469E-05
117   71     2.62116168182059E-07   4.92778396182272E-05
118   71     7.74900049269062E-07   1.46456109311853E-04
119   71     8.72121878710279E-07   1.65703156954953E-04
120   71     3.62017027789499E-06   6.91452523077943E-04
121   71     5.13797170591431E-06   9.86490567535547E-04
122   71     2.40149677806623E-05   4.63488878166783E-03
123   71     3.26174906744455E-05   6.32779319084244E-03
124   71     1.54790558689216E-04   3.01841589443972E-02
125   71     1.10007667469848E-04   2.15615028240901E-02
126   71     2.92751264153312E-05   5.76719990382024E-03
127   71     1.03131266207602E-07   2.04199907091051E-05
128   71     2.26845617981253E-07   4.51422779782694E-05
129   71     3.48798396882196E-11   6.97596793764392E-09
130   71     1.87689702057975E-12   3.77256301136529E-10
131   71     4.63997438128961E-15   9.37274825020501E-13
132   71     1.92786639481068E-14   3.91356878146567E-12
133   71     1.66351816329685E-16   3.39357705312557E-14
134   71     5.45094999418319E-17   1.11744474880755E-14
135   71     2.68627620161080E-19   5.53372897531825E-17
136   71     3.63160483274516E-17   7.51742200378249E-15
137   71     7.65185670906132E-20   1.59158619548475E-17
138   71     3.61866995091961E-20   7.56302019742198E-18
139   71     8.41564846859907E-23   1.76728617840580E-20
140   71     4.25343455111923E-24   8.97474690286158E-22
141   71     1.00000000000000E-99   1.00000000000000E-99
142   71     1.00000000000000E-99   1.00000000000000E-99
143   71     1.00000000000000E-99   1.00000000000000E-99
144   71     1.00000000000000E-99   1.00000000000000E-99
145   71     1.00000000000000E-99   1.00000000000000E-99
146   71     1.00000000000000E-99   1.00000000000000E-99
147   71     1.00000000000000E-99   1.00000000000000E-99
148   71     1.00000000000000E-99   1.00000000000000E-99
149   71     1.00000000000000E-99   1.00000000000000E-99
150   71     1.00000000000000E-99   1.00000000000000E-99
151   71     1.00000000000000E-99   1.00000000000000E-99
152   71     1.00000000000000E-99   1.00000000000000E-99
153   71     1.00000000000000E-99   1.00000000000000E-99
154   71     1.00000000000000E-99   1.00000000000000E-99
155   71     1.00000000000000E-99   1.00000000000000E-99
156   71     1.00000000000000E-99   1.00000000000000E-99
157   71     1.00000000000000E-99   1.00000000000000E-99
158   71     1.00000000000000E-99   1.00000000000000E-99
159   71     1.00000000000000E-99   1.00000000000000E-99
160   71     1.00000000000000E-99   1.00000000000000E-99
161   71     1.00000000000000E-99   1.00000000000000E-99
162   71     1.00000000000000E-99   1.00000000000000E-99
163   71     1.00000000000000E-99   1.00000000000000E-99
164   71     1.00000000000000E-99   1.00000000000000E-99
165   71     1.00000000000000E-99   1.00000000000000E-99
166   71     1.00000000000000E-99   1.00000000000000E-99
 92   72     1.00000000000000E-99   1.00000000000000E-99
 93   72     1.00000000000000E-99   1.00000000000000E-99
 94   72     1.00000000000000E-99   1.00000000000000E-99
 95   72     1.00000000000000E-99   1.00000000000000E-99
 96   72     1.00000000000000E-99   1.00000000000000E-99
 97   72     1.00000000000000E-99   1.00000000000000E-99
 98   72     1.00000000000000E-99   1.00000000000000E-99
 99   72     1.00000000000000E-99   1.00000000000000E-99
100   72     1.00000000000000E-99   1.00000000000000E-99
101   72     1.00000000000000E-99   1.00000000000000E-99
102   72     1.00000000000000E-99   1.00000000000000E-99
103   72     1.00000000000000E-99   1.00000000000000E-99
104   72     1.00000000000000E-99   1.00000000000000E-99
105   72     1.00000000000000E-99   1.00000000000000E-99
106   72     1.04317122983666E-22   1.85684478910925E-20
107   72     5.82659939274785E-22   1.04296129130186E-19
108   72     9.91592242293260E-19   1.78486603612787E-16
109   72     2.25273510448959E-17   4.07745053912615E-15
110   72     2.02937478384554E-16   3.69346210659888E-14
111   72     5.29156975042560E-15   9.68357264327884E-13
112   72     2.81490311979905E-13   5.17942174043025E-11
113   72     7.23900096526234E-12   1.33921517857353E-09
114   72     2.84549298728080E-10   5.29261695634228E-08
115   72     3.58450586732292E-09   6.70302597189385E-07
116   72     7.40051692967154E-08   1.39129718277825E-05
117   72     6.90190421244836E-08   1.30445989615274E-05
118   72     4.82714574263420E-07   9.17157691100497E-05
119   72     5.20811686648963E-07   9.94750321499519E-05
120   72     4.07871269338868E-06   7.83112837130626E-04
121   72     8.53800564899982E-06   1.64783509025696E-03
122   72     5.08463557258703E-05   9.86419301081884E-03
123   72     1.52822155109260E-04   2.98003202463057E-02
124   72     2.62966077777403E-04   5.15413512443711E-02
125   72     3.90826994154955E-04   7.69929178485261E-02
126   72     8.50251155356782E-05   1.68349728760643E-02
127   72     3.46678265505461E-07   6.89889748355867E-05
128   72     6.81749180061170E-08   1.36349836012234E-05
129   72     1.66469803816918E-09   3.34604305672006E-07
130   72     3.43026609868861E-09   6.92913751935099E-07
131   72     6.19765784772250E-13   1.25812454308767E-10
132   72     8.64880013032581E-11   1.76435522658646E-08
133   72     9.05796178388584E-14   1.85688216569660E-11
134   72     5.64841218177142E-12   1.16357290944491E-09
135   72     7.69111459928026E-15   1.59206072205101E-12
136   72     4.75108638850270E-14   9.88225968808561E-12
137   72     8.86166033506739E-17   1.85208701002909E-14
138   72     8.04109785486659E-16   1.68863054952198E-13
139   72     7.83841224640176E-19   1.65390498399077E-16
140   72     1.80512582252342E-19   3.82686674374965E-17
141   72     2.74207395947365E-22   5.84061753367888E-20
142   72     1.08403506596614E-24   2.31983504116753E-22
143   72     1.00000000000000E-99   1.00000000000000E-99
144   72     1.00000000000000E-99   1.00000000000000E-99
145   72     1.00000000000000E-99   1.00000000000000E-99
146   72     1.00000000000000E-99   1.00000000000000E-99
147   72     1.00000000000000E-99   1.00000000000000E-99
148   72     1.00000000000000E-99   1.00000000000000E-99
149   72     1.00000000000000E-99   1.00000000000000E-99
150   72     1.00000000000000E-99   1.00000000000000E-99
151   72     1.00000000000000E-99   1.00000000000000E-99
152   72     1.00000000000000E-99   1.00000000000000E-99
153   72     1.00000000000000E-99   1.00000000000000E-99
154   72     1.00000000000000E-99   1.00000000000000E-99
155   72     1.00000000000000E-99   1.00000000000000E-99
156   72     1.00000000000000E-99   1.00000000000000E-99
157   72     1.00000000000000E-99   1.00000000000000E-99
158   72     1.00000000000000E-99   1.00000000000000E-99
159   72     1.00000000000000E-99   1.00000000000000E-99
160   72     1.00000000000000E-99   1.00000000000000E-99
161   72     1.00000000000000E-99   1.00000000000000E-99
162   72     1.00000000000000E-99   1.00000000000000E-99
163   72     1.00000000000000E-99   1.00000000000000E-99
164   72     1.00000000000000E-99   1.00000000000000E-99
165   72     1.00000000000000E-99   1.00000000000000E-99
166   72     1.00000000000000E-99   1.00000000000000E-99
167   72     1.00000000000000E-99   1.00000000000000E-99
168   72     1.00000000000000E-99   1.00000000000000E-99
 96   73     1.00000000000000E-99   1.00000000000000E-99
 97   73     1.00000000000000E-99   1.00000000000000E-99
 98   73     1.00000000000000E-99   1.00000000000000E-99
 99   73     1.00000000000000E-99   1.00000000000000E-99
100   73     1.00000000000000E-99   1.00000000000000E-99
101   73     1.00000000000000E-99   1.00000000000000E-99
102   73     1.00000000000000E-99   1.00000000000000E-99
103   73     1.00000000000000E-99   1.00000000000000E-99
104   73     1.00000000000000E-99   1.00000000000000E-99
105   73     1.00000000000000E-99   1.00000000000000E-99
106   73     1.00000000000000E-99   1.00000000000000E-99
107   73     1.00000000000000E-99   1.00000000000000E-99
108   73     1.00000000000000E-99   1.00000000000000E-99
109   73     1.00000000000000E-99   1.00000000000000E-99
110   73     2.89320915826018E-20   5.29457275961612E-18
111   73     2.62788289239483E-19   4.83530452200648E-17
112   73     8.34751869875934E-16   1.54429095927048E-13
113   73     1.98057809045621E-14   3.68387524824855E-12
114   73     2.50840475399240E-12   4.69071688996578E-10
115   73     1.58580595521641E-11   2.98131519580684E-09
116   73     2.40453322507096E-09   4.54456779538412E-07
117   73     3.59650397661090E-09   6.83335755556070E-07
118   73     2.60434221488543E-08   4.97429363043116E-06
119   73     1.71081800027558E-08   3.28477056052910E-06
120   73     2.45690585440431E-07   4.74182829900031E-05
121   73     4.34261897879597E-07   8.42468081886419E-05
122   73     7.08829611261912E-06   1.38221774196073E-03
123   73     7.85731930033239E-06   1.54003458286515E-03
124   73     2.82535993032669E-05   5.56595906274358E-03
125   73     1.81651420109876E-05   3.59669811817555E-03
126   73     2.02904590431574E-05   4.03780134958831E-03
127   73     1.88412081158749E-07   3.76824162317498E-05
128   73     8.02713491566247E-08   1.61345411804816E-05
129   73     5.47057709880162E-10   1.10505657395793E-07
130   73     1.93269087912938E-09   3.92336248463264E-07
131   73     5.31083453357067E-12   1.08341024484842E-09
132   73     2.94598977260671E-10   6.03927903384375E-08
133   73     1.85861617810730E-12   3.82874932690105E-10
134   73     3.15063172510204E-10   6.52180767096122E-08
135   73     3.56634138459363E-12   7.41799007995474E-10
136   73     2.41096472252861E-12   5.03891627008479E-10
137   73     9.66009488304828E-14   2.02861992544014E-11
138   73     1.94698764239953E-13   4.10814392546301E-11
139   73     6.33842127362860E-15   1.34374531000926E-12
140   73     2.35453529184300E-15   5.01516017162559E-13
141   73     4.18291488463237E-17   8.95143785311327E-15
142   73     2.65733796310195E-18   5.71327662066920E-16
143   73     6.29898867097075E-21   1.36058155292968E-18
144   73     1.13448437955347E-22   2.46183110363104E-20
145   73     1.00000000000000E-99   1.00000000000000E-99
146   73     1.00000000000000E-99   1.00000000000000E-99
147   73     1.00000000000000E-99   1.00000000000000E-99
148   73     1.00000000000000E-99   1.00000000000000E-99
149   73     1.00000000000000E-99   1.00000000000000E-99
150   73     1.00000000000000E-99   1.00000000000000E-99
151   73     1.00000000000000E-99   1.00000000000000E-99
152   73     1.00000000000000E-99   1.00000000000000E-99
153   73     1.00000000000000E-99   1.00000000000000E-99
154   73     1.00000000000000E-99   1.00000000000000E-99
155   73     1.00000000000000E-99   1.00000000000000E-99
156   73     1.00000000000000E-99   1.00000000000000E-99
157   73     1.00000000000000E-99   1.00000000000000E-99
158   73     1.00000000000000E-99   1.00000000000000E-99
159   73     1.00000000000000E-99   1.00000000000000E-99
160   73     1.00000000000000E-99   1.00000000000000E-99
161   73     1.00000000000000E-99   1.00000000000000E-99
162   73     1.00000000000000E-99   1.00000000000000E-99
163   73     1.00000000000000E-99   1.00000000000000E-99
164   73     1.00000000000000E-99   1.00000000000000E-99
165   73     1.00000000000000E-99   1.00000000000000E-99
166   73     1.00000000000000E-99   1.00000000000000E-99
167   73     1.00000000000000E-99   1.00000000000000E-99
168   73     1.00000000000000E-99   1.00000000000000E-99
169   73     1.00000000000000E-99   1.00000000000000E-99
170   73     1.00000000000000E-99   1.00000000000000E-99
 98   74     1.00000000000000E-99   1.00000000000000E-99
 99   74     1.00000000000000E-99   1.00000000000000E-99
100   74     1.00000000000000E-99   1.00000000000000E-99
101   74     1.00000000000000E-99   1.00000000000000E-99
102   74     1.00000000000000E-99   1.00000000000000E-99
103   74     1.00000000000000E-99   1.00000000000000E-99
104   74     1.00000000000000E-99   1.00000000000000E-99
105   74     1.00000000000000E-99   1.00000000000000E-99
106   74     1.00000000000000E-99   1.00000000000000E-99
107   74     1.00000000000000E-99   1.00000000000000E-99
108   74     1.00000000000000E-99   1.00000000000000E-99
109   74     1.00000000000000E-99   1.00000000000000E-99
110   74     1.00000000000000E-99   1.00000000000000E-99
111   74     5.71600211629564E-21   1.05746039151469E-18
112   74     9.05689197875855E-19   1.68458190804909E-16
113   74     5.06753023832950E-16   9.47628154567616E-14
114   74     3.72328723386328E-14   6.99977999966298E-12
115   74     5.63069757408750E-13   1.06420184150254E-10
116   74     3.42283019162619E-11   6.50337736408976E-09
117   74     7.08424530428482E-10   1.35309085311840E-07
118   74     8.07317453854705E-10   1.55004951140103E-07
119   74     4.81676386420172E-09   9.29635425790932E-07
120   74     4.17438864766617E-08   8.09831397647238E-06
121   74     3.64688036474606E-07   7.11141671125483E-05
122   74     1.62065994959499E-06   3.17649350120619E-04
123   74     2.83077830626707E-06   5.57663326334613E-04
124   74     8.88615948496392E-06   1.75945957802286E-03
125   74     8.58946730060954E-06   1.70930399282130E-03
126   74     9.01245579895999E-07   1.80249115979200E-04
127   74     1.52633986442654E-08   3.06794312749734E-06
128   74     4.18974920920905E-08   8.46329340260229E-06
129   74     3.91122204072663E-08   7.93978074267506E-06
130   74     7.69802009160299E-08   1.57039609868701E-05
131   74     1.78757835243924E-09   3.66453562250045E-07
132   74     3.58803274294473E-08   7.39134745046613E-06
133   74     1.29329125178633E-10   2.67711289119769E-08
134   74     9.95914011381881E-09   2.07150114367431E-06
135   74     4.35363811679345E-11   9.09910366409831E-09
136   74     2.70540132826087E-10   5.68134278934782E-08
137   74     2.03287432675628E-12   4.28936482945576E-10
138   74     6.08286691281172E-11   1.28956778551609E-08
139   74     3.00042082496247E-13   6.39089635717006E-11
140   74     1.62436489834798E-12   3.47614088246467E-10
141   74     1.20742285848099E-14   2.59595914573412E-12
142   74     5.53851407028110E-16   1.19631903918072E-13
143   74     1.68782011338697E-18   3.66256964604973E-16
144   74     3.93859875157985E-19   8.58614527844406E-17
145   74     4.32891353344015E-22   9.48032063823394E-20
146   74     1.28494841155752E-23   2.82688650542655E-21
147   74     1.00000000000000E-99   1.00000000000000E-99
148   74     1.00000000000000E-99   1.00000000000000E-99
149   74     1.00000000000000E-99   1.00000000000000E-99
150   74     1.00000000000000E-99   1.00000000000000E-99
151   74     1.00000000000000E-99   1.00000000000000E-99
152   74     1.00000000000000E-99   1.00000000000000E-99
153   74     1.00000000000000E-99   1.00000000000000E-99
154   74     1.00000000000000E-99   1.00000000000000E-99
155   74     1.00000000000000E-99   1.00000000000000E-99
156   74     1.00000000000000E-99   1.00000000000000E-99
157   74     1.00000000000000E-99   1.00000000000000E-99
158   74     1.00000000000000E-99   1.00000000000000E-99
159   74     1.00000000000000E-99   1.00000000000000E-99
160   74     1.00000000000000E-99   1.00000000000000E-99
161   74     1.00000000000000E-99   1.00000000000000E-99
162   74     1.00000000000000E-99   1.00000000000000E-99
163   74     1.00000000000000E-99   1.00000000000000E-99
164   74     1.00000000000000E-99   1.00000000000000E-99
165   74     1.00000000000000E-99   1.00000000000000E-99
166   74     1.00000000000000E-99   1.00000000000000E-99
167   74     1.00000000000000E-99   1.00000000000000E-99
168   74     1.00000000000000E-99   1.00000000000000E-99
169   74     1.00000000000000E-99   1.00000000000000E-99
170   74     1.00000000000000E-99   1.00000000000000E-99
171   74     1.00000000000000E-99   1.00000000000000E-99
172   74     1.00000000000000E-99   1.00000000000000E-99
173   74     1.00000000000000E-99   1.00000000000000E-99
 99   75     1.00000000000000E-99   1.00000000000000E-99
100   75     1.00000000000000E-99   1.00000000000000E-99
101   75     1.00000000000000E-99   1.00000000000000E-99
102   75     1.00000000000000E-99   1.00000000000000E-99
103   75     1.00000000000000E-99   1.00000000000000E-99
104   75     1.00000000000000E-99   1.00000000000000E-99
105   75     1.00000000000000E-99   1.00000000000000E-99
106   75     1.00000000000000E-99   1.00000000000000E-99
107   75     1.00000000000000E-99   1.00000000000000E-99
108   75     1.00000000000000E-99   1.00000000000000E-99
109   75     1.00000000000000E-99   1.00000000000000E-99
110   75     1.00000000000000E-99   1.00000000000000E-99
111   75     1.00000000000000E-99   1.00000000000000E-99
112   75     7.47674440914018E-23   1.39815120450921E-20
113   75     7.41727747051593E-23   1.39444816445699E-20
114   75     1.80434360357080E-17   3.41020941074882E-15
115   75     2.89162253570202E-16   5.49408281783383E-14
116   75     2.14344347407215E-12   4.09397703547780E-10
117   75     9.45397663229729E-13   1.81516351340108E-10
118   75     1.57208682546222E-11   3.03412757314209E-09
119   75     5.35048207320499E-11   1.03799352220177E-08
120   75     8.59321268882079E-10   1.67567647432005E-07
121   75     8.45790337986104E-10   1.65774906245276E-07
122   75     1.08730003977735E-08   2.14198107836138E-06
123   75     1.83896739680101E-08   3.64115544566599E-06
124   75     5.72557927333624E-08   1.13939027539391E-05
125   75     2.56894483637594E-08   5.13788967275187E-06
126   75     2.71244087015977E-08   5.45200614902114E-06
127   75     5.67983286366800E-09   1.14732623846094E-06
128   75     2.22559281322340E-08   4.51795341084350E-06
129   75     1.10921135354929E-08   2.26279116124056E-06
130   75     8.41442457984344E-08   1.72495703886791E-05
131   75     1.17292664563046E-09   2.41622888999875E-07
132   75     7.65549294465554E-08   1.58468703954370E-05
133   75     9.20615471636817E-10   1.91488018100458E-07
134   75     2.07911971761922E-08   4.34536020982417E-06
135   75     2.13361299187506E-09   4.48058728293763E-07
136   75     1.74880611090719E-09   3.68998089401418E-07
137   75     9.35126170273787E-11   1.98246748098043E-08
138   75     1.38353331453898E-10   2.94692595996803E-08
139   75     5.62021038725297E-12   1.20272502287214E-09
140   75     1.25769656572707E-11   2.70404761631319E-09
141   75     6.81222383010011E-13   1.47144034730162E-10
142   75     1.72937600615591E-13   3.75274593335833E-11
143   75     2.67597898341452E-15   5.83363418384366E-13
144   75     4.66072657506849E-16   1.02069911994000E-13
145   75     2.55444635036650E-18   5.61978197080630E-16
146   75     5.89107633905906E-19   1.30192787093205E-16
147   75     8.59848950432001E-21   1.90886466995904E-18
148   75     1.11031439427749E-22   2.47600109923881E-20
149   75     1.00000000000000E-99   1.00000000000000E-99
150   75     1.00000000000000E-99   1.00000000000000E-99
151   75     1.00000000000000E-99   1.00000000000000E-99
152   75     1.00000000000000E-99   1.00000000000000E-99
153   75     1.00000000000000E-99   1.00000000000000E-99
154   75     1.00000000000000E-99   1.00000000000000E-99
155   75     1.00000000000000E-99   1.00000000000000E-99
156   75     1.00000000000000E-99   1.00000000000000E-99
157   75     1.00000000000000E-99   1.00000000000000E-99
158   75     1.00000000000000E-99   1.00000000000000E-99
159   75     1.00000000000000E-99   1.00000000000000E-99
160   75     1.00000000000000E-99   1.00000000000000E-99
161   75     1.00000000000000E-99   1.00000000000000E-99
162   75     1.00000000000000E-99   1.00000000000000E-99
163   75     1.00000000000000E-99   1.00000000000000E-99
164   75     1.00000000000000E-99   1.00000000000000E-99
165   75     1.00000000000000E-99   1.00000000000000E-99
166   75     1.00000000000000E-99   1.00000000000000E-99
167   75     1.00000000000000E-99   1.00000000000000E-99
168   75     1.00000000000000E-99   1.00000000000000E-99
169   75     1.00000000000000E-99   1.00000000000000E-99
170   75     1.00000000000000E-99   1.00000000000000E-99
171   75     1.00000000000000E-99   1.00000000000000E-99
172   75     1.00000000000000E-99   1.00000000000000E-99
173   75     1.00000000000000E-99   1.00000000000000E-99
174   75     1.00000000000000E-99   1.00000000000000E-99
175   75     1.00000000000000E-99   1.00000000000000E-99
101   76     1.00000000000000E-99   1.00000000000000E-99
102   76     1.00000000000000E-99   1.00000000000000E-99
103   76     1.00000000000000E-99   1.00000000000000E-99
104   76     1.00000000000000E-99   1.00000000000000E-99
105   76     1.00000000000000E-99   1.00000000000000E-99
106   76     1.00000000000000E-99   1.00000000000000E-99
107   76     1.00000000000000E-99   1.00000000000000E-99
108   76     1.00000000000000E-99   1.00000000000000E-99
109   76     1.00000000000000E-99   1.00000000000000E-99
110   76     1.00000000000000E-99   1.00000000000000E-99
111   76     1.00000000000000E-99   1.00000000000000E-99
112   76     1.00000000000000E-99   1.00000000000000E-99
113   76     2.33286926333805E-24   4.40912290770891E-22
114   76     3.91778692202844E-20   7.44379515185404E-18
115   76     4.38638372478898E-17   8.37799291434695E-15
116   76     1.98374595339322E-15   3.80879223051498E-13
117   76     1.55111629645003E-15   2.99365445214855E-13
118   76     3.17379221631366E-14   6.15715689964849E-12
119   76     4.17143064457821E-12   8.13428975692751E-10
120   76     1.54147262015313E-11   3.02128633550013E-09
121   76     8.55965552837167E-11   1.68625213908922E-08
122   76     6.25291863597446E-10   1.23807788992294E-07
123   76     1.98916253888634E-09   3.95843345238381E-07
124   76     2.08525859962156E-09   4.17051719924313E-07
125   76     4.07049134264017E-09   8.18168759870674E-07
126   76     1.41082149989520E-08   2.84985942978831E-06
127   76     2.15424093849193E-08   4.37310910513862E-06
128   76     1.05504327152976E-07   2.15228827392071E-05
129   76     3.78681914669254E-08   7.76297925071970E-06
130   76     3.42941381048553E-07   7.06459244960019E-05
131   76     3.58946926931354E-08   7.43020138747902E-06
132   76     3.00957330200705E-07   6.25991246817466E-05
133   76     7.30175316456451E-09   1.52606641139398E-06
134   76     3.89454863436001E-07   8.17855213215603E-05
135   76     1.69240149811737E-08   3.57096716102764E-06
136   76     1.52350278477464E-07   3.22982590372223E-05
137   76     2.96148692961725E-09   6.30796716008474E-07
138   76     2.54668849533333E-08   5.44991338001334E-06
139   76     3.67546812981349E-10   7.90225647909901E-08
140   76     5.57991489795034E-09   1.20526161795727E-06
141   76     1.24218941790944E-10   2.69555103686349E-08
142   76     8.38375875871946E-11   1.82765940940084E-08
143   76     8.96618824875039E-13   1.96359522647634E-10
144   76     2.11863274589699E-12   4.66099204097337E-10
145   76     1.72347331284896E-14   3.80887602139620E-12
146   76     7.65511984677620E-15   1.69943660598432E-12
147   76     2.27278615170963E-16   5.06831311831247E-14
148   76     3.83108397164979E-18   8.58162809649552E-16
149   76     7.02895133645907E-22   1.58151405070329E-19
150   76     7.68541408788626E-24   1.73690358386230E-21
151   76     1.00000000000000E-99   1.00000000000000E-99
152   76     1.00000000000000E-99   1.00000000000000E-99
153   76     1.00000000000000E-99   1.00000000000000E-99
154   76     1.00000000000000E-99   1.00000000000000E-99
155   76     1.00000000000000E-99   1.00000000000000E-99
156   76     1.00000000000000E-99   1.00000000000000E-99
157   76     1.00000000000000E-99   1.00000000000000E-99
158   76     1.00000000000000E-99   1.00000000000000E-99
159   76     1.00000000000000E-99   1.00000000000000E-99
160   76     1.00000000000000E-99   1.00000000000000E-99
161   76     1.00000000000000E-99   1.00000000000000E-99
162   76     1.00000000000000E-99   1.00000000000000E-99
163   76     1.00000000000000E-99   1.00000000000000E-99
164   76     1.00000000000000E-99   1.00000000000000E-99
165   76     1.00000000000000E-99   1.00000000000000E-99
166   76     1.00000000000000E-99   1.00000000000000E-99
167   76     1.00000000000000E-99   1.00000000000000E-99
168   76     1.00000000000000E-99   1.00000000000000E-99
169   76     1.00000000000000E-99   1.00000000000000E-99
170   76     1.00000000000000E-99   1.00000000000000E-99
171   76     1.00000000000000E-99   1.00000000000000E-99
172   76     1.00000000000000E-99   1.00000000000000E-99
173   76     1.00000000000000E-99   1.00000000000000E-99
174   76     1.00000000000000E-99   1.00000000000000E-99
175   76     1.00000000000000E-99   1.00000000000000E-99
176   76     1.00000000000000E-99   1.00000000000000E-99
177   76     1.00000000000000E-99   1.00000000000000E-99
103   77     1.00000000000000E-99   1.00000000000000E-99
104   77     1.00000000000000E-99   1.00000000000000E-99
105   77     1.00000000000000E-99   1.00000000000000E-99
106   77     1.00000000000000E-99   1.00000000000000E-99
107   77     1.00000000000000E-99   1.00000000000000E-99
108   77     1.00000000000000E-99   1.00000000000000E-99
109   77     1.00000000000000E-99   1.00000000000000E-99
110   77     1.00000000000000E-99   1.00000000000000E-99
111   77     1.00000000000000E-99   1.00000000000000E-99
112   77     1.00000000000000E-99   1.00000000000000E-99
113   77     1.00000000000000E-99   1.00000000000000E-99
114   77     1.00000000000000E-99   1.00000000000000E-99
115   77     1.00000000000000E-99   1.00000000000000E-99
116   77     1.88148338716866E-22   3.63126293723551E-20
117   77     1.54190879866946E-22   2.99130306941875E-20
118   77     1.72994606399679E-16   3.37339482479374E-14
119   77     8.80868362142273E-17   1.72650198979886E-14
120   77     1.52967678893817E-14   3.01346327420820E-12
121   77     2.65850554060169E-14   5.26384097039135E-12
122   77     1.84243763476097E-11   3.66645089317432E-09
123   77     1.25301457151409E-11   2.50602914302818E-09
124   77     2.26507645188451E-11   4.55280366828786E-09
125   77     8.69450797539962E-11   1.75629061103072E-08
126   77     3.47813741411556E-09   7.06061895065460E-07
127   77     1.27745818569344E-09   2.60601469881461E-07
128   77     3.18316674255129E-08   6.52549182223015E-06
129   77     5.75705058178257E-09   1.18595241984721E-06
130   77     1.00494802787883E-07   2.08024241770919E-05
131   77     1.02052997039516E-08   2.12270233842193E-06
132   77     7.34580861975125E-07   1.53527400152801E-04
133   77     7.41999923369936E-08   1.55819983907687E-05
134   77     5.88049996532594E-07   1.24078549268377E-04
135   77     4.53481567648872E-08   9.61380923415609E-06
136   77     2.90088441856937E-07   6.17888381155277E-05
137   77     1.13113549578449E-08   2.42062996097882E-06
138   77     4.64206433819439E-08   9.98043832711794E-06
139   77     3.20955155306082E-09   6.93263135461138E-07
140   77     8.23595309299587E-09   1.78720182118010E-06
141   77     8.97865065740167E-10   1.95734584331356E-07
142   77     2.05088394647714E-09   4.49143584278494E-07
143   77     2.52620902296711E-10   5.55765985052765E-08
144   77     2.81226847132852E-10   6.21511332163604E-08
145   77     2.22311199512617E-11   4.93530862918009E-09
146   77     1.11802845684499E-11   2.49320345876433E-09
147   77     1.09917447362153E-12   2.46215082091223E-10
148   77     1.07815872617520E-13   2.42585713389419E-11
149   77     1.28800226362699E-15   2.91088511579700E-13
150   77     5.69296513397522E-17   1.29230308541238E-14
151   77     3.98140888478837E-19   9.07761225731749E-17
152   77     3.90512215992571E-21   8.94272974622987E-19
153   77     2.08456428089231E-24   4.79449784605232E-22
154   77     1.00000000000000E-99   1.00000000000000E-99
155   77     1.00000000000000E-99   1.00000000000000E-99
156   77     1.00000000000000E-99   1.00000000000000E-99
157   77     1.00000000000000E-99   1.00000000000000E-99
158   77     1.00000000000000E-99   1.00000000000000E-99
159   77     1.00000000000000E-99   1.00000000000000E-99
160   77     1.00000000000000E-99   1.00000000000000E-99
161   77     1.00000000000000E-99   1.00000000000000E-99
162   77     1.00000000000000E-99   1.00000000000000E-99
163   77     1.00000000000000E-99   1.00000000000000E-99
164   77     1.00000000000000E-99   1.00000000000000E-99
165   77     1.00000000000000E-99   1.00000000000000E-99
166   77     1.00000000000000E-99   1.00000000000000E-99
167   77     1.00000000000000E-99   1.00000000000000E-99
168   77     1.00000000000000E-99   1.00000000000000E-99
169   77     1.00000000000000E-99   1.00000000000000E-99
170   77     1.00000000000000E-99   1.00000000000000E-99
171   77     1.00000000000000E-99   1.00000000000000E-99
172   77     1.00000000000000E-99   1.00000000000000E-99
173   77     1.00000000000000E-99   1.00000000000000E-99
174   77     1.00000000000000E-99   1.00000000000000E-99
175   77     1.00000000000000E-99   1.00000000000000E-99
176   77     1.00000000000000E-99   1.00000000000000E-99
177   77     1.00000000000000E-99   1.00000000000000E-99
178   77     1.00000000000000E-99   1.00000000000000E-99
179   77     1.00000000000000E-99   1.00000000000000E-99
105   78     1.00000000000000E-99   1.00000000000000E-99
106   78     1.00000000000000E-99   1.00000000000000E-99
107   78     1.00000000000000E-99   1.00000000000000E-99
108   78     1.00000000000000E-99   1.00000000000000E-99
109   78     1.00000000000000E-99   1.00000000000000E-99
110   78     1.00000000000000E-99   1.00000000000000E-99
111   78     1.00000000000000E-99   1.00000000000000E-99
112   78     1.00000000000000E-99   1.00000000000000E-99
113   78     1.00000000000000E-99   1.00000000000000E-99
114   78     1.00000000000000E-99   1.00000000000000E-99
115   78     1.00000000000000E-99   1.00000000000000E-99
116   78     1.00000000000000E-99   1.00000000000000E-99
117   78     2.73080973162863E-22   5.32507897667582E-20
118   78     4.58396639864231E-20   8.98457414133893E-18
119   78     1.16910426231162E-18   2.30313539675390E-16
120   78     1.20013895064024E-16   2.37627512226768E-14
121   78     1.23279445910072E-13   2.45326097361043E-11
122   78     4.29533495860352E-14   8.59066991720704E-12
123   78     1.19681689454785E-14   2.40560195804119E-12
124   78     7.42300729509653E-13   1.49944747360950E-10
125   78     1.10413515444361E-11   2.24139436352052E-09
126   78     7.46022885607116E-10   1.52188668663852E-07
127   78     2.89000823735410E-10   5.92451688657590E-08
128   78     5.48334267340697E-09   1.12956859072184E-06
129   78     1.54139491802258E-09   3.19068748030673E-07
130   78     1.74806086595364E-07   3.63596660118358E-05
131   78     1.07598468200405E-07   2.24880798538847E-05
132   78     1.26934782831346E-06   2.66563043945828E-04
133   78     1.74834568072561E-07   3.68900938633104E-05
134   78     1.61445908780885E-06   3.42265326615477E-04
135   78     1.12736310268648E-07   2.40128340872219E-05
136   78     1.08807827216043E-06   2.32848750242331E-04
137   78     5.23271000411435E-08   1.12503265088458E-05
138   78     7.41194864778131E-07   1.60098090792076E-04
139   78     1.65555764245406E-08   3.59256008412530E-06
140   78     2.12373599596390E-07   4.62974447120129E-05
141   78     1.60802330930318E-08   3.52157104737397E-06
142   78     6.11713680196509E-08   1.34577009643232E-05
143   78     1.72117148537866E-09   3.80378898268684E-07
144   78     1.47931129673362E-08   3.28407107874864E-06
145   78     3.57222123403425E-10   7.96605335189639E-08
146   78     1.12627321654053E-09   2.52285200505079E-07
147   78     2.86615082917337E-11   6.44883936564008E-09
148   78     1.42282400849295E-11   3.21558225919406E-09
149   78     2.47317835361103E-14   5.61411486269705E-12
150   78     2.28648790375248E-14   5.21319242055565E-12
151   78     1.51363023393390E-16   3.46621323570864E-14
152   78     8.15095073715409E-18   1.87471866954544E-15
153   78     1.03672621810208E-21   2.39483756381580E-19
154   78     5.58730840183313E-23   1.29625554922529E-20
155   78     1.00000000000000E-99   1.00000000000000E-99
156   78     1.00000000000000E-99   1.00000000000000E-99
157   78     1.00000000000000E-99   1.00000000000000E-99
158   78     1.00000000000000E-99   1.00000000000000E-99
159   78     1.00000000000000E-99   1.00000000000000E-99
160   78     1.00000000000000E-99   1.00000000000000E-99
161   78     1.00000000000000E-99   1.00000000000000E-99
162   78     1.00000000000000E-99   1.00000000000000E-99
163   78     1.00000000000000E-99   1.00000000000000E-99
164   78     1.00000000000000E-99   1.00000000000000E-99
165   78     1.00000000000000E-99   1.00000000000000E-99
166   78     1.00000000000000E-99   1.00000000000000E-99
167   78     1.00000000000000E-99   1.00000000000000E-99
168   78     1.00000000000000E-99   1.00000000000000E-99
169   78     1.00000000000000E-99   1.00000000000000E-99
170   78     1.00000000000000E-99   1.00000000000000E-99
171   78     1.00000000000000E-99   1.00000000000000E-99
172   78     1.00000000000000E-99   1.00000000000000E-99
173   78     1.00000000000000E-99   1.00000000000000E-99
174   78     1.00000000000000E-99   1.00000000000000E-99
175   78     1.00000000000000E-99   1.00000000000000E-99
176   78     1.00000000000000E-99   1.00000000000000E-99
177   78     1.00000000000000E-99   1.00000000000000E-99
178   78     1.00000000000000E-99   1.00000000000000E-99
179   78     1.00000000000000E-99   1.00000000000000E-99
180   78     1.00000000000000E-99   1.00000000000000E-99
181   78     1.00000000000000E-99   1.00000000000000E-99
182   78     1.00000000000000E-99   1.00000000000000E-99
106   79     1.00000000000000E-99   1.00000000000000E-99
107   79     1.00000000000000E-99   1.00000000000000E-99
108   79     1.00000000000000E-99   1.00000000000000E-99
109   79     1.00000000000000E-99   1.00000000000000E-99
110   79     1.00000000000000E-99   1.00000000000000E-99
111   79     1.00000000000000E-99   1.00000000000000E-99
112   79     1.00000000000000E-99   1.00000000000000E-99
113   79     1.00000000000000E-99   1.00000000000000E-99
114   79     1.00000000000000E-99   1.00000000000000E-99
115   79     1.00000000000000E-99   1.00000000000000E-99
116   79     1.00000000000000E-99   1.00000000000000E-99
117   79     1.00000000000000E-99   1.00000000000000E-99
118   79     1.00000000000000E-99   1.00000000000000E-99
119   79     1.00000000000000E-99   1.00000000000000E-99
120   79     2.04345193867663E-18   4.06646935796650E-16
121   79     5.81150689753436E-19   1.16230137950687E-16
122   79     4.05197048475281E-18   8.14446067435314E-16
123   79     8.28488402518754E-19   1.67354657308788E-16
124   79     9.26845565951721E-14   1.88149649888199E-11
125   79     5.87967588959909E-12   1.19945388147821E-09
126   79     2.95926568204579E-12   6.06649464819387E-10
127   79     2.69782547985841E-11   5.55752048850832E-09
128   79     3.29565164893232E-09   6.82199891328991E-07
129   79     1.35124042267874E-09   2.81058007917177E-07
130   79     7.14186596134086E-08   1.49264998592024E-05
131   79     1.47743870589700E-08   3.10262128238371E-06
132   79     5.76851483375475E-07   1.21715662992225E-04
133   79     2.02256800073521E-07   4.28784416155864E-05
134   79     1.36381386509524E-06   2.90492353265286E-04
135   79     2.22047801904350E-07   4.75182296075309E-05
136   79     1.69815450655260E-06   3.65103218908809E-04
137   79     1.64366156580344E-07   3.55030898213542E-05
138   79     9.09959087876468E-07   1.97461122069194E-04
139   79     1.27172933615124E-07   2.77236995280970E-05
140   79     4.75917263525068E-07   1.04225880711990E-04
141   79     1.88270361435003E-07   4.14194795157006E-05
142   79     4.07201467891719E-07   8.99915244040699E-05
143   79     2.57512488683788E-08   5.71677724878009E-06
144   79     1.61001280151389E-07   3.59032854737597E-05
145   79     1.51921239787250E-08   3.40303577123441E-06
146   79     1.78878562486167E-08   4.02476765593877E-06
147   79     8.07544318673396E-10   1.82505016020187E-07
148   79     8.61503972148009E-10   1.95561401677598E-07
149   79     3.54372800133632E-11   8.07969984304682E-09
150   79     5.20009670838470E-12   1.19082214622010E-09
151   79     1.04417919817016E-14   2.40161215579138E-12
152   79     1.14063447324686E-14   2.63486563320025E-12
153   79     1.21673051042807E-18   2.82281478419311E-16
154   79     5.98338608007539E-20   1.39412895665757E-17
155   79     1.33357119446856E-23   3.12055659505642E-21
156   79     9.81843549345507E-24   2.30733234096194E-21
157   79     1.00000000000000E-99   1.00000000000000E-99
158   79     1.00000000000000E-99   1.00000000000000E-99
159   79     1.00000000000000E-99   1.00000000000000E-99
160   79     1.00000000000000E-99   1.00000000000000E-99
161   79     1.00000000000000E-99   1.00000000000000E-99
162   79     1.00000000000000E-99   1.00000000000000E-99
163   79     1.00000000000000E-99   1.00000000000000E-99
164   79     1.00000000000000E-99   1.00000000000000E-99
165   79     1.00000000000000E-99   1.00000000000000E-99
166   79     1.00000000000000E-99   1.00000000000000E-99
167   79     1.00000000000000E-99   1.00000000000000E-99
168   79     1.00000000000000E-99   1.00000000000000E-99
169   79     1.00000000000000E-99   1.00000000000000E-99
170   79     1.00000000000000E-99   1.00000000000000E-99
171   79     1.00000000000000E-99   1.00000000000000E-99
172   79     1.00000000000000E-99   1.00000000000000E-99
173   79     1.00000000000000E-99   1.00000000000000E-99
174   79     1.00000000000000E-99   1.00000000000000E-99
175   79     1.00000000000000E-99   1.00000000000000E-99
176   79     1.00000000000000E-99   1.00000000000000E-99
177   79     1.00000000000000E-99   1.00000000000000E-99
178   79     1.00000000000000E-99   1.00000000000000E-99
179   79     1.00000000000000E-99   1.00000000000000E-99
180   79     1.00000000000000E-99   1.00000000000000E-99
181   79     1.00000000000000E-99   1.00000000000000E-99
182   79     1.00000000000000E-99   1.00000000000000E-99
183   79     1.00000000000000E-99   1.00000000000000E-99
184   79     1.00000000000000E-99   1.00000000000000E-99
109   80     1.00000000000000E-99   1.00000000000000E-99
110   80     1.00000000000000E-99   1.00000000000000E-99
111   80     1.00000000000000E-99   1.00000000000000E-99
112   80     1.00000000000000E-99   1.00000000000000E-99
113   80     1.00000000000000E-99   1.00000000000000E-99
114   80     1.00000000000000E-99   1.00000000000000E-99
115   80     1.00000000000000E-99   1.00000000000000E-99
116   80     1.00000000000000E-99   1.00000000000000E-99
117   80     1.00000000000000E-99   1.00000000000000E-99
118   80     1.00000000000000E-99   1.00000000000000E-99
119   80     1.00000000000000E-99   1.00000000000000E-99
120   80     6.13499974018238E-24   1.22699994803648E-21
121   80     7.86242127048968E-23   1.58034667536843E-20
122   80     1.38067376228989E-21   2.78896099982557E-19
123   80     8.26382489562671E-17   1.67755645381222E-14
124   80     9.34714178374704E-15   1.90681692388440E-12
125   80     9.62006909922636E-15   1.97211416534140E-12
126   80     1.09608780404855E-13   2.25794087634001E-11
127   80     1.46748609948504E-11   3.03769622593403E-09
128   80     1.11117074029651E-09   2.31123513981674E-07
129   80     5.46985170783672E-10   1.14319900693787E-07
130   80     4.06075355639140E-08   8.52758246842193E-06
131   80     1.58697058299970E-08   3.34850793012938E-06
132   80     2.69278393351197E-07   5.70870193904538E-05
133   80     1.03349904985135E-07   2.20135297618338E-05
134   80     1.24529640078390E-06   2.66493429767755E-04
135   80     9.52109207315414E-08   2.04703479572814E-05
136   80     8.49689166506643E-07   1.83532859965435E-04
137   80     1.33700476543090E-07   2.90130034098505E-05
138   80     6.08512522780407E-07   1.32655729966129E-04
139   80     1.12536527978689E-07   2.46454996273330E-05
140   80     2.06259838729240E-06   4.53771645204328E-04
141   80     2.73831287483485E-07   6.05167145338501E-05
142   80     1.76494306552721E-06   3.91817360547041E-04
143   80     1.47086787581982E-07   3.28003536307820E-05
144   80     1.39571906238721E-06   3.12641069974735E-04
145   80     1.10846196426999E-07   2.49403941960747E-05
146   80     4.08345862446034E-07   9.22861649128036E-05
147   80     2.18988683607790E-08   4.97104311789684E-06
148   80     1.16245520046209E-07   2.65039785705357E-05
149   80     9.37955906979073E-10   2.14791902698208E-07
150   80     1.19292849435770E-09   2.74373553702272E-07
151   80     2.96637765761674E-11   6.85233238909467E-09
152   80     6.41098565786225E-12   1.48734867262404E-09
153   80     4.90215635803818E-15   1.14220243142289E-12
154   80     2.67037754814125E-15   6.24868346265052E-13
155   80     3.47308096892325E-18   8.16174027696964E-16
156   80     1.49100825698461E-18   3.51877948648367E-16
157   80     1.93447030650127E-21   4.58469462640801E-19
158   80     7.64113709937978E-22   1.81859062965239E-19
159   80     4.39068598729311E-24   1.04937395096305E-21
160   80     7.29174933463544E-21   1.75001984031251E-18
161   80     2.89039235293726E-15   6.96584557057879E-13
162   80     2.73642466680213E-11   6.62214769366116E-09
163   80     2.19286388882811E-17   5.32865924985232E-15
164   80     1.00000000000000E-99   1.00000000000000E-99
165   80     1.00000000000000E-99   1.00000000000000E-99
166   80     1.00000000000000E-99   1.00000000000000E-99
167   80     1.00000000000000E-99   1.00000000000000E-99
168   80     1.00000000000000E-99   1.00000000000000E-99
169   80     1.00000000000000E-99   1.00000000000000E-99
170   80     1.00000000000000E-99   1.00000000000000E-99
171   80     1.00000000000000E-99   1.00000000000000E-99
172   80     1.00000000000000E-99   1.00000000000000E-99
173   80     1.00000000000000E-99   1.00000000000000E-99
174   80     1.00000000000000E-99   1.00000000000000E-99
175   80     1.00000000000000E-99   1.00000000000000E-99
176   80     1.00000000000000E-99   1.00000000000000E-99
177   80     1.00000000000000E-99   1.00000000000000E-99
178   80     1.00000000000000E-99   1.00000000000000E-99
179   80     1.00000000000000E-99   1.00000000000000E-99
180   80     1.00000000000000E-99   1.00000000000000E-99
181   80     1.00000000000000E-99   1.00000000000000E-99
182   80     1.00000000000000E-99   1.00000000000000E-99
183   80     1.00000000000000E-99   1.00000000000000E-99
184   80     1.00000000000000E-99   1.00000000000000E-99
185   80     1.00000000000000E-99   1.00000000000000E-99
186   80     1.00000000000000E-99   1.00000000000000E-99
110   81     1.00000000000000E-99   1.00000000000000E-99
111   81     1.00000000000000E-99   1.00000000000000E-99
112   81     1.00000000000000E-99   1.00000000000000E-99
113   81     1.00000000000000E-99   1.00000000000000E-99
114   81     1.00000000000000E-99   1.00000000000000E-99
115   81     1.00000000000000E-99   1.00000000000000E-99
116   81     1.00000000000000E-99   1.00000000000000E-99
117   81     1.00000000000000E-99   1.00000000000000E-99
118   81     1.00000000000000E-99   1.00000000000000E-99
119   81     1.00000000000000E-99   1.00000000000000E-99
120   81     1.00000000000000E-99   1.00000000000000E-99
121   81     1.00000000000000E-99   1.00000000000000E-99
122   81     1.00000000000000E-99   1.00000000000000E-99
123   81     1.00000000000000E-99   1.00000000000000E-99
124   81     1.86280405698745E-18   3.81874831682427E-16
125   81     1.39800581464614E-17   2.87989197817105E-15
126   81     6.56804596254811E-15   1.35958551424746E-12
127   81     3.79378645319620E-14   7.89107582264809E-12
128   81     6.98144314202773E-11   1.45912161668380E-08
129   81     3.74465386197719E-11   7.86377311015210E-09
130   81     2.77107589029655E-10   5.84697012852572E-08
131   81     2.77929014142291E-09   5.89209509981657E-07
132   81     8.03157276444593E-09   1.71072499882698E-06
133   81     2.95445444330518E-08   6.32253250867308E-06
134   81     9.35915790882439E-08   2.01221895039724E-05
135   81     7.21440333369446E-08   1.55831112007800E-05
136   81     1.66760643244157E-07   3.61870595839820E-05
137   81     2.91884878427200E-07   6.36309034971296E-05
138   81     1.16296002401740E-06   2.54688245259810E-04
139   81     5.32702678791533E-07   1.17194589334137E-04
140   81     1.00431266666783E-06   2.21953099333591E-04
141   81     6.69905900822267E-07   1.48719109982543E-04
142   81     2.16201585043779E-06   4.82129534647627E-04
143   81     5.85959550717168E-07   1.31254939360646E-04
144   81     2.89820687227804E-06   6.52096546262560E-04
145   81     7.02711843709011E-07   1.58812876678236E-04
146   81     2.09583758989305E-06   4.75755132905723E-04
147   81     5.49039830299168E-07   1.25181081308210E-04
148   81     1.16754887227572E-06   2.67368691751139E-04
149   81     1.51928321460995E-07   3.49435139360288E-05
150   81     2.13423198255486E-07   4.93007587970173E-05
151   81     2.94820145477250E-08   6.83982737507221E-06
152   81     1.12746407315754E-08   2.62699129045706E-06
153   81     1.27457453530443E-10   2.98250441261237E-08
154   81     5.10940814774356E-11   1.20071091471974E-08
155   81     1.18431258579924E-12   2.79497770248620E-10
156   81     2.49669416412941E-13   5.91716516898671E-11
157   81     3.41871190134939E-15   8.13653432521154E-13
158   81     3.04678325132685E-15   7.28181197067118E-13
159   81     1.76973283855183E-11   4.24735881252439E-09
160   81     4.44294382368016E-13   1.07074946150692E-10
161   81     5.04159399359243E-13   1.22006574644937E-10
162   81     1.92741474953121E-15   4.68361784136085E-13
163   81     1.68977942288676E-18   4.12306179184369E-16
164   81     4.71541659906789E-22   1.15527706677163E-19
165   81     1.00000000000000E-99   1.00000000000000E-99
166   81     1.00000000000000E-99   1.00000000000000E-99
167   81     1.00000000000000E-99   1.00000000000000E-99
168   81     1.00000000000000E-99   1.00000000000000E-99
169   81     1.00000000000000E-99   1.00000000000000E-99
170   81     1.00000000000000E-99   1.00000000000000E-99
171   81     1.00000000000000E-99   1.00000000000000E-99
172   81     1.00000000000000E-99   1.00000000000000E-99
173   81     1.00000000000000E-99   1.00000000000000E-99
174   81     1.00000000000000E-99   1.00000000000000E-99
175   81     1.00000000000000E-99   1.00000000000000E-99
176   81     1.00000000000000E-99   1.00000000000000E-99
177   81     1.00000000000000E-99   1.00000000000000E-99
178   81     1.00000000000000E-99   1.00000000000000E-99
179   81     1.00000000000000E-99   1.00000000000000E-99
180   81     1.00000000000000E-99   1.00000000000000E-99
181   81     1.00000000000000E-99   1.00000000000000E-99
182   81     1.00000000000000E-99   1.00000000000000E-99
183   81     1.00000000000000E-99   1.00000000000000E-99
184   81     1.00000000000000E-99   1.00000000000000E-99
185   81     1.00000000000000E-99   1.00000000000000E-99
186   81     1.00000000000000E-99   1.00000000000000E-99
187   81     1.00000000000000E-99   1.00000000000000E-99
188   81     1.00000000000000E-99   1.00000000000000E-99
112   82     1.00000000000000E-99   1.00000000000000E-99
113   82     1.00000000000000E-99   1.00000000000000E-99
114   82     1.00000000000000E-99   1.00000000000000E-99
115   82     1.00000000000000E-99   1.00000000000000E-99
116   82     1.00000000000000E-99   1.00000000000000E-99
117   82     1.00000000000000E-99   1.00000000000000E-99
118   82     1.00000000000000E-99   1.00000000000000E-99
119   82     1.00000000000000E-99   1.00000000000000E-99
120   82     1.00000000000000E-99   1.00000000000000E-99
121   82     1.00000000000000E-99   1.00000000000000E-99
122   82     1.00000000000000E-99   1.00000000000000E-99
123   82     1.00000000000000E-99   1.00000000000000E-99
124   82     3.10835305942862E-21   6.40320730242295E-19
125   82     1.45218893514524E-18   3.00603109575064E-16
126   82     1.47555282622039E-17   3.06914987853841E-15
127   82     4.13888283972133E-14   8.65026513501759E-12
128   82     3.79047737085018E-14   7.96000247878538E-12
129   82     3.28660872538907E-13   6.93474441057095E-11
130   82     1.57750002430689E-11   3.34430005153061E-09
131   82     1.15244388893712E-10   2.45470548343607E-08
132   82     1.33989068397153E-09   2.86736606369908E-07
133   82     2.20902310498239E-09   4.74939967571213E-07
134   82     1.49608377119239E-08   3.23154094577556E-06
135   82     2.23402394021685E-08   4.84783195027055E-06
136   82     2.87599845694977E-07   6.26967663615051E-05
137   82     2.08696724573076E-07   4.57045826815037E-05
138   82     2.95039288035531E-07   6.49086433678168E-05
139   82     6.74161045911623E-08   1.48989591146469E-05
140   82     9.34482097593962E-07   2.07455025665860E-04
141   82     3.45019638273223E-07   7.69393793349287E-05
142   82     2.78269732641432E-06   6.23324201116808E-04
143   82     5.14276418486331E-07   1.15712194159425E-04
144   82     5.39905379752226E-06   1.22018615824003E-03
145   82     7.52442901381824E-07   1.70804538613674E-04
146   82     8.50780139456621E-06   1.93977871796110E-03
147   82     1.33508351645273E-06   3.05734125267674E-04
148   82     5.71951252535768E-06   1.31548788083227E-03
149   82     4.72028295191901E-07   1.09038536189329E-04
150   82     1.40141409914680E-06   3.25128071002059E-04
151   82     1.19445456624151E-07   2.78307913934272E-05
152   82     6.17947960797968E-08   1.44599822826724E-05
153   82     5.63852851350949E-10   1.32505420067473E-07
154   82     8.31012436254507E-10   1.96118934956064E-07
155   82     7.21353845908676E-12   1.70960861480356E-09
156   82     4.77128159832927E-10   1.13556502040237E-07
157   82     2.35537118783018E-11   5.62933713891412E-09
158   82     1.46116691714023E-11   3.50680060113656E-09
159   82     3.27753739789861E-14   7.89886512893565E-12
160   82     3.37193566669774E-17   8.16008431340854E-15
161   82     5.64784628658778E-20   1.37242664764083E-17
162   82     4.78608743376282E-22   1.16780533383813E-19
163   82     1.00000000000000E-99   1.00000000000000E-99
164   82     1.00000000000000E-99   1.00000000000000E-99
165   82     1.00000000000000E-99   1.00000000000000E-99
166   82     1.00000000000000E-99   1.00000000000000E-99
167   82     1.00000000000000E-99   1.00000000000000E-99
168   82     1.00000000000000E-99   1.00000000000000E-99
169   82     1.00000000000000E-99   1.00000000000000E-99
170   82     1.00000000000000E-99   1.00000000000000E-99
171   82     1.00000000000000E-99   1.00000000000000E-99
172   82     1.00000000000000E-99   1.00000000000000E-99
173   82     1.00000000000000E-99   1.00000000000000E-99
174   82     1.00000000000000E-99   1.00000000000000E-99
175   82     1.00000000000000E-99   1.00000000000000E-99
176   82     1.00000000000000E-99   1.00000000000000E-99
177   82     1.00000000000000E-99   1.00000000000000E-99
178   82     1.00000000000000E-99   1.00000000000000E-99
179   82     1.00000000000000E-99   1.00000000000000E-99
180   82     1.00000000000000E-99   1.00000000000000E-99
181   82     1.00000000000000E-99   1.00000000000000E-99
182   82     1.00000000000000E-99   1.00000000000000E-99
183   82     1.00000000000000E-99   1.00000000000000E-99
184   82     1.00000000000000E-99   1.00000000000000E-99
185   82     1.00000000000000E-99   1.00000000000000E-99
186   82     1.00000000000000E-99   1.00000000000000E-99
187   82     1.00000000000000E-99   1.00000000000000E-99
188   82     1.00000000000000E-99   1.00000000000000E-99
189   82     1.00000000000000E-99   1.00000000000000E-99
190   82     1.00000000000000E-99   1.00000000000000E-99
191   82     1.00000000000000E-99   1.00000000000000E-99
114   83     1.00000000000000E-99   1.00000000000000E-99
115   83     1.00000000000000E-99   1.00000000000000E-99
116   83     1.00000000000000E-99   1.00000000000000E-99
117   83     1.00000000000000E-99   1.00000000000000E-99
118   83     1.00000000000000E-99   1.00000000000000E-99
119   83     1.00000000000000E-99   1.00000000000000E-99
120   83     1.00000000000000E-99   1.00000000000000E-99
121   83     1.00000000000000E-99   1.00000000000000E-99
122   83     1.00000000000000E-99   1.00000000000000E-99
123   83     1.00000000000000E-99   1.00000000000000E-99
124   83     1.00000000000000E-99   1.00000000000000E-99
125   83     1.00000000000000E-99   1.00000000000000E-99
126   83     2.27970200332535E-19   4.76457718694997E-17
127   83     2.27486451676474E-21   4.77721548520596E-19
128   83     9.85370438691403E-18   2.07913162563886E-15
129   83     2.51848973316173E-17   5.33919823430286E-15
130   83     1.13380275634432E-14   2.41499987101339E-12
131   83     5.04261651705622E-14   1.07911993465003E-11
132   83     9.40359538963864E-13   2.02177300877231E-10
133   83     6.19877178485039E-13   1.33893470552768E-10
134   83     1.33528725273702E-11   2.89757333843934E-09
135   83     1.23666703899424E-10   2.69593414500744E-08
136   83     1.05730984253632E-08   2.31550855515455E-06
137   83     2.54970304213035E-09   5.60934669268678E-07
138   83     1.37214767755303E-08   3.03244636739219E-06
139   83     1.92974612414250E-08   4.28403639559634E-06
140   83     5.26733602371170E-08   1.17461593328771E-05
141   83     1.05286524718547E-07   2.35841815369545E-05
142   83     2.85201042823329E-07   6.41702346352490E-05
143   83     3.13285811141688E-07   7.08025933180216E-05
144   83     1.41267257129996E-06   3.20676673685090E-04
145   83     1.11272317093884E-06   2.53700882974056E-04
146   83     3.97253870477234E-06   9.09711363392865E-04
147   83     1.56856431782973E-06   3.60769793100837E-04
148   83     7.27842007870869E-06   1.68131503818171E-03
149   83     2.46717989620448E-06   5.72385735919440E-04
150   83     5.52780945101769E-06   1.28797960208712E-03
151   83     1.88692143331651E-06   4.41539615396064E-04
152   83     2.60329050547006E-06   6.11773268785464E-04
153   83     3.27926522063520E-07   7.73906592069907E-05
154   83     3.35415076124982E-07   7.94933730416206E-05
155   83     2.36246790848669E-08   5.62267362219831E-06
156   83     2.32196848639312E-08   5.54950468247955E-06
157   83     1.48243304374673E-09   3.55783930499215E-07
158   83     9.45957564500086E-10   2.27975773044521E-07
159   83     2.63119848900031E-11   6.36750034338075E-09
160   83     5.11394801520538E-14   1.24268936769491E-11
161   83     1.26934864384903E-16   3.09721069099164E-14
162   83     8.90177285350705E-19   2.18093434910923E-16
163   83     7.63855504064907E-22   1.87908453999967E-19
164   83     2.34477712643732E-23   5.79159950230018E-21
165   83     1.00000000000000E-99   1.00000000000000E-99
166   83     1.00000000000000E-99   1.00000000000000E-99
167   83     1.00000000000000E-99   1.00000000000000E-99
168   83     1.00000000000000E-99   1.00000000000000E-99
169   83     1.00000000000000E-99   1.00000000000000E-99
170   83     1.00000000000000E-99   1.00000000000000E-99
171   83     1.00000000000000E-99   1.00000000000000E-99
172   83     1.00000000000000E-99   1.00000000000000E-99
173   83     1.00000000000000E-99   1.00000000000000E-99
174   83     1.00000000000000E-99   1.00000000000000E-99
175   83     1.00000000000000E-99   1.00000000000000E-99
176   83     1.00000000000000E-99   1.00000000000000E-99
177   83     1.00000000000000E-99   1.00000000000000E-99
178   83     1.00000000000000E-99   1.00000000000000E-99
179   83     1.00000000000000E-99   1.00000000000000E-99
180   83     1.00000000000000E-99   1.00000000000000E-99
181   83     1.00000000000000E-99   1.00000000000000E-99
182   83     1.00000000000000E-99   1.00000000000000E-99
183   83     1.00000000000000E-99   1.00000000000000E-99
184   83     1.00000000000000E-99   1.00000000000000E-99
185   83     1.00000000000000E-99   1.00000000000000E-99
186   83     1.00000000000000E-99   1.00000000000000E-99
187   83     1.00000000000000E-99   1.00000000000000E-99
188   83     1.00000000000000E-99   1.00000000000000E-99
189   83     1.00000000000000E-99   1.00000000000000E-99
190   83     1.00000000000000E-99   1.00000000000000E-99
191   83     1.00000000000000E-99   1.00000000000000E-99
192   83     1.00000000000000E-99   1.00000000000000E-99
193   83     1.00000000000000E-99   1.00000000000000E-99
118   84     1.00000000000000E-99   1.00000000000000E-99
119   84     1.00000000000000E-99   1.00000000000000E-99
120   84     1.00000000000000E-99   1.00000000000000E-99
121   84     1.00000000000000E-99   1.00000000000000E-99
122   84     1.00000000000000E-99   1.00000000000000E-99
123   84     1.00000000000000E-99   1.00000000000000E-99
124   84     1.00000000000000E-99   1.00000000000000E-99
125   84     1.00000000000000E-99   1.00000000000000E-99
126   84     1.00000000000000E-99   1.00000000000000E-99
127   84     8.87352980604290E-24   1.87231478907505E-21
128   84     1.00000000000000E-99   1.00000000000000E-99
129   84     1.50565925755743E-23   3.20705421859732E-21
130   84     6.94490215481986E-21   1.48620906113145E-18
131   84     3.52487137859483E-18   7.57847346397888E-16
132   84     1.93731351251442E-16   4.18459718703114E-14
133   84     5.30063402521552E-15   1.15023758347177E-12
134   84     2.43225782195797E-13   5.30232205186838E-11
135   84     1.49219900310250E-11   3.26791581679448E-09
136   84     5.01417686764715E-11   1.10311891088237E-08
137   84     4.80397975816913E-11   1.06167952655538E-08
138   84     7.62230388901230E-10   1.69215146336073E-07
139   84     5.03509993508075E-10   1.12282728552301E-07
140   84     8.72245106036056E-09   1.95382903752077E-06
141   84     7.46536043301297E-09   1.67970609742792E-06
142   84     1.30014041704955E-07   2.93831734253199E-05
143   84     5.18401697991439E-08   1.17677185444057E-05
144   84     1.04053393985277E-06   2.37241738286432E-04
145   84     3.28631159298842E-07   7.52565354794348E-05
146   84     4.39471023986461E-06   1.01078335516886E-03
147   84     1.70877945084798E-06   3.94728053145883E-04
148   84     1.27546429066069E-05   2.95907715433280E-03
149   84     2.54214799037278E-06   5.92320481756858E-04
150   84     1.45338482574115E-05   3.40092049223429E-03
151   84     2.03273786012128E-06   4.77693397128500E-04
152   84     7.40850462088129E-06   1.74840709052798E-03
153   84     3.50940794138642E-07   8.31729682108583E-05
154   84     1.82660469311759E-06   4.34731916961987E-04
155   84     8.56895726375386E-08   2.04798078603717E-05
156   84     4.29098850259840E-07   1.02983724062362E-04
157   84     8.40013327019806E-09   2.02443211811773E-06
158   84     1.01328276053953E-08   2.45214428050565E-06
159   84     1.88214147951954E-10   4.57360379523248E-08
160   84     3.08050321786258E-10   7.51642785158469E-08
161   84     2.06198006353753E-12   5.05185115566695E-10
162   84     1.47826124683107E-12   3.63652266720442E-10
163   84     1.79949157892592E-23   4.44474419994702E-21
164   84     2.88858332477851E-23   7.16368664545069E-21
165   84     3.69878807125994E-25   9.20998229743725E-23
166   84     1.24636032588350E-25   3.11590081470875E-23
167   84     1.00000000000000E-99   1.00000000000000E-99
168   84     1.00000000000000E-99   1.00000000000000E-99
169   84     1.00000000000000E-99   1.00000000000000E-99
170   84     1.00000000000000E-99   1.00000000000000E-99
171   84     1.00000000000000E-99   1.00000000000000E-99
172   84     8.24294519768857E-24   2.11019397060827E-21
173   84     1.00000000000000E-99   1.00000000000000E-99
174   84     1.00000000000000E-99   1.00000000000000E-99
175   84     1.00000000000000E-99   1.00000000000000E-99
176   84     1.00000000000000E-99   1.00000000000000E-99
177   84     1.00000000000000E-99   1.00000000000000E-99
178   84     1.00000000000000E-99   1.00000000000000E-99
179   84     1.00000000000000E-99   1.00000000000000E-99
180   84     1.00000000000000E-99   1.00000000000000E-99
181   84     1.00000000000000E-99   1.00000000000000E-99
182   84     1.00000000000000E-99   1.00000000000000E-99
183   84     1.00000000000000E-99   1.00000000000000E-99
184   84     1.00000000000000E-99   1.00000000000000E-99
185   84     1.00000000000000E-99   1.00000000000000E-99
186   84     1.00000000000000E-99   1.00000000000000E-99
187   84     1.00000000000000E-99   1.00000000000000E-99
188   84     1.00000000000000E-99   1.00000000000000E-99
189   84     1.00000000000000E-99   1.00000000000000E-99
190   84     1.00000000000000E-99   1.00000000000000E-99
191   84     1.00000000000000E-99   1.00000000000000E-99
192   84     1.00000000000000E-99   1.00000000000000E-99
121   85     1.00000000000000E-99   1.00000000000000E-99
122   85     1.00000000000000E-99   1.00000000000000E-99
123   85     1.00000000000000E-99   1.00000000000000E-99
124   85     1.00000000000000E-99   1.00000000000000E-99
125   85     1.00000000000000E-99   1.00000000000000E-99
126   85     1.00000000000000E-99   1.00000000000000E-99
127   85     1.00000000000000E-99   1.00000000000000E-99
128   85     1.00000000000000E-99   1.00000000000000E-99
129   85     1.00000000000000E-99   1.00000000000000E-99
130   85     1.00000000000000E-99   1.00000000000000E-99
131   85     1.00000000000000E-99   1.00000000000000E-99
132   85     4.31950442306063E-19   9.37332459804156E-17
133   85     7.25077240775279E-20   1.58066838489011E-17
134   85     2.29491267388109E-14   5.02585875579960E-12
135   85     9.75708038450057E-15   2.14655768459012E-12
136   85     4.83882131605763E-13   1.06937951084874E-10
137   85     4.35341806066956E-13   9.66458809468643E-11
138   85     3.33075106115843E-12   7.42757486638330E-10
139   85     9.83879663139395E-12   2.20389044543225E-09
140   85     4.98936543342367E-11   1.12260722252032E-08
141   85     5.81071650300136E-10   1.31322192967831E-07
142   85     1.60482658679731E-09   3.64295635202990E-07
143   85     7.48267657748576E-09   1.70605025966675E-06
144   85     3.05604636998771E-08   6.99834618727187E-06
145   85     9.90853197143357E-08   2.27896235342972E-05
146   85     3.71131880707896E-07   8.57314644435240E-05
147   85     7.77075647817304E-07   1.80281550293615E-04
148   85     2.71073036625589E-06   6.31600175337622E-04
149   85     2.54498061816915E-06   5.95525464651581E-04
150   85     6.82401082848406E-06   1.60364254469375E-03
151   85     5.01476309370925E-06   1.18348409011538E-03
152   85     1.57817714984189E-05   3.74027984512527E-03
153   85     2.68427246850348E-06   6.38856847503828E-04
154   85     9.41152783676134E-06   2.24935515298596E-03
155   85     1.14888038537520E-06   2.75731292490048E-04
156   85     2.17854847525299E-06   5.25030182535969E-04
157   85     3.83810731628584E-07   9.28821970541174E-05
158   85     5.03263416099928E-07   1.22293010112283E-04
159   85     7.29190948313545E-08   1.77922591388505E-05
160   85     8.76817685066897E-08   2.14820332841390E-05
161   85     1.13911984321059E-08   2.80223481429806E-06
162   85     5.89231122873076E-09   1.45540087349650E-06
163   85     3.77323545456810E-15   9.35762392732888E-13
164   85     1.14457688316131E-17   2.84999643907165E-15
165   85     4.42372306152424E-20   1.10593076538106E-17
166   85     6.37608277831473E-21   1.60039677735700E-18
167   85     1.28553008709772E-21   3.23953581948625E-19
168   85     1.28629465765910E-21   3.25432548387752E-19
169   85     3.43179576497230E-23   8.71676124302965E-21
170   85     4.20183262068261E-23   1.07146731827407E-20
171   85     1.45552626936634E-25   3.72614724957783E-23
172   85     1.86455932430796E-17   4.79191746347146E-15
173   85     1.00000000000000E-99   1.00000000000000E-99
174   85     1.00000000000000E-99   1.00000000000000E-99
175   85     1.00000000000000E-99   1.00000000000000E-99
176   85     1.00000000000000E-99   1.00000000000000E-99
177   85     1.00000000000000E-99   1.00000000000000E-99
178   85     1.00000000000000E-99   1.00000000000000E-99
179   85     1.00000000000000E-99   1.00000000000000E-99
180   85     1.00000000000000E-99   1.00000000000000E-99
181   85     1.00000000000000E-99   1.00000000000000E-99
182   85     1.00000000000000E-99   1.00000000000000E-99
183   85     1.00000000000000E-99   1.00000000000000E-99
184   85     1.00000000000000E-99   1.00000000000000E-99
185   85     1.00000000000000E-99   1.00000000000000E-99
186   85     1.00000000000000E-99   1.00000000000000E-99
187   85     1.00000000000000E-99   1.00000000000000E-99
188   85     1.00000000000000E-99   1.00000000000000E-99
189   85     1.00000000000000E-99   1.00000000000000E-99
190   85     1.00000000000000E-99   1.00000000000000E-99
191   85     1.00000000000000E-99   1.00000000000000E-99
192   85     1.00000000000000E-99   1.00000000000000E-99
193   85     1.00000000000000E-99   1.00000000000000E-99
194   85     1.00000000000000E-99   1.00000000000000E-99
124   86     1.00000000000000E-99   1.00000000000000E-99
125   86     1.00000000000000E-99   1.00000000000000E-99
126   86     1.00000000000000E-99   1.00000000000000E-99
127   86     1.00000000000000E-99   1.00000000000000E-99
128   86     1.00000000000000E-99   1.00000000000000E-99
129   86     1.00000000000000E-99   1.00000000000000E-99
130   86     1.00000000000000E-99   1.00000000000000E-99
131   86     4.95798657390845E-25   1.07588308653813E-22
132   86     7.61082023145414E-25   1.65915881045700E-22
133   86     3.29230872805291E-19   7.21015611443587E-17
134   86     1.71872039426263E-18   3.78118486737779E-16
135   86     6.88957432344831E-17   1.52259592548208E-14
136   86     3.88311272216452E-16   8.62051024320523E-14
137   86     1.35938059155926E-15   3.03141871917716E-13
138   86     9.51529744271543E-14   2.13142662716826E-11
139   86     2.04058225902727E-13   4.59131008281135E-11
140   86     8.06578160812603E-12   1.82286664343648E-09
141   86     5.36622557956045E-12   1.21813320656022E-09
142   86     2.21214184114403E-10   5.04368339780838E-08
143   86     5.98575397884483E-10   1.37073766115547E-07
144   86     1.13070355975281E-08   2.60061818743146E-06
145   86     2.01601444252443E-08   4.65699336223143E-06
146   86     2.79562698151128E-07   6.48585459710617E-05
147   86     3.92751324015136E-07   9.15110584955266E-05
148   86     2.94967106643716E-06   6.90223029546296E-04
149   86     2.00369165181425E-06   4.70867538176348E-04
150   86     1.45953380933978E-05   3.44449979004188E-03
151   86     7.66264927232092E-06   1.81604787754006E-03
152   86     3.43016922882592E-05   8.16380276460569E-03
153   86     3.60609479491376E-06   8.61856655984388E-04
154   86     2.00299843654869E-05   4.80719624771686E-03
155   86     1.97930123341441E-06   4.77011597252874E-04
156   86     8.31373211381823E-06   2.01192317154401E-03
157   86     6.40072671191910E-07   1.55537659099634E-04
158   86     3.02341694352547E-06   7.37713734220214E-04
159   86     2.16659701770491E-07   5.30816269337704E-05
160   86     8.92736158247845E-07   2.19613094928970E-04
161   86     3.08554890587887E-08   7.62130579752080E-06
162   86     2.53020341100472E-08   6.27490445929170E-06
163   86     2.03891149109018E-10   5.07688961281455E-08
164   86     7.62339291328493E-15   1.90584822832123E-12
165   86     3.93369687066750E-18   9.87357914537542E-16
166   86     2.17794776395316E-17   5.48842836516197E-15
167   86     2.04392870255593E-16   5.17113961746650E-14
168   86     1.42763688787182E-16   3.62619769519441E-14
169   86     1.46547606968653E-16   3.73696397770064E-14
170   86     2.17625771243159E-17   5.57121974382487E-15
171   86     8.70711379300039E-21   2.23772824480110E-18
172   86     1.21462532258584E-13   3.13373333227146E-11
173   86     2.74223250052429E-24   7.10238217635791E-22
174   86     1.00000000000000E-99   1.00000000000000E-99
175   86     1.00000000000000E-99   1.00000000000000E-99
176   86     1.00000000000000E-99   1.00000000000000E-99
177   86     1.00000000000000E-99   1.00000000000000E-99
178   86     1.00000000000000E-99   1.00000000000000E-99
179   86     1.00000000000000E-99   1.00000000000000E-99
180   86     1.00000000000000E-99   1.00000000000000E-99
181   86     1.00000000000000E-99   1.00000000000000E-99
182   86     1.00000000000000E-99   1.00000000000000E-99
183   86     1.00000000000000E-99   1.00000000000000E-99
126   87     1.00000000000000E-99   1.00000000000000E-99
127   87     1.00000000000000E-99   1.00000000000000E-99
128   87     1.00000000000000E-99   1.00000000000000E-99
129   87     1.00000000000000E-99   1.00000000000000E-99
130   87     1.00000000000000E-99   1.00000000000000E-99
131   87     1.00000000000000E-99   1.00000000000000E-99
132   87     1.00000000000000E-99   1.00000000000000E-99
133   87     1.00000000000000E-99   1.00000000000000E-99
134   87     6.58544657810124E-22   1.45538369376037E-19
135   87     1.15706723257414E-22   2.56868925631459E-20
136   87     1.16405694290181E-20   2.59584698267104E-18
137   87     6.91327083867608E-20   1.54857266786344E-17
138   87     1.28925256833965E-17   2.90081827876421E-15
139   87     1.07382064513261E-16   2.42683465799969E-14
140   87     3.16850289217024E-15   7.19250156522644E-13
141   87     2.17937922992019E-14   4.96898464421803E-12
142   87     7.62421282554595E-13   1.74594473705002E-10
143   87     6.90302101202881E-12   1.58769483276663E-09
144   87     1.02472758550383E-10   2.36712072251385E-08
145   87     6.17023797650560E-10   1.43149521054930E-07
146   87     6.73768852033745E-09   1.56988142523863E-06
147   87     2.20545372470105E-08   5.16076171580045E-06
148   87     1.62962315712477E-07   3.82961441924320E-05
149   87     3.52092063167676E-07   8.30937269075714E-05
150   87     1.35899557361310E-06   3.22081950946305E-04
151   87     2.30549271871953E-06   5.48707267055248E-04
152   87     1.44040009521224E-05   3.44255622755726E-03
153   87     5.24128128763968E-06   1.25790750903352E-03
154   87     1.25460245851005E-05   3.02359192500921E-03
155   87     3.64110579346180E-06   8.81147602017756E-04
156   87     1.23650040690571E-05   3.00469598878088E-03
157   87     3.03610745914836E-06   7.40810220032199E-04
158   87     7.34323194995073E-06   1.79909182773793E-03
159   87     2.14840444332746E-06   5.28507493058555E-04
160   87     5.45878307262089E-06   1.34831941893736E-03
161   87     1.16447235014277E-06   2.88789142835406E-04
162   87     2.14056094515965E-06   5.32999675344753E-04
163   87     1.64884118993443E-07   4.12210297483608E-05
164   87     9.96998932976648E-10   2.50246732177139E-07
165   87     4.12095754258852E-12   1.03848130073231E-09
166   87     1.70683591338517E-12   4.31829486086448E-10
167   87     2.94180481306893E-13   7.47218422519508E-11
168   87     6.19833174819103E-13   1.58057459578871E-10
169   87     4.70566513154270E-14   1.20465027367493E-11
170   87     3.64771295436236E-13   9.37462229271127E-11
171   87     1.60622893348915E-14   4.14407064840202E-12
172   87     1.91053878790069E-12   4.94829546066279E-10
173   87     2.75076401348275E-18   7.15198643505514E-16
174   87     1.35314699293381E-20   3.53171365155724E-18
175   87     1.97578902941975E-23   5.17656725707973E-21
176   87     6.28249698976555E-20   1.65229670830834E-17
177   87     1.14082647412511E-23   3.01178189169029E-21
178   87     1.00000000000000E-99   1.00000000000000E-99
179   87     1.00000000000000E-99   1.00000000000000E-99
180   87     1.00000000000000E-99   1.00000000000000E-99
181   87     1.00000000000000E-99   1.00000000000000E-99
182   87     1.00000000000000E-99   1.00000000000000E-99
183   87     1.00000000000000E-99   1.00000000000000E-99
191   87     1.00000000000000E-99   1.00000000000000E-99
193   87     1.00000000000000E-99   1.00000000000000E-99
129   88     1.00000000000000E-99   1.00000000000000E-99
130   88     1.00000000000000E-99   1.00000000000000E-99
131   88     1.00000000000000E-99   1.00000000000000E-99
132   88     1.00000000000000E-99   1.00000000000000E-99
133   88     1.00000000000000E-99   1.00000000000000E-99
134   88     1.00000000000000E-99   1.00000000000000E-99
135   88     1.00000000000000E-99   1.00000000000000E-99
136   88     7.74788127977840E-24   1.73552540667036E-21
137   88     9.51519858838943E-22   2.14091968238762E-19
138   88     5.65815598821870E-20   1.27874325333743E-17
139   88     3.81243666764745E-19   8.65423123555972E-17
140   88     1.60088041221893E-17   3.65000733985916E-15
141   88     2.06831720162293E-16   4.73644639171651E-14
142   88     1.19521641558320E-14   2.74899775584136E-12
143   88     1.00137984895626E-13   2.31318745108897E-11
144   88     4.17613200023056E-12   9.68862624053490E-10
145   88     1.41680551598033E-11   3.30115685223416E-09
146   88     4.81267869315406E-10   1.12616681419805E-07
147   88     1.81251850323819E-09   4.25941848260976E-07
148   88     5.02604704044577E-08   1.18614710154520E-05
149   88     7.17835029215655E-08   1.70126901924110E-05
150   88     6.64043975200047E-07   1.58042466097611E-04
151   88     1.43783467952570E-06   3.43642488406643E-04
152   88     1.00878570974491E-05   2.42108570338778E-03
153   88     2.96640576846821E-06   7.14903790200840E-04
154   88     1.08833286552070E-05   2.63376553456008E-03
155   88     2.14231432239778E-06   5.20582380342661E-04
156   88     1.53785207098230E-05   3.75235905319680E-03
157   88     2.84432378085949E-06   6.96859326310576E-04
158   88     1.55895563200359E-05   3.83503085472882E-03
159   88     3.02256710205730E-06   7.46574074208154E-04
160   88     1.59026279955254E-05   3.94385174289031E-03
161   88     2.26432704396090E-06   5.63817433946264E-04
162   88     3.20777323346701E-06   8.01943308366751E-04
163   88     1.66449497654031E-07   4.17788239111619E-05
164   88     9.56091791558838E-08   2.40935131472827E-05
165   88     7.46493775664253E-13   1.88862925243056E-10
166   88     7.84795126467192E-11   1.99337962122667E-08
167   88     3.04341465691132E-10   7.76070737512386E-08
168   88     1.69418625850665E-09   4.33711682177702E-07
169   88     1.09462634484138E-10   2.81318970624235E-08
170   88     1.40775908631501E-10   3.63201844269272E-08
171   88     9.23438546037222E-13   2.39170583423640E-10
172   88     4.75899733628979E-08   1.23733930743535E-05
173   88     2.63250529484134E-16   6.87083881953590E-14
174   88     2.54424754429046E-18   6.66592856604101E-16
175   88     1.19842298741744E-20   3.15185245690788E-18
176   88     3.90663266657109E-15   1.03135102397477E-12
177   88     1.14642383152131E-19   3.03802315353146E-17
178   88     2.50736513075258E-23   6.66959124780186E-21
179   88     1.00000000000000E-99   1.00000000000000E-99
180   88     1.27252307246044E-25   3.41036183419397E-23
181   88     1.00000000000000E-99   1.00000000000000E-99
182   88     1.00000000000000E-99   1.00000000000000E-99
183   88     1.00000000000000E-99   1.00000000000000E-99
130   89     1.00000000000000E-99   1.00000000000000E-99
131   89     1.00000000000000E-99   1.00000000000000E-99
132   89     1.00000000000000E-99   1.00000000000000E-99
133   89     1.00000000000000E-99   1.00000000000000E-99
134   89     1.00000000000000E-99   1.00000000000000E-99
135   89     1.00000000000000E-99   1.00000000000000E-99
136   89     1.00000000000000E-99   1.00000000000000E-99
137   89     1.00000000000000E-99   1.00000000000000E-99
138   89     1.97502255004076E-24   4.48330118859252E-22
139   89     5.21735720899729E-25   1.18955744365138E-22
140   89     9.84956929452833E-21   2.25555136844699E-18
141   89     1.05937729463020E-20   2.43656777764946E-18
142   89     1.51589993300897E-17   3.50172884525072E-15
143   89     1.43788785430612E-16   3.33589982199020E-14
144   89     4.60013521717111E-15   1.07183150560087E-12
145   89     9.41192586322439E-14   2.20239065199451E-11
146   89     3.09547332218085E-12   7.27436230712499E-10
147   89     3.38946404709135E-11   7.99913515113559E-09
148   89     6.74764819935574E-10   1.59919262324731E-07
149   89     2.01996688883318E-09   4.80752119542298E-07
150   89     2.01480484322126E-08   4.81538357529881E-06
151   89     1.19198038878728E-07   2.86075293308947E-05
152   89     6.91825245865332E-07   1.66729884253545E-04
153   89     5.50686941688849E-07   1.33266239888701E-04
154   89     1.78337005041354E-06   4.33358922250490E-04
155   89     8.80795816408451E-07   2.14914179203662E-04
156   89     3.46560093210692E-06   8.49072228366195E-04
157   89     1.89005866288794E-06   4.64954431070433E-04
158   89     6.47837632609607E-06   1.60015895254573E-03
159   89     3.44829060320433E-06   8.55176069594674E-04
160   89     1.16486687115417E-05   2.90051850917389E-03
161   89     3.68745771097930E-06   9.21864427744825E-04
162   89     9.23466565687649E-06   2.31790107987600E-03
163   89     3.51435300641869E-06   8.85616957617510E-04
164   89     5.28598353031296E-06   1.33735383316918E-03
165   89     9.75984563368707E-09   2.47900079095652E-06
166   89     1.33015576431940E-09   3.39189719901447E-07
167   89     9.10750496541995E-10   2.33152127114751E-07
168   89     5.25447986270953E-09   1.35040132471635E-06
169   89     1.00982735950433E-09   2.60535458752118E-07
170   89     3.12686132439138E-08   8.09857083017367E-06
171   89     7.58162009792416E-09   1.97122122546028E-06
172   89     6.44183743083193E-07   1.68131956944713E-04
173   89     4.76447318498679E-11   1.24829197446654E-08
174   89     1.44566948383561E-12   3.80211074248765E-10
175   89     2.09968426549998E-14   5.54316646091994E-12
176   89     7.25465005883646E-14   1.92248226559166E-11
177   89     1.86352080345475E-16   4.95696533718964E-14
178   89     2.26924081591147E-17   6.05887297848362E-15
179   89     2.09728212163947E-20   5.62071608599379E-18
180   89     8.16366070864344E-20   2.19602473062508E-17
181   89     5.79447676754865E-23   1.56450872723814E-20
182   89     4.42464157419450E-23   1.19907786660671E-20
183   89     1.00000000000000E-99   1.00000000000000E-99
185   89     1.00000000000000E-99   1.00000000000000E-99
187   89     1.00000000000000E-99   1.00000000000000E-99
188   89     1.00000000000000E-99   1.00000000000000E-99
189   89     1.00000000000000E-99   1.00000000000000E-99
190   89     1.00000000000000E-99   1.00000000000000E-99
191   89     1.00000000000000E-99   1.00000000000000E-99
192   89     1.00000000000000E-99   1.00000000000000E-99
193   89     1.00000000000000E-99   1.00000000000000E-99
195   89     1.00000000000000E-99   1.00000000000000E-99
197   89     1.00000000000000E-99   1.00000000000000E-99
198   89     1.00000000000000E-99   1.00000000000000E-99
199   89     1.00000000000000E-99   1.00000000000000E-99
132   90     1.00000000000000E-99   1.00000000000000E-99
133   90     1.00000000000000E-99   1.00000000000000E-99
134   90     1.00000000000000E-99   1.00000000000000E-99
135   90     1.00000000000000E-99   1.00000000000000E-99
136   90     1.00000000000000E-99   1.00000000000000E-99
137   90     1.00000000000000E-99   1.00000000000000E-99
138   90     1.00000000000000E-99   1.00000000000000E-99
139   90     1.00000000000000E-99   1.00000000000000E-99
140   90     1.20943158012706E-24   2.78169263429224E-22
141   90     3.10316358530553E-22   7.16830788205579E-20
142   90     2.71432161577862E-20   6.29722614860640E-18
143   90     5.23910989980108E-19   1.22071260665365E-16
144   90     6.24046226088069E-17   1.46026816904608E-14
145   90     5.73626840832041E-16   1.34802307595530E-13
146   90     1.71286872803005E-13   4.04237019815091E-11
147   90     2.30914818707960E-12   5.47268120337865E-10
148   90     4.28316212033759E-11   1.01939258464035E-08
149   90     1.80646767159548E-10   4.31745773511320E-08
150   90     3.34265046312476E-09   8.02236111149943E-07
151   90     1.74992294791885E-08   4.21731430448443E-06
152   90     1.54775989037794E-07   3.74557893471461E-05
153   90     1.13999378482991E-07   2.77018489713668E-05
154   90     5.38106328912887E-07   1.31297944254744E-04
155   90     1.95660823473017E-07   4.79369017508891E-05
156   90     2.22184004507246E-06   5.46572651087825E-04
157   90     8.97826062740213E-07   2.21763037496833E-04
158   90     4.55677857398987E-06   1.13008108634949E-03
159   90     1.47556488197501E-06   3.67415655611776E-04
160   90     1.09015471670534E-05   2.72538679176336E-03
161   90     4.40593076801333E-06   1.10588862277135E-03
162   90     2.42969052567822E-05   6.12282012470911E-03
163   90     1.77515174271772E-06   4.49113390907583E-04
164   90     4.05928446108087E-06   1.03105825311454E-03
165   90     8.09558473816502E-08   2.06437410823208E-05
166   90     1.02873880268093E-08   2.63357133486317E-06
167   90     3.59754236262243E-09   9.24568387193964E-07
168   90     7.17015923330070E-07   1.84990108219158E-04
169   90     2.59685572169210E-07   6.72585631918255E-05
170   90     2.07398731900736E-06   5.39236702941914E-04
171   90     2.10833833747918E-08   5.50276306082065E-06
172   90     1.51000888097972E-06   3.95622326816688E-04
173   90     2.79714746871726E-11   7.35649784272639E-09
174   90     2.15240414407971E-11   5.68234694037042E-09
175   90     1.44523268757398E-12   3.82986662207103E-10
176   90     1.99458477705613E-09   5.30559550696931E-07
177   90     1.18624741306531E-12   3.16728059288437E-10
178   90     1.74095757919649E-13   4.66576631224659E-11
179   90     1.60218970044853E-17   4.30989029420654E-15
180   90     2.70716169679225E-16   7.30933658133907E-14
181   90     5.07616770945120E-20   1.37564144926128E-17
182   90     1.63157465516876E-18   4.43788306205902E-16
183   90     2.54481864493501E-23   6.94735490067258E-21
189   90     1.00000000000000E-99   1.00000000000000E-99
190   90     1.00000000000000E-99   1.00000000000000E-99
191   90     1.00000000000000E-99   1.00000000000000E-99
192   90     1.00000000000000E-99   1.00000000000000E-99
193   90     1.00000000000000E-99   1.00000000000000E-99
195   90     1.00000000000000E-99   1.00000000000000E-99
197   90     1.00000000000000E-99   1.00000000000000E-99
202   90     1.00000000000000E-99   1.00000000000000E-99
203   90     1.00000000000000E-99   1.00000000000000E-99
134   91     1.00000000000000E-99   1.00000000000000E-99
135   91     1.00000000000000E-99   1.00000000000000E-99
136   91     1.00000000000000E-99   1.00000000000000E-99
137   91     1.00000000000000E-99   1.00000000000000E-99
138   91     1.00000000000000E-99   1.00000000000000E-99
139   91     1.00000000000000E-99   1.00000000000000E-99
140   91     1.00000000000000E-99   1.00000000000000E-99
141   91     1.00000000000000E-99   1.00000000000000E-99
142   91     4.56711833266742E-24   1.06413857151151E-21
143   91     1.63945739804888E-24   3.83633031143438E-22
144   91     1.98473893814968E-20   4.66413650465174E-18
145   91     4.93230196013866E-19   1.16402326259272E-16
146   91     1.86319272074062E-16   4.41576674815528E-14
147   91     4.40264152233564E-16   1.04782868231588E-13
148   91     2.33443588772675E-13   5.57930177166694E-11
149   91     6.90297495867863E-13   1.65671399008287E-10
150   91     1.14690133601259E-11   2.76403221979033E-09
151   91     8.68027316142943E-11   2.10062610506592E-08
152   91     2.15006154250972E-09   5.22464954829862E-07
153   91     3.74123092604986E-09   9.12860345956166E-07
154   91     1.78755990655340E-08   4.37952177105582E-06
155   91     1.49397937666613E-08   3.67518926659867E-06
156   91     5.67388383123500E-08   1.40144930631505E-05
157   91     8.06650837499195E-08   2.00049407699800E-05
158   91     2.72468952343637E-07   6.78447691335657E-05
159   91     3.06979697053828E-07   7.67449242634571E-05
160   91     1.65606844206034E-06   4.15673178957146E-04
161   91     1.69486467007790E-06   4.27105896859631E-04
162   91     7.02016700076647E-06   1.77610225119392E-03
163   91     2.39937395676688E-06   6.09440985018787E-04
164   91     4.79803498762515E-06   1.22349892184441E-03
165   91     8.92311828829427E-07   2.28431828180333E-04
166   91     5.22490911413080E-06   1.34280164233161E-03
167   91     1.32264420846025E-07   3.41242205782744E-05
168   91     1.41711401169647E-06   3.67032529029385E-04
169   91     3.53337458805217E-07   9.18677392893564E-05
170   91     8.30283991510409E-07   2.16704121784217E-04
171   91     1.92520120626433E-07   5.04402716041255E-05
172   91     2.73292755011984E-06   7.18759945681518E-04
173   91     2.91297669636284E-09   7.69025847839790E-07
174   91     4.85536787217250E-09   1.28667248612571E-06
175   91     4.90845519002911E-10   1.30564908054774E-07
176   91     4.40337288130383E-09   1.17570055930812E-06
177   91     2.20621684890871E-10   5.91266115507533E-08
178   91     1.66525299243332E-10   4.47953054964564E-08
179   91     3.47758935270115E-13   9.38949125229309E-11
180   91     3.02662244523679E-12   8.20214682659169E-10
181   91     6.36045210894003E-15   1.73004297363169E-12
182   91     2.39285140821767E-14   6.53248434443425E-12
183   91     1.96522499573089E-17   5.38471648830263E-15
184   91     1.03055176915088E-20   2.83401736516491E-18
185   91     1.00000000000000E-99   1.00000000000000E-99
187   91     1.00000000000000E-99   1.00000000000000E-99
188   91     1.00000000000000E-99   1.00000000000000E-99
189   91     1.00000000000000E-99   1.00000000000000E-99
190   91     1.00000000000000E-99   1.00000000000000E-99
191   91     1.00000000000000E-99   1.00000000000000E-99
192   91     1.00000000000000E-99   1.00000000000000E-99
193   91     1.00000000000000E-99   1.00000000000000E-99
194   91     1.00000000000000E-99   1.00000000000000E-99
195   91     1.00000000000000E-99   1.00000000000000E-99
196   91     1.00000000000000E-99   1.00000000000000E-99
197   91     1.00000000000000E-99   1.00000000000000E-99
201   91     1.00000000000000E-99   1.00000000000000E-99
203   91     1.00000000000000E-99   1.00000000000000E-99
205   91     1.00000000000000E-99   1.00000000000000E-99
135   92     1.00000000000000E-99   1.00000000000000E-99
136   92     1.00000000000000E-99   1.00000000000000E-99
137   92     1.00000000000000E-99   1.00000000000000E-99
138   92     1.00000000000000E-99   1.00000000000000E-99
139   92     1.00000000000000E-99   1.00000000000000E-99
140   92     1.00000000000000E-99   1.00000000000000E-99
141   92     1.00000000000000E-99   1.00000000000000E-99
142   92     1.00000000000000E-99   1.00000000000000E-99
143   92     1.00000000000000E-99   1.00000000000000E-99
144   92     1.65952784270776E-23   3.91648570879031E-21
145   92     3.48465443249207E-21   8.25863100500621E-19
146   92     7.89067947180329E-20   1.87798171428918E-17
147   92     5.11123837445117E-19   1.22158597149383E-16
148   92     1.14700250825439E-15   2.75280601981053E-13
149   92     2.88534888032290E-15   6.95369080157818E-13
150   92     1.07772734264908E-13   2.60810016921078E-11
151   92     1.25093071836767E-12   3.03976164563344E-10
152   92     5.07573216208592E-11   1.23847864754896E-08
153   92     1.36942055439526E-10   3.35508035826838E-08
154   92     1.35624995300979E-09   3.33637488440409E-07
155   92     2.19999081280146E-10   5.43397730761960E-08
156   92     5.81333031295746E-09   1.44170591761345E-06
157   92     3.62120398138514E-09   9.01679791364901E-07
158   92     1.09225269185202E-07   2.73063172963005E-05
159   92     9.59181433398284E-08   2.40754539782969E-05
160   92     1.73723963697973E-06   4.37784388518893E-04
161   92     1.00133211006931E-06   2.53337023847536E-04
162   92     5.76719078650929E-06   1.46486645977336E-03
163   92     1.85905040648149E-06   4.74057853652779E-04
164   92     1.99011072367425E-05   5.09468345260608E-03
165   92     1.85466050601738E-06   4.76647750046466E-04
166   92     2.08613181076652E-05   5.38222007177762E-03
167   92     1.02443525392855E-06   2.65328730767494E-04
168   92     5.47607630096186E-06   1.42377983825008E-03
169   92     3.27794455229298E-07   8.55543528148467E-05
170   92     1.05306341339585E-05   2.75902614309714E-03
171   92     1.62519433008336E-07   4.27426108811923E-05
172   92     5.49245364320698E-06   1.45000776180664E-03
173   92     1.62201540375586E-09   4.29834081995304E-07
174   92     1.94502164619169E-07   5.17375757886988E-05
175   92     9.41377992412000E-09   2.51347923974004E-06
176   92     6.20379226660063E-07   1.66261632744897E-04
177   92     9.04137379832238E-09   2.43212955174872E-06
178   92     8.33372576180815E-09   2.25010595568820E-06
179   92     5.17739412154406E-11   1.40307380693844E-08
180   92     6.43941556488695E-10   1.75152103364925E-07
181   92     2.54404069341711E-11   6.94523109302871E-09
182   92     2.57036499021221E-11   7.04280007318146E-09
183   92     8.18237060708108E-15   2.25015191694730E-12
184   92     3.38925419387261E-17   9.35434157508842E-15
185   92     1.00000000000000E-99   1.00000000000000E-99
186   92     1.00000000000000E-99   1.00000000000000E-99
187   92     1.00000000000000E-99   1.00000000000000E-99
188   92     1.00000000000000E-99   1.00000000000000E-99
189   92     1.00000000000000E-99   1.00000000000000E-99
190   92     1.00000000000000E-99   1.00000000000000E-99
191   92     1.00000000000000E-99   1.00000000000000E-99
192   92     1.00000000000000E-99   1.00000000000000E-99
193   92     1.00000000000000E-99   1.00000000000000E-99
194   92     1.00000000000000E-99   1.00000000000000E-99
195   92     1.00000000000000E-99   1.00000000000000E-99
196   92     1.00000000000000E-99   1.00000000000000E-99
197   92     1.00000000000000E-99   1.00000000000000E-99
199   92     1.00000000000000E-99   1.00000000000000E-99
201   92     1.00000000000000E-99   1.00000000000000E-99
203   92     1.00000000000000E-99   1.00000000000000E-99
137   93     1.00000000000000E-99   1.00000000000000E-99
138   93     1.00000000000000E-99   1.00000000000000E-99
139   93     1.00000000000000E-99   1.00000000000000E-99
140   93     1.00000000000000E-99   1.00000000000000E-99
141   93     1.00000000000000E-99   1.00000000000000E-99
142   93     1.00000000000000E-99   1.00000000000000E-99
143   93     1.00000000000000E-99   1.00000000000000E-99
144   93     1.00000000000000E-99   1.00000000000000E-99
145   93     1.00000000000000E-99   1.00000000000000E-99
146   93     3.41621289908651E-24   8.16474882881676E-22
147   93     8.31696425790931E-23   1.99607142189824E-20
148   93     3.77489476122388E-19   9.09749637454956E-17
149   93     1.27408570694290E-18   3.08328741080182E-16
150   93     4.87737438103290E-17   1.18520197459100E-14
151   93     1.31066080984378E-15   3.19801237601883E-13
152   93     1.92401935552933E-13   4.71384742104685E-11
153   93     6.82682914947805E-13   1.67939997077160E-10
154   93     3.45533432952727E-12   8.53467579393236E-10
155   93     2.37937871763685E-12   5.90085921973938E-10
156   93     1.11977337701739E-11   2.78823570877331E-09
157   93     3.99034823606105E-11   9.97587059015262E-09
158   93     5.61036052543228E-10   1.40820049188350E-07
159   93     1.24617986561886E-09   3.14037326135953E-07
160   93     1.77688736086411E-08   4.49552502298619E-06
161   93     1.36685378833447E-08   3.47180862236954E-06
162   93     4.00882854746097E-07   1.02225127960255E-04
163   93     1.54545577404789E-07   3.95636678156260E-05
164   93     3.32103447498743E-06   8.53505860071769E-04
165   93     6.07627162481523E-07   1.56767807920233E-04
166   93     1.69160887763499E-06   4.38126699307463E-04
167   93     3.81126355916792E-08   9.90928525383659E-06
168   93     4.54943625292943E-06   1.18740286201458E-03
169   93     5.92065622145339E-08   1.55121193002079E-05
170   93     4.94699229040756E-07   1.30105897237719E-04
171   93     3.15067541542823E-07   8.31778309673053E-05
172   93     4.16962307734306E-06   1.10495011549591E-03
173   93     2.53244044814766E-08   6.73629159207278E-06
174   93     3.21785761433069E-07   8.59167983026294E-05
175   93     6.11569632207976E-08   1.63900661431738E-05
176   93     1.79799116247092E-07   4.83659622704678E-05
177   93     7.80426249772307E-09   2.10715087438523E-06
178   93     7.40612582332046E-08   2.00706009811985E-05
179   93     4.85811104197835E-10   1.32140620341811E-07
180   93     6.59585778832066E-10   1.80066917621154E-07
181   93     8.12971602214984E-12   2.22754219006906E-09
182   93     2.94451588060553E-12   8.09741867166521E-10
183   93     2.10734866574713E-14   5.81628231746208E-12
184   93     2.44855464855397E-16   6.78249637649450E-14
185   93     1.00000000000000E-99   1.00000000000000E-99
186   93     1.00000000000000E-99   1.00000000000000E-99
187   93     1.00000000000000E-99   1.00000000000000E-99
188   93     1.00000000000000E-99   1.00000000000000E-99
189   93     1.00000000000000E-99   1.00000000000000E-99
190   93     1.00000000000000E-99   1.00000000000000E-99
191   93     1.00000000000000E-99   1.00000000000000E-99
192   93     1.00000000000000E-99   1.00000000000000E-99
193   93     1.00000000000000E-99   1.00000000000000E-99
194   93     1.00000000000000E-99   1.00000000000000E-99
195   93     1.00000000000000E-99   1.00000000000000E-99
197   93     1.00000000000000E-99   1.00000000000000E-99
199   93     1.00000000000000E-99   1.00000000000000E-99
200   93     1.00000000000000E-99   1.00000000000000E-99
201   93     1.00000000000000E-99   1.00000000000000E-99
202   93     1.00000000000000E-99   1.00000000000000E-99
203   93     1.00000000000000E-99   1.00000000000000E-99
205   93     1.00000000000000E-99   1.00000000000000E-99
206   93     1.00000000000000E-99   1.00000000000000E-99
207   93     1.00000000000000E-99   1.00000000000000E-99
209   93     1.00000000000000E-99   1.00000000000000E-99
139   94     1.00000000000000E-99   1.00000000000000E-99
140   94     1.00000000000000E-99   1.00000000000000E-99
141   94     1.00000000000000E-99   1.00000000000000E-99
142   94     1.00000000000000E-99   1.00000000000000E-99
143   94     1.00000000000000E-99   1.00000000000000E-99
144   94     1.00000000000000E-99   1.00000000000000E-99
145   94     1.00000000000000E-99   1.00000000000000E-99
146   94     1.00000000000000E-99   1.00000000000000E-99
147   94     1.35560610246285E-24   3.26701070693546E-22
148   94     1.75507634182492E-22   4.24728474721631E-20
149   94     1.33681976368618E-21   3.24847202575742E-19
150   94     2.56828987049947E-19   6.26662728401870E-17
151   94     5.77647103453231E-17   1.41523540346042E-14
152   94     3.11806457711541E-15   7.67043885970392E-13
153   94     3.83080928369927E-15   9.46209893073721E-13
154   94     5.59378316696314E-15   1.38725822540686E-12
155   94     1.55028786228684E-15   3.86021677709424E-13
156   94     1.25700495841528E-13   3.14251239603820E-11
157   94     1.28131561104175E-13   3.21610218371479E-11
158   94     2.18799978003470E-11   5.51375944568745E-09
159   94     7.91461014258603E-12   2.00239636607427E-09
160   94     2.73407782399196E-09   6.94455767293957E-07
161   94     4.48930629300119E-10   1.14477310471530E-07
162   94     4.00780418745373E-07   1.02599787198815E-04
163   94     8.19067840723185E-09   2.10500435065859E-06
164   94     9.53873997211244E-07   2.46099491280501E-04
165   94     5.37640825536712E-09   1.39248973814008E-06
166   94     8.00085840570316E-07   2.08022318548282E-04
167   94     2.23506627024696E-09   5.83352296534456E-07
168   94     1.15479219312396E-07   3.02555554598477E-05
169   94     1.53328325723585E-09   4.03253496653029E-07
170   94     4.85802718106408E-08   1.28251917580092E-05
171   94     1.00436756317678E-08   2.66157404241848E-06
172   94     2.59625270177353E-06   6.90603218671760E-04
173   94     9.24795589124481E-10   2.46920422296236E-07
174   94     1.23625913141554E-06   3.31317447219366E-04
175   94     4.94196670780305E-09   1.32938904439902E-06
176   94     4.13548842938857E-06   1.11658187593491E-03
177   94     4.34048425454518E-08   1.17627123298174E-05
178   94     8.69952960578839E-07   2.36627205277444E-04
179   94     3.45737547109939E-09   9.43863503610134E-07
180   94     4.74612145200194E-07   1.30043727784853E-04
181   94     4.10571908639854E-09   1.12907274875960E-06
182   94     4.08684064315528E-08   1.12796801751086E-05
183   94     2.64527717079659E-11   7.32741776310656E-09
184   94     8.60987178857417E-12   2.39354435722362E-09
185   94     6.97163441904757E-24   1.94508600291427E-21
186   94     2.30357732037390E-20   6.45001649704693E-18
187   94     1.00000000000000E-99   1.00000000000000E-99
188   94     1.00000000000000E-99   1.00000000000000E-99
189   94     1.00000000000000E-99   1.00000000000000E-99
190   94     1.00000000000000E-99   1.00000000000000E-99
191   94     1.00000000000000E-99   1.00000000000000E-99
192   94     1.00000000000000E-99   1.00000000000000E-99
193   94     1.00000000000000E-99   1.00000000000000E-99
194   94     1.00000000000000E-99   1.00000000000000E-99
195   94     1.00000000000000E-99   1.00000000000000E-99
196   94     1.00000000000000E-99   1.00000000000000E-99
197   94     1.00000000000000E-99   1.00000000000000E-99
198   94     1.00000000000000E-99   1.00000000000000E-99
199   94     1.00000000000000E-99   1.00000000000000E-99
200   94     1.00000000000000E-99   1.00000000000000E-99
201   94     1.00000000000000E-99   1.00000000000000E-99
203   94     1.00000000000000E-99   1.00000000000000E-99
205   94     1.00000000000000E-99   1.00000000000000E-99
207   94     1.00000000000000E-99   1.00000000000000E-99
209   94     1.00000000000000E-99   1.00000000000000E-99
141   95     1.00000000000000E-99   1.00000000000000E-99
142   95     1.00000000000000E-99   1.00000000000000E-99
143   95     1.00000000000000E-99   1.00000000000000E-99
144   95     1.00000000000000E-99   1.00000000000000E-99
145   95     1.00000000000000E-99   1.00000000000000E-99
146   95     1.00000000000000E-99   1.00000000000000E-99
147   95     1.00000000000000E-99   1.00000000000000E-99
148   95     1.00000000000000E-99   1.00000000000000E-99
149   95     1.00000000000000E-99   1.00000000000000E-99
150   95     1.71113617547473E-23   4.19228362991309E-21
151   95     1.63599529487044E-23   4.02454842538129E-21
152   95     1.70155261788739E-22   4.20283496618186E-20
153   95     2.15307013456385E-20   5.33961393371835E-18
154   95     1.48950678461557E-19   3.70887189369277E-17
155   95     1.17795227609017E-18   2.94488069022544E-16
156   95     3.98334712177707E-18   9.99820127566045E-16
157   95     5.76787903933181E-16   1.45350551791162E-13
158   95     9.77767387932659E-16   2.47375149146963E-13
159   95     2.38301534539802E-13   6.05285897731098E-11
160   95     2.08874054953742E-13   5.32628840132042E-11
161   95     9.22604797661916E-11   2.36186828201450E-08
162   95     2.81684426496660E-11   7.23928976096417E-09
163   95     5.59838992280848E-10   1.44438460008459E-07
164   95     1.32554899756893E-09   3.43317190370353E-07
165   95     1.80453336456220E-09   4.69178674786172E-07
166   95     1.04672421238242E-10   2.73195019431812E-08
167   95     2.76564548445981E-10   7.24599116928471E-08
168   95     8.65231428943836E-11   2.27555865812229E-08
169   95     1.45920126485105E-10   3.85229133920677E-08
170   95     1.02979134788688E-09   2.72894707190024E-07
171   95     3.74601567527400E-09   9.96440169622885E-07
172   95     1.05240338418743E-07   2.80991703578044E-05
173   95     6.12642239366530E-10   1.64188120150230E-07
174   95     5.94239268877296E-08   1.59850363327993E-05
175   95     2.87273023459293E-09   7.75637163340090E-07
176   95     2.00617164574048E-06   5.43672515995671E-04
177   95     1.29317318537800E-07   3.51743106422816E-05
178   95     1.36199911324235E-06   3.71825757915160E-04
179   95     2.14571799911710E-08   5.87926731758086E-06
180   95     1.09036188549930E-07   2.99849518512309E-05
181   95     5.09613522649787E-09   1.40653332251341E-06
182   95     2.05557053949120E-09   5.69393039439062E-07
183   95     4.57807762662198E-11   1.27270558020091E-08
184   95     1.28091463947780E-12   3.57375184414306E-10
185   95     3.93209656864850E-18   1.10098703922158E-15
186   95     3.76108263519164E-20   1.05686422048885E-17
187   95     4.20817707017787E-23   1.18670593379016E-20
188   95     6.01156343925898E-23   1.70127245331029E-20
189   95     2.69310816244011E-25   7.64842718132993E-23
190   95     1.61729410168488E-25   4.60928818980190E-23
191   95     1.00000000000000E-99   1.00000000000000E-99
192   95     1.00000000000000E-99   1.00000000000000E-99
193   95     1.00000000000000E-99   1.00000000000000E-99
194   95     1.00000000000000E-99   1.00000000000000E-99
195   95     1.00000000000000E-99   1.00000000000000E-99
196   95     1.00000000000000E-99   1.00000000000000E-99
197   95     1.00000000000000E-99   1.00000000000000E-99
198   95     1.00000000000000E-99   1.00000000000000E-99
199   95     1.00000000000000E-99   1.00000000000000E-99
200   95     1.00000000000000E-99   1.00000000000000E-99
201   95     1.00000000000000E-99   1.00000000000000E-99
202   95     1.00000000000000E-99   1.00000000000000E-99
203   95     1.00000000000000E-99   1.00000000000000E-99
204   95     1.00000000000000E-99   1.00000000000000E-99
205   95     1.00000000000000E-99   1.00000000000000E-99
206   95     1.00000000000000E-99   1.00000000000000E-99
207   95     1.00000000000000E-99   1.00000000000000E-99
208   95     1.00000000000000E-99   1.00000000000000E-99
209   95     1.00000000000000E-99   1.00000000000000E-99
211   95     1.00000000000000E-99   1.00000000000000E-99
213   95     1.00000000000000E-99   1.00000000000000E-99
144   96     1.00000000000000E-99   1.00000000000000E-99
145   96     1.00000000000000E-99   1.00000000000000E-99
146   96     1.00000000000000E-99   1.00000000000000E-99
147   96     1.00000000000000E-99   1.00000000000000E-99
148   96     1.00000000000000E-99   1.00000000000000E-99
149   96     1.00000000000000E-99   1.00000000000000E-99
150   96     1.00000000000000E-99   1.00000000000000E-99
151   96     1.00000000000000E-99   1.00000000000000E-99
152   96     1.00000000000000E-99   1.00000000000000E-99
153   96     1.81245693936435E-24   4.51301777901723E-22
154   96     9.99174609513734E-22   2.49793652378433E-19
155   96     2.46269249192020E-22   6.18135815471970E-20
156   96     1.09639543530655E-19   2.76291649697251E-17
157   96     9.69913282687011E-20   2.45388060519814E-17
158   96     6.94000715826836E-17   1.76276181820016E-14
159   96     4.79723555129511E-17   1.22329506558025E-14
160   96     8.36215625825810E-14   2.14071200211407E-11
161   96     3.23806438383473E-14   8.32182546645525E-12
162   96     2.60747428591704E-12   6.72728365766596E-10
163   96     2.82369611207404E-12   7.31337293027177E-10
164   96     4.65030714867196E-12   1.20907985865471E-09
165   96     1.23138693654224E-12   3.21391990437525E-10
166   96     1.05049513951352E-12   2.75229726552542E-10
167   96     5.32080808759743E-13   1.39937252703812E-10
168   96     1.51876958109025E-11   4.00955169407826E-09
169   96     1.42540155675462E-11   3.77731412539976E-09
170   96     8.30408117022706E-11   2.20888559128040E-08
171   96     1.20406600060302E-10   3.21485622161007E-08
172   96     3.44272610112186E-09   9.22650595100658E-07
173   96     3.99598139284587E-11   1.07491899467554E-08
174   96     1.55243915071874E-08   4.19158570694061E-06
175   96     2.15334601756950E-09   5.83556770761335E-07
176   96     3.12837886928820E-06   8.50919052446390E-04
177   96     1.13384236026878E-08   3.09538964353378E-06
178   96     1.24085449901964E-06   3.39994132731381E-04
179   96     1.46607071400552E-09   4.03169446351517E-07
180   96     7.40881973084528E-07   2.04483424571330E-04
181   96     9.93933309846986E-10   2.75319526827615E-07
182   96     4.41275127920162E-08   1.22674485561805E-05
183   96     2.79833960408680E-11   7.80736749540218E-09
184   96     6.22593924537160E-14   1.74326298870405E-11
185   96     1.68195129504821E-20   4.72628313908548E-18
186   96     1.72834550274480E-23   4.87393431774033E-21
187   96     1.06035132392240E-25   3.00079424670039E-23
188   96     1.00000000000000E-99   1.00000000000000E-99
189   96     1.00000000000000E-99   1.00000000000000E-99
190   96     1.00000000000000E-99   1.00000000000000E-99
191   96     1.00000000000000E-99   1.00000000000000E-99
192   96     1.00000000000000E-99   1.00000000000000E-99
193   96     1.00000000000000E-99   1.00000000000000E-99
194   96     1.00000000000000E-99   1.00000000000000E-99
195   96     1.00000000000000E-99   1.00000000000000E-99
196   96     1.00000000000000E-99   1.00000000000000E-99
197   96     1.00000000000000E-99   1.00000000000000E-99
198   96     1.00000000000000E-99   1.00000000000000E-99
199   96     1.00000000000000E-99   1.00000000000000E-99
200   96     1.00000000000000E-99   1.00000000000000E-99
201   96     1.00000000000000E-99   1.00000000000000E-99
202   96     1.00000000000000E-99   1.00000000000000E-99
203   96     1.00000000000000E-99   1.00000000000000E-99
204   96     1.00000000000000E-99   1.00000000000000E-99
205   96     1.00000000000000E-99   1.00000000000000E-99
206   96     1.00000000000000E-99   1.00000000000000E-99
207   96     1.00000000000000E-99   1.00000000000000E-99
208   96     1.00000000000000E-99   1.00000000000000E-99
209   96     1.00000000000000E-99   1.00000000000000E-99
211   96     1.00000000000000E-99   1.00000000000000E-99
213   96     1.00000000000000E-99   1.00000000000000E-99
215   96     1.00000000000000E-99   1.00000000000000E-99
145   97     1.00000000000000E-99   1.00000000000000E-99
146   97     1.00000000000000E-99   1.00000000000000E-99
147   97     1.00000000000000E-99   1.00000000000000E-99
148   97     1.00000000000000E-99   1.00000000000000E-99
149   97     1.00000000000000E-99   1.00000000000000E-99
150   97     1.00000000000000E-99   1.00000000000000E-99
151   97     1.00000000000000E-99   1.00000000000000E-99
152   97     1.00000000000000E-99   1.00000000000000E-99
153   97     1.00000000000000E-99   1.00000000000000E-99
154   97     1.00000000000000E-99   1.00000000000000E-99
155   97     1.00000000000000E-99   1.00000000000000E-99
156   97     3.68276535016404E-25   9.31739633591502E-23
157   97     7.50806391799372E-23   1.90704823517040E-20
158   97     5.28644257682649E-22   1.34804285709075E-19
159   97     7.69049190273771E-19   1.96876592710085E-16
160   97     1.67455071038441E-18   4.30359532568793E-16
161   97     1.07187666194929E-16   2.76544178782917E-14
162   97     4.92041522798716E-16   1.27438754404867E-13
163   97     6.78851444492548E-16   1.76501375568062E-13
164   97     7.21576353398960E-16   1.88331428237129E-13
165   97     3.43973498529582E-16   9.01210566147505E-14
166   97     1.83599241978063E-15   4.82866006402307E-13
167   97     5.59483896226096E-15   1.47703748603689E-12
168   97     2.78267225047599E-14   7.37408146376137E-12
169   97     3.63196037797806E-13   9.66101460542163E-11
170   97     1.74882645607573E-13   4.66936663772221E-11
171   97     1.69919065799580E-12   4.55383096342875E-10
172   97     5.04601126748860E-11   1.35737703095443E-08
173   97     1.43439344431401E-11   3.87286229964783E-09
174   97     3.77910958586967E-09   1.02413869777068E-06
175   97     1.93784337444009E-09   5.27093397847705E-07
176   97     1.87113821317876E-08   5.10820732197800E-06
177   97     4.25829920653335E-09   1.16677398259014E-06
178   97     3.21128224500320E-08   8.83102617375879E-06
179   97     2.66405031804513E-11   7.35277887780456E-09
180   97     6.81962937451068E-09   1.88903733673946E-06
181   97     7.31231092620290E-12   2.03282243748440E-09
182   97     5.34797159971136E-14   1.49208407631947E-11
183   97     2.88861919048243E-17   8.08813373335080E-15
184   97     1.99816169794251E-21   5.61483437121845E-19
185   97     1.00000000000000E-99   1.00000000000000E-99
186   97     1.00000000000000E-99   1.00000000000000E-99
187   97     1.00000000000000E-99   1.00000000000000E-99
188   97     1.00000000000000E-99   1.00000000000000E-99
189   97     1.00000000000000E-99   1.00000000000000E-99
190   97     1.00000000000000E-99   1.00000000000000E-99
191   97     1.00000000000000E-99   1.00000000000000E-99
192   97     1.00000000000000E-99   1.00000000000000E-99
193   97     1.00000000000000E-99   1.00000000000000E-99
194   97     1.00000000000000E-99   1.00000000000000E-99
195   97     1.00000000000000E-99   1.00000000000000E-99
196   97     1.00000000000000E-99   1.00000000000000E-99
197   97     1.00000000000000E-99   1.00000000000000E-99
198   97     1.00000000000000E-99   1.00000000000000E-99
199   97     1.00000000000000E-99   1.00000000000000E-99
200   97     1.00000000000000E-99   1.00000000000000E-99
201   97     1.00000000000000E-99   1.00000000000000E-99
202   97     1.00000000000000E-99   1.00000000000000E-99
203   97     1.00000000000000E-99   1.00000000000000E-99
204   97     1.00000000000000E-99   1.00000000000000E-99
205   97     1.00000000000000E-99   1.00000000000000E-99
206   97     1.00000000000000E-99   1.00000000000000E-99
207   97     1.00000000000000E-99   1.00000000000000E-99
208   97     1.00000000000000E-99   1.00000000000000E-99
209   97     1.00000000000000E-99   1.00000000000000E-99
210   97     1.00000000000000E-99   1.00000000000000E-99
211   97     1.00000000000000E-99   1.00000000000000E-99
213   97     1.00000000000000E-99   1.00000000000000E-99
215   97     1.00000000000000E-99   1.00000000000000E-99
217   97     1.00000000000000E-99   1.00000000000000E-99
147   98     1.00000000000000E-99   1.00000000000000E-99
148   98     1.00000000000000E-99   1.00000000000000E-99
149   98     1.00000000000000E-99   1.00000000000000E-99
150   98     1.00000000000000E-99   1.00000000000000E-99
151   98     1.00000000000000E-99   1.00000000000000E-99
152   98     1.00000000000000E-99   1.00000000000000E-99
153   98     1.00000000000000E-99   1.00000000000000E-99
154   98     1.00000000000000E-99   1.00000000000000E-99
155   98     1.00000000000000E-99   1.00000000000000E-99
156   98     1.00000000000000E-99   1.00000000000000E-99
157   98     1.00000000000000E-99   1.00000000000000E-99
158   98     1.00089253180547E-23   2.56228488142201E-21
159   98     1.14771393833301E-23   2.94962482151584E-21
160   98     4.21969978348020E-21   1.08868254413789E-18
161   98     1.32838050897354E-20   3.44050551824148E-18
162   98     9.03184419518242E-20   2.34827949074743E-17
163   98     9.68017364998343E-20   2.52652532264568E-17
164   98     2.18661298495370E-19   5.72892602057869E-17
165   98     8.52016131634270E-19   2.24080242619813E-16
166   98     1.91421270293095E-17   5.05352153573772E-15
167   98     4.78202707351639E-17   1.26723717448184E-14
168   98     6.08046365964746E-16   1.61740333346623E-13
169   98     3.84690385277999E-15   1.02712332869226E-12
170   98     6.63243024611104E-15   1.77749130595776E-12
171   98     4.37188622750811E-14   1.17603739519968E-11
172   98     2.60835706888586E-11   7.04256408599181E-09
173   98     3.90202324359239E-12   1.05744829901354E-09
174   98     2.59003568601228E-11   7.04489706595341E-09
175   98     2.43879667312344E-11   6.65791491762698E-09
176   98     4.09839947274143E-10   1.12296145553115E-07
177   98     1.47457383590547E-10   4.05507804874005E-08
178   98     8.85419368825904E-10   2.44375745795950E-07
179   98     1.52163824680631E-13   4.21493794365348E-11
180   98     2.22529960346496E-14   6.18633289763258E-12
181   98     1.60775887138462E-18   4.48564725116308E-16
182   98     2.85239833518842E-21   7.98671533852758E-19
183   98     1.00000000000000E-99   1.00000000000000E-99
184   98     1.00000000000000E-99   1.00000000000000E-99
185   98     1.00000000000000E-99   1.00000000000000E-99
186   98     1.00000000000000E-99   1.00000000000000E-99
187   98     1.00000000000000E-99   1.00000000000000E-99
188   98     1.00000000000000E-99   1.00000000000000E-99
189   98     1.00000000000000E-99   1.00000000000000E-99
190   98     1.00000000000000E-99   1.00000000000000E-99
191   98     1.00000000000000E-99   1.00000000000000E-99
192   98     1.00000000000000E-99   1.00000000000000E-99
193   98     1.00000000000000E-99   1.00000000000000E-99
194   98     1.00000000000000E-99   1.00000000000000E-99
195   98     1.00000000000000E-99   1.00000000000000E-99
196   98     1.00000000000000E-99   1.00000000000000E-99
197   98     1.00000000000000E-99   1.00000000000000E-99
198   98     1.00000000000000E-99   1.00000000000000E-99
199   98     1.00000000000000E-99   1.00000000000000E-99
200   98     1.00000000000000E-99   1.00000000000000E-99
201   98     1.00000000000000E-99   1.00000000000000E-99
202   98     1.00000000000000E-99   1.00000000000000E-99
203   98     1.00000000000000E-99   1.00000000000000E-99
204   98     1.00000000000000E-99   1.00000000000000E-99
205   98     1.00000000000000E-99   1.00000000000000E-99
206   98     1.00000000000000E-99   1.00000000000000E-99
207   98     1.00000000000000E-99   1.00000000000000E-99
208   98     1.00000000000000E-99   1.00000000000000E-99
209   98     1.00000000000000E-99   1.00000000000000E-99
210   98     1.00000000000000E-99   1.00000000000000E-99
211   98     1.00000000000000E-99   1.00000000000000E-99
213   98     1.00000000000000E-99   1.00000000000000E-99
215   98     1.00000000000000E-99   1.00000000000000E-99
217   98     1.00000000000000E-99   1.00000000000000E-99
219   98     1.00000000000000E-99   1.00000000000000E-99
221   98     1.00000000000000E-99   1.00000000000000E-99
149   99     1.00000000000000E-99   1.00000000000000E-99
150   99     1.00000000000000E-99   1.00000000000000E-99
151   99     1.00000000000000E-99   1.00000000000000E-99
152   99     1.00000000000000E-99   1.00000000000000E-99
153   99     1.00000000000000E-99   1.00000000000000E-99
154   99     1.00000000000000E-99   1.00000000000000E-99
155   99     1.00000000000000E-99   1.00000000000000E-99
156   99     1.00000000000000E-99   1.00000000000000E-99
157   99     1.00000000000000E-99   1.00000000000000E-99
158   99     1.00000000000000E-99   1.00000000000000E-99
159   99     1.00000000000000E-99   1.00000000000000E-99
160   99     1.00000000000000E-99   1.00000000000000E-99
161   99     1.00000000000000E-99   1.00000000000000E-99
162   99     1.28412497110951E-24   3.35156617459581E-22
163   99     2.95482615208721E-24   7.74164451846850E-22
164   99     1.26193135364651E-22   3.31887946009033E-20
165   99     8.43921028273160E-22   2.22795151464114E-19
166   99     5.92016126563916E-20   1.56884273539438E-17
167   99     2.69444146215680E-20   7.16721428933710E-18
168   99     8.06840240024308E-19   2.15426344086490E-16
169   99     5.47726723826992E-18   1.46790761985634E-15
170   99     2.15118327975880E-17   5.78668302255116E-15
171   99     1.13024014310219E-14   3.05164838637591E-12
172   99     1.57805819839437E-15   4.27653771764875E-13
173   99     1.19134683812464E-14   3.24046339969901E-12
174   99     4.74109554152657E-14   1.29431908283675E-11
175   99     3.87289205677113E-13   1.06117242355529E-10
176   99     5.54132387115361E-13   1.52386406456724E-10
177   99     2.31527506561083E-12   6.39015918108590E-10
178   99     6.54032523664184E-17   1.81167009054979E-14
179   99     3.22507116527695E-21   8.96569783946992E-19
180   99     7.62991260174633E-24   2.12874561588723E-21
181   99     1.00000000000000E-99   1.00000000000000E-99
182   99     1.00000000000000E-99   1.00000000000000E-99
183   99     1.00000000000000E-99   1.00000000000000E-99
184   99     1.00000000000000E-99   1.00000000000000E-99
185   99     1.00000000000000E-99   1.00000000000000E-99
186   99     1.00000000000000E-99   1.00000000000000E-99
187   99     1.00000000000000E-99   1.00000000000000E-99
188   99     1.00000000000000E-99   1.00000000000000E-99
189   99     1.00000000000000E-99   1.00000000000000E-99
190   99     1.00000000000000E-99   1.00000000000000E-99
191   99     1.00000000000000E-99   1.00000000000000E-99
192   99     1.00000000000000E-99   1.00000000000000E-99
193   99     1.00000000000000E-99   1.00000000000000E-99
194   99     1.00000000000000E-99   1.00000000000000E-99
195   99     1.00000000000000E-99   1.00000000000000E-99
196   99     1.00000000000000E-99   1.00000000000000E-99
197   99     1.00000000000000E-99   1.00000000000000E-99
198   99     1.00000000000000E-99   1.00000000000000E-99
199   99     1.00000000000000E-99   1.00000000000000E-99
200   99     1.00000000000000E-99   1.00000000000000E-99
201   99     1.00000000000000E-99   1.00000000000000E-99
202   99     1.00000000000000E-99   1.00000000000000E-99
203   99     1.00000000000000E-99   1.00000000000000E-99
204   99     1.00000000000000E-99   1.00000000000000E-99
205   99     1.00000000000000E-99   1.00000000000000E-99
206   99     1.00000000000000E-99   1.00000000000000E-99
207   99     1.00000000000000E-99   1.00000000000000E-99
208   99     1.00000000000000E-99   1.00000000000000E-99
209   99     1.00000000000000E-99   1.00000000000000E-99
210   99     1.00000000000000E-99   1.00000000000000E-99
211   99     1.00000000000000E-99   1.00000000000000E-99
212   99     1.00000000000000E-99   1.00000000000000E-99
213   99     1.00000000000000E-99   1.00000000000000E-99
215   99     1.00000000000000E-99   1.00000000000000E-99
216   99     1.00000000000000E-99   1.00000000000000E-99
217   99     1.00000000000000E-99   1.00000000000000E-99
219   99     1.00000000000000E-99   1.00000000000000E-99
221   99     1.00000000000000E-99   1.00000000000000E-99
223   99     1.00000000000000E-99   1.00000000000000E-99
151  100     1.00000000000000E-99   1.00000000000000E-99
152  100     1.00000000000000E-99   1.00000000000000E-99
153  100     1.00000000000000E-99   1.00000000000000E-99
154  100     1.00000000000000E-99   1.00000000000000E-99
155  100     1.00000000000000E-99   1.00000000000000E-99
156  100     1.00000000000000E-99   1.00000000000000E-99
157  100     1.00000000000000E-99   1.00000000000000E-99
158  100     1.00000000000000E-99   1.00000000000000E-99
159  100     1.00000000000000E-99   1.00000000000000E-99
160  100     1.00000000000000E-99   1.00000000000000E-99
161  100     1.00000000000000E-99   1.00000000000000E-99
162  100     1.00000000000000E-99   1.00000000000000E-99
163  100     1.00000000000000E-99   1.00000000000000E-99
164  100     1.79531129702015E-25   4.73962182413319E-23
165  100     7.68999389007316E-24   2.03784838086939E-21
166  100     2.97614451287020E-23   7.91654440423474E-21
167  100     4.30518937012765E-23   1.14948556182408E-20
168  100     3.19180096008330E-21   8.55402657302325E-19
169  100     9.13304660224763E-19   2.45678953600461E-16
170  100     1.10101950073832E-17   2.97275265199348E-15
171  100     2.16315962745806E-18   5.86216259041135E-16
172  100     3.72289601307255E-17   1.01262771555573E-14
173  100     3.13833434911806E-16   8.56765277309230E-14
174  100     1.40314072781547E-15   3.84460559421439E-13
175  100     4.36541853558849E-15   1.20049009728683E-12
176  100     3.62749174160393E-15   1.00118772068268E-12
177  100     1.50276339889331E-19   4.16265461493447E-17
178  100     1.67823144674994E-24   4.66548342196484E-22
179  100     1.00000000000000E-99   1.00000000000000E-99
180  100     1.00000000000000E-99   1.00000000000000E-99
181  100     1.00000000000000E-99   1.00000000000000E-99
182  100     1.00000000000000E-99   1.00000000000000E-99
183  100     1.00000000000000E-99   1.00000000000000E-99
184  100     1.00000000000000E-99   1.00000000000000E-99
185  100     1.00000000000000E-99   1.00000000000000E-99
186  100     1.00000000000000E-99   1.00000000000000E-99
187  100     1.00000000000000E-99   1.00000000000000E-99
188  100     1.00000000000000E-99   1.00000000000000E-99
189  100     1.00000000000000E-99   1.00000000000000E-99
190  100     1.00000000000000E-99   1.00000000000000E-99
191  100     1.00000000000000E-99   1.00000000000000E-99
192  100     1.00000000000000E-99   1.00000000000000E-99
193  100     1.00000000000000E-99   1.00000000000000E-99
194  100     1.00000000000000E-99   1.00000000000000E-99
195  100     1.00000000000000E-99   1.00000000000000E-99
196  100     1.00000000000000E-99   1.00000000000000E-99
197  100     1.00000000000000E-99   1.00000000000000E-99
198  100     1.00000000000000E-99   1.00000000000000E-99
199  100     1.00000000000000E-99   1.00000000000000E-99
200  100     1.00000000000000E-99   1.00000000000000E-99
201  100     1.00000000000000E-99   1.00000000000000E-99
202  100     1.00000000000000E-99   1.00000000000000E-99
203  100     1.00000000000000E-99   1.00000000000000E-99
204  100     1.00000000000000E-99   1.00000000000000E-99
205  100     1.00000000000000E-99   1.00000000000000E-99
206  100     1.00000000000000E-99   1.00000000000000E-99
207  100     1.00000000000000E-99   1.00000000000000E-99
208  100     1.00000000000000E-99   1.00000000000000E-99
209  100     1.00000000000000E-99   1.00000000000000E-99
210  100     1.00000000000000E-99   1.00000000000000E-99
211  100     1.00000000000000E-99   1.00000000000000E-99
213  100     1.00000000000000E-99   1.00000000000000E-99
215  100     1.00000000000000E-99   1.00000000000000E-99
217  100     1.00000000000000E-99   1.00000000000000E-99
218  100     1.00000000000000E-99   1.00000000000000E-99
219  100     1.00000000000000E-99   1.00000000000000E-99
221  100     1.00000000000000E-99   1.00000000000000E-99
223  100     1.00000000000000E-99   1.00000000000000E-99
225  100     1.00000000000000E-99   1.00000000000000E-99
152  101     1.00000000000000E-99   1.00000000000000E-99
153  101     1.00000000000000E-99   1.00000000000000E-99
154  101     1.00000000000000E-99   1.00000000000000E-99
155  101     1.00000000000000E-99   1.00000000000000E-99
156  101     1.00000000000000E-99   1.00000000000000E-99
157  101     1.00000000000000E-99   1.00000000000000E-99
158  101     1.00000000000000E-99   1.00000000000000E-99
159  101     1.00000000000000E-99   1.00000000000000E-99
160  101     1.00000000000000E-99   1.00000000000000E-99
161  101     1.00000000000000E-99   1.00000000000000E-99
162  101     1.00000000000000E-99   1.00000000000000E-99
163  101     1.00000000000000E-99   1.00000000000000E-99
164  101     1.00000000000000E-99   1.00000000000000E-99
165  101     1.00000000000000E-99   1.00000000000000E-99
166  101     1.00000000000000E-99   1.00000000000000E-99
167  101     1.00000000000000E-99   1.00000000000000E-99
168  101     2.48767255002590E-23   6.69183915956968E-21
169  101     4.66984867057111E-22   1.26085914105420E-19
170  101     2.87451461165037E-22   7.78993459757250E-20
171  101     8.77676156108440E-22   2.38727914461496E-19
172  101     4.08822825043896E-20   1.11608631236984E-17
173  101     1.05680448988869E-19   2.89564430229502E-17
174  101     8.88058865438488E-19   2.44216187995584E-16
175  101     1.19432401196386E-18   3.29633427302024E-16
176  101     8.75277430095906E-23   2.42451848136566E-20
177  101     1.00000000000000E-99   1.00000000000000E-99
178  101     1.00000000000000E-99   1.00000000000000E-99
179  101     1.00000000000000E-99   1.00000000000000E-99
180  101     1.00000000000000E-99   1.00000000000000E-99
181  101     1.00000000000000E-99   1.00000000000000E-99
182  101     1.00000000000000E-99   1.00000000000000E-99
183  101     1.00000000000000E-99   1.00000000000000E-99
184  101     1.00000000000000E-99   1.00000000000000E-99
185  101     1.00000000000000E-99   1.00000000000000E-99
186  101     1.00000000000000E-99   1.00000000000000E-99
187  101     1.00000000000000E-99   1.00000000000000E-99
188  101     1.00000000000000E-99   1.00000000000000E-99
189  101     1.00000000000000E-99   1.00000000000000E-99
190  101     1.00000000000000E-99   1.00000000000000E-99
191  101     1.00000000000000E-99   1.00000000000000E-99
192  101     1.00000000000000E-99   1.00000000000000E-99
193  101     1.00000000000000E-99   1.00000000000000E-99
194  101     1.00000000000000E-99   1.00000000000000E-99
195  101     1.00000000000000E-99   1.00000000000000E-99
196  101     1.00000000000000E-99   1.00000000000000E-99
197  101     1.00000000000000E-99   1.00000000000000E-99
198  101     1.00000000000000E-99   1.00000000000000E-99
199  101     1.00000000000000E-99   1.00000000000000E-99
200  101     1.00000000000000E-99   1.00000000000000E-99
201  101     1.00000000000000E-99   1.00000000000000E-99
202  101     1.00000000000000E-99   1.00000000000000E-99
203  101     1.00000000000000E-99   1.00000000000000E-99
204  101     1.00000000000000E-99   1.00000000000000E-99
205  101     1.00000000000000E-99   1.00000000000000E-99
206  101     1.00000000000000E-99   1.00000000000000E-99
207  101     1.00000000000000E-99   1.00000000000000E-99
208  101     1.00000000000000E-99   1.00000000000000E-99
209  101     1.00000000000000E-99   1.00000000000000E-99
210  101     1.00000000000000E-99   1.00000000000000E-99
211  101     1.00000000000000E-99   1.00000000000000E-99
212  101     1.00000000000000E-99   1.00000000000000E-99
213  101     1.00000000000000E-99   1.00000000000000E-99
214  101     1.00000000000000E-99   1.00000000000000E-99
215  101     1.00000000000000E-99   1.00000000000000E-99
216  101     1.00000000000000E-99   1.00000000000000E-99
217  101     1.00000000000000E-99   1.00000000000000E-99
218  101     1.00000000000000E-99   1.00000000000000E-99
219  101     1.00000000000000E-99   1.00000000000000E-99
220  101     1.00000000000000E-99   1.00000000000000E-99
221  101     1.00000000000000E-99   1.00000000000000E-99
223  101     1.00000000000000E-99   1.00000000000000E-99
225  101     1.00000000000000E-99   1.00000000000000E-99
227  101     1.00000000000000E-99   1.00000000000000E-99
152  102     1.00000000000000E-99   1.00000000000000E-99
153  102     1.00000000000000E-99   1.00000000000000E-99
154  102     1.00000000000000E-99   1.00000000000000E-99
155  102     1.00000000000000E-99   1.00000000000000E-99
156  102     1.00000000000000E-99   1.00000000000000E-99
157  102     1.00000000000000E-99   1.00000000000000E-99
158  102     1.00000000000000E-99   1.00000000000000E-99
159  102     1.00000000000000E-99   1.00000000000000E-99
160  102     1.00000000000000E-99   1.00000000000000E-99
161  102     1.00000000000000E-99   1.00000000000000E-99
162  102     1.00000000000000E-99   1.00000000000000E-99
163  102     1.00000000000000E-99   1.00000000000000E-99
164  102     1.00000000000000E-99   1.00000000000000E-99
165  102     1.00000000000000E-99   1.00000000000000E-99
166  102     1.00000000000000E-99   1.00000000000000E-99
167  102     1.00000000000000E-99   1.00000000000000E-99
168  102     1.00000000000000E-99   1.00000000000000E-99
169  102     1.00000000000000E-99   1.00000000000000E-99
170  102     1.00000000000000E-99   1.00000000000000E-99
171  102     1.89562097240817E-24   5.17504525467430E-22
172  102     1.76332016055660E-23   4.83149723992508E-21
173  102     1.38556598814414E-22   3.81030646739637E-20
174  102     3.09929760588280E-22   8.55406139223652E-20
175  102     1.00000000000000E-99   1.00000000000000E-99
176  102     1.00000000000000E-99   1.00000000000000E-99
177  102     1.00000000000000E-99   1.00000000000000E-99
178  102     1.00000000000000E-99   1.00000000000000E-99
179  102     1.00000000000000E-99   1.00000000000000E-99
180  102     1.00000000000000E-99   1.00000000000000E-99
181  102     1.00000000000000E-99   1.00000000000000E-99
182  102     1.00000000000000E-99   1.00000000000000E-99
183  102     1.00000000000000E-99   1.00000000000000E-99
184  102     1.00000000000000E-99   1.00000000000000E-99
185  102     1.00000000000000E-99   1.00000000000000E-99
186  102     1.00000000000000E-99   1.00000000000000E-99
187  102     1.00000000000000E-99   1.00000000000000E-99
188  102     1.00000000000000E-99   1.00000000000000E-99
189  102     1.00000000000000E-99   1.00000000000000E-99
190  102     1.00000000000000E-99   1.00000000000000E-99
191  102     1.00000000000000E-99   1.00000000000000E-99
192  102     1.00000000000000E-99   1.00000000000000E-99
193  102     1.00000000000000E-99   1.00000000000000E-99
194  102     1.00000000000000E-99   1.00000000000000E-99
195  102     1.00000000000000E-99   1.00000000000000E-99
196  102     1.00000000000000E-99   1.00000000000000E-99
197  102     1.00000000000000E-99   1.00000000000000E-99
198  102     1.00000000000000E-99   1.00000000000000E-99
199  102     1.00000000000000E-99   1.00000000000000E-99
200  102     1.00000000000000E-99   1.00000000000000E-99
201  102     1.00000000000000E-99   1.00000000000000E-99
202  102     1.00000000000000E-99   1.00000000000000E-99
203  102     1.00000000000000E-99   1.00000000000000E-99
204  102     1.00000000000000E-99   1.00000000000000E-99
205  102     1.00000000000000E-99   1.00000000000000E-99
206  102     1.00000000000000E-99   1.00000000000000E-99
207  102     1.00000000000000E-99   1.00000000000000E-99
208  102     1.00000000000000E-99   1.00000000000000E-99
209  102     1.00000000000000E-99   1.00000000000000E-99
210  102     1.00000000000000E-99   1.00000000000000E-99
211  102     1.00000000000000E-99   1.00000000000000E-99
212  102     1.00000000000000E-99   1.00000000000000E-99
213  102     1.00000000000000E-99   1.00000000000000E-99
214  102     1.00000000000000E-99   1.00000000000000E-99
215  102     1.00000000000000E-99   1.00000000000000E-99
216  102     1.00000000000000E-99   1.00000000000000E-99
217  102     1.00000000000000E-99   1.00000000000000E-99
218  102     1.00000000000000E-99   1.00000000000000E-99
219  102     1.00000000000000E-99   1.00000000000000E-99
221  102     1.00000000000000E-99   1.00000000000000E-99
223  102     1.00000000000000E-99   1.00000000000000E-99
225  102     1.00000000000000E-99   1.00000000000000E-99
227  102     1.00000000000000E-99   1.00000000000000E-99
229  102     1.00000000000000E-99   1.00000000000000E-99
153  103     1.00000000000000E-99   1.00000000000000E-99
154  103     1.00000000000000E-99   1.00000000000000E-99
155  103     1.00000000000000E-99   1.00000000000000E-99
156  103     1.00000000000000E-99   1.00000000000000E-99
157  103     1.00000000000000E-99   1.00000000000000E-99
158  103     1.00000000000000E-99   1.00000000000000E-99
159  103     1.00000000000000E-99   1.00000000000000E-99
160  103     1.00000000000000E-99   1.00000000000000E-99
161  103     1.00000000000000E-99   1.00000000000000E-99
162  103     1.00000000000000E-99   1.00000000000000E-99
163  103     1.00000000000000E-99   1.00000000000000E-99
164  103     1.00000000000000E-99   1.00000000000000E-99
165  103     1.00000000000000E-99   1.00000000000000E-99
166  103     1.00000000000000E-99   1.00000000000000E-99
167  103     1.00000000000000E-99   1.00000000000000E-99
168  103     1.00000000000000E-99   1.00000000000000E-99
169  103     1.00000000000000E-99   1.00000000000000E-99
170  103     1.00000000000000E-99   1.00000000000000E-99
171  103     1.00000000000000E-99   1.00000000000000E-99
172  103     1.00000000000000E-99   1.00000000000000E-99
173  103     1.00000000000000E-99   1.00000000000000E-99
174  103     1.00000000000000E-99   1.00000000000000E-99
175  103     1.00000000000000E-99   1.00000000000000E-99
176  103     1.00000000000000E-99   1.00000000000000E-99
177  103     1.00000000000000E-99   1.00000000000000E-99
178  103     1.00000000000000E-99   1.00000000000000E-99
179  103     1.00000000000000E-99   1.00000000000000E-99
180  103     1.00000000000000E-99   1.00000000000000E-99
181  103     1.00000000000000E-99   1.00000000000000E-99
182  103     1.00000000000000E-99   1.00000000000000E-99
183  103     1.00000000000000E-99   1.00000000000000E-99
184  103     1.00000000000000E-99   1.00000000000000E-99
185  103     1.00000000000000E-99   1.00000000000000E-99
186  103     1.00000000000000E-99   1.00000000000000E-99
187  103     1.00000000000000E-99   1.00000000000000E-99
188  103     1.00000000000000E-99   1.00000000000000E-99
189  103     1.00000000000000E-99   1.00000000000000E-99
190  103     1.00000000000000E-99   1.00000000000000E-99
191  103     1.00000000000000E-99   1.00000000000000E-99
192  103     1.00000000000000E-99   1.00000000000000E-99
193  103     1.00000000000000E-99   1.00000000000000E-99
194  103     1.00000000000000E-99   1.00000000000000E-99
195  103     1.00000000000000E-99   1.00000000000000E-99
196  103     1.00000000000000E-99   1.00000000000000E-99
197  103     1.00000000000000E-99   1.00000000000000E-99
198  103     1.00000000000000E-99   1.00000000000000E-99
199  103     1.00000000000000E-99   1.00000000000000E-99
200  103     1.00000000000000E-99   1.00000000000000E-99
201  103     1.00000000000000E-99   1.00000000000000E-99
202  103     1.00000000000000E-99   1.00000000000000E-99
203  103     1.00000000000000E-99   1.00000000000000E-99
204  103     1.00000000000000E-99   1.00000000000000E-99
205  103     1.00000000000000E-99   1.00000000000000E-99
206  103     1.00000000000000E-99   1.00000000000000E-99
207  103     1.00000000000000E-99   1.00000000000000E-99
208  103     1.00000000000000E-99   1.00000000000000E-99
209  103     1.00000000000000E-99   1.00000000000000E-99
210  103     1.00000000000000E-99   1.00000000000000E-99
211  103     1.00000000000000E-99   1.00000000000000E-99
212  103     1.00000000000000E-99   1.00000000000000E-99
213  103     1.00000000000000E-99   1.00000000000000E-99
214  103     1.00000000000000E-99   1.00000000000000E-99
215  103     1.00000000000000E-99   1.00000000000000E-99
216  103     1.00000000000000E-99   1.00000000000000E-99
217  103     1.00000000000000E-99   1.00000000000000E-99
218  103     1.00000000000000E-99   1.00000000000000E-99
219  103     1.00000000000000E-99   1.00000000000000E-99
220  103     1.00000000000000E-99   1.00000000000000E-99
221  103     1.00000000000000E-99   1.00000000000000E-99
222  103     1.00000000000000E-99   1.00000000000000E-99
223  103     1.00000000000000E-99   1.00000000000000E-99
225  103     1.00000000000000E-99   1.00000000000000E-99
229  103     1.00000000000000E-99   1.00000000000000E-99
231  103     1.00000000000000E-99   1.00000000000000E-99
156  104     1.00000000000000E-99   1.00000000000000E-99
157  104     1.00000000000000E-99   1.00000000000000E-99
158  104     1.00000000000000E-99   1.00000000000000E-99
159  104     1.00000000000000E-99   1.00000000000000E-99
160  104     1.00000000000000E-99   1.00000000000000E-99
161  104     1.00000000000000E-99   1.00000000000000E-99
162  104     1.00000000000000E-99   1.00000000000000E-99
163  104     1.00000000000000E-99   1.00000000000000E-99
164  104     1.00000000000000E-99   1.00000000000000E-99
165  104     1.00000000000000E-99   1.00000000000000E-99
166  104     1.00000000000000E-99   1.00000000000000E-99
167  104     1.00000000000000E-99   1.00000000000000E-99
168  104     1.00000000000000E-99   1.00000000000000E-99
169  104     1.00000000000000E-99   1.00000000000000E-99
170  104     1.00000000000000E-99   1.00000000000000E-99
171  104     1.00000000000000E-99   1.00000000000000E-99
172  104     1.00000000000000E-99   1.00000000000000E-99
173  104     1.00000000000000E-99   1.00000000000000E-99
174  104     1.00000000000000E-99   1.00000000000000E-99
175  104     1.00000000000000E-99   1.00000000000000E-99
176  104     1.00000000000000E-99   1.00000000000000E-99
177  104     1.00000000000000E-99   1.00000000000000E-99
178  104     1.00000000000000E-99   1.00000000000000E-99
179  104     1.00000000000000E-99   1.00000000000000E-99
180  104     1.00000000000000E-99   1.00000000000000E-99
181  104     1.00000000000000E-99   1.00000000000000E-99
182  104     1.00000000000000E-99   1.00000000000000E-99
183  104     1.00000000000000E-99   1.00000000000000E-99
184  104     1.00000000000000E-99   1.00000000000000E-99
185  104     1.00000000000000E-99   1.00000000000000E-99
186  104     1.00000000000000E-99   1.00000000000000E-99
187  104     1.00000000000000E-99   1.00000000000000E-99
188  104     1.00000000000000E-99   1.00000000000000E-99
189  104     1.00000000000000E-99   1.00000000000000E-99
190  104     1.00000000000000E-99   1.00000000000000E-99
191  104     1.00000000000000E-99   1.00000000000000E-99
192  104     1.00000000000000E-99   1.00000000000000E-99
193  104     1.00000000000000E-99   1.00000000000000E-99
194  104     1.00000000000000E-99   1.00000000000000E-99
195  104     1.00000000000000E-99   1.00000000000000E-99
196  104     1.00000000000000E-99   1.00000000000000E-99
197  104     1.00000000000000E-99   1.00000000000000E-99
198  104     1.00000000000000E-99   1.00000000000000E-99
199  104     1.00000000000000E-99   1.00000000000000E-99
200  104     1.00000000000000E-99   1.00000000000000E-99
201  104     1.00000000000000E-99   1.00000000000000E-99
202  104     1.00000000000000E-99   1.00000000000000E-99
203  104     1.00000000000000E-99   1.00000000000000E-99
204  104     1.00000000000000E-99   1.00000000000000E-99
205  104     1.00000000000000E-99   1.00000000000000E-99
206  104     1.00000000000000E-99   1.00000000000000E-99
207  104     1.00000000000000E-99   1.00000000000000E-99
208  104     1.00000000000000E-99   1.00000000000000E-99
209  104     1.00000000000000E-99   1.00000000000000E-99
210  104     1.00000000000000E-99   1.00000000000000E-99
211  104     1.00000000000000E-99   1.00000000000000E-99
212  104     1.00000000000000E-99   1.00000000000000E-99
213  104     1.00000000000000E-99   1.00000000000000E-99
214  104     1.00000000000000E-99   1.00000000000000E-99
215  104     1.00000000000000E-99   1.00000000000000E-99
216  104     1.00000000000000E-99   1.00000000000000E-99
217  104     1.00000000000000E-99   1.00000000000000E-99
218  104     1.00000000000000E-99   1.00000000000000E-99
219  104     1.00000000000000E-99   1.00000000000000E-99
220  104     1.00000000000000E-99   1.00000000000000E-99
221  104     1.00000000000000E-99   1.00000000000000E-99
222  104     1.00000000000000E-99   1.00000000000000E-99
223  104     1.00000000000000E-99   1.00000000000000E-99
225  104     1.00000000000000E-99   1.00000000000000E-99
229  104     1.00000000000000E-99   1.00000000000000E-99
231  104     1.00000000000000E-99   1.00000000000000E-99
233  104     1.00000000000000E-99   1.00000000000000E-99
157  105     1.00000000000000E-99   1.00000000000000E-99
158  105     1.00000000000000E-99   1.00000000000000E-99
159  105     1.00000000000000E-99   1.00000000000000E-99
160  105     1.00000000000000E-99   1.00000000000000E-99
161  105     1.00000000000000E-99   1.00000000000000E-99
162  105     1.00000000000000E-99   1.00000000000000E-99
163  105     1.00000000000000E-99   1.00000000000000E-99
164  105     1.00000000000000E-99   1.00000000000000E-99
165  105     1.00000000000000E-99   1.00000000000000E-99
166  105     1.00000000000000E-99   1.00000000000000E-99
167  105     1.00000000000000E-99   1.00000000000000E-99
168  105     1.00000000000000E-99   1.00000000000000E-99
169  105     1.00000000000000E-99   1.00000000000000E-99
170  105     1.00000000000000E-99   1.00000000000000E-99
171  105     1.00000000000000E-99   1.00000000000000E-99
172  105     1.00000000000000E-99   1.00000000000000E-99
173  105     1.00000000000000E-99   1.00000000000000E-99
174  105     1.00000000000000E-99   1.00000000000000E-99
175  105     1.00000000000000E-99   1.00000000000000E-99
176  105     1.00000000000000E-99   1.00000000000000E-99
177  105     1.00000000000000E-99   1.00000000000000E-99
178  105     1.00000000000000E-99   1.00000000000000E-99
179  105     1.00000000000000E-99   1.00000000000000E-99
180  105     1.00000000000000E-99   1.00000000000000E-99
181  105     1.00000000000000E-99   1.00000000000000E-99
182  105     1.00000000000000E-99   1.00000000000000E-99
183  105     1.00000000000000E-99   1.00000000000000E-99
184  105     1.00000000000000E-99   1.00000000000000E-99
185  105     1.00000000000000E-99   1.00000000000000E-99
186  105     1.00000000000000E-99   1.00000000000000E-99
187  105     1.00000000000000E-99   1.00000000000000E-99
188  105     1.00000000000000E-99   1.00000000000000E-99
189  105     1.00000000000000E-99   1.00000000000000E-99
190  105     1.00000000000000E-99   1.00000000000000E-99
191  105     1.00000000000000E-99   1.00000000000000E-99
192  105     1.00000000000000E-99   1.00000000000000E-99
193  105     1.00000000000000E-99   1.00000000000000E-99
194  105     1.00000000000000E-99   1.00000000000000E-99
195  105     1.00000000000000E-99   1.00000000000000E-99
196  105     1.00000000000000E-99   1.00000000000000E-99
197  105     1.00000000000000E-99   1.00000000000000E-99
198  105     1.00000000000000E-99   1.00000000000000E-99
199  105     1.00000000000000E-99   1.00000000000000E-99
200  105     1.00000000000000E-99   1.00000000000000E-99
201  105     1.00000000000000E-99   1.00000000000000E-99
202  105     1.00000000000000E-99   1.00000000000000E-99
203  105     1.00000000000000E-99   1.00000000000000E-99
204  105     1.00000000000000E-99   1.00000000000000E-99
205  105     1.00000000000000E-99   1.00000000000000E-99
206  105     1.00000000000000E-99   1.00000000000000E-99
207  105     1.00000000000000E-99   1.00000000000000E-99
208  105     1.00000000000000E-99   1.00000000000000E-99
209  105     1.00000000000000E-99   1.00000000000000E-99
210  105     1.00000000000000E-99   1.00000000000000E-99
211  105     1.00000000000000E-99   1.00000000000000E-99
212  105     1.00000000000000E-99   1.00000000000000E-99
213  105     1.00000000000000E-99   1.00000000000000E-99
214  105     1.00000000000000E-99   1.00000000000000E-99
215  105     1.00000000000000E-99   1.00000000000000E-99
216  105     1.00000000000000E-99   1.00000000000000E-99
217  105     1.00000000000000E-99   1.00000000000000E-99
218  105     1.00000000000000E-99   1.00000000000000E-99
219  105     1.00000000000000E-99   1.00000000000000E-99
220  105     1.00000000000000E-99   1.00000000000000E-99
221  105     1.00000000000000E-99   1.00000000000000E-99
222  105     1.00000000000000E-99   1.00000000000000E-99
223  105     1.00000000000000E-99   1.00000000000000E-99
224  105     1.00000000000000E-99   1.00000000000000E-99
225  105     1.00000000000000E-99   1.00000000000000E-99
228  105     1.00000000000000E-99   1.00000000000000E-99
229  105     1.00000000000000E-99   1.00000000000000E-99
231  105     1.00000000000000E-99   1.00000000000000E-99
160  106     1.00000000000000E-99   1.00000000000000E-99
161  106     1.00000000000000E-99   1.00000000000000E-99
162  106     1.00000000000000E-99   1.00000000000000E-99
163  106     1.00000000000000E-99   1.00000000000000E-99
164  106     1.00000000000000E-99   1.00000000000000E-99
165  106     1.00000000000000E-99   1.00000000000000E-99
166  106     1.00000000000000E-99   1.00000000000000E-99
167  106     1.00000000000000E-99   1.00000000000000E-99
168  106     1.00000000000000E-99   1.00000000000000E-99
169  106     1.00000000000000E-99   1.00000000000000E-99
170  106     1.00000000000000E-99   1.00000000000000E-99
171  106     1.00000000000000E-99   1.00000000000000E-99
172  106     1.00000000000000E-99   1.00000000000000E-99
173  106     1.00000000000000E-99   1.00000000000000E-99
174  106     1.00000000000000E-99   1.00000000000000E-99
175  106     1.00000000000000E-99   1.00000000000000E-99
176  106     1.00000000000000E-99   1.00000000000000E-99
177  106     1.00000000000000E-99   1.00000000000000E-99
178  106     1.00000000000000E-99   1.00000000000000E-99
179  106     1.00000000000000E-99   1.00000000000000E-99
180  106     1.00000000000000E-99   1.00000000000000E-99
181  106     1.00000000000000E-99   1.00000000000000E-99
182  106     1.00000000000000E-99   1.00000000000000E-99
183  106     1.00000000000000E-99   1.00000000000000E-99
184  106     1.00000000000000E-99   1.00000000000000E-99
185  106     1.00000000000000E-99   1.00000000000000E-99
186  106     1.00000000000000E-99   1.00000000000000E-99
187  106     1.00000000000000E-99   1.00000000000000E-99
188  106     1.00000000000000E-99   1.00000000000000E-99
189  106     1.00000000000000E-99   1.00000000000000E-99
190  106     1.00000000000000E-99   1.00000000000000E-99
191  106     1.00000000000000E-99   1.00000000000000E-99
192  106     1.00000000000000E-99   1.00000000000000E-99
193  106     1.00000000000000E-99   1.00000000000000E-99
194  106     1.00000000000000E-99   1.00000000000000E-99
195  106     1.00000000000000E-99   1.00000000000000E-99
196  106     1.00000000000000E-99   1.00000000000000E-99
197  106     1.00000000000000E-99   1.00000000000000E-99
198  106     1.00000000000000E-99   1.00000000000000E-99
199  106     1.00000000000000E-99   1.00000000000000E-99
200  106     1.00000000000000E-99   1.00000000000000E-99
201  106     1.00000000000000E-99   1.00000000000000E-99
202  106     1.00000000000000E-99   1.00000000000000E-99
203  106     1.00000000000000E-99   1.00000000000000E-99
204  106     1.00000000000000E-99   1.00000000000000E-99
205  106     1.00000000000000E-99   1.00000000000000E-99
206  106     1.00000000000000E-99   1.00000000000000E-99
207  106     1.00000000000000E-99   1.00000000000000E-99
208  106     1.00000000000000E-99   1.00000000000000E-99
209  106     1.00000000000000E-99   1.00000000000000E-99
210  106     1.00000000000000E-99   1.00000000000000E-99
211  106     1.00000000000000E-99   1.00000000000000E-99
212  106     1.00000000000000E-99   1.00000000000000E-99
213  106     1.00000000000000E-99   1.00000000000000E-99
214  106     1.00000000000000E-99   1.00000000000000E-99
215  106     1.00000000000000E-99   1.00000000000000E-99
216  106     1.00000000000000E-99   1.00000000000000E-99
217  106     1.00000000000000E-99   1.00000000000000E-99
218  106     1.00000000000000E-99   1.00000000000000E-99
219  106     1.00000000000000E-99   1.00000000000000E-99
220  106     1.00000000000000E-99   1.00000000000000E-99
221  106     1.00000000000000E-99   1.00000000000000E-99
222  106     1.00000000000000E-99   1.00000000000000E-99
223  106     1.00000000000000E-99   1.00000000000000E-99
224  106     1.00000000000000E-99   1.00000000000000E-99
225  106     1.00000000000000E-99   1.00000000000000E-99
227  106     1.00000000000000E-99   1.00000000000000E-99
228  106     1.00000000000000E-99   1.00000000000000E-99
229  106     1.00000000000000E-99   1.00000000000000E-99
231  106     1.00000000000000E-99   1.00000000000000E-99
162  107     1.00000000000000E-99   1.00000000000000E-99
163  107     1.00000000000000E-99   1.00000000000000E-99
164  107     1.00000000000000E-99   1.00000000000000E-99
165  107     1.00000000000000E-99   1.00000000000000E-99
166  107     1.00000000000000E-99   1.00000000000000E-99
167  107     1.00000000000000E-99   1.00000000000000E-99
168  107     1.00000000000000E-99   1.00000000000000E-99
169  107     1.00000000000000E-99   1.00000000000000E-99
170  107     1.00000000000000E-99   1.00000000000000E-99
171  107     1.00000000000000E-99   1.00000000000000E-99
172  107     1.00000000000000E-99   1.00000000000000E-99
173  107     1.00000000000000E-99   1.00000000000000E-99
174  107     1.00000000000000E-99   1.00000000000000E-99
175  107     1.00000000000000E-99   1.00000000000000E-99
176  107     1.00000000000000E-99   1.00000000000000E-99
177  107     1.00000000000000E-99   1.00000000000000E-99
178  107     1.00000000000000E-99   1.00000000000000E-99
179  107     1.00000000000000E-99   1.00000000000000E-99
180  107     1.00000000000000E-99   1.00000000000000E-99
181  107     1.00000000000000E-99   1.00000000000000E-99
182  107     1.00000000000000E-99   1.00000000000000E-99
183  107     1.00000000000000E-99   1.00000000000000E-99
184  107     1.00000000000000E-99   1.00000000000000E-99
185  107     1.00000000000000E-99   1.00000000000000E-99
186  107     1.00000000000000E-99   1.00000000000000E-99
187  107     1.00000000000000E-99   1.00000000000000E-99
188  107     1.00000000000000E-99   1.00000000000000E-99
189  107     1.00000000000000E-99   1.00000000000000E-99
190  107     1.00000000000000E-99   1.00000000000000E-99
191  107     1.00000000000000E-99   1.00000000000000E-99
192  107     1.00000000000000E-99   1.00000000000000E-99
193  107     1.00000000000000E-99   1.00000000000000E-99
194  107     1.00000000000000E-99   1.00000000000000E-99
195  107     1.00000000000000E-99   1.00000000000000E-99
196  107     1.00000000000000E-99   1.00000000000000E-99
197  107     1.00000000000000E-99   1.00000000000000E-99
198  107     1.00000000000000E-99   1.00000000000000E-99
199  107     1.00000000000000E-99   1.00000000000000E-99
200  107     1.00000000000000E-99   1.00000000000000E-99
201  107     1.00000000000000E-99   1.00000000000000E-99
202  107     1.00000000000000E-99   1.00000000000000E-99
203  107     1.00000000000000E-99   1.00000000000000E-99
204  107     1.00000000000000E-99   1.00000000000000E-99
205  107     1.00000000000000E-99   1.00000000000000E-99
206  107     1.00000000000000E-99   1.00000000000000E-99
207  107     1.00000000000000E-99   1.00000000000000E-99
208  107     1.00000000000000E-99   1.00000000000000E-99
209  107     1.00000000000000E-99   1.00000000000000E-99
210  107     1.00000000000000E-99   1.00000000000000E-99
211  107     1.00000000000000E-99   1.00000000000000E-99
212  107     1.00000000000000E-99   1.00000000000000E-99
213  107     1.00000000000000E-99   1.00000000000000E-99
214  107     1.00000000000000E-99   1.00000000000000E-99
215  107     1.00000000000000E-99   1.00000000000000E-99
216  107     1.00000000000000E-99   1.00000000000000E-99
217  107     1.00000000000000E-99   1.00000000000000E-99
218  107     1.00000000000000E-99   1.00000000000000E-99
219  107     1.00000000000000E-99   1.00000000000000E-99
220  107     1.00000000000000E-99   1.00000000000000E-99
221  107     1.00000000000000E-99   1.00000000000000E-99
222  107     1.00000000000000E-99   1.00000000000000E-99
223  107     1.00000000000000E-99   1.00000000000000E-99
224  107     1.00000000000000E-99   1.00000000000000E-99
225  107     1.00000000000000E-99   1.00000000000000E-99
227  107     1.00000000000000E-99   1.00000000000000E-99
228  107     1.00000000000000E-99   1.00000000000000E-99
229  107     1.00000000000000E-99   1.00000000000000E-99
230  107     1.00000000000000E-99   1.00000000000000E-99
165  108     1.00000000000000E-99   1.00000000000000E-99
166  108     1.00000000000000E-99   1.00000000000000E-99
167  108     1.00000000000000E-99   1.00000000000000E-99
168  108     1.00000000000000E-99   1.00000000000000E-99
169  108     1.00000000000000E-99   1.00000000000000E-99
170  108     1.00000000000000E-99   1.00000000000000E-99
171  108     1.00000000000000E-99   1.00000000000000E-99
172  108     1.00000000000000E-99   1.00000000000000E-99
173  108     1.00000000000000E-99   1.00000000000000E-99
174  108     1.00000000000000E-99   1.00000000000000E-99
175  108     1.00000000000000E-99   1.00000000000000E-99
176  108     1.00000000000000E-99   1.00000000000000E-99
177  108     1.00000000000000E-99   1.00000000000000E-99
178  108     1.00000000000000E-99   1.00000000000000E-99
179  108     1.00000000000000E-99   1.00000000000000E-99
180  108     1.00000000000000E-99   1.00000000000000E-99
181  108     1.00000000000000E-99   1.00000000000000E-99
182  108     1.00000000000000E-99   1.00000000000000E-99
183  108     1.00000000000000E-99   1.00000000000000E-99
184  108     1.00000000000000E-99   1.00000000000000E-99
185  108     1.00000000000000E-99   1.00000000000000E-99
186  108     1.00000000000000E-99   1.00000000000000E-99
187  108     1.00000000000000E-99   1.00000000000000E-99
188  108     1.00000000000000E-99   1.00000000000000E-99
189  108     1.00000000000000E-99   1.00000000000000E-99
190  108     1.00000000000000E-99   1.00000000000000E-99
191  108     1.00000000000000E-99   1.00000000000000E-99
192  108     1.00000000000000E-99   1.00000000000000E-99
193  108     1.00000000000000E-99   1.00000000000000E-99
194  108     1.00000000000000E-99   1.00000000000000E-99
195  108     1.00000000000000E-99   1.00000000000000E-99
196  108     1.00000000000000E-99   1.00000000000000E-99
197  108     1.00000000000000E-99   1.00000000000000E-99
198  108     1.00000000000000E-99   1.00000000000000E-99
199  108     1.00000000000000E-99   1.00000000000000E-99
200  108     1.00000000000000E-99   1.00000000000000E-99
201  108     1.00000000000000E-99   1.00000000000000E-99
202  108     1.00000000000000E-99   1.00000000000000E-99
203  108     1.00000000000000E-99   1.00000000000000E-99
204  108     1.00000000000000E-99   1.00000000000000E-99
205  108     1.00000000000000E-99   1.00000000000000E-99
206  108     1.00000000000000E-99   1.00000000000000E-99
207  108     1.00000000000000E-99   1.00000000000000E-99
208  108     1.00000000000000E-99   1.00000000000000E-99
209  108     1.00000000000000E-99   1.00000000000000E-99
210  108     1.00000000000000E-99   1.00000000000000E-99
211  108     1.00000000000000E-99   1.00000000000000E-99
212  108     1.00000000000000E-99   1.00000000000000E-99
213  108     1.00000000000000E-99   1.00000000000000E-99
214  108     1.00000000000000E-99   1.00000000000000E-99
215  108     1.00000000000000E-99   1.00000000000000E-99
216  108     1.00000000000000E-99   1.00000000000000E-99
217  108     1.00000000000000E-99   1.00000000000000E-99
218  108     1.00000000000000E-99   1.00000000000000E-99
219  108     1.00000000000000E-99   1.00000000000000E-99
221  108     1.00000000000000E-99   1.00000000000000E-99
222  108     1.00000000000000E-99   1.00000000000000E-99
223  108     1.00000000000000E-99   1.00000000000000E-99
224  108     1.00000000000000E-99   1.00000000000000E-99
226  108     1.00000000000000E-99   1.00000000000000E-99
227  108     1.00000000000000E-99   1.00000000000000E-99
228  108     1.00000000000000E-99   1.00000000000000E-99
229  108     1.00000000000000E-99   1.00000000000000E-99
166  109     1.00000000000000E-99   1.00000000000000E-99
167  109     1.00000000000000E-99   1.00000000000000E-99
168  109     1.00000000000000E-99   1.00000000000000E-99
169  109     1.00000000000000E-99   1.00000000000000E-99
170  109     1.00000000000000E-99   1.00000000000000E-99
171  109     1.00000000000000E-99   1.00000000000000E-99
172  109     1.00000000000000E-99   1.00000000000000E-99
173  109     1.00000000000000E-99   1.00000000000000E-99
174  109     1.00000000000000E-99   1.00000000000000E-99
175  109     1.00000000000000E-99   1.00000000000000E-99
176  109     1.00000000000000E-99   1.00000000000000E-99
177  109     1.00000000000000E-99   1.00000000000000E-99
178  109     1.00000000000000E-99   1.00000000000000E-99
179  109     1.00000000000000E-99   1.00000000000000E-99
180  109     1.00000000000000E-99   1.00000000000000E-99
181  109     1.00000000000000E-99   1.00000000000000E-99
182  109     1.00000000000000E-99   1.00000000000000E-99
183  109     1.00000000000000E-99   1.00000000000000E-99
184  109     1.00000000000000E-99   1.00000000000000E-99
185  109     1.00000000000000E-99   1.00000000000000E-99
186  109     1.00000000000000E-99   1.00000000000000E-99
187  109     1.00000000000000E-99   1.00000000000000E-99
188  109     1.00000000000000E-99   1.00000000000000E-99
189  109     1.00000000000000E-99   1.00000000000000E-99
190  109     1.00000000000000E-99   1.00000000000000E-99
191  109     1.00000000000000E-99   1.00000000000000E-99
192  109     1.00000000000000E-99   1.00000000000000E-99
193  109     1.00000000000000E-99   1.00000000000000E-99
194  109     1.00000000000000E-99   1.00000000000000E-99
195  109     1.00000000000000E-99   1.00000000000000E-99
196  109     1.00000000000000E-99   1.00000000000000E-99
197  109     1.00000000000000E-99   1.00000000000000E-99
198  109     1.00000000000000E-99   1.00000000000000E-99
199  109     1.00000000000000E-99   1.00000000000000E-99
200  109     1.00000000000000E-99   1.00000000000000E-99
201  109     1.00000000000000E-99   1.00000000000000E-99
202  109     1.00000000000000E-99   1.00000000000000E-99
203  109     1.00000000000000E-99   1.00000000000000E-99
204  109     1.00000000000000E-99   1.00000000000000E-99
205  109     1.00000000000000E-99   1.00000000000000E-99
206  109     1.00000000000000E-99   1.00000000000000E-99
207  109     1.00000000000000E-99   1.00000000000000E-99
208  109     1.00000000000000E-99   1.00000000000000E-99
209  109     1.00000000000000E-99   1.00000000000000E-99
210  109     1.00000000000000E-99   1.00000000000000E-99
211  109     1.00000000000000E-99   1.00000000000000E-99
212  109     1.00000000000000E-99   1.00000000000000E-99
213  109     1.00000000000000E-99   1.00000000000000E-99
214  109     1.00000000000000E-99   1.00000000000000E-99
215  109     1.00000000000000E-99   1.00000000000000E-99
216  109     1.00000000000000E-99   1.00000000000000E-99
217  109     1.00000000000000E-99   1.00000000000000E-99
218  109     1.00000000000000E-99   1.00000000000000E-99
220  109     1.00000000000000E-99   1.00000000000000E-99
221  109     1.00000000000000E-99   1.00000000000000E-99
222  109     1.00000000000000E-99   1.00000000000000E-99
223  109     1.00000000000000E-99   1.00000000000000E-99
224  109     1.00000000000000E-99   1.00000000000000E-99
225  109     1.00000000000000E-99   1.00000000000000E-99
226  109     1.00000000000000E-99   1.00000000000000E-99
227  109     1.00000000000000E-99   1.00000000000000E-99
228  109     1.00000000000000E-99   1.00000000000000E-99
169  110     1.00000000000000E-99   1.00000000000000E-99
170  110     1.00000000000000E-99   1.00000000000000E-99
171  110     1.00000000000000E-99   1.00000000000000E-99
172  110     1.00000000000000E-99   1.00000000000000E-99
173  110     1.00000000000000E-99   1.00000000000000E-99
174  110     1.00000000000000E-99   1.00000000000000E-99
175  110     1.00000000000000E-99   1.00000000000000E-99
176  110     1.00000000000000E-99   1.00000000000000E-99
177  110     1.00000000000000E-99   1.00000000000000E-99
178  110     1.00000000000000E-99   1.00000000000000E-99
179  110     1.00000000000000E-99   1.00000000000000E-99
180  110     1.00000000000000E-99   1.00000000000000E-99
181  110     1.00000000000000E-99   1.00000000000000E-99
182  110     1.00000000000000E-99   1.00000000000000E-99
183  110     1.00000000000000E-99   1.00000000000000E-99
184  110     1.00000000000000E-99   1.00000000000000E-99
185  110     1.00000000000000E-99   1.00000000000000E-99
186  110     1.00000000000000E-99   1.00000000000000E-99
187  110     1.00000000000000E-99   1.00000000000000E-99
188  110     1.00000000000000E-99   1.00000000000000E-99
189  110     1.00000000000000E-99   1.00000000000000E-99
190  110     1.00000000000000E-99   1.00000000000000E-99
191  110     1.00000000000000E-99   1.00000000000000E-99
192  110     1.00000000000000E-99   1.00000000000000E-99
193  110     1.00000000000000E-99   1.00000000000000E-99
194  110     1.00000000000000E-99   1.00000000000000E-99
195  110     1.00000000000000E-99   1.00000000000000E-99
196  110     1.00000000000000E-99   1.00000000000000E-99
197  110     1.00000000000000E-99   1.00000000000000E-99
198  110     1.00000000000000E-99   1.00000000000000E-99
199  110     1.00000000000000E-99   1.00000000000000E-99
200  110     1.00000000000000E-99   1.00000000000000E-99
201  110     1.00000000000000E-99   1.00000000000000E-99
202  110     1.00000000000000E-99   1.00000000000000E-99
203  110     1.00000000000000E-99   1.00000000000000E-99
204  110     1.00000000000000E-99   1.00000000000000E-99
205  110     1.00000000000000E-99   1.00000000000000E-99
206  110     1.00000000000000E-99   1.00000000000000E-99
207  110     1.00000000000000E-99   1.00000000000000E-99
208  110     1.00000000000000E-99   1.00000000000000E-99
209  110     1.00000000000000E-99   1.00000000000000E-99
210  110     1.00000000000000E-99   1.00000000000000E-99
211  110     1.00000000000000E-99   1.00000000000000E-99
212  110     1.00000000000000E-99   1.00000000000000E-99
213  110     1.00000000000000E-99   1.00000000000000E-99
214  110     1.00000000000000E-99   1.00000000000000E-99
215  110     1.00000000000000E-99   1.00000000000000E-99
216  110     1.00000000000000E-99   1.00000000000000E-99
217  110     1.00000000000000E-99   1.00000000000000E-99
218  110     1.00000000000000E-99   1.00000000000000E-99
219  110     1.00000000000000E-99   1.00000000000000E-99
220  110     1.00000000000000E-99   1.00000000000000E-99
221  110     1.00000000000000E-99   1.00000000000000E-99
222  110     1.00000000000000E-99   1.00000000000000E-99
223  110     1.00000000000000E-99   1.00000000000000E-99
224  110     1.00000000000000E-99   1.00000000000000E-99
225  110     1.00000000000000E-99   1.00000000000000E-99
226  110     1.00000000000000E-99   1.00000000000000E-99
227  110     1.00000000000000E-99   1.00000000000000E-99
172  111     1.00000000000000E-99   1.00000000000000E-99
173  111     1.00000000000000E-99   1.00000000000000E-99
174  111     1.00000000000000E-99   1.00000000000000E-99
175  111     1.00000000000000E-99   1.00000000000000E-99
176  111     1.00000000000000E-99   1.00000000000000E-99
177  111     1.00000000000000E-99   1.00000000000000E-99
178  111     1.00000000000000E-99   1.00000000000000E-99
179  111     1.00000000000000E-99   1.00000000000000E-99
180  111     1.00000000000000E-99   1.00000000000000E-99
181  111     1.00000000000000E-99   1.00000000000000E-99
182  111     1.00000000000000E-99   1.00000000000000E-99
183  111     1.00000000000000E-99   1.00000000000000E-99
184  111     1.00000000000000E-99   1.00000000000000E-99
185  111     1.00000000000000E-99   1.00000000000000E-99
186  111     1.00000000000000E-99   1.00000000000000E-99
187  111     1.00000000000000E-99   1.00000000000000E-99
188  111     1.00000000000000E-99   1.00000000000000E-99
189  111     1.00000000000000E-99   1.00000000000000E-99
190  111     1.00000000000000E-99   1.00000000000000E-99
191  111     1.00000000000000E-99   1.00000000000000E-99
192  111     1.00000000000000E-99   1.00000000000000E-99
193  111     1.00000000000000E-99   1.00000000000000E-99
194  111     1.00000000000000E-99   1.00000000000000E-99
195  111     1.00000000000000E-99   1.00000000000000E-99
196  111     1.00000000000000E-99   1.00000000000000E-99
197  111     1.00000000000000E-99   1.00000000000000E-99
198  111     1.00000000000000E-99   1.00000000000000E-99
199  111     1.00000000000000E-99   1.00000000000000E-99
200  111     1.00000000000000E-99   1.00000000000000E-99
201  111     1.00000000000000E-99   1.00000000000000E-99
202  111     1.00000000000000E-99   1.00000000000000E-99
203  111     1.00000000000000E-99   1.00000000000000E-99
204  111     1.00000000000000E-99   1.00000000000000E-99
205  111     1.00000000000000E-99   1.00000000000000E-99
206  111     1.00000000000000E-99   1.00000000000000E-99
207  111     1.00000000000000E-99   1.00000000000000E-99
208  111     1.00000000000000E-99   1.00000000000000E-99
209  111     1.00000000000000E-99   1.00000000000000E-99
210  111     1.00000000000000E-99   1.00000000000000E-99
211  111     1.00000000000000E-99   1.00000000000000E-99
212  111     1.00000000000000E-99   1.00000000000000E-99
213  111     1.00000000000000E-99   1.00000000000000E-99
214  111     1.00000000000000E-99   1.00000000000000E-99
215  111     1.00000000000000E-99   1.00000000000000E-99
216  111     1.00000000000000E-99   1.00000000000000E-99
217  111     1.00000000000000E-99   1.00000000000000E-99
218  111     1.00000000000000E-99   1.00000000000000E-99
219  111     1.00000000000000E-99   1.00000000000000E-99
220  111     1.00000000000000E-99   1.00000000000000E-99
221  111     1.00000000000000E-99   1.00000000000000E-99
222  111     1.00000000000000E-99   1.00000000000000E-99
223  111     1.00000000000000E-99   1.00000000000000E-99
224  111     1.00000000000000E-99   1.00000000000000E-99
225  111     1.00000000000000E-99   1.00000000000000E-99
226  111     1.00000000000000E-99   1.00000000000000E-99
