    time    temp    dens
   5.60593387771084E+02   1.00000000000000E-02   2.24269922915768E-06
     nin     zin       y       x
  1    0     8.73958408140954E-10   8.73958408140954E-10
  0    1     4.47228528689236E-10   4.47228528689236E-10
  1    1     3.73587392819645E-16   7.47174785639289E-16
  2    1     2.58367189607448E-08   7.75101568822345E-08
  1    2     2.57672563067546E-14   7.73017689202638E-14
  2    2     2.77784874398446E-04   1.11113949759378E-03
  4    2     1.00000000000000E-99   1.00000000000000E-99
  3    3     1.64089390967395E-08   9.84536345804370E-08
  4    3     2.74852561766479E-09   1.92396793236535E-08
  5    3     4.25871132482711E-20   3.40696905986168E-19
  6    3     1.00000000000000E-99   1.00000000000000E-99
  3    4     6.24053450915499E-21   4.36837415640849E-20
  5    4     1.14965352373246E-06   1.03468817135921E-05
  6    4     7.61595810725985E-07   7.61595810725985E-06
  7    4     1.42134531576936E-17   1.56347984734630E-16
  8    4     1.00000000000000E-99   1.00000000000000E-99
  3    5     1.00000000000000E-99   1.00000000000000E-99
  5    5     7.58599675267284E-15   7.58599675267284E-14
  6    5     2.30430235570077E-08   2.53473259127084E-07
  7    5     9.59661766064828E-22   1.15159411927779E-20
  8    5     1.00000000000000E-99   1.00000000000000E-99
  9    5     1.00000000000000E-99   1.00000000000000E-99
  3    6     1.00000000000000E-99   1.00000000000000E-99
  4    6     1.00000000000000E-99   1.00000000000000E-99
  5    6     1.00000000000000E-99   1.00000000000000E-99
  6    6     4.77250287515835E-07   5.72700345019002E-06
  7    6     1.65673899218412E-08   2.15376068983935E-07
  8    6     1.17670891225632E-08   1.64739247715885E-07
  9    6     1.56665335980092E-21   2.34998003970138E-20
 10    6     1.00000000000000E-99   1.00000000000000E-99
 11    6     1.00000000000000E-99   1.00000000000000E-99
 12    6     1.00000000000000E-99   1.00000000000000E-99
  4    7     1.00000000000000E-99   1.00000000000000E-99
  5    7     1.00000000000000E-99   1.00000000000000E-99
  6    7     2.65151161574430E-20   3.44696510046759E-19
  7    7     1.86977708649194E-11   2.61768792108871E-10
  8    7     7.34194843891598E-06   1.10129226583740E-04
  9    7     4.50901633880107E-18   7.21442614208172E-17
 10    7     1.00000000000000E-99   1.00000000000000E-99
 11    7     1.00000000000000E-99   1.00000000000000E-99
 12    7     1.00000000000000E-99   1.00000000000000E-99
 13    7     1.00000000000000E-99   1.00000000000000E-99
 14    7     1.00000000000000E-99   1.00000000000000E-99
  5    8     1.00000000000000E-99   1.00000000000000E-99
  6    8     1.00000000000000E-99   1.00000000000000E-99
  7    8     1.00000000000000E-99   1.00000000000000E-99
  8    8     1.60839429247571E-07   2.57343086796114E-06
  9    8     2.88505071006371E-09   4.90458620710830E-08
 10    8     1.81507309572813E-08   3.26713157231064E-07
 11    8     4.58022117689564E-13   8.70242023610172E-12
 12    8     1.47149747541268E-18   2.94299495082537E-17
 13    8     1.00000000000000E-99   1.00000000000000E-99
 14    8     1.00000000000000E-99   1.00000000000000E-99
  5    9     1.00000000000000E-99   1.00000000000000E-99
  6    9     1.00000000000000E-99   1.00000000000000E-99
  7    9     1.00000000000000E-99   1.00000000000000E-99
  8    9     1.00000000000000E-99   1.00000000000000E-99
  9    9     1.34080488157279E-23   2.41344878683101E-22
 10    9     5.71698773821440E-07   1.08622767026074E-05
 11    9     7.02600982613043E-18   1.40520196522609E-16
 12    9     1.00000000000000E-99   1.00000000000000E-99
 13    9     1.00000000000000E-99   1.00000000000000E-99
 14    9     1.00000000000000E-99   1.00000000000000E-99
 15    9     1.00000000000000E-99   1.00000000000000E-99
 16    9     1.00000000000000E-99   1.00000000000000E-99
 17    9     1.00000000000000E-99   1.00000000000000E-99
  7   10     1.00000000000000E-99   1.00000000000000E-99
  8   10     1.00000000000000E-99   1.00000000000000E-99
  9   10     1.00000000000000E-99   1.00000000000000E-99
 10   10     1.05850418912295E-06   2.11700837824590E-05
 11   10     2.39681958044616E-07   5.03332111893694E-06
 12   10     8.62057013878213E-06   1.89652543053207E-04
 13   10     1.35735728695984E-13   3.12192176000762E-12
 14   10     3.20577321522379E-09   7.69385571653710E-08
 15   10     2.71066176568194E-22   6.77665441420484E-21
 16   10     1.00000000000000E-99   1.00000000000000E-99
 17   10     1.00000000000000E-99   1.00000000000000E-99
 18   10     1.00000000000000E-99   1.00000000000000E-99
 19   10     1.00000000000000E-99   1.00000000000000E-99
 20   10     1.00000000000000E-99   1.00000000000000E-99
 21   10     1.00000000000000E-99   1.00000000000000E-99
 22   10     1.00000000000000E-99   1.00000000000000E-99
 23   10     1.00000000000000E-99   1.00000000000000E-99
 24   10     1.00000000000000E-99   1.00000000000000E-99
 25   10     1.00000000000000E-99   1.00000000000000E-99
 26   10     1.00000000000000E-99   1.00000000000000E-99
 27   10     1.00000000000000E-99   1.00000000000000E-99
 28   10     1.00000000000000E-99   1.00000000000000E-99
 29   10     1.00000000000000E-99   1.00000000000000E-99
 30   10     1.00000000000000E-99   1.00000000000000E-99
 31   10     1.00000000000000E-99   1.00000000000000E-99
  8   11     1.00000000000000E-99   1.00000000000000E-99
  9   11     1.00000000000000E-99   1.00000000000000E-99
 10   11     1.00000000000000E-99   1.00000000000000E-99
 11   11     2.17995738124804E-21   4.79590623874569E-20
 12   11     3.30949495963270E-09   7.61183840715520E-08
 13   11     1.82006251399609E-08   4.36815003359061E-07
 14   11     1.01183039041463E-10   2.52957597603658E-09
 15   11     7.01277058502745E-20   1.82332035210714E-18
 16   11     1.00000000000000E-99   1.00000000000000E-99
 17   11     1.00000000000000E-99   1.00000000000000E-99
 18   11     1.00000000000000E-99   1.00000000000000E-99
 19   11     1.00000000000000E-99   1.00000000000000E-99
 20   11     1.00000000000000E-99   1.00000000000000E-99
 21   11     1.00000000000000E-99   1.00000000000000E-99
 22   11     1.00000000000000E-99   1.00000000000000E-99
 23   11     1.00000000000000E-99   1.00000000000000E-99
 24   11     1.00000000000000E-99   1.00000000000000E-99
 25   11     1.00000000000000E-99   1.00000000000000E-99
 26   11     1.00000000000000E-99   1.00000000000000E-99
 27   11     1.00000000000000E-99   1.00000000000000E-99
 28   11     1.00000000000000E-99   1.00000000000000E-99
 29   11     1.00000000000000E-99   1.00000000000000E-99
 30   11     1.00000000000000E-99   1.00000000000000E-99
 31   11     1.00000000000000E-99   1.00000000000000E-99
 32   11     1.00000000000000E-99   1.00000000000000E-99
 33   11     1.00000000000000E-99   1.00000000000000E-99
  8   12     1.00000000000000E-99   1.00000000000000E-99
  9   12     1.00000000000000E-99   1.00000000000000E-99
 10   12     1.00000000000000E-99   1.00000000000000E-99
 11   12     1.00000000000000E-99   1.00000000000000E-99
 12   12     8.52948736453610E-11   2.04707696748866E-09
 13   12     6.52502934996796E-08   1.63125733749199E-06
 14   12     5.88383770586948E-09   1.52979780352606E-07
 15   12     1.13137604124504E-09   3.05471531136159E-08
 16   12     1.28112638479414E-09   3.58715387742359E-08
 17   12     2.51565754755081E-19   7.29540688789734E-18
 18   12     1.00000000000000E-99   1.00000000000000E-99
 19   12     1.00000000000000E-99   1.00000000000000E-99
 20   12     1.00000000000000E-99   1.00000000000000E-99
 21   12     1.00000000000000E-99   1.00000000000000E-99
 22   12     1.00000000000000E-99   1.00000000000000E-99
 23   12     1.00000000000000E-99   1.00000000000000E-99
 24   12     1.00000000000000E-99   1.00000000000000E-99
 25   12     1.00000000000000E-99   1.00000000000000E-99
 26   12     1.00000000000000E-99   1.00000000000000E-99
 27   12     1.00000000000000E-99   1.00000000000000E-99
 28   12     1.00000000000000E-99   1.00000000000000E-99
 29   12     1.00000000000000E-99   1.00000000000000E-99
 30   12     1.00000000000000E-99   1.00000000000000E-99
 31   12     1.00000000000000E-99   1.00000000000000E-99
 32   12     1.00000000000000E-99   1.00000000000000E-99
 33   12     1.00000000000000E-99   1.00000000000000E-99
 34   12     1.00000000000000E-99   1.00000000000000E-99
 35   12     1.00000000000000E-99   1.00000000000000E-99
  8   13     1.00000000000000E-99   1.00000000000000E-99
  9   13     1.00000000000000E-99   1.00000000000000E-99
 10   13     1.00000000000000E-99   1.00000000000000E-99
 11   13     1.00000000000000E-99   1.00000000000000E-99
 12   13     1.00000000000000E-99   1.00000000000000E-99
 13   13     6.98677680325554E-23   1.81656196884644E-21
 14   13     1.10695695575589E-09   2.98878378054091E-08
 15   13     2.16204653612752E-12   6.05373030115705E-11
 16   13     2.94306713775306E-10   8.53489469948388E-09
 17   13     8.78397195450369E-19   2.63519158635111E-17
 18   13     1.00000000000000E-99   1.00000000000000E-99
 19   13     1.00000000000000E-99   1.00000000000000E-99
 20   13     1.00000000000000E-99   1.00000000000000E-99
 21   13     1.00000000000000E-99   1.00000000000000E-99
 22   13     1.00000000000000E-99   1.00000000000000E-99
 23   13     1.00000000000000E-99   1.00000000000000E-99
 24   13     1.00000000000000E-99   1.00000000000000E-99
 25   13     1.00000000000000E-99   1.00000000000000E-99
 26   13     1.00000000000000E-99   1.00000000000000E-99
 27   13     1.00000000000000E-99   1.00000000000000E-99
 28   13     1.00000000000000E-99   1.00000000000000E-99
 29   13     1.00000000000000E-99   1.00000000000000E-99
 30   13     1.00000000000000E-99   1.00000000000000E-99
 31   13     1.00000000000000E-99   1.00000000000000E-99
 32   13     1.00000000000000E-99   1.00000000000000E-99
 33   13     1.00000000000000E-99   1.00000000000000E-99
 34   13     1.00000000000000E-99   1.00000000000000E-99
 35   13     1.00000000000000E-99   1.00000000000000E-99
 36   13     1.00000000000000E-99   1.00000000000000E-99
 37   13     1.00000000000000E-99   1.00000000000000E-99
 38   13     1.00000000000000E-99   1.00000000000000E-99
  8   14     1.00000000000000E-99   1.00000000000000E-99
  9   14     1.00000000000000E-99   1.00000000000000E-99
 10   14     1.00000000000000E-99   1.00000000000000E-99
 11   14     1.00000000000000E-99   1.00000000000000E-99
 12   14     1.00000000000000E-99   1.00000000000000E-99
 13   14     1.00000000000000E-99   1.00000000000000E-99
 14   14     4.56751745510436E-12   1.27890488742922E-10
 15   14     4.88979191384653E-10   1.41803965501549E-08
 16   14     1.96810501001191E-09   5.90431503003572E-08
 17   14     2.37765215312094E-09   7.37072167467493E-08
 18   14     1.03048889097798E-08   3.29756445112953E-07
 19   14     1.36191394324760E-17   4.49431601271706E-16
 20   14     1.00000000000000E-99   1.00000000000000E-99
 21   14     1.00000000000000E-99   1.00000000000000E-99
 22   14     1.00000000000000E-99   1.00000000000000E-99
 23   14     1.00000000000000E-99   1.00000000000000E-99
 24   14     1.00000000000000E-99   1.00000000000000E-99
 25   14     1.00000000000000E-99   1.00000000000000E-99
 26   14     1.00000000000000E-99   1.00000000000000E-99
 27   14     1.00000000000000E-99   1.00000000000000E-99
 28   14     1.00000000000000E-99   1.00000000000000E-99
 29   14     1.00000000000000E-99   1.00000000000000E-99
 30   14     1.00000000000000E-99   1.00000000000000E-99
 31   14     1.00000000000000E-99   1.00000000000000E-99
 32   14     1.00000000000000E-99   1.00000000000000E-99
 33   14     1.00000000000000E-99   1.00000000000000E-99
 34   14     1.00000000000000E-99   1.00000000000000E-99
 35   14     1.00000000000000E-99   1.00000000000000E-99
 36   14     1.00000000000000E-99   1.00000000000000E-99
 37   14     1.00000000000000E-99   1.00000000000000E-99
 38   14     1.00000000000000E-99   1.00000000000000E-99
 39   14     1.00000000000000E-99   1.00000000000000E-99
 40   14     1.00000000000000E-99   1.00000000000000E-99
  8   15     1.00000000000000E-99   1.00000000000000E-99
  9   15     1.00000000000000E-99   1.00000000000000E-99
 10   15     1.00000000000000E-99   1.00000000000000E-99
 11   15     1.00000000000000E-99   1.00000000000000E-99
 12   15     1.00000000000000E-99   1.00000000000000E-99
 13   15     1.00000000000000E-99   1.00000000000000E-99
 14   15     1.00000000000000E-99   1.00000000000000E-99
 15   15     1.00000000000000E-99   1.00000000000000E-99
 16   15     9.94732446135519E-11   3.08367058302011E-09
 17   15     2.05947622020601E-15   6.59032390465925E-14
 18   15     1.16434162339869E-08   3.84232735721568E-07
 19   15     2.57787299380712E-16   8.76476817894419E-15
 20   15     4.78017018588161E-12   1.67305956505856E-10
 21   15     4.01470459904947E-21   1.44529365565781E-19
 22   15     1.00000000000000E-99   1.00000000000000E-99
 23   15     1.00000000000000E-99   1.00000000000000E-99
 24   15     1.00000000000000E-99   1.00000000000000E-99
 25   15     1.00000000000000E-99   1.00000000000000E-99
 26   15     1.00000000000000E-99   1.00000000000000E-99
 27   15     1.00000000000000E-99   1.00000000000000E-99
 28   15     1.00000000000000E-99   1.00000000000000E-99
 29   15     1.00000000000000E-99   1.00000000000000E-99
 30   15     1.00000000000000E-99   1.00000000000000E-99
 31   15     1.00000000000000E-99   1.00000000000000E-99
 32   15     1.00000000000000E-99   1.00000000000000E-99
 33   15     1.00000000000000E-99   1.00000000000000E-99
 34   15     1.00000000000000E-99   1.00000000000000E-99
 35   15     1.00000000000000E-99   1.00000000000000E-99
 36   15     1.00000000000000E-99   1.00000000000000E-99
 37   15     1.00000000000000E-99   1.00000000000000E-99
 38   15     1.00000000000000E-99   1.00000000000000E-99
 39   15     1.00000000000000E-99   1.00000000000000E-99
 40   15     1.00000000000000E-99   1.00000000000000E-99
 41   15     1.00000000000000E-99   1.00000000000000E-99
 42   15     1.00000000000000E-99   1.00000000000000E-99
  8   16     1.00000000000000E-99   1.00000000000000E-99
  9   16     1.00000000000000E-99   1.00000000000000E-99
 10   16     1.00000000000000E-99   1.00000000000000E-99
 11   16     1.00000000000000E-99   1.00000000000000E-99
 12   16     1.00000000000000E-99   1.00000000000000E-99
 13   16     1.00000000000000E-99   1.00000000000000E-99
 14   16     1.00000000000000E-99   1.00000000000000E-99
 15   16     1.00000000000000E-99   1.00000000000000E-99
 16   16     5.18062087213116E-19   1.65779867908197E-17
 17   16     2.02771956299990E-12   6.69147455789966E-11
 18   16     2.03652198829961E-08   6.92417476021869E-07
 19   16     1.51011418621950E-08   5.28539965176825E-07
 20   16     4.67753396622138E-09   1.68391222783970E-07
 21   16     3.56174357705416E-09   1.31784512351004E-07
 22   16     7.66491709369391E-09   2.91266849560369E-07
 23   16     2.73381715507984E-17   1.06618869048114E-15
 24   16     2.82605928640798E-25   1.13042371456319E-23
 25   16     1.00000000000000E-99   1.00000000000000E-99
 26   16     1.00000000000000E-99   1.00000000000000E-99
 27   16     1.00000000000000E-99   1.00000000000000E-99
 28   16     1.00000000000000E-99   1.00000000000000E-99
 29   16     1.00000000000000E-99   1.00000000000000E-99
 30   16     1.00000000000000E-99   1.00000000000000E-99
 31   16     1.00000000000000E-99   1.00000000000000E-99
 32   16     1.00000000000000E-99   1.00000000000000E-99
 33   16     1.00000000000000E-99   1.00000000000000E-99
 34   16     1.00000000000000E-99   1.00000000000000E-99
 35   16     1.00000000000000E-99   1.00000000000000E-99
 36   16     1.00000000000000E-99   1.00000000000000E-99
 37   16     1.00000000000000E-99   1.00000000000000E-99
 38   16     1.00000000000000E-99   1.00000000000000E-99
 39   16     1.00000000000000E-99   1.00000000000000E-99
 40   16     1.00000000000000E-99   1.00000000000000E-99
 41   16     1.00000000000000E-99   1.00000000000000E-99
 42   16     1.00000000000000E-99   1.00000000000000E-99
 43   16     1.00000000000000E-99   1.00000000000000E-99
 44   16     1.00000000000000E-99   1.00000000000000E-99
  9   17     1.00000000000000E-99   1.00000000000000E-99
 10   17     1.00000000000000E-99   1.00000000000000E-99
 11   17     1.00000000000000E-99   1.00000000000000E-99
 12   17     1.00000000000000E-99   1.00000000000000E-99
 13   17     1.00000000000000E-99   1.00000000000000E-99
 14   17     1.00000000000000E-99   1.00000000000000E-99
 15   17     1.00000000000000E-99   1.00000000000000E-99
 16   17     1.00000000000000E-99   1.00000000000000E-99
 17   17     1.00000000000000E-99   1.00000000000000E-99
 18   17     6.79623416302426E-13   2.37868195705849E-11
 19   17     6.28936200483745E-18   2.26417032174148E-16
 20   17     9.10781817076208E-09   3.36989272318197E-07
 21   17     2.72032087041485E-10   1.03372193075764E-08
 22   17     2.78150206324413E-09   1.08478580466521E-07
 23   17     4.92438877111943E-11   1.96975550844777E-09
 24   17     4.40217741613325E-13   1.80489274061463E-11
 25   17     5.67687571421495E-21   2.38428779997028E-19
 26   17     1.00000000000000E-99   1.00000000000000E-99
 27   17     1.00000000000000E-99   1.00000000000000E-99
 28   17     1.00000000000000E-99   1.00000000000000E-99
 29   17     1.00000000000000E-99   1.00000000000000E-99
 30   17     1.00000000000000E-99   1.00000000000000E-99
 31   17     1.00000000000000E-99   1.00000000000000E-99
 32   17     1.00000000000000E-99   1.00000000000000E-99
 33   17     1.00000000000000E-99   1.00000000000000E-99
 34   17     1.00000000000000E-99   1.00000000000000E-99
 35   17     1.00000000000000E-99   1.00000000000000E-99
 36   17     1.00000000000000E-99   1.00000000000000E-99
 37   17     1.00000000000000E-99   1.00000000000000E-99
 38   17     1.00000000000000E-99   1.00000000000000E-99
 39   17     1.00000000000000E-99   1.00000000000000E-99
 40   17     1.00000000000000E-99   1.00000000000000E-99
 41   17     1.00000000000000E-99   1.00000000000000E-99
 42   17     1.00000000000000E-99   1.00000000000000E-99
 43   17     1.00000000000000E-99   1.00000000000000E-99
 44   17     1.00000000000000E-99   1.00000000000000E-99
 45   17     1.00000000000000E-99   1.00000000000000E-99
 46   17     1.00000000000000E-99   1.00000000000000E-99
  9   18     1.00000000000000E-99   1.00000000000000E-99
 10   18     1.00000000000000E-99   1.00000000000000E-99
 11   18     1.00000000000000E-99   1.00000000000000E-99
 12   18     1.00000000000000E-99   1.00000000000000E-99
 13   18     1.00000000000000E-99   1.00000000000000E-99
 14   18     1.00000000000000E-99   1.00000000000000E-99
 15   18     1.00000000000000E-99   1.00000000000000E-99
 16   18     1.00000000000000E-99   1.00000000000000E-99
 17   18     1.00000000000000E-99   1.00000000000000E-99
 18   18     1.00000000000000E-99   1.00000000000000E-99
 19   18     1.00000000000000E-99   1.00000000000000E-99
 20   18     2.45537388258107E-11   9.33042075380807E-10
 21   18     3.28119636728904E-10   1.27966658324272E-08
 22   18     4.98366664625782E-09   1.99346665850313E-07
 23   18     7.96561076388985E-09   3.26590041319484E-07
 24   18     9.81204525962620E-08   4.12105900904301E-06
 25   18     7.62581534487287E-09   3.27910059829534E-07
 26   18     1.38408828890044E-08   6.08998847116192E-07
 27   18     1.64264462028789E-15   7.39190079129550E-14
 28   18     4.09265459736240E-23   1.88262111478670E-21
 29   18     1.00000000000000E-99   1.00000000000000E-99
 30   18     1.00000000000000E-99   1.00000000000000E-99
 31   18     1.00000000000000E-99   1.00000000000000E-99
 32   18     1.00000000000000E-99   1.00000000000000E-99
 33   18     1.00000000000000E-99   1.00000000000000E-99
 34   18     1.00000000000000E-99   1.00000000000000E-99
 35   18     1.00000000000000E-99   1.00000000000000E-99
 36   18     1.00000000000000E-99   1.00000000000000E-99
 37   18     1.00000000000000E-99   1.00000000000000E-99
 38   18     1.00000000000000E-99   1.00000000000000E-99
 39   18     1.00000000000000E-99   1.00000000000000E-99
 40   18     1.00000000000000E-99   1.00000000000000E-99
 41   18     1.00000000000000E-99   1.00000000000000E-99
 42   18     1.00000000000000E-99   1.00000000000000E-99
 43   18     1.00000000000000E-99   1.00000000000000E-99
 44   18     1.00000000000000E-99   1.00000000000000E-99
 45   18     1.00000000000000E-99   1.00000000000000E-99
 46   18     1.00000000000000E-99   1.00000000000000E-99
 47   18     1.00000000000000E-99   1.00000000000000E-99
 48   18     1.00000000000000E-99   1.00000000000000E-99
 49   18     1.00000000000000E-99   1.00000000000000E-99
 10   19     1.00000000000000E-99   1.00000000000000E-99
 11   19     1.00000000000000E-99   1.00000000000000E-99
 12   19     1.00000000000000E-99   1.00000000000000E-99
 13   19     1.00000000000000E-99   1.00000000000000E-99
 14   19     1.00000000000000E-99   1.00000000000000E-99
 15   19     1.00000000000000E-99   1.00000000000000E-99
 16   19     1.00000000000000E-99   1.00000000000000E-99
 17   19     1.00000000000000E-99   1.00000000000000E-99
 18   19     1.00000000000000E-99   1.00000000000000E-99
 19   19     1.00000000000000E-99   1.00000000000000E-99
 20   19     7.43421083341818E-18   2.89934222503309E-16
 21   19     1.00000000000000E-99   1.00000000000000E-99
 22   19     4.31459546744920E-10   1.76898414165417E-08
 23   19     5.27438780004937E-14   2.21524287602073E-12
 24   19     1.74143804880032E-08   7.48818360984139E-07
 25   19     8.54589554769416E-09   3.76019404098543E-07
 26   19     3.62173553059310E-08   1.62978098876689E-06
 27   19     9.77635711343102E-10   4.49712427217827E-08
 28   19     6.82328118511861E-17   3.20694215700575E-15
 29   19     3.37211339826928E-25   1.61861443116926E-23
 30   19     1.00000000000000E-99   1.00000000000000E-99
 31   19     1.00000000000000E-99   1.00000000000000E-99
 32   19     1.00000000000000E-99   1.00000000000000E-99
 33   19     1.00000000000000E-99   1.00000000000000E-99
 34   19     1.00000000000000E-99   1.00000000000000E-99
 35   19     1.00000000000000E-99   1.00000000000000E-99
 36   19     1.00000000000000E-99   1.00000000000000E-99
 37   19     1.00000000000000E-99   1.00000000000000E-99
 38   19     1.00000000000000E-99   1.00000000000000E-99
 39   19     1.00000000000000E-99   1.00000000000000E-99
 40   19     1.00000000000000E-99   1.00000000000000E-99
 41   19     1.00000000000000E-99   1.00000000000000E-99
 42   19     1.00000000000000E-99   1.00000000000000E-99
 43   19     1.00000000000000E-99   1.00000000000000E-99
 44   19     1.00000000000000E-99   1.00000000000000E-99
 45   19     1.00000000000000E-99   1.00000000000000E-99
 46   19     1.00000000000000E-99   1.00000000000000E-99
 47   19     1.00000000000000E-99   1.00000000000000E-99
 48   19     1.00000000000000E-99   1.00000000000000E-99
 49   19     1.00000000000000E-99   1.00000000000000E-99
 50   19     1.00000000000000E-99   1.00000000000000E-99
 51   19     1.00000000000000E-99   1.00000000000000E-99
 10   20     1.00000000000000E-99   1.00000000000000E-99
 11   20     1.00000000000000E-99   1.00000000000000E-99
 12   20     1.00000000000000E-99   1.00000000000000E-99
 13   20     1.00000000000000E-99   1.00000000000000E-99
 14   20     1.00000000000000E-99   1.00000000000000E-99
 15   20     1.00000000000000E-99   1.00000000000000E-99
 16   20     1.00000000000000E-99   1.00000000000000E-99
 17   20     1.00000000000000E-99   1.00000000000000E-99
 18   20     1.00000000000000E-99   1.00000000000000E-99
 19   20     1.00000000000000E-99   1.00000000000000E-99
 20   20     1.00000000000000E-99   1.00000000000000E-99
 21   20     1.00000000000000E-99   1.00000000000000E-99
 22   20     2.70520625904506E-16   1.13618662879893E-14
 23   20     4.99794903994336E-11   2.14911808717564E-09
 24   20     1.43885043744913E-09   6.33094192477618E-08
 25   20     1.47370486079400E-08   6.63167187357301E-07
 26   20     3.41816031574821E-08   1.57235374524418E-06
 27   20     1.29514646641509E-08   6.08718839215091E-07
 28   20     1.33278231264779E-08   6.39735510070939E-07
 29   20     7.08699768651660E-10   3.47262886639313E-08
 30   20     8.43594727474719E-18   4.21797363737359E-16
 31   20     1.20334221817992E-24   6.13704531271760E-23
 32   20     1.00000000000000E-99   1.00000000000000E-99
 33   20     1.00000000000000E-99   1.00000000000000E-99
 34   20     1.00000000000000E-99   1.00000000000000E-99
 35   20     1.00000000000000E-99   1.00000000000000E-99
 36   20     1.00000000000000E-99   1.00000000000000E-99
 37   20     1.00000000000000E-99   1.00000000000000E-99
 38   20     1.00000000000000E-99   1.00000000000000E-99
 39   20     1.00000000000000E-99   1.00000000000000E-99
 40   20     1.00000000000000E-99   1.00000000000000E-99
 41   20     1.00000000000000E-99   1.00000000000000E-99
 42   20     1.00000000000000E-99   1.00000000000000E-99
 43   20     1.00000000000000E-99   1.00000000000000E-99
 44   20     1.00000000000000E-99   1.00000000000000E-99
 45   20     1.00000000000000E-99   1.00000000000000E-99
 46   20     1.00000000000000E-99   1.00000000000000E-99
 47   20     1.00000000000000E-99   1.00000000000000E-99
 48   20     1.00000000000000E-99   1.00000000000000E-99
 49   20     1.00000000000000E-99   1.00000000000000E-99
 50   20     1.00000000000000E-99   1.00000000000000E-99
 51   20     1.00000000000000E-99   1.00000000000000E-99
 52   20     1.00000000000000E-99   1.00000000000000E-99
 53   20     1.00000000000000E-99   1.00000000000000E-99
 11   21     1.00000000000000E-99   1.00000000000000E-99
 12   21     1.00000000000000E-99   1.00000000000000E-99
 13   21     1.00000000000000E-99   1.00000000000000E-99
 14   21     1.00000000000000E-99   1.00000000000000E-99
 15   21     1.00000000000000E-99   1.00000000000000E-99
 16   21     1.00000000000000E-99   1.00000000000000E-99
 17   21     1.00000000000000E-99   1.00000000000000E-99
 18   21     1.00000000000000E-99   1.00000000000000E-99
 19   21     1.00000000000000E-99   1.00000000000000E-99
 20   21     1.00000000000000E-99   1.00000000000000E-99
 21   21     1.00000000000000E-99   1.00000000000000E-99
 22   21     1.00000000000000E-99   1.00000000000000E-99
 23   21     1.00000000000000E-99   1.00000000000000E-99
 24   21     2.04930631947631E-13   9.22187843764341E-12
 25   21     4.24346116688960E-18   1.95199213676922E-16
 26   21     1.21995683433480E-11   5.73379712137355E-10
 27   21     6.43325004076046E-15   3.08796001956502E-13
 28   21     7.27245286738575E-10   3.56350190501902E-08
 29   21     1.40171454021842E-10   7.00857270109210E-09
 30   21     4.23287240767299E-18   2.15876492791323E-16
 31   21     1.00000000000000E-99   1.00000000000000E-99
 32   21     1.00000000000000E-99   1.00000000000000E-99
 33   21     1.00000000000000E-99   1.00000000000000E-99
 34   21     1.00000000000000E-99   1.00000000000000E-99
 35   21     1.00000000000000E-99   1.00000000000000E-99
 36   21     1.00000000000000E-99   1.00000000000000E-99
 37   21     1.00000000000000E-99   1.00000000000000E-99
 38   21     1.00000000000000E-99   1.00000000000000E-99
 39   21     1.00000000000000E-99   1.00000000000000E-99
 40   21     1.00000000000000E-99   1.00000000000000E-99
 41   21     1.00000000000000E-99   1.00000000000000E-99
 42   21     1.00000000000000E-99   1.00000000000000E-99
 43   21     1.00000000000000E-99   1.00000000000000E-99
 44   21     1.00000000000000E-99   1.00000000000000E-99
 45   21     1.00000000000000E-99   1.00000000000000E-99
 46   21     1.00000000000000E-99   1.00000000000000E-99
 47   21     1.00000000000000E-99   1.00000000000000E-99
 48   21     1.00000000000000E-99   1.00000000000000E-99
 49   21     1.00000000000000E-99   1.00000000000000E-99
 50   21     1.00000000000000E-99   1.00000000000000E-99
 51   21     1.00000000000000E-99   1.00000000000000E-99
 52   21     1.00000000000000E-99   1.00000000000000E-99
 53   21     1.00000000000000E-99   1.00000000000000E-99
 54   21     1.00000000000000E-99   1.00000000000000E-99
 55   21     1.00000000000000E-99   1.00000000000000E-99
 12   22     1.00000000000000E-99   1.00000000000000E-99
 13   22     1.00000000000000E-99   1.00000000000000E-99
 14   22     1.00000000000000E-99   1.00000000000000E-99
 15   22     1.00000000000000E-99   1.00000000000000E-99
 16   22     1.00000000000000E-99   1.00000000000000E-99
 17   22     1.00000000000000E-99   1.00000000000000E-99
 18   22     1.00000000000000E-99   1.00000000000000E-99
 19   22     1.00000000000000E-99   1.00000000000000E-99
 20   22     1.00000000000000E-99   1.00000000000000E-99
 21   22     1.00000000000000E-99   1.00000000000000E-99
 22   22     1.00000000000000E-99   1.00000000000000E-99
 23   22     1.00000000000000E-99   1.00000000000000E-99
 24   22     1.25072073061040E-22   5.75331536080785E-21
 25   22     7.84708833911856E-15   3.68813151938572E-13
 26   22     8.73916364418586E-18   4.19479854920921E-16
 27   22     4.72452547560378E-11   2.31501748304585E-09
 28   22     5.11389404453840E-09   2.55694702226920E-07
 29   22     2.36055529177284E-09   1.20388319880415E-07
 30   22     3.13394835847396E-10   1.62965314640646E-08
 31   22     3.75112256096103E-14   1.98809495730934E-12
 32   22     8.56344180520617E-23   4.62425857481133E-21
 33   22     1.00000000000000E-99   1.00000000000000E-99
 34   22     1.00000000000000E-99   1.00000000000000E-99
 35   22     1.00000000000000E-99   1.00000000000000E-99
 36   22     1.00000000000000E-99   1.00000000000000E-99
 37   22     1.00000000000000E-99   1.00000000000000E-99
 38   22     1.00000000000000E-99   1.00000000000000E-99
 39   22     1.00000000000000E-99   1.00000000000000E-99
 40   22     1.00000000000000E-99   1.00000000000000E-99
 41   22     1.00000000000000E-99   1.00000000000000E-99
 42   22     1.00000000000000E-99   1.00000000000000E-99
 43   22     1.00000000000000E-99   1.00000000000000E-99
 44   22     1.00000000000000E-99   1.00000000000000E-99
 45   22     1.00000000000000E-99   1.00000000000000E-99
 46   22     1.00000000000000E-99   1.00000000000000E-99
 47   22     1.00000000000000E-99   1.00000000000000E-99
 48   22     1.00000000000000E-99   1.00000000000000E-99
 49   22     1.00000000000000E-99   1.00000000000000E-99
 50   22     1.00000000000000E-99   1.00000000000000E-99
 51   22     1.00000000000000E-99   1.00000000000000E-99
 52   22     1.00000000000000E-99   1.00000000000000E-99
 53   22     1.00000000000000E-99   1.00000000000000E-99
 54   22     1.00000000000000E-99   1.00000000000000E-99
 55   22     1.00000000000000E-99   1.00000000000000E-99
 56   22     1.00000000000000E-99   1.00000000000000E-99
 57   22     1.00000000000000E-99   1.00000000000000E-99
 58   22     1.00000000000000E-99   1.00000000000000E-99
 13   23     1.00000000000000E-99   1.00000000000000E-99
 14   23     1.00000000000000E-99   1.00000000000000E-99
 15   23     1.00000000000000E-99   1.00000000000000E-99
 16   23     1.00000000000000E-99   1.00000000000000E-99
 17   23     1.00000000000000E-99   1.00000000000000E-99
 18   23     1.00000000000000E-99   1.00000000000000E-99
 19   23     1.00000000000000E-99   1.00000000000000E-99
 20   23     1.00000000000000E-99   1.00000000000000E-99
 21   23     1.00000000000000E-99   1.00000000000000E-99
 22   23     1.00000000000000E-99   1.00000000000000E-99
 23   23     1.00000000000000E-99   1.00000000000000E-99
 24   23     1.00000000000000E-99   1.00000000000000E-99
 25   23     1.00000000000000E-99   1.00000000000000E-99
 26   23     1.00000000000000E-99   1.00000000000000E-99
 27   23     1.00000000000000E-99   1.00000000000000E-99
 28   23     4.39983082306860E-09   2.24391371976499E-07
 29   23     3.60134556412692E-09   1.87269969334600E-07
 30   23     9.45204596622811E-11   5.00958436210090E-09
 31   23     1.52165859251082E-12   8.21695639955841E-11
 32   23     1.25771298739658E-19   6.91742143068121E-18
 33   23     1.00000000000000E-99   1.00000000000000E-99
 34   23     1.00000000000000E-99   1.00000000000000E-99
 35   23     1.00000000000000E-99   1.00000000000000E-99
 36   23     1.00000000000000E-99   1.00000000000000E-99
 37   23     1.00000000000000E-99   1.00000000000000E-99
 38   23     1.00000000000000E-99   1.00000000000000E-99
 39   23     1.00000000000000E-99   1.00000000000000E-99
 40   23     1.00000000000000E-99   1.00000000000000E-99
 41   23     1.00000000000000E-99   1.00000000000000E-99
 42   23     1.00000000000000E-99   1.00000000000000E-99
 43   23     1.00000000000000E-99   1.00000000000000E-99
 44   23     1.00000000000000E-99   1.00000000000000E-99
 45   23     1.00000000000000E-99   1.00000000000000E-99
 46   23     1.00000000000000E-99   1.00000000000000E-99
 47   23     1.00000000000000E-99   1.00000000000000E-99
 48   23     1.00000000000000E-99   1.00000000000000E-99
 49   23     1.00000000000000E-99   1.00000000000000E-99
 50   23     1.00000000000000E-99   1.00000000000000E-99
 51   23     1.00000000000000E-99   1.00000000000000E-99
 52   23     1.00000000000000E-99   1.00000000000000E-99
 53   23     1.00000000000000E-99   1.00000000000000E-99
 54   23     1.00000000000000E-99   1.00000000000000E-99
 55   23     1.00000000000000E-99   1.00000000000000E-99
 56   23     1.00000000000000E-99   1.00000000000000E-99
 57   23     1.00000000000000E-99   1.00000000000000E-99
 58   23     1.00000000000000E-99   1.00000000000000E-99
 59   23     1.00000000000000E-99   1.00000000000000E-99
 60   23     1.00000000000000E-99   1.00000000000000E-99
 14   24     1.00000000000000E-99   1.00000000000000E-99
 15   24     1.00000000000000E-99   1.00000000000000E-99
 16   24     1.00000000000000E-99   1.00000000000000E-99
 17   24     1.00000000000000E-99   1.00000000000000E-99
 18   24     1.00000000000000E-99   1.00000000000000E-99
 19   24     1.00000000000000E-99   1.00000000000000E-99
 20   24     1.00000000000000E-99   1.00000000000000E-99
 21   24     1.00000000000000E-99   1.00000000000000E-99
 22   24     1.00000000000000E-99   1.00000000000000E-99
 23   24     1.00000000000000E-99   1.00000000000000E-99
 24   24     1.00000000000000E-99   1.00000000000000E-99
 25   24     1.00000000000000E-99   1.00000000000000E-99
 26   24     1.00000000000000E-99   1.00000000000000E-99
 27   24     1.00000000000000E-99   1.00000000000000E-99
 28   24     8.09459423661846E-09   4.20918900304160E-07
 29   24     3.69722272246912E-09   1.95952804290864E-07
 30   24     3.14106219199103E-09   1.69617358367516E-07
 31   24     2.74357525814605E-10   1.50896639198033E-08
 32   24     8.51887934961507E-10   4.77057243578444E-08
 33   24     1.21330424440496E-16   6.91583419310828E-15
 34   24     4.07616497233879E-24   2.36417568395650E-22
 35   24     1.00000000000000E-99   1.00000000000000E-99
 36   24     1.00000000000000E-99   1.00000000000000E-99
 37   24     1.00000000000000E-99   1.00000000000000E-99
 38   24     1.00000000000000E-99   1.00000000000000E-99
 39   24     1.00000000000000E-99   1.00000000000000E-99
 40   24     1.00000000000000E-99   1.00000000000000E-99
 41   24     1.00000000000000E-99   1.00000000000000E-99
 42   24     1.00000000000000E-99   1.00000000000000E-99
 43   24     1.00000000000000E-99   1.00000000000000E-99
 44   24     1.00000000000000E-99   1.00000000000000E-99
 45   24     1.00000000000000E-99   1.00000000000000E-99
 46   24     1.00000000000000E-99   1.00000000000000E-99
 47   24     1.00000000000000E-99   1.00000000000000E-99
 48   24     1.00000000000000E-99   1.00000000000000E-99
 49   24     1.00000000000000E-99   1.00000000000000E-99
 50   24     1.00000000000000E-99   1.00000000000000E-99
 51   24     1.00000000000000E-99   1.00000000000000E-99
 52   24     1.00000000000000E-99   1.00000000000000E-99
 53   24     1.00000000000000E-99   1.00000000000000E-99
 54   24     1.00000000000000E-99   1.00000000000000E-99
 55   24     1.00000000000000E-99   1.00000000000000E-99
 56   24     1.00000000000000E-99   1.00000000000000E-99
 57   24     1.00000000000000E-99   1.00000000000000E-99
 58   24     1.00000000000000E-99   1.00000000000000E-99
 59   24     1.00000000000000E-99   1.00000000000000E-99
 60   24     1.00000000000000E-99   1.00000000000000E-99
 61   24     1.00000000000000E-99   1.00000000000000E-99
 62   24     1.00000000000000E-99   1.00000000000000E-99
 15   25     1.00000000000000E-99   1.00000000000000E-99
 16   25     1.00000000000000E-99   1.00000000000000E-99
 17   25     1.00000000000000E-99   1.00000000000000E-99
 18   25     1.00000000000000E-99   1.00000000000000E-99
 19   25     1.00000000000000E-99   1.00000000000000E-99
 20   25     1.00000000000000E-99   1.00000000000000E-99
 21   25     1.00000000000000E-99   1.00000000000000E-99
 22   25     1.00000000000000E-99   1.00000000000000E-99
 23   25     1.00000000000000E-99   1.00000000000000E-99
 24   25     1.00000000000000E-99   1.00000000000000E-99
 25   25     1.00000000000000E-99   1.00000000000000E-99
 26   25     1.00000000000000E-99   1.00000000000000E-99
 27   25     1.00000000000000E-99   1.00000000000000E-99
 28   25     1.00000000000000E-99   1.00000000000000E-99
 29   25     1.00000000000000E-99   1.00000000000000E-99
 30   25     1.38729381226815E-09   7.63011596747480E-08
 31   25     1.62858405099524E-09   9.12007068557333E-08
 32   25     6.32681409980303E-11   3.60628403688773E-09
 33   25     1.87494210966340E-18   1.08746642360477E-16
 34   25     1.75618982656301E-25   1.03615199767217E-23
 35   25     1.00000000000000E-99   1.00000000000000E-99
 36   25     1.00000000000000E-99   1.00000000000000E-99
 37   25     1.00000000000000E-99   1.00000000000000E-99
 38   25     1.00000000000000E-99   1.00000000000000E-99
 39   25     1.00000000000000E-99   1.00000000000000E-99
 40   25     1.00000000000000E-99   1.00000000000000E-99
 41   25     1.00000000000000E-99   1.00000000000000E-99
 42   25     1.00000000000000E-99   1.00000000000000E-99
 43   25     1.00000000000000E-99   1.00000000000000E-99
 44   25     1.00000000000000E-99   1.00000000000000E-99
 45   25     1.00000000000000E-99   1.00000000000000E-99
 46   25     1.00000000000000E-99   1.00000000000000E-99
 47   25     1.00000000000000E-99   1.00000000000000E-99
 48   25     1.00000000000000E-99   1.00000000000000E-99
 49   25     1.00000000000000E-99   1.00000000000000E-99
 50   25     1.00000000000000E-99   1.00000000000000E-99
 51   25     1.00000000000000E-99   1.00000000000000E-99
 52   25     1.00000000000000E-99   1.00000000000000E-99
 53   25     1.00000000000000E-99   1.00000000000000E-99
 54   25     1.00000000000000E-99   1.00000000000000E-99
 55   25     1.00000000000000E-99   1.00000000000000E-99
 56   25     1.00000000000000E-99   1.00000000000000E-99
 57   25     1.00000000000000E-99   1.00000000000000E-99
 58   25     1.00000000000000E-99   1.00000000000000E-99
 59   25     1.00000000000000E-99   1.00000000000000E-99
 60   25     1.00000000000000E-99   1.00000000000000E-99
 61   25     1.00000000000000E-99   1.00000000000000E-99
 62   25     1.00000000000000E-99   1.00000000000000E-99
 63   25     1.00000000000000E-99   1.00000000000000E-99
 64   25     1.00000000000000E-99   1.00000000000000E-99
 16   26     1.00000000000000E-99   1.00000000000000E-99
 17   26     1.00000000000000E-99   1.00000000000000E-99
 18   26     1.00000000000000E-99   1.00000000000000E-99
 19   26     1.00000000000000E-99   1.00000000000000E-99
 20   26     1.00000000000000E-99   1.00000000000000E-99
 21   26     1.00000000000000E-99   1.00000000000000E-99
 22   26     1.00000000000000E-99   1.00000000000000E-99
 23   26     1.00000000000000E-99   1.00000000000000E-99
 24   26     1.00000000000000E-99   1.00000000000000E-99
 25   26     1.00000000000000E-99   1.00000000000000E-99
 26   26     1.00000000000000E-99   1.00000000000000E-99
 27   26     1.00000000000000E-99   1.00000000000000E-99
 28   26     1.00000000000000E-99   1.00000000000000E-99
 29   26     1.00000000000000E-99   1.00000000000000E-99
 30   26     4.04922581699598E-11   2.26756645751775E-09
 31   26     4.20745336061880E-09   2.39824841555272E-07
 32   26     3.57662007326392E-09   2.07443964249307E-07
 33   26     3.68526891107488E-09   2.17430865753418E-07
 34   26     3.00711539026167E-09   1.80426923415700E-07
 35   26     1.00187413917339E-09   6.11143224895770E-08
 36   26     2.53872072316732E-11   1.57400684836374E-09
 37   26     2.15732761028548E-19   1.35911639447985E-17
 38   26     1.00000000000000E-99   1.00000000000000E-99
 39   26     1.00000000000000E-99   1.00000000000000E-99
 40   26     1.00000000000000E-99   1.00000000000000E-99
 41   26     1.00000000000000E-99   1.00000000000000E-99
 42   26     1.00000000000000E-99   1.00000000000000E-99
 43   26     1.00000000000000E-99   1.00000000000000E-99
 44   26     1.00000000000000E-99   1.00000000000000E-99
 45   26     1.00000000000000E-99   1.00000000000000E-99
 46   26     1.00000000000000E-99   1.00000000000000E-99
 47   26     1.00000000000000E-99   1.00000000000000E-99
 48   26     1.00000000000000E-99   1.00000000000000E-99
 49   26     1.00000000000000E-99   1.00000000000000E-99
 50   26     1.00000000000000E-99   1.00000000000000E-99
 51   26     1.00000000000000E-99   1.00000000000000E-99
 52   26     1.00000000000000E-99   1.00000000000000E-99
 53   26     1.00000000000000E-99   1.00000000000000E-99
 54   26     1.00000000000000E-99   1.00000000000000E-99
 55   26     1.00000000000000E-99   1.00000000000000E-99
 56   26     1.00000000000000E-99   1.00000000000000E-99
 57   26     1.00000000000000E-99   1.00000000000000E-99
 58   26     1.00000000000000E-99   1.00000000000000E-99
 59   26     1.00000000000000E-99   1.00000000000000E-99
 60   26     1.00000000000000E-99   1.00000000000000E-99
 61   26     1.00000000000000E-99   1.00000000000000E-99
 62   26     1.00000000000000E-99   1.00000000000000E-99
 63   26     1.00000000000000E-99   1.00000000000000E-99
 64   26     1.00000000000000E-99   1.00000000000000E-99
 65   26     1.00000000000000E-99   1.00000000000000E-99
 66   26     1.00000000000000E-99   1.00000000000000E-99
 17   27     1.00000000000000E-99   1.00000000000000E-99
 18   27     1.00000000000000E-99   1.00000000000000E-99
 19   27     1.00000000000000E-99   1.00000000000000E-99
 20   27     1.00000000000000E-99   1.00000000000000E-99
 21   27     1.00000000000000E-99   1.00000000000000E-99
 22   27     1.00000000000000E-99   1.00000000000000E-99
 23   27     1.00000000000000E-99   1.00000000000000E-99
 24   27     1.00000000000000E-99   1.00000000000000E-99
 25   27     1.00000000000000E-99   1.00000000000000E-99
 26   27     1.00000000000000E-99   1.00000000000000E-99
 27   27     1.00000000000000E-99   1.00000000000000E-99
 28   27     1.00000000000000E-99   1.00000000000000E-99
 29   27     1.00000000000000E-99   1.00000000000000E-99
 30   27     1.00000000000000E-99   1.00000000000000E-99
 31   27     1.00000000000000E-99   1.00000000000000E-99
 32   27     3.66519286294119E-13   2.16246378913530E-11
 33   27     1.60981130445876E-17   9.65886782675254E-16
 34   27     1.86074859109335E-09   1.13505664056694E-07
 35   27     3.02976795336139E-10   1.87845613108406E-08
 36   27     1.02281927903339E-14   6.44376145791034E-13
 37   27     2.33872697117603E-23   1.49678526155266E-21
 38   27     1.00000000000000E-99   1.00000000000000E-99
 39   27     1.00000000000000E-99   1.00000000000000E-99
 40   27     1.00000000000000E-99   1.00000000000000E-99
 41   27     1.00000000000000E-99   1.00000000000000E-99
 42   27     1.00000000000000E-99   1.00000000000000E-99
 43   27     1.00000000000000E-99   1.00000000000000E-99
 44   27     1.00000000000000E-99   1.00000000000000E-99
 45   27     1.00000000000000E-99   1.00000000000000E-99
 46   27     1.00000000000000E-99   1.00000000000000E-99
 47   27     1.00000000000000E-99   1.00000000000000E-99
 48   27     1.00000000000000E-99   1.00000000000000E-99
 49   27     1.00000000000000E-99   1.00000000000000E-99
 50   27     1.00000000000000E-99   1.00000000000000E-99
 51   27     1.00000000000000E-99   1.00000000000000E-99
 52   27     1.00000000000000E-99   1.00000000000000E-99
 53   27     1.00000000000000E-99   1.00000000000000E-99
 54   27     1.00000000000000E-99   1.00000000000000E-99
 55   27     1.00000000000000E-99   1.00000000000000E-99
 56   27     1.00000000000000E-99   1.00000000000000E-99
 57   27     1.00000000000000E-99   1.00000000000000E-99
 58   27     1.00000000000000E-99   1.00000000000000E-99
 59   27     1.00000000000000E-99   1.00000000000000E-99
 60   27     1.00000000000000E-99   1.00000000000000E-99
 61   27     1.00000000000000E-99   1.00000000000000E-99
 62   27     1.00000000000000E-99   1.00000000000000E-99
 63   27     1.00000000000000E-99   1.00000000000000E-99
 64   27     1.00000000000000E-99   1.00000000000000E-99
 65   27     1.00000000000000E-99   1.00000000000000E-99
 66   27     1.00000000000000E-99   1.00000000000000E-99
 67   27     1.00000000000000E-99   1.00000000000000E-99
 68   27     1.00000000000000E-99   1.00000000000000E-99
 69   27     1.00000000000000E-99   1.00000000000000E-99
 18   28     1.00000000000000E-99   1.00000000000000E-99
 19   28     1.00000000000000E-99   1.00000000000000E-99
 20   28     1.00000000000000E-99   1.00000000000000E-99
 21   28     1.00000000000000E-99   1.00000000000000E-99
 22   28     1.00000000000000E-99   1.00000000000000E-99
 23   28     1.00000000000000E-99   1.00000000000000E-99
 24   28     1.00000000000000E-99   1.00000000000000E-99
 25   28     1.00000000000000E-99   1.00000000000000E-99
 26   28     1.00000000000000E-99   1.00000000000000E-99
 27   28     1.00000000000000E-99   1.00000000000000E-99
 28   28     1.00000000000000E-99   1.00000000000000E-99
 29   28     1.00000000000000E-99   1.00000000000000E-99
 30   28     1.00000000000000E-99   1.00000000000000E-99
 31   28     1.00000000000000E-99   1.00000000000000E-99
 32   28     2.60025490967218E-23   1.56015294580331E-21
 33   28     7.24919976044783E-11   4.42201185387317E-09
 34   28     6.75018759475731E-09   4.18511630874953E-07
 35   28     7.12479413708217E-09   4.48862030636176E-07
 36   28     4.30102272611661E-09   2.75265454471463E-07
 37   28     7.34809404828423E-09   4.77626113138475E-07
 38   28     5.83722570584758E-09   3.85256896585941E-07
 39   28     4.06023131554712E-16   2.72035498141657E-14
 40   28     1.22516030535162E-14   8.33109007639100E-13
 41   28     1.88805900740921E-22   1.30276071511236E-20
 42   28     1.00000000000000E-99   1.00000000000000E-99
 43   28     1.00000000000000E-99   1.00000000000000E-99
 44   28     1.00000000000000E-99   1.00000000000000E-99
 45   28     1.00000000000000E-99   1.00000000000000E-99
 46   28     1.00000000000000E-99   1.00000000000000E-99
 47   28     1.00000000000000E-99   1.00000000000000E-99
 48   28     1.00000000000000E-99   1.00000000000000E-99
 49   28     1.00000000000000E-99   1.00000000000000E-99
 50   28     1.00000000000000E-99   1.00000000000000E-99
 51   28     1.00000000000000E-99   1.00000000000000E-99
 52   28     1.00000000000000E-99   1.00000000000000E-99
 53   28     1.00000000000000E-99   1.00000000000000E-99
 54   28     1.00000000000000E-99   1.00000000000000E-99
 55   28     1.00000000000000E-99   1.00000000000000E-99
 56   28     1.00000000000000E-99   1.00000000000000E-99
 57   28     1.00000000000000E-99   1.00000000000000E-99
 58   28     1.00000000000000E-99   1.00000000000000E-99
 59   28     1.00000000000000E-99   1.00000000000000E-99
 60   28     1.00000000000000E-99   1.00000000000000E-99
 61   28     1.00000000000000E-99   1.00000000000000E-99
 62   28     1.00000000000000E-99   1.00000000000000E-99
 63   28     1.00000000000000E-99   1.00000000000000E-99
 64   28     1.00000000000000E-99   1.00000000000000E-99
 65   28     1.00000000000000E-99   1.00000000000000E-99
 66   28     1.00000000000000E-99   1.00000000000000E-99
 67   28     1.00000000000000E-99   1.00000000000000E-99
 68   28     1.00000000000000E-99   1.00000000000000E-99
 69   28     1.00000000000000E-99   1.00000000000000E-99
 70   28     1.00000000000000E-99   1.00000000000000E-99
 71   28     1.00000000000000E-99   1.00000000000000E-99
 19   29     1.00000000000000E-99   1.00000000000000E-99
 20   29     1.00000000000000E-99   1.00000000000000E-99
 21   29     1.00000000000000E-99   1.00000000000000E-99
 22   29     1.00000000000000E-99   1.00000000000000E-99
 23   29     1.00000000000000E-99   1.00000000000000E-99
 24   29     1.00000000000000E-99   1.00000000000000E-99
 25   29     1.00000000000000E-99   1.00000000000000E-99
 26   29     1.00000000000000E-99   1.00000000000000E-99
 27   29     1.00000000000000E-99   1.00000000000000E-99
 28   29     1.00000000000000E-99   1.00000000000000E-99
 29   29     1.00000000000000E-99   1.00000000000000E-99
 30   29     1.00000000000000E-99   1.00000000000000E-99
 31   29     1.00000000000000E-99   1.00000000000000E-99
 32   29     1.00000000000000E-99   1.00000000000000E-99
 33   29     1.00000000000000E-99   1.00000000000000E-99
 34   29     7.90033553475282E-16   4.97721138689428E-14
 35   29     6.49040817796422E-20   4.15386123389710E-18
 36   29     3.19413798974685E-10   2.07618969333545E-08
 37   29     6.53113855805053E-12   4.31055144831335E-10
 38   29     8.24882294272662E-09   5.52671137162683E-07
 39   29     2.42423243280852E-13   1.64847805430979E-11
 40   29     9.24920852219712E-10   6.38195388031601E-08
 41   29     6.84911994544807E-13   4.79438396181365E-11
 42   29     2.71639968187075E-17   1.92864377412823E-15
 43   29     1.93512345389695E-24   1.39328888680580E-22
 44   29     1.00000000000000E-99   1.00000000000000E-99
 45   29     1.00000000000000E-99   1.00000000000000E-99
 46   29     1.00000000000000E-99   1.00000000000000E-99
 47   29     1.00000000000000E-99   1.00000000000000E-99
 48   29     1.00000000000000E-99   1.00000000000000E-99
 49   29     1.00000000000000E-99   1.00000000000000E-99
 50   29     1.00000000000000E-99   1.00000000000000E-99
 51   29     1.00000000000000E-99   1.00000000000000E-99
 52   29     1.00000000000000E-99   1.00000000000000E-99
 53   29     1.00000000000000E-99   1.00000000000000E-99
 54   29     1.00000000000000E-99   1.00000000000000E-99
 55   29     1.00000000000000E-99   1.00000000000000E-99
 56   29     1.00000000000000E-99   1.00000000000000E-99
 57   29     1.00000000000000E-99   1.00000000000000E-99
 58   29     1.00000000000000E-99   1.00000000000000E-99
 59   29     1.00000000000000E-99   1.00000000000000E-99
 60   29     1.00000000000000E-99   1.00000000000000E-99
 61   29     1.00000000000000E-99   1.00000000000000E-99
 62   29     1.00000000000000E-99   1.00000000000000E-99
 63   29     1.00000000000000E-99   1.00000000000000E-99
 64   29     1.00000000000000E-99   1.00000000000000E-99
 65   29     1.00000000000000E-99   1.00000000000000E-99
 66   29     1.00000000000000E-99   1.00000000000000E-99
 67   29     1.00000000000000E-99   1.00000000000000E-99
 68   29     1.00000000000000E-99   1.00000000000000E-99
 69   29     1.00000000000000E-99   1.00000000000000E-99
 70   29     1.00000000000000E-99   1.00000000000000E-99
 71   29     1.00000000000000E-99   1.00000000000000E-99
 72   29     1.00000000000000E-99   1.00000000000000E-99
 73   29     1.00000000000000E-99   1.00000000000000E-99
 21   30     1.00000000000000E-99   1.00000000000000E-99
 22   30     1.00000000000000E-99   1.00000000000000E-99
 23   30     1.00000000000000E-99   1.00000000000000E-99
 24   30     1.00000000000000E-99   1.00000000000000E-99
 25   30     1.00000000000000E-99   1.00000000000000E-99
 26   30     1.00000000000000E-99   1.00000000000000E-99
 27   30     1.00000000000000E-99   1.00000000000000E-99
 28   30     1.00000000000000E-99   1.00000000000000E-99
 29   30     1.00000000000000E-99   1.00000000000000E-99
 30   30     1.00000000000000E-99   1.00000000000000E-99
 31   30     1.00000000000000E-99   1.00000000000000E-99
 32   30     1.00000000000000E-99   1.00000000000000E-99
 33   30     1.00000000000000E-99   1.00000000000000E-99
 34   30     1.59573599205920E-22   1.02127103491789E-20
 35   30     1.00000000000000E-99   1.00000000000000E-99
 36   30     4.99560177627605E-12   3.29709717234219E-10
 37   30     1.35383675500366E-11   9.07070625852455E-10
 38   30     5.57949352398008E-09   3.79405559630646E-07
 39   30     6.79632745329586E-09   4.68946594277414E-07
 40   30     3.10514392191056E-09   2.17360074533739E-07
 41   30     4.48782319035024E-10   3.18635446514867E-08
 42   30     6.30282487272116E-09   4.53803390835923E-07
 43   30     1.71432135072217E-15   1.25145458602718E-13
 44   30     1.51144615091538E-10   1.11847015167738E-08
 45   30     2.05674269425406E-18   1.54255702069055E-16
 46   30     1.00000000000000E-99   1.00000000000000E-99
 47   30     1.00000000000000E-99   1.00000000000000E-99
 48   30     1.00000000000000E-99   1.00000000000000E-99
 49   30     1.00000000000000E-99   1.00000000000000E-99
 50   30     1.00000000000000E-99   1.00000000000000E-99
 51   30     1.00000000000000E-99   1.00000000000000E-99
 52   30     1.00000000000000E-99   1.00000000000000E-99
 53   30     1.00000000000000E-99   1.00000000000000E-99
 54   30     1.00000000000000E-99   1.00000000000000E-99
 55   30     1.00000000000000E-99   1.00000000000000E-99
 56   30     1.00000000000000E-99   1.00000000000000E-99
 57   30     1.00000000000000E-99   1.00000000000000E-99
 58   30     1.00000000000000E-99   1.00000000000000E-99
 59   30     1.00000000000000E-99   1.00000000000000E-99
 60   30     1.00000000000000E-99   1.00000000000000E-99
 61   30     1.00000000000000E-99   1.00000000000000E-99
 62   30     1.00000000000000E-99   1.00000000000000E-99
 63   30     1.00000000000000E-99   1.00000000000000E-99
 64   30     1.00000000000000E-99   1.00000000000000E-99
 65   30     1.00000000000000E-99   1.00000000000000E-99
 66   30     1.00000000000000E-99   1.00000000000000E-99
 67   30     1.00000000000000E-99   1.00000000000000E-99
 68   30     1.00000000000000E-99   1.00000000000000E-99
 69   30     1.00000000000000E-99   1.00000000000000E-99
 70   30     1.00000000000000E-99   1.00000000000000E-99
 71   30     1.00000000000000E-99   1.00000000000000E-99
 72   30     1.00000000000000E-99   1.00000000000000E-99
 73   30     1.00000000000000E-99   1.00000000000000E-99
 74   30     1.00000000000000E-99   1.00000000000000E-99
 75   30     1.00000000000000E-99   1.00000000000000E-99
 22   31     1.00000000000000E-99   1.00000000000000E-99
 23   31     1.00000000000000E-99   1.00000000000000E-99
 24   31     1.00000000000000E-99   1.00000000000000E-99
 25   31     1.00000000000000E-99   1.00000000000000E-99
 26   31     1.00000000000000E-99   1.00000000000000E-99
 27   31     1.00000000000000E-99   1.00000000000000E-99
 28   31     1.00000000000000E-99   1.00000000000000E-99
 29   31     1.00000000000000E-99   1.00000000000000E-99
 30   31     1.00000000000000E-99   1.00000000000000E-99
 31   31     1.00000000000000E-99   1.00000000000000E-99
 32   31     1.00000000000000E-99   1.00000000000000E-99
 33   31     1.00000000000000E-99   1.00000000000000E-99
 34   31     1.00000000000000E-99   1.00000000000000E-99
 35   31     1.00000000000000E-99   1.00000000000000E-99
 36   31     1.00000000000000E-99   1.00000000000000E-99
 37   31     1.00000000000000E-99   1.00000000000000E-99
 38   31     5.24257102886535E-10   3.61737400991709E-08
 39   31     2.36568951215454E-14   1.65598265850818E-12
 40   31     4.82277340989999E-09   3.42416912102899E-07
 41   31     1.64822160395432E-11   1.18671955484711E-09
 42   31     7.05547670883022E-09   5.15049799744606E-07
 43   31     4.47561259369190E-09   3.31195331933201E-07
 44   31     1.34298244411451E-09   1.00723683308588E-07
 45   31     3.15413387768442E-13   2.39714174704016E-11
 46   31     4.91720195457659E-19   3.78624550502398E-17
 47   31     1.00000000000000E-99   1.00000000000000E-99
 48   31     1.00000000000000E-99   1.00000000000000E-99
 49   31     1.00000000000000E-99   1.00000000000000E-99
 50   31     1.00000000000000E-99   1.00000000000000E-99
 51   31     1.00000000000000E-99   1.00000000000000E-99
 52   31     1.00000000000000E-99   1.00000000000000E-99
 53   31     1.00000000000000E-99   1.00000000000000E-99
 54   31     1.00000000000000E-99   1.00000000000000E-99
 55   31     1.00000000000000E-99   1.00000000000000E-99
 56   31     1.00000000000000E-99   1.00000000000000E-99
 57   31     1.00000000000000E-99   1.00000000000000E-99
 58   31     1.00000000000000E-99   1.00000000000000E-99
 59   31     1.00000000000000E-99   1.00000000000000E-99
 60   31     1.00000000000000E-99   1.00000000000000E-99
 61   31     1.00000000000000E-99   1.00000000000000E-99
 62   31     1.00000000000000E-99   1.00000000000000E-99
 63   31     1.00000000000000E-99   1.00000000000000E-99
 64   31     1.00000000000000E-99   1.00000000000000E-99
 65   31     1.00000000000000E-99   1.00000000000000E-99
 66   31     1.00000000000000E-99   1.00000000000000E-99
 67   31     1.00000000000000E-99   1.00000000000000E-99
 68   31     1.00000000000000E-99   1.00000000000000E-99
 69   31     1.00000000000000E-99   1.00000000000000E-99
 70   31     1.00000000000000E-99   1.00000000000000E-99
 71   31     1.00000000000000E-99   1.00000000000000E-99
 72   31     1.00000000000000E-99   1.00000000000000E-99
 73   31     1.00000000000000E-99   1.00000000000000E-99
 74   31     1.00000000000000E-99   1.00000000000000E-99
 75   31     1.00000000000000E-99   1.00000000000000E-99
 76   31     1.00000000000000E-99   1.00000000000000E-99
 77   31     1.00000000000000E-99   1.00000000000000E-99
 23   32     1.00000000000000E-99   1.00000000000000E-99
 24   32     1.00000000000000E-99   1.00000000000000E-99
 25   32     1.00000000000000E-99   1.00000000000000E-99
 26   32     1.00000000000000E-99   1.00000000000000E-99
 27   32     1.00000000000000E-99   1.00000000000000E-99
 28   32     1.00000000000000E-99   1.00000000000000E-99
 29   32     1.00000000000000E-99   1.00000000000000E-99
 30   32     1.00000000000000E-99   1.00000000000000E-99
 31   32     1.00000000000000E-99   1.00000000000000E-99
 32   32     1.00000000000000E-99   1.00000000000000E-99
 33   32     1.00000000000000E-99   1.00000000000000E-99
 34   32     1.00000000000000E-99   1.00000000000000E-99
 35   32     1.00000000000000E-99   1.00000000000000E-99
 36   32     1.00000000000000E-99   1.00000000000000E-99
 37   32     1.00000000000000E-99   1.00000000000000E-99
 38   32     5.04636052657314E-15   3.53245236860120E-13
 39   32     1.74674674901331E-19   1.24019019179945E-17
 40   32     6.78941259020640E-14   4.88837706494861E-12
 41   32     1.46198931262407E-10   1.06725219821557E-08
 42   32     3.63386924060176E-09   2.68906323804530E-07
 43   32     2.32737329151979E-08   1.74552996863985E-06
 44   32     2.86721224842401E-08   2.17908130880225E-06
 45   32     5.91681859962162E-08   4.55595032170865E-06
 46   32     6.16964017515411E-08   4.81231933662020E-06
 47   32     4.45840495045570E-15   3.52213991086000E-13
 48   32     3.40628765784276E-14   2.72503012627421E-12
 49   32     5.58169476086034E-22   4.52117275629688E-20
 50   32     1.00000000000000E-99   1.00000000000000E-99
 51   32     1.00000000000000E-99   1.00000000000000E-99
 52   32     1.00000000000000E-99   1.00000000000000E-99
 53   32     1.00000000000000E-99   1.00000000000000E-99
 54   32     1.00000000000000E-99   1.00000000000000E-99
 55   32     1.00000000000000E-99   1.00000000000000E-99
 56   32     1.00000000000000E-99   1.00000000000000E-99
 57   32     1.00000000000000E-99   1.00000000000000E-99
 58   32     1.00000000000000E-99   1.00000000000000E-99
 59   32     1.00000000000000E-99   1.00000000000000E-99
 60   32     1.00000000000000E-99   1.00000000000000E-99
 61   32     1.00000000000000E-99   1.00000000000000E-99
 62   32     1.00000000000000E-99   1.00000000000000E-99
 63   32     1.00000000000000E-99   1.00000000000000E-99
 64   32     1.00000000000000E-99   1.00000000000000E-99
 65   32     1.00000000000000E-99   1.00000000000000E-99
 66   32     1.00000000000000E-99   1.00000000000000E-99
 67   32     1.00000000000000E-99   1.00000000000000E-99
 68   32     1.00000000000000E-99   1.00000000000000E-99
 69   32     1.00000000000000E-99   1.00000000000000E-99
 70   32     1.00000000000000E-99   1.00000000000000E-99
 71   32     1.00000000000000E-99   1.00000000000000E-99
 72   32     1.00000000000000E-99   1.00000000000000E-99
 73   32     1.00000000000000E-99   1.00000000000000E-99
 74   32     1.00000000000000E-99   1.00000000000000E-99
 75   32     1.00000000000000E-99   1.00000000000000E-99
 76   32     1.00000000000000E-99   1.00000000000000E-99
 77   32     1.00000000000000E-99   1.00000000000000E-99
 78   32     1.00000000000000E-99   1.00000000000000E-99
 79   32     1.00000000000000E-99   1.00000000000000E-99
 80   32     1.00000000000000E-99   1.00000000000000E-99
 24   33     1.00000000000000E-99   1.00000000000000E-99
 25   33     1.00000000000000E-99   1.00000000000000E-99
 26   33     1.00000000000000E-99   1.00000000000000E-99
 27   33     1.00000000000000E-99   1.00000000000000E-99
 28   33     1.00000000000000E-99   1.00000000000000E-99
 29   33     1.00000000000000E-99   1.00000000000000E-99
 30   33     1.00000000000000E-99   1.00000000000000E-99
 31   33     1.00000000000000E-99   1.00000000000000E-99
 32   33     1.00000000000000E-99   1.00000000000000E-99
 33   33     1.00000000000000E-99   1.00000000000000E-99
 34   33     1.00000000000000E-99   1.00000000000000E-99
 35   33     1.00000000000000E-99   1.00000000000000E-99
 36   33     1.00000000000000E-99   1.00000000000000E-99
 37   33     1.00000000000000E-99   1.00000000000000E-99
 38   33     1.00000000000000E-99   1.00000000000000E-99
 39   33     1.00000000000000E-99   1.00000000000000E-99
 40   33     1.00000000000000E-99   1.00000000000000E-99
 41   33     1.00000000000000E-99   1.00000000000000E-99
 42   33     1.29621875910393E-09   9.72164069327951E-08
 43   33     2.39640291782801E-13   1.82126621754929E-11
 44   33     5.42239303479258E-10   4.17524263679029E-08
 45   33     4.44944975895778E-09   3.47057081198707E-07
 46   33     3.44696745684066E-08   2.72310429090412E-06
 47   33     5.99544847096958E-14   4.79635877677567E-12
 48   33     1.80219023964514E-13   1.45977409411257E-11
 49   33     3.25483203919550E-17   2.66896227214031E-15
 50   33     8.93546269991517E-21   7.41643404092959E-19
 51   33     1.00000000000000E-99   1.00000000000000E-99
 52   33     1.00000000000000E-99   1.00000000000000E-99
 53   33     1.00000000000000E-99   1.00000000000000E-99
 54   33     1.00000000000000E-99   1.00000000000000E-99
 55   33     1.00000000000000E-99   1.00000000000000E-99
 56   33     1.00000000000000E-99   1.00000000000000E-99
 57   33     1.00000000000000E-99   1.00000000000000E-99
 58   33     1.00000000000000E-99   1.00000000000000E-99
 59   33     1.00000000000000E-99   1.00000000000000E-99
 60   33     1.00000000000000E-99   1.00000000000000E-99
 61   33     1.00000000000000E-99   1.00000000000000E-99
 62   33     1.00000000000000E-99   1.00000000000000E-99
 63   33     1.00000000000000E-99   1.00000000000000E-99
 64   33     1.00000000000000E-99   1.00000000000000E-99
 65   33     1.00000000000000E-99   1.00000000000000E-99
 66   33     1.00000000000000E-99   1.00000000000000E-99
 67   33     1.00000000000000E-99   1.00000000000000E-99
 68   33     1.00000000000000E-99   1.00000000000000E-99
 69   33     1.00000000000000E-99   1.00000000000000E-99
 70   33     1.00000000000000E-99   1.00000000000000E-99
 71   33     1.00000000000000E-99   1.00000000000000E-99
 72   33     1.00000000000000E-99   1.00000000000000E-99
 73   33     1.00000000000000E-99   1.00000000000000E-99
 74   33     1.00000000000000E-99   1.00000000000000E-99
 75   33     1.00000000000000E-99   1.00000000000000E-99
 76   33     1.00000000000000E-99   1.00000000000000E-99
 77   33     1.00000000000000E-99   1.00000000000000E-99
 78   33     1.00000000000000E-99   1.00000000000000E-99
 79   33     1.00000000000000E-99   1.00000000000000E-99
 80   33     1.00000000000000E-99   1.00000000000000E-99
 81   33     1.00000000000000E-99   1.00000000000000E-99
 82   33     1.00000000000000E-99   1.00000000000000E-99
 25   34     1.00000000000000E-99   1.00000000000000E-99
 26   34     1.00000000000000E-99   1.00000000000000E-99
 27   34     1.00000000000000E-99   1.00000000000000E-99
 28   34     1.00000000000000E-99   1.00000000000000E-99
 29   34     1.00000000000000E-99   1.00000000000000E-99
 30   34     1.00000000000000E-99   1.00000000000000E-99
 31   34     1.00000000000000E-99   1.00000000000000E-99
 32   34     1.00000000000000E-99   1.00000000000000E-99
 33   34     1.00000000000000E-99   1.00000000000000E-99
 34   34     1.00000000000000E-99   1.00000000000000E-99
 35   34     1.00000000000000E-99   1.00000000000000E-99
 36   34     1.00000000000000E-99   1.00000000000000E-99
 37   34     1.00000000000000E-99   1.00000000000000E-99
 38   34     1.00000000000000E-99   1.00000000000000E-99
 39   34     1.00000000000000E-99   1.00000000000000E-99
 40   34     1.00000000000000E-99   1.00000000000000E-99
 41   34     1.00000000000000E-99   1.00000000000000E-99
 42   34     6.57385608469459E-16   4.99613062436789E-14
 43   34     7.25270664975639E-13   5.58458412031242E-11
 44   34     1.60022571152555E-10   1.24817605498993E-08
 45   34     3.30458870024377E-08   2.61062507319258E-06
 46   34     1.18974833675267E-08   9.51798669402137E-07
 47   34     8.68479852291965E-09   7.03468680356492E-07
 48   34     7.54590827831664E-09   6.18764478821965E-07
 49   34     5.01087594871472E-09   4.15902703743322E-07
 50   34     1.57330593221392E-09   1.32157698305969E-07
 51   34     5.41723556113229E-14   4.60465022696244E-12
 52   34     7.75019433612538E-20   6.66516712906782E-18
 53   34     1.00000000000000E-99   1.00000000000000E-99
 54   34     1.00000000000000E-99   1.00000000000000E-99
 55   34     1.00000000000000E-99   1.00000000000000E-99
 56   34     1.00000000000000E-99   1.00000000000000E-99
 57   34     1.00000000000000E-99   1.00000000000000E-99
 58   34     1.00000000000000E-99   1.00000000000000E-99
 59   34     1.00000000000000E-99   1.00000000000000E-99
 60   34     1.00000000000000E-99   1.00000000000000E-99
 61   34     1.00000000000000E-99   1.00000000000000E-99
 62   34     1.00000000000000E-99   1.00000000000000E-99
 63   34     1.00000000000000E-99   1.00000000000000E-99
 64   34     1.00000000000000E-99   1.00000000000000E-99
 65   34     1.00000000000000E-99   1.00000000000000E-99
 66   34     1.00000000000000E-99   1.00000000000000E-99
 67   34     1.00000000000000E-99   1.00000000000000E-99
 68   34     1.00000000000000E-99   1.00000000000000E-99
 69   34     1.00000000000000E-99   1.00000000000000E-99
 70   34     1.00000000000000E-99   1.00000000000000E-99
 71   34     1.00000000000000E-99   1.00000000000000E-99
 72   34     1.00000000000000E-99   1.00000000000000E-99
 73   34     1.00000000000000E-99   1.00000000000000E-99
 74   34     1.00000000000000E-99   1.00000000000000E-99
 75   34     1.00000000000000E-99   1.00000000000000E-99
 76   34     1.00000000000000E-99   1.00000000000000E-99
 77   34     1.00000000000000E-99   1.00000000000000E-99
 78   34     1.00000000000000E-99   1.00000000000000E-99
 79   34     1.00000000000000E-99   1.00000000000000E-99
 80   34     1.00000000000000E-99   1.00000000000000E-99
 81   34     1.00000000000000E-99   1.00000000000000E-99
 82   34     1.00000000000000E-99   1.00000000000000E-99
 83   34     1.00000000000000E-99   1.00000000000000E-99
 84   34     1.00000000000000E-99   1.00000000000000E-99
 26   35     1.00000000000000E-99   1.00000000000000E-99
 27   35     1.00000000000000E-99   1.00000000000000E-99
 28   35     1.00000000000000E-99   1.00000000000000E-99
 29   35     1.00000000000000E-99   1.00000000000000E-99
 30   35     1.00000000000000E-99   1.00000000000000E-99
 31   35     1.00000000000000E-99   1.00000000000000E-99
 32   35     1.00000000000000E-99   1.00000000000000E-99
 33   35     1.00000000000000E-99   1.00000000000000E-99
 34   35     1.00000000000000E-99   1.00000000000000E-99
 35   35     1.00000000000000E-99   1.00000000000000E-99
 36   35     1.00000000000000E-99   1.00000000000000E-99
 37   35     1.00000000000000E-99   1.00000000000000E-99
 38   35     1.00000000000000E-99   1.00000000000000E-99
 39   35     1.00000000000000E-99   1.00000000000000E-99
 40   35     1.00000000000000E-99   1.00000000000000E-99
 41   35     1.00000000000000E-99   1.00000000000000E-99
 42   35     1.00000000000000E-99   1.00000000000000E-99
 43   35     1.00000000000000E-99   1.00000000000000E-99
 44   35     7.23528162280824E-19   5.71587248201851E-17
 45   35     1.03645579471068E-22   8.29164635768543E-21
 46   35     3.16021884571279E-09   2.55977726502736E-07
 47   35     8.06502421635134E-13   6.61331985740810E-11
 48   35     1.56743313097300E-09   1.30096949870759E-07
 49   35     8.27829745277564E-09   6.95376986033153E-07
 50   35     7.06210878215899E-10   6.00279246483514E-08
 51   35     1.50224793434327E-11   1.29193322353521E-09
 52   35     5.23477477961473E-12   4.55425405826481E-10
 53   35     2.12556764170574E-18   1.87049952470105E-16
 54   35     2.48583618231485E-25   2.21239420226022E-23
 55   35     1.00000000000000E-99   1.00000000000000E-99
 56   35     1.00000000000000E-99   1.00000000000000E-99
 57   35     1.00000000000000E-99   1.00000000000000E-99
 58   35     1.00000000000000E-99   1.00000000000000E-99
 59   35     1.00000000000000E-99   1.00000000000000E-99
 60   35     1.00000000000000E-99   1.00000000000000E-99
 61   35     1.00000000000000E-99   1.00000000000000E-99
 62   35     1.00000000000000E-99   1.00000000000000E-99
 63   35     1.00000000000000E-99   1.00000000000000E-99
 64   35     1.00000000000000E-99   1.00000000000000E-99
 65   35     1.00000000000000E-99   1.00000000000000E-99
 66   35     1.00000000000000E-99   1.00000000000000E-99
 67   35     1.00000000000000E-99   1.00000000000000E-99
 68   35     1.00000000000000E-99   1.00000000000000E-99
 69   35     1.00000000000000E-99   1.00000000000000E-99
 70   35     1.00000000000000E-99   1.00000000000000E-99
 71   35     1.00000000000000E-99   1.00000000000000E-99
 72   35     1.00000000000000E-99   1.00000000000000E-99
 73   35     1.00000000000000E-99   1.00000000000000E-99
 74   35     1.00000000000000E-99   1.00000000000000E-99
 75   35     1.00000000000000E-99   1.00000000000000E-99
 76   35     1.00000000000000E-99   1.00000000000000E-99
 77   35     1.00000000000000E-99   1.00000000000000E-99
 78   35     1.00000000000000E-99   1.00000000000000E-99
 79   35     1.00000000000000E-99   1.00000000000000E-99
 80   35     1.00000000000000E-99   1.00000000000000E-99
 81   35     1.00000000000000E-99   1.00000000000000E-99
 82   35     1.00000000000000E-99   1.00000000000000E-99
 83   35     1.00000000000000E-99   1.00000000000000E-99
 84   35     1.00000000000000E-99   1.00000000000000E-99
 85   35     1.00000000000000E-99   1.00000000000000E-99
 86   35     1.00000000000000E-99   1.00000000000000E-99
 27   36     1.00000000000000E-99   1.00000000000000E-99
 28   36     1.00000000000000E-99   1.00000000000000E-99
 29   36     1.00000000000000E-99   1.00000000000000E-99
 30   36     1.00000000000000E-99   1.00000000000000E-99
 31   36     1.00000000000000E-99   1.00000000000000E-99
 32   36     1.00000000000000E-99   1.00000000000000E-99
 33   36     1.00000000000000E-99   1.00000000000000E-99
 34   36     1.00000000000000E-99   1.00000000000000E-99
 35   36     1.00000000000000E-99   1.00000000000000E-99
 36   36     1.00000000000000E-99   1.00000000000000E-99
 37   36     1.00000000000000E-99   1.00000000000000E-99
 38   36     1.00000000000000E-99   1.00000000000000E-99
 39   36     1.00000000000000E-99   1.00000000000000E-99
 40   36     1.00000000000000E-99   1.00000000000000E-99
 41   36     1.00000000000000E-99   1.00000000000000E-99
 42   36     1.00000000000000E-99   1.00000000000000E-99
 43   36     1.00000000000000E-99   1.00000000000000E-99
 44   36     1.28275542605570E-23   1.02620434084456E-21
 45   36     1.00000000000000E-99   1.00000000000000E-99
 46   36     1.84599319044053E-15   1.51371441616123E-13
 47   36     3.57846344721760E-11   2.97012466119061E-09
 48   36     1.14630536714062E-09   9.62896508398125E-08
 49   36     4.50124254273806E-09   3.82605616132735E-07
 50   36     1.13155783306383E-08   9.73139736434894E-07
 51   36     4.39632211889129E-09   3.82480024343542E-07
 52   36     4.97817258389345E-09   4.38079187382624E-07
 53   36     2.04103917032901E-10   1.81652486159282E-08
 54   36     1.89808645394932E-14   1.70827780855438E-12
 55   36     3.01190631491324E-22   2.74083474657105E-20
 56   36     1.00000000000000E-99   1.00000000000000E-99
 57   36     1.00000000000000E-99   1.00000000000000E-99
 58   36     1.00000000000000E-99   1.00000000000000E-99
 59   36     1.00000000000000E-99   1.00000000000000E-99
 60   36     1.00000000000000E-99   1.00000000000000E-99
 61   36     1.00000000000000E-99   1.00000000000000E-99
 62   36     1.00000000000000E-99   1.00000000000000E-99
 63   36     1.00000000000000E-99   1.00000000000000E-99
 64   36     1.00000000000000E-99   1.00000000000000E-99
 65   36     1.00000000000000E-99   1.00000000000000E-99
 66   36     1.00000000000000E-99   1.00000000000000E-99
 67   36     1.00000000000000E-99   1.00000000000000E-99
 68   36     1.00000000000000E-99   1.00000000000000E-99
 69   36     1.00000000000000E-99   1.00000000000000E-99
 70   36     1.00000000000000E-99   1.00000000000000E-99
 71   36     1.00000000000000E-99   1.00000000000000E-99
 72   36     1.00000000000000E-99   1.00000000000000E-99
 73   36     1.00000000000000E-99   1.00000000000000E-99
 74   36     1.00000000000000E-99   1.00000000000000E-99
 75   36     1.00000000000000E-99   1.00000000000000E-99
 76   36     1.00000000000000E-99   1.00000000000000E-99
 77   36     1.00000000000000E-99   1.00000000000000E-99
 78   36     1.00000000000000E-99   1.00000000000000E-99
 79   36     1.00000000000000E-99   1.00000000000000E-99
 80   36     1.00000000000000E-99   1.00000000000000E-99
 81   36     1.00000000000000E-99   1.00000000000000E-99
 82   36     1.00000000000000E-99   1.00000000000000E-99
 83   36     1.00000000000000E-99   1.00000000000000E-99
 84   36     1.00000000000000E-99   1.00000000000000E-99
 85   36     1.00000000000000E-99   1.00000000000000E-99
 86   36     1.00000000000000E-99   1.00000000000000E-99
 87   36     1.00000000000000E-99   1.00000000000000E-99
 88   36     1.00000000000000E-99   1.00000000000000E-99
 29   37     1.00000000000000E-99   1.00000000000000E-99
 30   37     1.00000000000000E-99   1.00000000000000E-99
 31   37     1.00000000000000E-99   1.00000000000000E-99
 32   37     1.00000000000000E-99   1.00000000000000E-99
 33   37     1.00000000000000E-99   1.00000000000000E-99
 34   37     1.00000000000000E-99   1.00000000000000E-99
 35   37     1.00000000000000E-99   1.00000000000000E-99
 36   37     1.00000000000000E-99   1.00000000000000E-99
 37   37     1.00000000000000E-99   1.00000000000000E-99
 38   37     1.00000000000000E-99   1.00000000000000E-99
 39   37     1.00000000000000E-99   1.00000000000000E-99
 40   37     1.00000000000000E-99   1.00000000000000E-99
 41   37     1.00000000000000E-99   1.00000000000000E-99
 42   37     1.00000000000000E-99   1.00000000000000E-99
 43   37     1.00000000000000E-99   1.00000000000000E-99
 44   37     1.00000000000000E-99   1.00000000000000E-99
 45   37     1.00000000000000E-99   1.00000000000000E-99
 46   37     1.00000000000000E-99   1.00000000000000E-99
 47   37     1.00000000000000E-99   1.00000000000000E-99
 48   37     3.10935202382490E-15   2.64294922025116E-13
 49   37     3.14813711087596E-19   2.70739791535333E-17
 50   37     3.27501372185336E-10   2.84926193801242E-08
 51   37     1.55018136012748E-10   1.36415959691218E-08
 52   37     1.01761854629759E-09   9.05680506204854E-08
 53   37     2.42780151921117E-10   2.18502136729006E-08
 54   37     2.08057050003952E-12   1.89331915503596E-10
 55   37     2.15405591155415E-19   1.98173143862982E-17
 56   37     1.00000000000000E-99   1.00000000000000E-99
 57   37     1.28756680266852E-22   1.21031279450840E-20
 58   37     1.00000000000000E-99   1.00000000000000E-99
 59   37     2.70163120896063E-22   2.59356596060220E-20
 60   37     1.00000000000000E-99   1.00000000000000E-99
 61   37     1.60417542230034E-21   1.57209191385433E-19
 62   37     1.00000000000000E-99   1.00000000000000E-99
 63   37     1.72706244931819E-23   1.72706244931819E-21
 64   37     1.00000000000000E-99   1.00000000000000E-99
 65   37     1.00000000000000E-99   1.00000000000000E-99
 66   37     1.00000000000000E-99   1.00000000000000E-99
 67   37     1.00000000000000E-99   1.00000000000000E-99
 68   37     1.00000000000000E-99   1.00000000000000E-99
 69   37     1.00000000000000E-99   1.00000000000000E-99
 70   37     1.00000000000000E-99   1.00000000000000E-99
 71   37     1.00000000000000E-99   1.00000000000000E-99
 72   37     1.00000000000000E-99   1.00000000000000E-99
 73   37     1.00000000000000E-99   1.00000000000000E-99
 74   37     1.00000000000000E-99   1.00000000000000E-99
 75   37     1.00000000000000E-99   1.00000000000000E-99
 76   37     1.00000000000000E-99   1.00000000000000E-99
 77   37     1.00000000000000E-99   1.00000000000000E-99
 78   37     1.00000000000000E-99   1.00000000000000E-99
 79   37     1.00000000000000E-99   1.00000000000000E-99
 80   37     1.00000000000000E-99   1.00000000000000E-99
 81   37     1.00000000000000E-99   1.00000000000000E-99
 82   37     1.00000000000000E-99   1.00000000000000E-99
 83   37     1.00000000000000E-99   1.00000000000000E-99
 84   37     1.00000000000000E-99   1.00000000000000E-99
 85   37     1.00000000000000E-99   1.00000000000000E-99
 86   37     1.00000000000000E-99   1.00000000000000E-99
 87   37     1.00000000000000E-99   1.00000000000000E-99
 88   37     1.00000000000000E-99   1.00000000000000E-99
 89   37     1.00000000000000E-99   1.00000000000000E-99
 90   37     1.00000000000000E-99   1.00000000000000E-99
 91   37     1.00000000000000E-99   1.00000000000000E-99
 30   38     1.00000000000000E-99   1.00000000000000E-99
 31   38     1.00000000000000E-99   1.00000000000000E-99
 32   38     1.00000000000000E-99   1.00000000000000E-99
 33   38     1.00000000000000E-99   1.00000000000000E-99
 34   38     1.00000000000000E-99   1.00000000000000E-99
 35   38     1.00000000000000E-99   1.00000000000000E-99
 36   38     1.00000000000000E-99   1.00000000000000E-99
 37   38     1.00000000000000E-99   1.00000000000000E-99
 38   38     1.00000000000000E-99   1.00000000000000E-99
 39   38     1.00000000000000E-99   1.00000000000000E-99
 40   38     1.00000000000000E-99   1.00000000000000E-99
 41   38     1.00000000000000E-99   1.00000000000000E-99
 42   38     1.00000000000000E-99   1.00000000000000E-99
 43   38     1.00000000000000E-99   1.00000000000000E-99
 44   38     1.00000000000000E-99   1.00000000000000E-99
 45   38     1.00000000000000E-99   1.00000000000000E-99
 46   38     1.00000000000000E-99   1.00000000000000E-99
 47   38     1.00000000000000E-99   1.00000000000000E-99
 48   38     3.80232565565198E-23   3.27000006386071E-21
 49   38     1.00000000000000E-99   1.00000000000000E-99
 50   38     2.86677639266642E-11   2.52276322554645E-09
 51   38     3.17929660574809E-10   2.82957397911580E-08
 52   38     1.94168327582802E-09   1.74751494824522E-07
 53   38     1.21774632350039E-09   1.10814915438536E-07
 54   38     2.77241770600653E-09   2.55062428952601E-07
 55   38     6.39196102478177E-10   5.94452375304705E-08
 56   38     6.68256586633006E-12   6.28161191435025E-10
 57   38     5.31050317833142E-16   5.04497801941485E-14
 58   38     1.25228359077146E-21   1.20219224714060E-19
 59   38     9.30511629785253E-22   9.02596280891695E-20
 60   38     8.90842977998711E-21   8.73026118438737E-19
 61   38     1.09674888383453E-22   1.08578139499619E-20
 62   38     6.43476572377834E-23   6.43476572377834E-21
 63   38     2.59202907630639E-22   2.61794936706945E-20
 64   38     1.00000000000000E-99   1.00000000000000E-99
 65   38     1.56249276850715E-22   1.60936755156237E-20
 66   38     1.00000000000000E-99   1.00000000000000E-99
 67   38     1.00000000000000E-99   1.00000000000000E-99
 68   38     1.00000000000000E-99   1.00000000000000E-99
 69   38     1.00000000000000E-99   1.00000000000000E-99
 70   38     1.00000000000000E-99   1.00000000000000E-99
 71   38     1.00000000000000E-99   1.00000000000000E-99
 72   38     1.00000000000000E-99   1.00000000000000E-99
 73   38     1.00000000000000E-99   1.00000000000000E-99
 74   38     1.00000000000000E-99   1.00000000000000E-99
 75   38     1.00000000000000E-99   1.00000000000000E-99
 76   38     1.00000000000000E-99   1.00000000000000E-99
 77   38     1.00000000000000E-99   1.00000000000000E-99
 78   38     1.00000000000000E-99   1.00000000000000E-99
 79   38     1.00000000000000E-99   1.00000000000000E-99
 80   38     1.00000000000000E-99   1.00000000000000E-99
 81   38     1.00000000000000E-99   1.00000000000000E-99
 82   38     1.00000000000000E-99   1.00000000000000E-99
 83   38     1.00000000000000E-99   1.00000000000000E-99
 84   38     1.00000000000000E-99   1.00000000000000E-99
 85   38     1.00000000000000E-99   1.00000000000000E-99
 86   38     1.00000000000000E-99   1.00000000000000E-99
 87   38     1.00000000000000E-99   1.00000000000000E-99
 88   38     1.00000000000000E-99   1.00000000000000E-99
 89   38     1.00000000000000E-99   1.00000000000000E-99
 90   38     1.00000000000000E-99   1.00000000000000E-99
 91   38     1.00000000000000E-99   1.00000000000000E-99
 92   38     1.00000000000000E-99   1.00000000000000E-99
 93   38     1.00000000000000E-99   1.00000000000000E-99
 31   39     1.00000000000000E-99   1.00000000000000E-99
 32   39     1.00000000000000E-99   1.00000000000000E-99
 33   39     1.00000000000000E-99   1.00000000000000E-99
 34   39     1.00000000000000E-99   1.00000000000000E-99
 35   39     1.00000000000000E-99   1.00000000000000E-99
 36   39     1.00000000000000E-99   1.00000000000000E-99
 37   39     1.00000000000000E-99   1.00000000000000E-99
 38   39     1.00000000000000E-99   1.00000000000000E-99
 39   39     1.00000000000000E-99   1.00000000000000E-99
 40   39     1.00000000000000E-99   1.00000000000000E-99
 41   39     1.00000000000000E-99   1.00000000000000E-99
 42   39     1.00000000000000E-99   1.00000000000000E-99
 43   39     1.00000000000000E-99   1.00000000000000E-99
 44   39     1.00000000000000E-99   1.00000000000000E-99
 45   39     1.00000000000000E-99   1.00000000000000E-99
 46   39     1.00000000000000E-99   1.00000000000000E-99
 47   39     1.00000000000000E-99   1.00000000000000E-99
 48   39     1.00000000000000E-99   1.00000000000000E-99
 49   39     1.00000000000000E-99   1.00000000000000E-99
 50   39     1.11990972360580E-14   9.96719654009166E-13
 51   39     5.08179958921313E-16   4.57361963029182E-14
 52   39     1.12977566177630E-11   1.02809585221643E-09
 53   39     1.10698647936407E-10   1.01842756101494E-08
 54   39     8.54183339824559E-10   7.94390506036840E-08
 55   39     7.96615492184282E-10   7.48818562653225E-08
 56   39     1.98815240525969E-09   1.88874478499671E-07
 57   39     2.79137599588785E-16   2.67972095605234E-14
 58   39     8.54124371928883E-21   8.28500640771017E-19
 59   39     1.69191097282811E-20   1.65807275337155E-18
 60   39     6.14230257372962E-22   6.08087954799233E-20
 61   39     4.05158506410652E-14   4.05158506410652E-12
 62   39     2.55479696645830E-17   2.58034493612288E-15
 63   39     1.69394315699613E-13   1.72782202013605E-11
 64   39     2.48289485682641E-18   2.55738170253120E-16
 65   39     6.53018229365775E-14   6.79138958540406E-12
 66   39     9.35175622125298E-23   9.81934403231563E-21
 67   39     2.52417978742822E-17   2.67563057467391E-15
 68   39     1.00000000000000E-99   1.00000000000000E-99
 69   39     1.59348437747700E-20   1.72096312767516E-18
 70   39     1.00000000000000E-99   1.00000000000000E-99
 71   39     1.00000000000000E-99   1.00000000000000E-99
 72   39     1.00000000000000E-99   1.00000000000000E-99
 73   39     1.00000000000000E-99   1.00000000000000E-99
 74   39     1.00000000000000E-99   1.00000000000000E-99
 75   39     1.00000000000000E-99   1.00000000000000E-99
 76   39     1.00000000000000E-99   1.00000000000000E-99
 77   39     1.00000000000000E-99   1.00000000000000E-99
 78   39     1.00000000000000E-99   1.00000000000000E-99
 79   39     1.00000000000000E-99   1.00000000000000E-99
 80   39     1.00000000000000E-99   1.00000000000000E-99
 81   39     1.00000000000000E-99   1.00000000000000E-99
 82   39     1.00000000000000E-99   1.00000000000000E-99
 83   39     1.00000000000000E-99   1.00000000000000E-99
 84   39     1.00000000000000E-99   1.00000000000000E-99
 85   39     1.00000000000000E-99   1.00000000000000E-99
 86   39     1.00000000000000E-99   1.00000000000000E-99
 87   39     1.00000000000000E-99   1.00000000000000E-99
 88   39     1.00000000000000E-99   1.00000000000000E-99
 89   39     1.00000000000000E-99   1.00000000000000E-99
 90   39     1.00000000000000E-99   1.00000000000000E-99
 91   39     1.00000000000000E-99   1.00000000000000E-99
 92   39     1.00000000000000E-99   1.00000000000000E-99
 93   39     1.00000000000000E-99   1.00000000000000E-99
 94   39     1.00000000000000E-99   1.00000000000000E-99
 95   39     1.00000000000000E-99   1.00000000000000E-99
 32   40     1.00000000000000E-99   1.00000000000000E-99
 33   40     1.00000000000000E-99   1.00000000000000E-99
 34   40     1.00000000000000E-99   1.00000000000000E-99
 35   40     1.00000000000000E-99   1.00000000000000E-99
 36   40     1.00000000000000E-99   1.00000000000000E-99
 37   40     1.00000000000000E-99   1.00000000000000E-99
 38   40     1.00000000000000E-99   1.00000000000000E-99
 39   40     1.00000000000000E-99   1.00000000000000E-99
 40   40     1.00000000000000E-99   1.00000000000000E-99
 41   40     1.00000000000000E-99   1.00000000000000E-99
 42   40     1.00000000000000E-99   1.00000000000000E-99
 43   40     1.00000000000000E-99   1.00000000000000E-99
 44   40     1.00000000000000E-99   1.00000000000000E-99
 45   40     1.00000000000000E-99   1.00000000000000E-99
 46   40     1.00000000000000E-99   1.00000000000000E-99
 47   40     1.00000000000000E-99   1.00000000000000E-99
 48   40     1.00000000000000E-99   1.00000000000000E-99
 49   40     1.00000000000000E-99   1.00000000000000E-99
 50   40     3.05459467934313E-19   2.74913521140882E-17
 51   40     3.71644799995619E-16   3.38196767996013E-14
 52   40     1.68568101944649E-12   1.55082653789077E-10
 53   40     5.09505212879884E-12   4.73839847978292E-10
 54   40     2.53866664560156E-10   2.38634664686547E-08
 55   40     1.58370588602002E-09   1.50452059171902E-07
 56   40     2.05073471956331E-09   1.96870533078078E-07
 57   40     2.71219116403233E-09   2.63082542911136E-07
 58   40     8.57926732860506E-15   8.40768198203296E-13
 59   40     1.07034572819599E-15   1.05964227091403E-13
 60   40     3.94384862734705E-13   3.94384862734705E-11
 61   40     4.43122107306980E-14   4.47553328380049E-12
 62   40     2.73728710258980E-12   2.79203284464159E-10
 63   40     8.84959137342095E-15   9.11507911462358E-13
 64   40     2.84424057652224E-13   2.95801019958313E-11
 65   40     6.21659869998713E-17   6.52742863498649E-15
 66   40     6.07675657644867E-17   6.44136197103559E-15
 67   40     3.85064779129219E-15   4.12019313668264E-13
 68   40     2.94632146442612E-20   3.18202718158021E-18
 69   40     4.77368578393115E-19   5.20331750448495E-17
 70   40     1.00000000000000E-99   1.00000000000000E-99
 71   40     3.22436591745681E-24   3.57904616837706E-22
 72   40     1.00000000000000E-99   1.00000000000000E-99
 73   40     1.00000000000000E-99   1.00000000000000E-99
 74   40     1.00000000000000E-99   1.00000000000000E-99
 75   40     1.00000000000000E-99   1.00000000000000E-99
 76   40     1.00000000000000E-99   1.00000000000000E-99
 77   40     1.00000000000000E-99   1.00000000000000E-99
 78   40     1.00000000000000E-99   1.00000000000000E-99
 79   40     1.00000000000000E-99   1.00000000000000E-99
 80   40     1.00000000000000E-99   1.00000000000000E-99
 81   40     1.00000000000000E-99   1.00000000000000E-99
 82   40     1.00000000000000E-99   1.00000000000000E-99
 83   40     1.00000000000000E-99   1.00000000000000E-99
 84   40     1.00000000000000E-99   1.00000000000000E-99
 85   40     1.00000000000000E-99   1.00000000000000E-99
 86   40     1.00000000000000E-99   1.00000000000000E-99
 87   40     1.00000000000000E-99   1.00000000000000E-99
 88   40     1.00000000000000E-99   1.00000000000000E-99
 89   40     1.00000000000000E-99   1.00000000000000E-99
 90   40     1.00000000000000E-99   1.00000000000000E-99
 91   40     1.00000000000000E-99   1.00000000000000E-99
 92   40     1.00000000000000E-99   1.00000000000000E-99
 93   40     1.00000000000000E-99   1.00000000000000E-99
 94   40     1.00000000000000E-99   1.00000000000000E-99
 95   40     1.00000000000000E-99   1.00000000000000E-99
 96   40     1.00000000000000E-99   1.00000000000000E-99
 97   40     1.00000000000000E-99   1.00000000000000E-99
 33   41     1.00000000000000E-99   1.00000000000000E-99
 34   41     1.00000000000000E-99   1.00000000000000E-99
 35   41     1.00000000000000E-99   1.00000000000000E-99
 36   41     1.00000000000000E-99   1.00000000000000E-99
 37   41     1.00000000000000E-99   1.00000000000000E-99
 38   41     1.00000000000000E-99   1.00000000000000E-99
 39   41     1.00000000000000E-99   1.00000000000000E-99
 40   41     1.00000000000000E-99   1.00000000000000E-99
 41   41     1.00000000000000E-99   1.00000000000000E-99
 42   41     1.00000000000000E-99   1.00000000000000E-99
 43   41     1.00000000000000E-99   1.00000000000000E-99
 44   41     1.00000000000000E-99   1.00000000000000E-99
 45   41     1.00000000000000E-99   1.00000000000000E-99
 46   41     1.00000000000000E-99   1.00000000000000E-99
 47   41     1.00000000000000E-99   1.00000000000000E-99
 48   41     1.00000000000000E-99   1.00000000000000E-99
 49   41     1.00000000000000E-99   1.00000000000000E-99
 50   41     1.00000000000000E-99   1.00000000000000E-99
 51   41     1.00000000000000E-99   1.00000000000000E-99
 52   41     9.03616151598988E-24   8.40363020987058E-22
 53   41     1.00000000000000E-99   1.00000000000000E-99
 54   41     5.74773970329302E-14   5.46035271812837E-12
 55   41     3.43894873650538E-15   3.30139078704516E-13
 56   41     1.65340623685892E-11   1.60380404975315E-09
 57   41     8.80293429375948E-16   8.62687560788429E-14
 58   41     7.91835026818788E-15   7.83916676550600E-13
 59   41     8.36151501932483E-14   8.36151501932483E-12
 60   41     1.41342207110820E-13   1.42755629181928E-11
 61   41     4.13984818516513E-12   4.22264514886844E-10
 62   41     1.50249894222402E-14   1.54757391049074E-12
 63   41     1.64509110220278E-12   1.71089474629089E-10
 64   41     3.48610698112420E-16   3.66041233018041E-14
 65   41     6.12042460333450E-13   6.48765007953457E-11
 66   41     6.53574947058183E-15   6.99325193352256E-13
 67   41     3.13195346912081E-13   3.38250974665048E-11
 68   41     4.09384642952080E-18   4.46229260817768E-16
 69   41     8.83545817929353E-14   9.71900399722288E-12
 70   41     8.35675265035176E-21   9.27599544189046E-19
 71   41     5.82689618369927E-15   6.52612372574318E-13
 72   41     1.54132798238913E-22   1.74170062009971E-20
 73   41     2.16503530033827E-16   2.46814024238563E-14
 74   41     1.56560065420275E-25   1.80044075233316E-23
 75   41     9.97724926517212E-24   1.15736091475997E-21
 76   41     1.00000000000000E-99   1.00000000000000E-99
 77   41     1.00000000000000E-99   1.00000000000000E-99
 78   41     1.00000000000000E-99   1.00000000000000E-99
 79   41     1.00000000000000E-99   1.00000000000000E-99
 80   41     1.00000000000000E-99   1.00000000000000E-99
 81   41     1.00000000000000E-99   1.00000000000000E-99
 82   41     1.00000000000000E-99   1.00000000000000E-99
 83   41     1.00000000000000E-99   1.00000000000000E-99
 84   41     1.00000000000000E-99   1.00000000000000E-99
 85   41     1.00000000000000E-99   1.00000000000000E-99
 86   41     1.00000000000000E-99   1.00000000000000E-99
 87   41     1.00000000000000E-99   1.00000000000000E-99
 88   41     1.00000000000000E-99   1.00000000000000E-99
 89   41     1.00000000000000E-99   1.00000000000000E-99
 90   41     1.00000000000000E-99   1.00000000000000E-99
 91   41     1.00000000000000E-99   1.00000000000000E-99
 92   41     1.00000000000000E-99   1.00000000000000E-99
 93   41     1.00000000000000E-99   1.00000000000000E-99
 94   41     1.00000000000000E-99   1.00000000000000E-99
 95   41     1.00000000000000E-99   1.00000000000000E-99
 96   41     1.00000000000000E-99   1.00000000000000E-99
 97   41     1.00000000000000E-99   1.00000000000000E-99
 98   41     1.00000000000000E-99   1.00000000000000E-99
 99   41     1.00000000000000E-99   1.00000000000000E-99
 35   42     1.00000000000000E-99   1.00000000000000E-99
 36   42     1.00000000000000E-99   1.00000000000000E-99
 37   42     1.00000000000000E-99   1.00000000000000E-99
 38   42     1.00000000000000E-99   1.00000000000000E-99
 39   42     1.00000000000000E-99   1.00000000000000E-99
 40   42     1.00000000000000E-99   1.00000000000000E-99
 41   42     1.00000000000000E-99   1.00000000000000E-99
 42   42     1.00000000000000E-99   1.00000000000000E-99
 43   42     1.00000000000000E-99   1.00000000000000E-99
 44   42     1.00000000000000E-99   1.00000000000000E-99
 45   42     1.00000000000000E-99   1.00000000000000E-99
 46   42     1.00000000000000E-99   1.00000000000000E-99
 47   42     1.00000000000000E-99   1.00000000000000E-99
 48   42     1.00000000000000E-99   1.00000000000000E-99
 49   42     1.00000000000000E-99   1.00000000000000E-99
 50   42     1.00000000000000E-99   1.00000000000000E-99
 51   42     1.00000000000000E-99   1.00000000000000E-99
 52   42     1.00000000000000E-99   1.00000000000000E-99
 53   42     2.44999263681769E-18   2.32749300497680E-16
 54   42     7.81833107438607E-18   7.50559783141062E-16
 55   42     7.45651653684719E-13   7.23282104074177E-11
 56   42     1.65136874029457E-09   1.61834136548868E-07
 57   42     2.39251424065603E-09   2.36858909824947E-07
 58   42     1.70656982810565E-09   1.70656982810565E-07
 59   42     8.98510063320801E-10   9.07495163954009E-08
 60   42     1.46569542382509E-09   1.49500933230159E-07
 61   42     8.72786768096683E-12   8.98970371139584E-10
 62   42     4.35348799268108E-11   4.52762751238832E-09
 63   42     1.19122417264539E-12   1.25078538127765E-10
 64   42     5.60206104927601E-12   5.93818471223257E-10
 65   42     4.75339163477183E-13   5.08612904920586E-11
 66   42     1.44053123519587E-12   1.55577373401154E-10
 67   42     2.75156677369382E-13   2.99920778332627E-11
 68   42     1.68570477715445E-13   1.85427525486990E-11
 69   42     3.97692633197621E-14   4.41438822849359E-12
 70   42     4.94476030575897E-15   5.53813154245005E-13
 71   42     1.12618422757316E-14   1.27258817715767E-12
 72   42     2.71847517700524E-16   3.09906170178598E-14
 73   42     4.48015548255785E-16   5.15217880494152E-14
 74   42     1.60620682245848E-23   1.86319991405184E-21
 75   42     1.36751634338762E-23   1.59999412176352E-21
 76   42     1.00000000000000E-99   1.00000000000000E-99
 77   42     4.86586926613689E-20   5.79038442670290E-18
 78   42     1.00000000000000E-99   1.00000000000000E-99
 79   42     1.00000000000000E-99   1.00000000000000E-99
 80   42     1.00000000000000E-99   1.00000000000000E-99
 81   42     1.00000000000000E-99   1.00000000000000E-99
 82   42     1.00000000000000E-99   1.00000000000000E-99
 83   42     1.00000000000000E-99   1.00000000000000E-99
 84   42     1.00000000000000E-99   1.00000000000000E-99
 85   42     1.00000000000000E-99   1.00000000000000E-99
 86   42     1.00000000000000E-99   1.00000000000000E-99
 87   42     1.00000000000000E-99   1.00000000000000E-99
 88   42     1.00000000000000E-99   1.00000000000000E-99
 89   42     1.00000000000000E-99   1.00000000000000E-99
 90   42     1.00000000000000E-99   1.00000000000000E-99
 91   42     1.00000000000000E-99   1.00000000000000E-99
 92   42     1.00000000000000E-99   1.00000000000000E-99
 93   42     1.00000000000000E-99   1.00000000000000E-99
 94   42     1.00000000000000E-99   1.00000000000000E-99
 95   42     1.00000000000000E-99   1.00000000000000E-99
 96   42     1.00000000000000E-99   1.00000000000000E-99
 97   42     1.00000000000000E-99   1.00000000000000E-99
 98   42     1.00000000000000E-99   1.00000000000000E-99
 99   42     1.00000000000000E-99   1.00000000000000E-99
100   42     1.00000000000000E-99   1.00000000000000E-99
101   42     1.00000000000000E-99   1.00000000000000E-99
102   42     1.00000000000000E-99   1.00000000000000E-99
 36   43     1.00000000000000E-99   1.00000000000000E-99
 37   43     1.00000000000000E-99   1.00000000000000E-99
 38   43     1.00000000000000E-99   1.00000000000000E-99
 39   43     1.00000000000000E-99   1.00000000000000E-99
 40   43     1.00000000000000E-99   1.00000000000000E-99
 41   43     1.00000000000000E-99   1.00000000000000E-99
 42   43     1.00000000000000E-99   1.00000000000000E-99
 43   43     1.00000000000000E-99   1.00000000000000E-99
 44   43     1.00000000000000E-99   1.00000000000000E-99
 45   43     1.00000000000000E-99   1.00000000000000E-99
 46   43     1.00000000000000E-99   1.00000000000000E-99
 47   43     1.00000000000000E-99   1.00000000000000E-99
 48   43     1.00000000000000E-99   1.00000000000000E-99
 49   43     1.00000000000000E-99   1.00000000000000E-99
 50   43     1.00000000000000E-99   1.00000000000000E-99
 51   43     1.00000000000000E-99   1.00000000000000E-99
 52   43     1.00000000000000E-99   1.00000000000000E-99
 53   43     1.00000000000000E-99   1.00000000000000E-99
 54   43     1.00000000000000E-99   1.00000000000000E-99
 55   43     1.00000000000000E-99   1.00000000000000E-99
 56   43     3.70378658933211E-12   3.66674872343879E-10
 57   43     2.12484612569323E-17   2.12484612569323E-15
 58   43     3.79378732547547E-10   3.83172519873023E-08
 59   43     1.14633361197628E-11   1.16926028421581E-09
 60   43     2.39450364326236E-11   2.46633875256023E-09
 61   43     2.11237512469437E-09   2.19687012968214E-07
 62   43     9.97787214250165E-10   1.04767657496267E-07
 63   43     2.45025815575640E-11   2.59727364510178E-09
 64   43     3.14526426150055E-12   3.36543275980559E-10
 65   43     6.96056927046015E-12   7.51741481209697E-10
 66   43     3.71535173548972E-13   4.04973339168379E-11
 67   43     5.94836977730864E-13   6.54320675503950E-11
 68   43     5.62321938942048E-14   6.24177352225673E-12
 69   43     1.77193766390559E-12   1.98457018357426E-10
 70   43     1.62843138714951E-09   1.84012746747895E-07
 71   43     5.10682125056989E-13   5.82177622564967E-11
 72   43     1.32612125600455E-15   1.52503944440523E-13
 73   43     1.85588220627536E-13   2.15282335927942E-11
 74   43     8.12798316496451E-17   9.50974030300848E-15
 75   43     1.01886050132143E-13   1.20225539155928E-11
 76   43     5.08464972200645E-17   6.05073316918767E-15
 77   43     7.69360077659113E-15   9.23232093190935E-13
 78   43     1.84055833301378E-17   2.22707558294667E-15
 79   43     4.98134915971367E-16   6.07724597485068E-14
 80   43     1.03110912493913E-22   1.26826422367513E-20
 81   43     1.00000000000000E-99   1.00000000000000E-99
 82   43     1.00000000000000E-99   1.00000000000000E-99
 83   43     1.00000000000000E-99   1.00000000000000E-99
 84   43     1.00000000000000E-99   1.00000000000000E-99
 85   43     1.00000000000000E-99   1.00000000000000E-99
 86   43     1.00000000000000E-99   1.00000000000000E-99
 87   43     1.00000000000000E-99   1.00000000000000E-99
 88   43     1.00000000000000E-99   1.00000000000000E-99
 89   43     1.00000000000000E-99   1.00000000000000E-99
 90   43     1.00000000000000E-99   1.00000000000000E-99
 91   43     1.00000000000000E-99   1.00000000000000E-99
 92   43     1.00000000000000E-99   1.00000000000000E-99
 93   43     1.00000000000000E-99   1.00000000000000E-99
 94   43     1.00000000000000E-99   1.00000000000000E-99
 95   43     1.00000000000000E-99   1.00000000000000E-99
 96   43     1.00000000000000E-99   1.00000000000000E-99
 97   43     1.00000000000000E-99   1.00000000000000E-99
 98   43     1.00000000000000E-99   1.00000000000000E-99
 99   43     1.00000000000000E-99   1.00000000000000E-99
100   43     1.00000000000000E-99   1.00000000000000E-99
101   43     1.00000000000000E-99   1.00000000000000E-99
102   43     1.00000000000000E-99   1.00000000000000E-99
103   43     1.00000000000000E-99   1.00000000000000E-99
104   43     1.00000000000000E-99   1.00000000000000E-99
 37   44     1.00000000000000E-99   1.00000000000000E-99
 38   44     1.00000000000000E-99   1.00000000000000E-99
 39   44     1.00000000000000E-99   1.00000000000000E-99
 40   44     1.00000000000000E-99   1.00000000000000E-99
 41   44     1.00000000000000E-99   1.00000000000000E-99
 42   44     1.00000000000000E-99   1.00000000000000E-99
 43   44     1.00000000000000E-99   1.00000000000000E-99
 44   44     1.00000000000000E-99   1.00000000000000E-99
 45   44     1.00000000000000E-99   1.00000000000000E-99
 46   44     1.00000000000000E-99   1.00000000000000E-99
 47   44     1.00000000000000E-99   1.00000000000000E-99
 48   44     1.00000000000000E-99   1.00000000000000E-99
 49   44     1.00000000000000E-99   1.00000000000000E-99
 50   44     1.00000000000000E-99   1.00000000000000E-99
 51   44     1.00000000000000E-99   1.00000000000000E-99
 52   44     1.00000000000000E-99   1.00000000000000E-99
 53   44     1.00000000000000E-99   1.00000000000000E-99
 54   44     1.00000000000000E-99   1.00000000000000E-99
 55   44     9.75831688913292E-23   9.66073372024159E-21
 56   44     3.76259522210619E-15   3.76259522210619E-13
 57   44     9.90275517131536E-11   1.00017827230285E-08
 58   44     8.32621316902293E-10   8.49273743240338E-08
 59   44     2.00286988901440E-09   2.06295598568483E-07
 60   44     6.08954269519528E-10   6.33312440300309E-08
 61   44     1.11243974995786E-09   1.16806173745575E-07
 62   44     1.51622957344863E-09   1.60720334785555E-07
 63   44     4.26528987475434E-10   4.56386016598715E-08
 64   44     2.84643654626399E-09   3.07415146996511E-07
 65   44     1.45504905969136E-10   1.58600347506359E-08
 66   44     1.04152660076552E-11   1.14567926084207E-09
 67   44     8.80998962823309E-13   9.77908848733873E-11
 68   44     3.86886715983913E-10   4.33313121901983E-08
 69   44     7.99608638035591E-09   9.03557760980217E-07
 70   44     3.12015554939180E-12   3.55697732630665E-10
 71   44     1.94171099287380E-13   2.23296764180487E-11
 72   44     5.56662491455780E-13   6.45728490088705E-11
 73   44     1.00149486358424E-13   1.17174899039356E-11
 74   44     2.74400508821818E-13   3.23792600409745E-11
 75   44     9.57049311992915E-13   1.13888868127157E-10
 76   44     2.72050828856929E-11   3.26460994628315E-09
 77   44     3.93384681365368E-13   4.75995464452095E-11
 78   44     2.64429010313367E-15   3.22603392582308E-13
 79   44     6.13669320585934E-21   7.54813264320699E-19
 80   44     3.64716808117624E-24   4.52248842065854E-22
 81   44     1.00000000000000E-99   1.00000000000000E-99
 82   44     1.00000000000000E-99   1.00000000000000E-99
 83   44     1.00000000000000E-99   1.00000000000000E-99
 84   44     1.00000000000000E-99   1.00000000000000E-99
 85   44     1.00000000000000E-99   1.00000000000000E-99
 86   44     1.00000000000000E-99   1.00000000000000E-99
 87   44     1.00000000000000E-99   1.00000000000000E-99
 88   44     1.00000000000000E-99   1.00000000000000E-99
 89   44     1.00000000000000E-99   1.00000000000000E-99
 90   44     1.00000000000000E-99   1.00000000000000E-99
 91   44     1.00000000000000E-99   1.00000000000000E-99
 92   44     1.00000000000000E-99   1.00000000000000E-99
 93   44     1.00000000000000E-99   1.00000000000000E-99
 94   44     1.00000000000000E-99   1.00000000000000E-99
 95   44     1.00000000000000E-99   1.00000000000000E-99
 96   44     1.00000000000000E-99   1.00000000000000E-99
 97   44     1.00000000000000E-99   1.00000000000000E-99
 98   44     1.00000000000000E-99   1.00000000000000E-99
 99   44     1.00000000000000E-99   1.00000000000000E-99
100   44     1.00000000000000E-99   1.00000000000000E-99
101   44     1.00000000000000E-99   1.00000000000000E-99
102   44     1.00000000000000E-99   1.00000000000000E-99
103   44     1.00000000000000E-99   1.00000000000000E-99
104   44     1.00000000000000E-99   1.00000000000000E-99
105   44     1.00000000000000E-99   1.00000000000000E-99
106   44     1.00000000000000E-99   1.00000000000000E-99
 38   45     1.00000000000000E-99   1.00000000000000E-99
 39   45     1.00000000000000E-99   1.00000000000000E-99
 40   45     1.00000000000000E-99   1.00000000000000E-99
 41   45     1.00000000000000E-99   1.00000000000000E-99
 42   45     1.00000000000000E-99   1.00000000000000E-99
 43   45     1.00000000000000E-99   1.00000000000000E-99
 44   45     1.00000000000000E-99   1.00000000000000E-99
 45   45     1.00000000000000E-99   1.00000000000000E-99
 46   45     1.00000000000000E-99   1.00000000000000E-99
 47   45     1.00000000000000E-99   1.00000000000000E-99
 48   45     1.00000000000000E-99   1.00000000000000E-99
 49   45     1.00000000000000E-99   1.00000000000000E-99
 50   45     1.00000000000000E-99   1.00000000000000E-99
 51   45     1.00000000000000E-99   1.00000000000000E-99
 52   45     1.00000000000000E-99   1.00000000000000E-99
 53   45     1.00000000000000E-99   1.00000000000000E-99
 54   45     1.00000000000000E-99   1.00000000000000E-99
 55   45     1.00000000000000E-99   1.00000000000000E-99
 56   45     1.00000000000000E-99   1.00000000000000E-99
 57   45     1.00000000000000E-99   1.00000000000000E-99
 58   45     1.57100919019586E-13   1.61813946590174E-11
 59   45     3.51035438298530E-18   3.65076855830471E-16
 60   45     1.38346623778572E-11   1.45263954967501E-09
 61   45     1.52958494669070E-15   1.62136004349215E-13
 62   45     1.29458702979117E-09   1.38520812187655E-07
 63   45     1.85068739519121E-10   1.99874238680651E-08
 64   45     1.58017603031746E-08   1.72239187304603E-06
 65   45     2.15480229954632E-12   2.37028252950095E-10
 66   45     5.59697441482111E-12   6.21264160045143E-10
 67   45     6.11462724837867E-10   6.84838251818411E-08
 68   45     2.82887408321045E-08   3.19662771402781E-06
 69   45     1.12177981362214E-11   1.27882898752924E-09
 70   45     6.08988910544619E-13   7.00337247126311E-11
 71   45     1.86977402635511E-12   2.16893787057193E-10
 72   45     3.17995626755270E-13   3.72054883303665E-11
 73   45     6.40802590491796E-13   7.56147056780319E-11
 74   45     2.25549897420736E-12   2.68404377930676E-10
 75   45     3.33466399847772E-11   4.00159679817326E-09
 76   45     6.27521918663534E-13   7.59301521582876E-11
 77   45     1.89995518393591E-15   2.31794532440181E-13
 78   45     5.06228903567440E-21   6.22661551387951E-19
 79   45     2.14227623714032E-24   2.65642253405399E-22
 80   45     1.00000000000000E-99   1.00000000000000E-99
 81   45     1.00000000000000E-99   1.00000000000000E-99
 82   45     1.00000000000000E-99   1.00000000000000E-99
 83   45     1.00000000000000E-99   1.00000000000000E-99
 84   45     1.00000000000000E-99   1.00000000000000E-99
 85   45     1.00000000000000E-99   1.00000000000000E-99
 86   45     1.00000000000000E-99   1.00000000000000E-99
 87   45     1.00000000000000E-99   1.00000000000000E-99
 88   45     1.00000000000000E-99   1.00000000000000E-99
 89   45     1.00000000000000E-99   1.00000000000000E-99
 90   45     1.00000000000000E-99   1.00000000000000E-99
 91   45     1.00000000000000E-99   1.00000000000000E-99
 92   45     1.00000000000000E-99   1.00000000000000E-99
 93   45     1.00000000000000E-99   1.00000000000000E-99
 94   45     1.00000000000000E-99   1.00000000000000E-99
 95   45     1.00000000000000E-99   1.00000000000000E-99
 96   45     1.00000000000000E-99   1.00000000000000E-99
 97   45     1.00000000000000E-99   1.00000000000000E-99
 98   45     1.00000000000000E-99   1.00000000000000E-99
 99   45     1.00000000000000E-99   1.00000000000000E-99
100   45     1.00000000000000E-99   1.00000000000000E-99
101   45     1.00000000000000E-99   1.00000000000000E-99
102   45     1.00000000000000E-99   1.00000000000000E-99
103   45     1.00000000000000E-99   1.00000000000000E-99
104   45     1.00000000000000E-99   1.00000000000000E-99
105   45     1.00000000000000E-99   1.00000000000000E-99
106   45     1.00000000000000E-99   1.00000000000000E-99
107   45     1.00000000000000E-99   1.00000000000000E-99
108   45     1.00000000000000E-99   1.00000000000000E-99
 40   46     1.00000000000000E-99   1.00000000000000E-99
 41   46     1.00000000000000E-99   1.00000000000000E-99
 42   46     1.00000000000000E-99   1.00000000000000E-99
 43   46     1.00000000000000E-99   1.00000000000000E-99
 44   46     1.00000000000000E-99   1.00000000000000E-99
 45   46     1.00000000000000E-99   1.00000000000000E-99
 46   46     1.00000000000000E-99   1.00000000000000E-99
 47   46     1.00000000000000E-99   1.00000000000000E-99
 48   46     1.00000000000000E-99   1.00000000000000E-99
 49   46     1.00000000000000E-99   1.00000000000000E-99
 50   46     1.00000000000000E-99   1.00000000000000E-99
 51   46     1.00000000000000E-99   1.00000000000000E-99
 52   46     1.00000000000000E-99   1.00000000000000E-99
 53   46     1.00000000000000E-99   1.00000000000000E-99
 54   46     1.00000000000000E-99   1.00000000000000E-99
 55   46     1.00000000000000E-99   1.00000000000000E-99
 56   46     1.00000000000000E-99   1.00000000000000E-99
 57   46     1.00000000000000E-99   1.00000000000000E-99
 58   46     5.12586275504716E-17   5.33089726524905E-15
 59   46     1.37862701953899E-14   1.44755837051594E-12
 60   46     1.53648121521086E-14   1.62867008812352E-12
 61   46     2.38475868854504E-10   2.55169179674319E-08
 62   46     5.87740409671055E-09   6.34759642444739E-07
 63   46     4.58605950150523E-07   4.99880485664070E-05
 64   46     8.51612359151179E-07   9.36773595066296E-05
 65   46     8.05836327158002E-07   8.94478323145383E-05
 66   46     5.91482920405542E-07   6.62460870854207E-05
 67   46     1.23107687727741E-06   1.39111687132348E-04
 68   46     1.45126246749445E-07   1.65443921294367E-05
 69   46     2.05603463689781E-11   2.36443983243248E-09
 70   46     3.57740967024697E-11   4.14979521748648E-09
 71   46     3.54248007303085E-12   4.14470168544609E-10
 72   46     6.13292766540378E-12   7.23685464517646E-10
 73   46     1.83122859742926E-11   2.17916203094082E-09
 74   46     1.26375058284453E-10   1.51650069941343E-08
 75   46     1.07193101240637E-12   1.29703652501171E-10
 76   46     1.20589519800702E-12   1.47119214156856E-10
 77   46     3.19517421659411E-13   3.93006428641076E-11
 78   46     4.47683563969581E-14   5.55127619322281E-12
 79   46     7.46398289096746E-24   9.32997861370932E-22
 80   46     1.00000000000000E-99   1.00000000000000E-99
 81   46     1.00000000000000E-99   1.00000000000000E-99
 82   46     1.00000000000000E-99   1.00000000000000E-99
 83   46     1.00000000000000E-99   1.00000000000000E-99
 84   46     1.00000000000000E-99   1.00000000000000E-99
 85   46     1.00000000000000E-99   1.00000000000000E-99
 86   46     1.00000000000000E-99   1.00000000000000E-99
 87   46     1.00000000000000E-99   1.00000000000000E-99
 88   46     1.00000000000000E-99   1.00000000000000E-99
 89   46     1.00000000000000E-99   1.00000000000000E-99
 90   46     1.00000000000000E-99   1.00000000000000E-99
 91   46     1.00000000000000E-99   1.00000000000000E-99
 92   46     1.00000000000000E-99   1.00000000000000E-99
 93   46     1.00000000000000E-99   1.00000000000000E-99
 94   46     1.00000000000000E-99   1.00000000000000E-99
 95   46     1.00000000000000E-99   1.00000000000000E-99
 96   46     1.00000000000000E-99   1.00000000000000E-99
 97   46     1.00000000000000E-99   1.00000000000000E-99
 98   46     1.00000000000000E-99   1.00000000000000E-99
 99   46     1.00000000000000E-99   1.00000000000000E-99
100   46     1.00000000000000E-99   1.00000000000000E-99
101   46     1.00000000000000E-99   1.00000000000000E-99
102   46     1.00000000000000E-99   1.00000000000000E-99
103   46     1.00000000000000E-99   1.00000000000000E-99
104   46     1.00000000000000E-99   1.00000000000000E-99
105   46     1.00000000000000E-99   1.00000000000000E-99
106   46     1.00000000000000E-99   1.00000000000000E-99
107   46     1.00000000000000E-99   1.00000000000000E-99
108   46     1.00000000000000E-99   1.00000000000000E-99
109   46     1.00000000000000E-99   1.00000000000000E-99
110   46     1.00000000000000E-99   1.00000000000000E-99
 41   47     1.00000000000000E-99   1.00000000000000E-99
 42   47     1.00000000000000E-99   1.00000000000000E-99
 43   47     1.00000000000000E-99   1.00000000000000E-99
 44   47     1.00000000000000E-99   1.00000000000000E-99
 45   47     1.00000000000000E-99   1.00000000000000E-99
 46   47     1.00000000000000E-99   1.00000000000000E-99
 47   47     1.00000000000000E-99   1.00000000000000E-99
 48   47     1.00000000000000E-99   1.00000000000000E-99
 49   47     1.00000000000000E-99   1.00000000000000E-99
 50   47     1.00000000000000E-99   1.00000000000000E-99
 51   47     1.00000000000000E-99   1.00000000000000E-99
 52   47     1.00000000000000E-99   1.00000000000000E-99
 53   47     1.00000000000000E-99   1.00000000000000E-99
 54   47     1.00000000000000E-99   1.00000000000000E-99
 55   47     1.00000000000000E-99   1.00000000000000E-99
 56   47     1.00000000000000E-99   1.00000000000000E-99
 57   47     1.00000000000000E-99   1.00000000000000E-99
 58   47     1.00000000000000E-99   1.00000000000000E-99
 59   47     1.00000000000000E-99   1.00000000000000E-99
 60   47     1.58223274512653E-22   1.69298903728538E-20
 61   47     1.00000000000000E-99   1.00000000000000E-99
 62   47     2.11270763333032E-09   2.30285132033004E-07
 63   47     4.01020063462600E-14   4.41122069808860E-12
 64   47     2.13741258948807E-07   2.37252797433176E-05
 65   47     2.50560778420235E-09   2.80628071830663E-07
 66   47     5.16722610441620E-06   5.83896549799031E-04
 67   47     4.75758536041141E-09   5.42364731086901E-07
 68   47     2.47104037878843E-06   2.84169643560669E-04
 69   47     9.30982229754327E-07   1.07993938651502E-04
 70   47     3.27485575694025E-08   3.83158123562010E-06
 71   47     1.25223875208960E-11   1.47764172746572E-09
 72   47     1.85477674604420E-11   2.20718432779259E-09
 73   47     3.15349293696520E-10   3.78419152435824E-08
 74   47     1.18324654825577E-09   1.43172832338949E-07
 75   47     4.56612378444874E-12   5.57067101702747E-10
 76   47     5.62307040515920E-13   6.91637659834582E-11
 77   47     3.58696334479133E-13   4.44783454754125E-11
 78   47     4.73255937504271E-21   5.91569921880339E-19
 79   47     1.00000000000000E-99   1.00000000000000E-99
 80   47     2.76456135640696E-25   3.51099292263684E-23
 81   47     1.00000000000000E-99   1.00000000000000E-99
 82   47     1.00000000000000E-99   1.00000000000000E-99
 83   47     1.00000000000000E-99   1.00000000000000E-99
 84   47     1.00000000000000E-99   1.00000000000000E-99
 85   47     1.00000000000000E-99   1.00000000000000E-99
 86   47     1.00000000000000E-99   1.00000000000000E-99
 87   47     1.00000000000000E-99   1.00000000000000E-99
 88   47     1.00000000000000E-99   1.00000000000000E-99
 89   47     1.00000000000000E-99   1.00000000000000E-99
 90   47     1.00000000000000E-99   1.00000000000000E-99
 91   47     1.00000000000000E-99   1.00000000000000E-99
 92   47     1.00000000000000E-99   1.00000000000000E-99
 93   47     1.00000000000000E-99   1.00000000000000E-99
 94   47     1.00000000000000E-99   1.00000000000000E-99
 95   47     1.00000000000000E-99   1.00000000000000E-99
 96   47     1.00000000000000E-99   1.00000000000000E-99
 97   47     1.00000000000000E-99   1.00000000000000E-99
 98   47     1.00000000000000E-99   1.00000000000000E-99
 99   47     1.00000000000000E-99   1.00000000000000E-99
100   47     1.00000000000000E-99   1.00000000000000E-99
101   47     1.00000000000000E-99   1.00000000000000E-99
102   47     1.00000000000000E-99   1.00000000000000E-99
103   47     1.00000000000000E-99   1.00000000000000E-99
104   47     1.00000000000000E-99   1.00000000000000E-99
105   47     1.00000000000000E-99   1.00000000000000E-99
106   47     1.00000000000000E-99   1.00000000000000E-99
107   47     1.00000000000000E-99   1.00000000000000E-99
108   47     1.00000000000000E-99   1.00000000000000E-99
109   47     1.00000000000000E-99   1.00000000000000E-99
110   47     1.00000000000000E-99   1.00000000000000E-99
111   47     1.00000000000000E-99   1.00000000000000E-99
112   47     1.00000000000000E-99   1.00000000000000E-99
113   47     1.00000000000000E-99   1.00000000000000E-99
 42   48     1.00000000000000E-99   1.00000000000000E-99
 43   48     1.00000000000000E-99   1.00000000000000E-99
 44   48     1.00000000000000E-99   1.00000000000000E-99
 45   48     1.00000000000000E-99   1.00000000000000E-99
 46   48     1.00000000000000E-99   1.00000000000000E-99
 47   48     1.00000000000000E-99   1.00000000000000E-99
 48   48     1.00000000000000E-99   1.00000000000000E-99
 49   48     1.00000000000000E-99   1.00000000000000E-99
 50   48     1.00000000000000E-99   1.00000000000000E-99
 51   48     1.00000000000000E-99   1.00000000000000E-99
 52   48     1.00000000000000E-99   1.00000000000000E-99
 53   48     1.00000000000000E-99   1.00000000000000E-99
 54   48     1.00000000000000E-99   1.00000000000000E-99
 55   48     1.00000000000000E-99   1.00000000000000E-99
 56   48     1.00000000000000E-99   1.00000000000000E-99
 57   48     1.00000000000000E-99   1.00000000000000E-99
 58   48     1.00000000000000E-99   1.00000000000000E-99
 59   48     1.00000000000000E-99   1.00000000000000E-99
 60   48     1.00000000000000E-99   1.00000000000000E-99
 61   48     1.00000000000000E-99   1.00000000000000E-99
 62   48     6.32336932360480E-13   6.95570625596528E-11
 63   48     5.77700817007610E-11   6.41247906878447E-09
 64   48     3.83454614093189E-11   4.29469167784372E-09
 65   48     4.74522933088554E-08   5.36210914390066E-06
 66   48     1.78546260946017E-06   2.03542737478459E-04
 67   48     8.55086028433036E-07   9.83348932697991E-05
 68   48     3.48965217942411E-06   4.04799652813197E-04
 69   48     5.40403633662986E-06   6.32272251385693E-04
 70   48     7.74803268080368E-06   9.14267856334834E-04
 71   48     1.10791495133002E-06   1.31841879208273E-04
 72   48     3.96477492889311E-08   4.75772991467173E-06
 73   48     2.07906344547501E-08   2.51566676902476E-06
 74   48     5.05777478863233E-11   6.17048524213144E-09
 75   48     1.93705611280172E-10   2.38257901874612E-08
 76   48     5.41957869379383E-10   6.72027758030435E-08
 77   48     8.00488809389546E-19   1.00061101173693E-16
 78   48     1.00000000000000E-99   1.00000000000000E-99
 79   48     4.40701822816726E-13   5.59691314977242E-11
 80   48     4.95672347012668E-13   6.34460604176216E-11
 81   48     1.89798858603967E-13   2.44840527599118E-11
 82   48     1.73994046970962E-17   2.26192261062250E-15
 83   48     1.00000000000000E-99   1.00000000000000E-99
 84   48     1.00000000000000E-99   1.00000000000000E-99
 85   48     1.00000000000000E-99   1.00000000000000E-99
 86   48     1.00000000000000E-99   1.00000000000000E-99
 87   48     1.00000000000000E-99   1.00000000000000E-99
 88   48     1.00000000000000E-99   1.00000000000000E-99
 89   48     5.73284062491722E-24   7.85399165613659E-22
 90   48     1.00000000000000E-99   1.00000000000000E-99
 91   48     1.00000000000000E-99   1.00000000000000E-99
 92   48     1.00000000000000E-99   1.00000000000000E-99
 93   48     1.00000000000000E-99   1.00000000000000E-99
 94   48     1.00000000000000E-99   1.00000000000000E-99
 95   48     1.00000000000000E-99   1.00000000000000E-99
 96   48     1.00000000000000E-99   1.00000000000000E-99
 97   48     1.00000000000000E-99   1.00000000000000E-99
 98   48     1.00000000000000E-99   1.00000000000000E-99
 99   48     1.00000000000000E-99   1.00000000000000E-99
100   48     1.00000000000000E-99   1.00000000000000E-99
101   48     1.00000000000000E-99   1.00000000000000E-99
102   48     1.00000000000000E-99   1.00000000000000E-99
103   48     1.00000000000000E-99   1.00000000000000E-99
104   48     1.00000000000000E-99   1.00000000000000E-99
105   48     1.00000000000000E-99   1.00000000000000E-99
106   48     1.00000000000000E-99   1.00000000000000E-99
107   48     1.00000000000000E-99   1.00000000000000E-99
108   48     1.00000000000000E-99   1.00000000000000E-99
109   48     1.00000000000000E-99   1.00000000000000E-99
110   48     1.00000000000000E-99   1.00000000000000E-99
111   48     1.00000000000000E-99   1.00000000000000E-99
112   48     1.00000000000000E-99   1.00000000000000E-99
113   48     1.00000000000000E-99   1.00000000000000E-99
114   48     1.00000000000000E-99   1.00000000000000E-99
115   48     1.00000000000000E-99   1.00000000000000E-99
 43   49     1.00000000000000E-99   1.00000000000000E-99
 44   49     1.00000000000000E-99   1.00000000000000E-99
 45   49     1.00000000000000E-99   1.00000000000000E-99
 46   49     1.00000000000000E-99   1.00000000000000E-99
 47   49     1.00000000000000E-99   1.00000000000000E-99
 48   49     1.00000000000000E-99   1.00000000000000E-99
 49   49     1.00000000000000E-99   1.00000000000000E-99
 50   49     1.00000000000000E-99   1.00000000000000E-99
 51   49     1.00000000000000E-99   1.00000000000000E-99
 52   49     1.00000000000000E-99   1.00000000000000E-99
 53   49     1.00000000000000E-99   1.00000000000000E-99
 54   49     1.00000000000000E-99   1.00000000000000E-99
 55   49     1.00000000000000E-99   1.00000000000000E-99
 56   49     1.00000000000000E-99   1.00000000000000E-99
 57   49     1.00000000000000E-99   1.00000000000000E-99
 58   49     1.00000000000000E-99   1.00000000000000E-99
 59   49     1.00000000000000E-99   1.00000000000000E-99
 60   49     1.00000000000000E-99   1.00000000000000E-99
 61   49     1.00000000000000E-99   1.00000000000000E-99
 62   49     1.00000000000000E-99   1.00000000000000E-99
 63   49     1.00000000000000E-99   1.00000000000000E-99
 64   49     1.00000000000000E-99   1.00000000000000E-99
 65   49     1.00000000000000E-99   1.00000000000000E-99
 66   49     8.42836495954502E-10   9.69261970347678E-08
 67   49     5.09128460352006E-15   5.90589014008328E-13
 68   49     1.77715813033029E-07   2.07927501248644E-05
 69   49     1.28492648587375E-08   1.51621325333102E-06
 70   49     2.25284487041670E-06   2.68088539579588E-04
 71   49     2.50717896638473E-09   3.00861475966167E-07
 72   49     3.65204097861241E-08   4.41896958412102E-06
 73   49     1.46430973501057E-11   1.78645787671289E-09
 74   49     5.63925522766269E-10   6.93628393002510E-08
 75   49     1.35152289585426E-09   1.67588839085928E-07
 76   49     4.45918631745720E-16   5.57398289682150E-14
 77   49     1.60659542496067E-23   2.02431023545044E-21
 78   49     1.44856025149170E-12   1.83967151939446E-10
 79   49     2.90262449623374E-09   3.71535935517918E-07
 80   49     9.20676600433658E-12   1.18767281455942E-09
 81   49     1.05739503077321E-13   1.37461354000517E-11
 82   49     3.68831128366039E-15   4.83168778159511E-13
 83   49     5.91578592622461E-18   7.80883742261648E-16
 84   49     1.01191537599951E-20   1.34584745007934E-18
 85   49     1.00000000000000E-99   1.00000000000000E-99
 86   49     2.32355627614619E-23   3.13680097279736E-21
 87   49     1.70573232741826E-22   2.31979596528884E-20
 88   49     1.94346982194201E-21   2.66255365606055E-19
 89   49     3.09623797168842E-23   4.27280840093002E-21
 90   49     1.00000000000000E-99   1.00000000000000E-99
 91   49     1.00000000000000E-99   1.00000000000000E-99
 92   49     1.00000000000000E-99   1.00000000000000E-99
 93   49     1.00000000000000E-99   1.00000000000000E-99
 94   49     1.00000000000000E-99   1.00000000000000E-99
 95   49     1.00000000000000E-99   1.00000000000000E-99
 96   49     1.00000000000000E-99   1.00000000000000E-99
 97   49     1.00000000000000E-99   1.00000000000000E-99
 98   49     1.00000000000000E-99   1.00000000000000E-99
 99   49     1.00000000000000E-99   1.00000000000000E-99
100   49     1.00000000000000E-99   1.00000000000000E-99
101   49     1.00000000000000E-99   1.00000000000000E-99
102   49     1.00000000000000E-99   1.00000000000000E-99
103   49     1.00000000000000E-99   1.00000000000000E-99
104   49     1.00000000000000E-99   1.00000000000000E-99
105   49     1.00000000000000E-99   1.00000000000000E-99
106   49     1.00000000000000E-99   1.00000000000000E-99
107   49     1.00000000000000E-99   1.00000000000000E-99
108   49     1.00000000000000E-99   1.00000000000000E-99
109   49     1.00000000000000E-99   1.00000000000000E-99
110   49     1.00000000000000E-99   1.00000000000000E-99
111   49     1.00000000000000E-99   1.00000000000000E-99
112   49     1.00000000000000E-99   1.00000000000000E-99
113   49     1.00000000000000E-99   1.00000000000000E-99
114   49     1.00000000000000E-99   1.00000000000000E-99
115   49     1.00000000000000E-99   1.00000000000000E-99
116   49     1.00000000000000E-99   1.00000000000000E-99
117   49     1.00000000000000E-99   1.00000000000000E-99
 44   50     1.00000000000000E-99   1.00000000000000E-99
 45   50     1.00000000000000E-99   1.00000000000000E-99
 46   50     1.00000000000000E-99   1.00000000000000E-99
 47   50     1.00000000000000E-99   1.00000000000000E-99
 48   50     1.00000000000000E-99   1.00000000000000E-99
 49   50     1.00000000000000E-99   1.00000000000000E-99
 50   50     1.00000000000000E-99   1.00000000000000E-99
 51   50     1.00000000000000E-99   1.00000000000000E-99
 52   50     1.00000000000000E-99   1.00000000000000E-99
 53   50     1.00000000000000E-99   1.00000000000000E-99
 54   50     1.00000000000000E-99   1.00000000000000E-99
 55   50     1.00000000000000E-99   1.00000000000000E-99
 56   50     1.00000000000000E-99   1.00000000000000E-99
 57   50     1.00000000000000E-99   1.00000000000000E-99
 58   50     1.00000000000000E-99   1.00000000000000E-99
 59   50     1.00000000000000E-99   1.00000000000000E-99
 60   50     1.00000000000000E-99   1.00000000000000E-99
 61   50     1.00000000000000E-99   1.00000000000000E-99
 62   50     1.00000000000000E-99   1.00000000000000E-99
 63   50     1.00000000000000E-99   1.00000000000000E-99
 64   50     1.00000000000000E-99   1.00000000000000E-99
 65   50     1.00000000000000E-99   1.00000000000000E-99
 66   50     1.84414239248589E-13   2.13920517528364E-11
 67   50     1.14350381866177E-08   1.33789946783427E-06
 68   50     1.01943426066839E-06   1.20293242758870E-04
 69   50     8.21264414654425E-06   9.77304653438765E-04
 70   50     1.70658613724516E-05   2.04790336469419E-03
 71   50     1.97650665207389E-05   2.39157304900941E-03
 72   50     1.77820955872941E-05   2.16941566164988E-03
 73   50     6.25282126581110E-06   7.69097015694766E-04
 74   50     4.36349536118302E-06   5.41073424786695E-04
 75   50     2.27912243553055E-06   2.84890304441318E-04
 76   50     7.92221210802888E-06   9.98198725611639E-04
 77   50     4.49562495659316E-05   5.70944369487331E-03
 78   50     1.86839946453421E-04   2.39155131460379E-02
 79   50     2.34533733857020E-05   3.02548516675556E-03
 80   50     5.26785741236062E-05   6.84821463606881E-03
 81   50     3.55399759018460E-07   4.65573684314183E-05
 82   50     2.53273848483993E-08   3.34321479998871E-06
 83   50     2.18070496235198E-15   2.90033759992813E-13
 84   50     2.98684138112389E-21   4.00236745070602E-19
 85   50     1.01437345706334E-20   1.36940416703551E-18
 86   50     5.42309309893031E-14   7.37540661454522E-12
 87   50     9.88796947573150E-18   1.35465181817522E-15
 88   50     5.61587510149125E-16   7.74990764005792E-14
 89   50     6.32459096759119E-15   8.79118144495175E-13
 90   50     3.42434213253101E-16   4.79407898554341E-14
 91   50     6.13488624616029E-20   8.65018960708601E-18
 92   50     4.45043596358117E-21   6.31961906828526E-19
 93   50     1.80227346159750E-21   2.57725105008443E-19
 94   50     1.00000000000000E-99   1.00000000000000E-99
 95   50     9.41187340148652E-25   1.36472164321555E-22
 96   50     1.00000000000000E-99   1.00000000000000E-99
 97   50     1.00000000000000E-99   1.00000000000000E-99
 98   50     1.00000000000000E-99   1.00000000000000E-99
 99   50     1.00000000000000E-99   1.00000000000000E-99
100   50     1.00000000000000E-99   1.00000000000000E-99
101   50     1.00000000000000E-99   1.00000000000000E-99
102   50     1.00000000000000E-99   1.00000000000000E-99
103   50     1.00000000000000E-99   1.00000000000000E-99
104   50     1.00000000000000E-99   1.00000000000000E-99
105   50     1.00000000000000E-99   1.00000000000000E-99
106   50     1.00000000000000E-99   1.00000000000000E-99
107   50     1.00000000000000E-99   1.00000000000000E-99
108   50     1.00000000000000E-99   1.00000000000000E-99
109   50     1.00000000000000E-99   1.00000000000000E-99
110   50     1.00000000000000E-99   1.00000000000000E-99
111   50     1.00000000000000E-99   1.00000000000000E-99
112   50     1.00000000000000E-99   1.00000000000000E-99
113   50     1.00000000000000E-99   1.00000000000000E-99
114   50     1.00000000000000E-99   1.00000000000000E-99
115   50     1.00000000000000E-99   1.00000000000000E-99
116   50     1.00000000000000E-99   1.00000000000000E-99
117   50     1.00000000000000E-99   1.00000000000000E-99
118   50     1.00000000000000E-99   1.00000000000000E-99
119   50     1.00000000000000E-99   1.00000000000000E-99
 46   51     1.00000000000000E-99   1.00000000000000E-99
 47   51     1.00000000000000E-99   1.00000000000000E-99
 48   51     1.00000000000000E-99   1.00000000000000E-99
 49   51     1.00000000000000E-99   1.00000000000000E-99
 50   51     1.00000000000000E-99   1.00000000000000E-99
 51   51     1.00000000000000E-99   1.00000000000000E-99
 52   51     1.00000000000000E-99   1.00000000000000E-99
 53   51     1.00000000000000E-99   1.00000000000000E-99
 54   51     1.00000000000000E-99   1.00000000000000E-99
 55   51     1.00000000000000E-99   1.00000000000000E-99
 56   51     1.00000000000000E-99   1.00000000000000E-99
 57   51     1.00000000000000E-99   1.00000000000000E-99
 58   51     1.00000000000000E-99   1.00000000000000E-99
 59   51     1.00000000000000E-99   1.00000000000000E-99
 60   51     1.00000000000000E-99   1.00000000000000E-99
 61   51     1.00000000000000E-99   1.00000000000000E-99
 62   51     1.00000000000000E-99   1.00000000000000E-99
 63   51     1.00000000000000E-99   1.00000000000000E-99
 64   51     1.00000000000000E-99   1.00000000000000E-99
 65   51     1.00000000000000E-99   1.00000000000000E-99
 66   51     1.00000000000000E-99   1.00000000000000E-99
 67   51     1.00000000000000E-99   1.00000000000000E-99
 68   51     1.00000000000000E-99   1.00000000000000E-99
 69   51     1.00000000000000E-99   1.00000000000000E-99
 70   51     6.92195050243830E-08   8.37556010795034E-06
 71   51     3.60588752950716E-11   4.39918278599873E-09
 72   51     2.08210797102892E-10   2.56099280436558E-08
 73   51     1.20223106833719E-13   1.49076652473811E-11
 74   51     1.04994568780450E-09   1.31243210975563E-07
 75   51     1.03802377984827E-12   1.30790996260883E-10
 76   51     2.34730458234577E-06   2.98107681957913E-04
 77   51     2.12518102893277E-05   2.72023171703395E-03
 78   51     3.79369897383154E-04   4.89387167624269E-02
 79   51     3.20433841714333E-04   4.16563994228633E-02
 80   51     3.09213196206450E-04   4.05069287030450E-02
 81   51     5.30257078168785E-05   6.99939343182796E-03
 82   51     3.53486719884714E-05   4.70137337446670E-03
 83   51     2.42100818349122E-15   3.24415096587823E-13
 84   51     1.10163421773075E-13   1.48720619393652E-11
 85   51     2.00313951378993E-13   2.72426973875430E-11
 86   51     2.88124799216829E-15   3.94730974927056E-13
 87   51     8.57793996388493E-15   1.18375571501612E-12
 88   51     8.96490657317441E-15   1.24612201367124E-12
 89   51     3.19258992226891E-14   4.46962589117648E-12
 90   51     1.97797727800315E-19   2.78894796198444E-17
 91   51     3.99458987181033E-17   5.67231761797066E-15
 92   51     3.68805836927001E-18   5.27392346805611E-16
 93   51     1.48957884740178E-21   2.14499354025857E-19
 94   51     1.68462570409547E-23   2.44270727093843E-21
 95   51     1.00000000000000E-99   1.00000000000000E-99
 96   51     1.00000000000000E-99   1.00000000000000E-99
 97   51     1.00000000000000E-99   1.00000000000000E-99
 98   51     1.00000000000000E-99   1.00000000000000E-99
 99   51     1.00000000000000E-99   1.00000000000000E-99
100   51     1.00000000000000E-99   1.00000000000000E-99
101   51     1.00000000000000E-99   1.00000000000000E-99
102   51     1.00000000000000E-99   1.00000000000000E-99
103   51     1.00000000000000E-99   1.00000000000000E-99
104   51     1.00000000000000E-99   1.00000000000000E-99
105   51     1.00000000000000E-99   1.00000000000000E-99
106   51     1.00000000000000E-99   1.00000000000000E-99
107   51     1.00000000000000E-99   1.00000000000000E-99
108   51     1.00000000000000E-99   1.00000000000000E-99
109   51     1.00000000000000E-99   1.00000000000000E-99
110   51     1.00000000000000E-99   1.00000000000000E-99
111   51     1.00000000000000E-99   1.00000000000000E-99
112   51     1.00000000000000E-99   1.00000000000000E-99
113   51     1.00000000000000E-99   1.00000000000000E-99
114   51     1.00000000000000E-99   1.00000000000000E-99
115   51     1.00000000000000E-99   1.00000000000000E-99
116   51     1.00000000000000E-99   1.00000000000000E-99
117   51     1.00000000000000E-99   1.00000000000000E-99
118   51     1.00000000000000E-99   1.00000000000000E-99
119   51     1.00000000000000E-99   1.00000000000000E-99
120   51     1.00000000000000E-99   1.00000000000000E-99
121   51     1.00000000000000E-99   1.00000000000000E-99
 47   52     1.00000000000000E-99   1.00000000000000E-99
 48   52     1.00000000000000E-99   1.00000000000000E-99
 49   52     1.00000000000000E-99   1.00000000000000E-99
 50   52     1.00000000000000E-99   1.00000000000000E-99
 51   52     1.00000000000000E-99   1.00000000000000E-99
 52   52     1.00000000000000E-99   1.00000000000000E-99
 53   52     1.00000000000000E-99   1.00000000000000E-99
 54   52     1.00000000000000E-99   1.00000000000000E-99
 55   52     1.00000000000000E-99   1.00000000000000E-99
 56   52     1.00000000000000E-99   1.00000000000000E-99
 57   52     1.00000000000000E-99   1.00000000000000E-99
 58   52     1.00000000000000E-99   1.00000000000000E-99
 59   52     1.00000000000000E-99   1.00000000000000E-99
 60   52     1.00000000000000E-99   1.00000000000000E-99
 61   52     1.00000000000000E-99   1.00000000000000E-99
 62   52     1.00000000000000E-99   1.00000000000000E-99
 63   52     1.00000000000000E-99   1.00000000000000E-99
 64   52     1.00000000000000E-99   1.00000000000000E-99
 65   52     1.00000000000000E-99   1.00000000000000E-99
 66   52     1.00000000000000E-99   1.00000000000000E-99
 67   52     1.00000000000000E-99   1.00000000000000E-99
 68   52     1.00000000000000E-99   1.00000000000000E-99
 69   52     1.00000000000000E-99   1.00000000000000E-99
 70   52     3.92930815370436E-14   4.79375594751932E-12
 71   52     1.07299377865017E-18   1.31978234773970E-16
 72   52     6.97772486728167E-18   8.65237883542927E-16
 73   52     2.32166147556719E-15   2.90207684445899E-13
 74   52     3.27060004462329E-16   4.12095605622534E-14
 75   52     1.36870451404449E-09   1.73825473283650E-07
 76   52     1.29224963647192E-07   1.65407953468405E-05
 77   52     6.40873755414834E-06   8.26727144485136E-04
 78   52     4.10332994213998E-05   5.33432892478198E-03
 79   52     7.66407510606927E-05   1.00399383889507E-02
 80   52     3.66216406576336E-04   4.83405656680763E-02
 81   52     3.68443504054147E-04   4.90029860392015E-02
 82   52     3.21082158106924E-04   4.30250091863278E-02
 83   52     2.55729886232704E-12   3.45235346414151E-10
 84   52     3.85528178238422E-12   5.24318322404253E-10
 85   52     5.56727164817134E-14   7.62716215799473E-12
 86   52     1.40089436947651E-13   1.93323422987758E-11
 87   52     1.28256427003192E-13   1.78276433534436E-11
 88   52     3.25932273188258E-14   4.56305182463561E-12
 89   52     3.22220565288332E-16   4.54330997056549E-14
 90   52     3.91279265502024E-16   5.55616557012874E-14
 91   52     8.57860030505685E-17   1.22673984362313E-14
 92   52     5.95480633478447E-18   8.57492112208964E-16
 93   52     1.84137677903104E-17   2.66999632959500E-15
 94   52     1.60374332828323E-16   2.34146525929351E-14
 95   52     4.40469810101341E-20   6.47490620848971E-18
 96   52     1.00000000000000E-99   1.00000000000000E-99
 97   52     1.00000000000000E-99   1.00000000000000E-99
 98   52     1.00000000000000E-99   1.00000000000000E-99
 99   52     1.00000000000000E-99   1.00000000000000E-99
100   52     1.00000000000000E-99   1.00000000000000E-99
101   52     1.00000000000000E-99   1.00000000000000E-99
102   52     1.00000000000000E-99   1.00000000000000E-99
103   52     1.00000000000000E-99   1.00000000000000E-99
104   52     1.00000000000000E-99   1.00000000000000E-99
105   52     1.00000000000000E-99   1.00000000000000E-99
106   52     1.00000000000000E-99   1.00000000000000E-99
107   52     1.00000000000000E-99   1.00000000000000E-99
108   52     1.00000000000000E-99   1.00000000000000E-99
109   52     1.00000000000000E-99   1.00000000000000E-99
110   52     1.00000000000000E-99   1.00000000000000E-99
111   52     1.00000000000000E-99   1.00000000000000E-99
112   52     1.00000000000000E-99   1.00000000000000E-99
113   52     1.00000000000000E-99   1.00000000000000E-99
114   52     1.00000000000000E-99   1.00000000000000E-99
115   52     1.00000000000000E-99   1.00000000000000E-99
116   52     1.00000000000000E-99   1.00000000000000E-99
117   52     1.00000000000000E-99   1.00000000000000E-99
118   52     1.00000000000000E-99   1.00000000000000E-99
119   52     1.00000000000000E-99   1.00000000000000E-99
120   52     1.00000000000000E-99   1.00000000000000E-99
121   52     1.00000000000000E-99   1.00000000000000E-99
122   52     1.00000000000000E-99   1.00000000000000E-99
123   52     1.00000000000000E-99   1.00000000000000E-99
124   52     1.00000000000000E-99   1.00000000000000E-99
 48   53     1.00000000000000E-99   1.00000000000000E-99
 49   53     1.00000000000000E-99   1.00000000000000E-99
 50   53     1.00000000000000E-99   1.00000000000000E-99
 51   53     1.00000000000000E-99   1.00000000000000E-99
 52   53     1.00000000000000E-99   1.00000000000000E-99
 53   53     1.00000000000000E-99   1.00000000000000E-99
 54   53     1.00000000000000E-99   1.00000000000000E-99
 55   53     1.00000000000000E-99   1.00000000000000E-99
 56   53     1.00000000000000E-99   1.00000000000000E-99
 57   53     1.00000000000000E-99   1.00000000000000E-99
 58   53     1.00000000000000E-99   1.00000000000000E-99
 59   53     1.00000000000000E-99   1.00000000000000E-99
 60   53     1.00000000000000E-99   1.00000000000000E-99
 61   53     1.00000000000000E-99   1.00000000000000E-99
 62   53     1.00000000000000E-99   1.00000000000000E-99
 63   53     1.00000000000000E-99   1.00000000000000E-99
 64   53     1.00000000000000E-99   1.00000000000000E-99
 65   53     1.00000000000000E-99   1.00000000000000E-99
 66   53     1.00000000000000E-99   1.00000000000000E-99
 67   53     1.00000000000000E-99   1.00000000000000E-99
 68   53     1.00000000000000E-99   1.00000000000000E-99
 69   53     1.00000000000000E-99   1.00000000000000E-99
 70   53     1.00000000000000E-99   1.00000000000000E-99
 71   53     1.00000000000000E-99   1.00000000000000E-99
 72   53     1.00000000000000E-99   1.00000000000000E-99
 73   53     1.00000000000000E-99   1.00000000000000E-99
 74   53     5.27957481453619E-12   6.70506001446096E-10
 75   53     4.78713256612077E-16   6.12752968463458E-14
 76   53     2.38964339029974E-07   3.08263997348667E-05
 77   53     1.84523581133167E-11   2.39880655473117E-09
 78   53     9.71615870556352E-06   1.27281679042882E-03
 79   53     3.08206119253106E-07   4.06832077414100E-05
 80   53     1.58653724627769E-04   2.11009453754933E-02
 81   53     5.00965263447257E-05   6.71293453019324E-03
 82   53     1.10937371624527E-04   1.49765451693112E-02
 83   53     1.40374035360237E-06   1.90908688089923E-04
 84   53     1.45400542343275E-11   1.99198743010286E-09
 85   53     6.47320122752513E-13   8.93301769398469E-11
 86   53     1.44362084083871E-13   2.00663296876581E-11
 87   53     3.34546497587621E-14   4.68365096622669E-12
 88   53     5.08725441782879E-16   7.17302872913860E-14
 89   53     7.98554585394667E-16   1.13394751126043E-13
 90   53     1.67390899048787E-16   2.39368985639765E-14
 91   53     1.41791557711587E-17   2.04179843104685E-15
 92   53     3.33549545895434E-16   4.83646841548380E-14
 93   53     3.59515937123522E-16   5.24893268200342E-14
 94   53     4.47761135380758E-20   6.58208869009714E-18
 95   53     1.00000000000000E-99   1.00000000000000E-99
 96   53     1.00000000000000E-99   1.00000000000000E-99
 97   53     1.00000000000000E-99   1.00000000000000E-99
 98   53     1.00000000000000E-99   1.00000000000000E-99
 99   53     1.00000000000000E-99   1.00000000000000E-99
100   53     1.00000000000000E-99   1.00000000000000E-99
101   53     1.00000000000000E-99   1.00000000000000E-99
102   53     1.00000000000000E-99   1.00000000000000E-99
103   53     1.00000000000000E-99   1.00000000000000E-99
104   53     1.00000000000000E-99   1.00000000000000E-99
105   53     1.00000000000000E-99   1.00000000000000E-99
106   53     1.00000000000000E-99   1.00000000000000E-99
107   53     1.00000000000000E-99   1.00000000000000E-99
108   53     1.00000000000000E-99   1.00000000000000E-99
109   53     1.00000000000000E-99   1.00000000000000E-99
110   53     1.00000000000000E-99   1.00000000000000E-99
111   53     1.00000000000000E-99   1.00000000000000E-99
112   53     1.00000000000000E-99   1.00000000000000E-99
113   53     1.00000000000000E-99   1.00000000000000E-99
114   53     1.00000000000000E-99   1.00000000000000E-99
115   53     1.00000000000000E-99   1.00000000000000E-99
116   53     1.00000000000000E-99   1.00000000000000E-99
117   53     1.00000000000000E-99   1.00000000000000E-99
118   53     1.00000000000000E-99   1.00000000000000E-99
119   53     1.00000000000000E-99   1.00000000000000E-99
120   53     1.00000000000000E-99   1.00000000000000E-99
121   53     1.00000000000000E-99   1.00000000000000E-99
122   53     1.00000000000000E-99   1.00000000000000E-99
123   53     1.00000000000000E-99   1.00000000000000E-99
124   53     1.00000000000000E-99   1.00000000000000E-99
125   53     1.00000000000000E-99   1.00000000000000E-99
126   53     1.00000000000000E-99   1.00000000000000E-99
 49   54     1.00000000000000E-99   1.00000000000000E-99
 50   54     1.00000000000000E-99   1.00000000000000E-99
 51   54     1.00000000000000E-99   1.00000000000000E-99
 52   54     1.00000000000000E-99   1.00000000000000E-99
 53   54     1.00000000000000E-99   1.00000000000000E-99
 54   54     1.00000000000000E-99   1.00000000000000E-99
 55   54     1.00000000000000E-99   1.00000000000000E-99
 56   54     1.00000000000000E-99   1.00000000000000E-99
 57   54     1.00000000000000E-99   1.00000000000000E-99
 58   54     1.00000000000000E-99   1.00000000000000E-99
 59   54     1.00000000000000E-99   1.00000000000000E-99
 60   54     1.00000000000000E-99   1.00000000000000E-99
 61   54     1.00000000000000E-99   1.00000000000000E-99
 62   54     1.00000000000000E-99   1.00000000000000E-99
 63   54     1.00000000000000E-99   1.00000000000000E-99
 64   54     1.00000000000000E-99   1.00000000000000E-99
 65   54     1.00000000000000E-99   1.00000000000000E-99
 66   54     1.00000000000000E-99   1.00000000000000E-99
 67   54     1.00000000000000E-99   1.00000000000000E-99
 68   54     1.00000000000000E-99   1.00000000000000E-99
 69   54     1.00000000000000E-99   1.00000000000000E-99
 70   54     1.00000000000000E-99   1.00000000000000E-99
 71   54     1.00000000000000E-99   1.00000000000000E-99
 72   54     1.00000000000000E-99   1.00000000000000E-99
 73   54     1.00000000000000E-99   1.00000000000000E-99
 74   54     5.08858858331500E-17   6.51339338664320E-15
 75   54     5.52834851711911E-20   7.13156958708365E-18
 76   54     7.63081590097039E-14   9.92006067126151E-12
 77   54     1.74245574231598E-09   2.28261702243394E-07
 78   54     5.21045246971257E-09   6.87779726002059E-07
 79   54     3.46950688946947E-07   4.61444416299440E-05
 80   54     3.22497274851785E-06   4.32146348301391E-04
 81   54     1.72109198510929E-06   2.32347417989754E-04
 82   54     1.12755878384589E-04   1.53347994603041E-02
 83   54     1.11588808082364E-05   1.52876667072838E-03
 84   54     1.89765743945817E-05   2.61876726645227E-03
 85   54     5.04907406786948E-10   7.01821295433857E-08
 86   54     6.74556695246387E-13   9.44379373344942E-11
 87   54     5.00448790959061E-15   7.05632795252276E-13
 88   54     3.56671890601417E-15   5.06474084654012E-13
 89   54     9.81737385043362E-17   1.40388446061201E-14
 90   54     1.41127073856936E-15   2.03222986353988E-13
 91   54     1.20608861968566E-15   1.74882849854421E-13
 92   54     1.47267914966446E-15   2.15011155851011E-13
 93   54     4.64650446982506E-20   6.83036157064284E-18
 94   54     1.00000000000000E-99   1.00000000000000E-99
 95   54     1.00000000000000E-99   1.00000000000000E-99
 96   54     1.00000000000000E-99   1.00000000000000E-99
 97   54     1.00000000000000E-99   1.00000000000000E-99
 98   54     1.00000000000000E-99   1.00000000000000E-99
 99   54     1.00000000000000E-99   1.00000000000000E-99
100   54     1.00000000000000E-99   1.00000000000000E-99
101   54     1.00000000000000E-99   1.00000000000000E-99
102   54     1.00000000000000E-99   1.00000000000000E-99
103   54     1.00000000000000E-99   1.00000000000000E-99
104   54     1.00000000000000E-99   1.00000000000000E-99
105   54     1.00000000000000E-99   1.00000000000000E-99
106   54     1.00000000000000E-99   1.00000000000000E-99
107   54     1.00000000000000E-99   1.00000000000000E-99
108   54     1.00000000000000E-99   1.00000000000000E-99
109   54     1.00000000000000E-99   1.00000000000000E-99
110   54     1.00000000000000E-99   1.00000000000000E-99
111   54     1.00000000000000E-99   1.00000000000000E-99
112   54     1.00000000000000E-99   1.00000000000000E-99
113   54     1.00000000000000E-99   1.00000000000000E-99
114   54     1.00000000000000E-99   1.00000000000000E-99
115   54     1.00000000000000E-99   1.00000000000000E-99
116   54     1.00000000000000E-99   1.00000000000000E-99
117   54     1.00000000000000E-99   1.00000000000000E-99
118   54     1.00000000000000E-99   1.00000000000000E-99
119   54     1.00000000000000E-99   1.00000000000000E-99
120   54     1.00000000000000E-99   1.00000000000000E-99
121   54     1.00000000000000E-99   1.00000000000000E-99
122   54     1.00000000000000E-99   1.00000000000000E-99
123   54     1.00000000000000E-99   1.00000000000000E-99
124   54     1.00000000000000E-99   1.00000000000000E-99
125   54     1.00000000000000E-99   1.00000000000000E-99
126   54     1.00000000000000E-99   1.00000000000000E-99
127   54     1.00000000000000E-99   1.00000000000000E-99
128   54     1.00000000000000E-99   1.00000000000000E-99
 51   55     1.00000000000000E-99   1.00000000000000E-99
 52   55     1.00000000000000E-99   1.00000000000000E-99
 53   55     1.00000000000000E-99   1.00000000000000E-99
 54   55     1.00000000000000E-99   1.00000000000000E-99
 55   55     1.00000000000000E-99   1.00000000000000E-99
 56   55     1.00000000000000E-99   1.00000000000000E-99
 57   55     1.00000000000000E-99   1.00000000000000E-99
 58   55     1.00000000000000E-99   1.00000000000000E-99
 59   55     1.00000000000000E-99   1.00000000000000E-99
 60   55     1.00000000000000E-99   1.00000000000000E-99
 61   55     1.00000000000000E-99   1.00000000000000E-99
 62   55     1.00000000000000E-99   1.00000000000000E-99
 63   55     1.00000000000000E-99   1.00000000000000E-99
 64   55     1.00000000000000E-99   1.00000000000000E-99
 65   55     1.00000000000000E-99   1.00000000000000E-99
 66   55     1.00000000000000E-99   1.00000000000000E-99
 67   55     1.00000000000000E-99   1.00000000000000E-99
 68   55     1.00000000000000E-99   1.00000000000000E-99
 69   55     1.00000000000000E-99   1.00000000000000E-99
 70   55     1.00000000000000E-99   1.00000000000000E-99
 71   55     1.00000000000000E-99   1.00000000000000E-99
 72   55     1.00000000000000E-99   1.00000000000000E-99
 73   55     1.00000000000000E-99   1.00000000000000E-99
 74   55     1.00000000000000E-99   1.00000000000000E-99
 75   55     1.00000000000000E-99   1.00000000000000E-99
 76   55     1.00000000000000E-99   1.00000000000000E-99
 77   55     1.00000000000000E-99   1.00000000000000E-99
 78   55     8.61636730437806E-11   1.14597685148228E-08
 79   55     5.17818230924251E-15   6.93876429438497E-13
 80   55     9.70571431444078E-09   1.31027143244951E-06
 81   55     5.65988726711637E-13   7.69744668327826E-11
 82   55     4.21447049810710E-05   5.77382458240673E-03
 83   55     9.72486226001612E-06   1.34203099188222E-03
 84   55     3.55790879383981E-06   4.94549322343734E-04
 85   55     3.35730906800552E-08   4.70023269520773E-06
 86   55     1.23193259610587E-12   1.73702496050928E-10
 87   55     5.03733206017771E-15   7.15301152545235E-13
 88   55     5.54275661321418E-16   7.92614195689628E-14
 89   55     3.86652019871881E-15   5.56778908615508E-13
 90   55     4.00328264319179E-15   5.80475983262809E-13
 91   55     3.01965847613420E-15   4.40870137515593E-13
 92   55     1.02945181312758E-19   1.51329416529754E-17
 93   55     1.00000000000000E-99   1.00000000000000E-99
 94   55     1.00000000000000E-99   1.00000000000000E-99
 95   55     1.00000000000000E-99   1.00000000000000E-99
 96   55     1.00000000000000E-99   1.00000000000000E-99
 97   55     1.00000000000000E-99   1.00000000000000E-99
 98   55     1.00000000000000E-99   1.00000000000000E-99
 99   55     1.00000000000000E-99   1.00000000000000E-99
100   55     1.00000000000000E-99   1.00000000000000E-99
101   55     1.00000000000000E-99   1.00000000000000E-99
102   55     1.00000000000000E-99   1.00000000000000E-99
103   55     1.00000000000000E-99   1.00000000000000E-99
104   55     1.00000000000000E-99   1.00000000000000E-99
105   55     1.00000000000000E-99   1.00000000000000E-99
106   55     1.00000000000000E-99   1.00000000000000E-99
107   55     1.00000000000000E-99   1.00000000000000E-99
108   55     1.00000000000000E-99   1.00000000000000E-99
109   55     1.00000000000000E-99   1.00000000000000E-99
110   55     1.00000000000000E-99   1.00000000000000E-99
111   55     1.00000000000000E-99   1.00000000000000E-99
112   55     1.00000000000000E-99   1.00000000000000E-99
113   55     1.00000000000000E-99   1.00000000000000E-99
114   55     1.00000000000000E-99   1.00000000000000E-99
115   55     1.00000000000000E-99   1.00000000000000E-99
116   55     1.00000000000000E-99   1.00000000000000E-99
117   55     1.00000000000000E-99   1.00000000000000E-99
118   55     1.00000000000000E-99   1.00000000000000E-99
119   55     1.00000000000000E-99   1.00000000000000E-99
120   55     1.00000000000000E-99   1.00000000000000E-99
121   55     1.00000000000000E-99   1.00000000000000E-99
122   55     1.00000000000000E-99   1.00000000000000E-99
123   55     1.00000000000000E-99   1.00000000000000E-99
124   55     1.00000000000000E-99   1.00000000000000E-99
125   55     1.00000000000000E-99   1.00000000000000E-99
126   55     1.00000000000000E-99   1.00000000000000E-99
127   55     1.00000000000000E-99   1.00000000000000E-99
128   55     1.00000000000000E-99   1.00000000000000E-99
129   55     1.00000000000000E-99   1.00000000000000E-99
130   55     1.00000000000000E-99   1.00000000000000E-99
 52   56     1.00000000000000E-99   1.00000000000000E-99
 53   56     1.00000000000000E-99   1.00000000000000E-99
 54   56     1.00000000000000E-99   1.00000000000000E-99
 55   56     1.00000000000000E-99   1.00000000000000E-99
 56   56     1.00000000000000E-99   1.00000000000000E-99
 57   56     1.00000000000000E-99   1.00000000000000E-99
 58   56     1.00000000000000E-99   1.00000000000000E-99
 59   56     1.00000000000000E-99   1.00000000000000E-99
 60   56     1.00000000000000E-99   1.00000000000000E-99
 61   56     1.00000000000000E-99   1.00000000000000E-99
 62   56     1.00000000000000E-99   1.00000000000000E-99
 63   56     1.00000000000000E-99   1.00000000000000E-99
 64   56     1.00000000000000E-99   1.00000000000000E-99
 65   56     1.00000000000000E-99   1.00000000000000E-99
 66   56     1.00000000000000E-99   1.00000000000000E-99
 67   56     1.00000000000000E-99   1.00000000000000E-99
 68   56     1.00000000000000E-99   1.00000000000000E-99
 69   56     1.00000000000000E-99   1.00000000000000E-99
 70   56     1.00000000000000E-99   1.00000000000000E-99
 71   56     1.00000000000000E-99   1.00000000000000E-99
 72   56     1.00000000000000E-99   1.00000000000000E-99
 73   56     1.00000000000000E-99   1.00000000000000E-99
 74   56     1.00000000000000E-99   1.00000000000000E-99
 75   56     1.00000000000000E-99   1.00000000000000E-99
 76   56     1.00000000000000E-99   1.00000000000000E-99
 77   56     1.00000000000000E-99   1.00000000000000E-99
 78   56     1.06355666952912E-20   1.42516593716903E-18
 79   56     1.66015552156532E-20   2.24120995411319E-18
 80   56     1.09934014664157E-16   1.49510259943254E-14
 81   56     1.00922862248803E-11   1.38264321280861E-09
 82   56     1.03255675624134E-06   1.42492832361305E-04
 83   56     2.91299474588615E-06   4.04906269678174E-04
 84   56     1.04745045595453E-05   1.46643063833634E-03
 85   56     2.69934000058003E-06   3.80606940081784E-04
 86   56     1.08245370265955E-06   1.53708425777656E-04
 87   56     8.27148806408603E-14   1.18282279316430E-11
 88   56     6.22557758882615E-14   8.96483172790966E-12
 89   56     3.17880370868384E-14   4.60926537759156E-12
 90   56     1.81338572244529E-14   2.64754315477012E-12
 91   56     2.89484822442573E-19   4.25542688990582E-17
 92   56     1.00000000000000E-99   1.00000000000000E-99
 93   56     1.00000000000000E-99   1.00000000000000E-99
 94   56     1.00000000000000E-99   1.00000000000000E-99
 95   56     1.00000000000000E-99   1.00000000000000E-99
 96   56     1.00000000000000E-99   1.00000000000000E-99
 97   56     1.00000000000000E-99   1.00000000000000E-99
 98   56     1.00000000000000E-99   1.00000000000000E-99
 99   56     1.00000000000000E-99   1.00000000000000E-99
100   56     1.00000000000000E-99   1.00000000000000E-99
101   56     1.00000000000000E-99   1.00000000000000E-99
102   56     1.00000000000000E-99   1.00000000000000E-99
103   56     1.00000000000000E-99   1.00000000000000E-99
104   56     1.00000000000000E-99   1.00000000000000E-99
105   56     1.00000000000000E-99   1.00000000000000E-99
106   56     1.00000000000000E-99   1.00000000000000E-99
107   56     1.00000000000000E-99   1.00000000000000E-99
108   56     1.00000000000000E-99   1.00000000000000E-99
109   56     1.00000000000000E-99   1.00000000000000E-99
110   56     1.00000000000000E-99   1.00000000000000E-99
111   56     1.00000000000000E-99   1.00000000000000E-99
112   56     1.00000000000000E-99   1.00000000000000E-99
113   56     1.00000000000000E-99   1.00000000000000E-99
114   56     1.00000000000000E-99   1.00000000000000E-99
115   56     1.00000000000000E-99   1.00000000000000E-99
116   56     1.00000000000000E-99   1.00000000000000E-99
117   56     1.00000000000000E-99   1.00000000000000E-99
118   56     1.00000000000000E-99   1.00000000000000E-99
119   56     1.00000000000000E-99   1.00000000000000E-99
120   56     1.00000000000000E-99   1.00000000000000E-99
121   56     1.00000000000000E-99   1.00000000000000E-99
122   56     1.00000000000000E-99   1.00000000000000E-99
123   56     1.00000000000000E-99   1.00000000000000E-99
124   56     1.00000000000000E-99   1.00000000000000E-99
125   56     1.00000000000000E-99   1.00000000000000E-99
126   56     1.00000000000000E-99   1.00000000000000E-99
127   56     1.00000000000000E-99   1.00000000000000E-99
128   56     1.00000000000000E-99   1.00000000000000E-99
129   56     1.00000000000000E-99   1.00000000000000E-99
130   56     1.00000000000000E-99   1.00000000000000E-99
131   56     1.00000000000000E-99   1.00000000000000E-99
132   56     1.00000000000000E-99   1.00000000000000E-99
133   56     1.00000000000000E-99   1.00000000000000E-99
 53   57     1.00000000000000E-99   1.00000000000000E-99
 54   57     1.00000000000000E-99   1.00000000000000E-99
 55   57     1.00000000000000E-99   1.00000000000000E-99
 56   57     1.00000000000000E-99   1.00000000000000E-99
 57   57     1.00000000000000E-99   1.00000000000000E-99
 58   57     1.00000000000000E-99   1.00000000000000E-99
 59   57     1.00000000000000E-99   1.00000000000000E-99
 60   57     1.00000000000000E-99   1.00000000000000E-99
 61   57     1.00000000000000E-99   1.00000000000000E-99
 62   57     1.00000000000000E-99   1.00000000000000E-99
 63   57     1.00000000000000E-99   1.00000000000000E-99
 64   57     1.00000000000000E-99   1.00000000000000E-99
 65   57     1.00000000000000E-99   1.00000000000000E-99
 66   57     1.00000000000000E-99   1.00000000000000E-99
 67   57     1.00000000000000E-99   1.00000000000000E-99
 68   57     1.00000000000000E-99   1.00000000000000E-99
 69   57     1.00000000000000E-99   1.00000000000000E-99
 70   57     1.00000000000000E-99   1.00000000000000E-99
 71   57     1.00000000000000E-99   1.00000000000000E-99
 72   57     1.00000000000000E-99   1.00000000000000E-99
 73   57     1.00000000000000E-99   1.00000000000000E-99
 74   57     1.00000000000000E-99   1.00000000000000E-99
 75   57     1.00000000000000E-99   1.00000000000000E-99
 76   57     1.00000000000000E-99   1.00000000000000E-99
 77   57     1.00000000000000E-99   1.00000000000000E-99
 78   57     1.00000000000000E-99   1.00000000000000E-99
 79   57     1.00000000000000E-99   1.00000000000000E-99
 80   57     1.00000000000000E-99   1.00000000000000E-99
 81   57     1.00000000000000E-99   1.00000000000000E-99
 82   57     1.14420829367038E-07   1.59044952820183E-05
 83   57     2.94634516911253E-09   4.12488323675754E-07
 84   57     1.02999805262733E-06   1.45229725420453E-04
 85   57     8.61582496806724E-07   1.22344714546555E-04
 86   57     5.95451288535666E-07   8.51495342606003E-05
 87   57     8.17468283064524E-11   1.17715432761291E-08
 88   57     4.85154149782821E-13   7.03473517185091E-11
 89   57     5.29941500671073E-14   7.73714590979766E-12
 90   57     1.45414211153956E-18   2.13758890396316E-16
 91   57     1.00000000000000E-99   1.00000000000000E-99
 92   57     1.00000000000000E-99   1.00000000000000E-99
 93   57     1.00000000000000E-99   1.00000000000000E-99
 94   57     1.00000000000000E-99   1.00000000000000E-99
 95   57     1.00000000000000E-99   1.00000000000000E-99
 96   57     1.00000000000000E-99   1.00000000000000E-99
 97   57     1.00000000000000E-99   1.00000000000000E-99
 98   57     1.00000000000000E-99   1.00000000000000E-99
 99   57     1.00000000000000E-99   1.00000000000000E-99
100   57     1.00000000000000E-99   1.00000000000000E-99
101   57     1.00000000000000E-99   1.00000000000000E-99
102   57     1.00000000000000E-99   1.00000000000000E-99
103   57     1.00000000000000E-99   1.00000000000000E-99
104   57     1.00000000000000E-99   1.00000000000000E-99
105   57     1.00000000000000E-99   1.00000000000000E-99
106   57     1.00000000000000E-99   1.00000000000000E-99
107   57     1.00000000000000E-99   1.00000000000000E-99
108   57     1.00000000000000E-99   1.00000000000000E-99
109   57     1.00000000000000E-99   1.00000000000000E-99
110   57     1.00000000000000E-99   1.00000000000000E-99
111   57     1.00000000000000E-99   1.00000000000000E-99
112   57     1.00000000000000E-99   1.00000000000000E-99
113   57     1.00000000000000E-99   1.00000000000000E-99
114   57     1.00000000000000E-99   1.00000000000000E-99
115   57     1.00000000000000E-99   1.00000000000000E-99
116   57     1.00000000000000E-99   1.00000000000000E-99
117   57     1.00000000000000E-99   1.00000000000000E-99
118   57     1.00000000000000E-99   1.00000000000000E-99
119   57     1.00000000000000E-99   1.00000000000000E-99
120   57     1.00000000000000E-99   1.00000000000000E-99
121   57     1.00000000000000E-99   1.00000000000000E-99
122   57     1.00000000000000E-99   1.00000000000000E-99
123   57     1.00000000000000E-99   1.00000000000000E-99
124   57     1.00000000000000E-99   1.00000000000000E-99
125   57     1.00000000000000E-99   1.00000000000000E-99
126   57     1.00000000000000E-99   1.00000000000000E-99
127   57     1.00000000000000E-99   1.00000000000000E-99
128   57     1.00000000000000E-99   1.00000000000000E-99
129   57     1.00000000000000E-99   1.00000000000000E-99
130   57     1.00000000000000E-99   1.00000000000000E-99
131   57     1.00000000000000E-99   1.00000000000000E-99
132   57     1.00000000000000E-99   1.00000000000000E-99
133   57     1.00000000000000E-99   1.00000000000000E-99
134   57     1.00000000000000E-99   1.00000000000000E-99
135   57     1.00000000000000E-99   1.00000000000000E-99
 55   58     1.00000000000000E-99   1.00000000000000E-99
 56   58     1.00000000000000E-99   1.00000000000000E-99
 57   58     1.00000000000000E-99   1.00000000000000E-99
 58   58     1.00000000000000E-99   1.00000000000000E-99
 59   58     1.00000000000000E-99   1.00000000000000E-99
 60   58     1.00000000000000E-99   1.00000000000000E-99
 61   58     1.00000000000000E-99   1.00000000000000E-99
 62   58     1.00000000000000E-99   1.00000000000000E-99
 63   58     1.00000000000000E-99   1.00000000000000E-99
 64   58     1.00000000000000E-99   1.00000000000000E-99
 65   58     1.00000000000000E-99   1.00000000000000E-99
 66   58     1.00000000000000E-99   1.00000000000000E-99
 67   58     1.00000000000000E-99   1.00000000000000E-99
 68   58     1.00000000000000E-99   1.00000000000000E-99
 69   58     1.00000000000000E-99   1.00000000000000E-99
 70   58     1.00000000000000E-99   1.00000000000000E-99
 71   58     1.00000000000000E-99   1.00000000000000E-99
 72   58     1.00000000000000E-99   1.00000000000000E-99
 73   58     1.00000000000000E-99   1.00000000000000E-99
 74   58     1.00000000000000E-99   1.00000000000000E-99
 75   58     1.00000000000000E-99   1.00000000000000E-99
 76   58     1.00000000000000E-99   1.00000000000000E-99
 77   58     1.00000000000000E-99   1.00000000000000E-99
 78   58     1.00000000000000E-99   1.00000000000000E-99
 79   58     1.00000000000000E-99   1.00000000000000E-99
 80   58     1.00000000000000E-99   1.00000000000000E-99
 81   58     1.00000000000000E-99   1.00000000000000E-99
 82   58     3.29053171536430E-12   4.60674440151002E-10
 83   58     1.40594218756597E-08   1.98237848446802E-06
 84   58     3.38385807914791E-08   4.80507847239003E-06
 85   58     3.23424693755102E-07   4.62497312069796E-05
 86   58     6.17155078233710E-07   8.88703312656542E-05
 87   58     1.15062996555080E-07   1.66841345004866E-05
 88   58     4.92899376951220E-07   7.19633090348781E-05
 89   58     1.97555528848963E-09   2.90406627407976E-07
 90   58     2.50569583807253E-09   3.70842984034735E-07
 91   58     1.36165295382139E-16   2.02886290119388E-14
 92   58     2.93972120186399E-23   4.40958180279599E-21
 93   58     1.00000000000000E-99   1.00000000000000E-99
 94   58     1.00000000000000E-99   1.00000000000000E-99
 95   58     1.00000000000000E-99   1.00000000000000E-99
 96   58     1.00000000000000E-99   1.00000000000000E-99
 97   58     1.00000000000000E-99   1.00000000000000E-99
 98   58     1.00000000000000E-99   1.00000000000000E-99
 99   58     1.00000000000000E-99   1.00000000000000E-99
100   58     1.00000000000000E-99   1.00000000000000E-99
101   58     1.00000000000000E-99   1.00000000000000E-99
102   58     1.00000000000000E-99   1.00000000000000E-99
103   58     1.00000000000000E-99   1.00000000000000E-99
104   58     1.00000000000000E-99   1.00000000000000E-99
105   58     1.00000000000000E-99   1.00000000000000E-99
106   58     1.00000000000000E-99   1.00000000000000E-99
107   58     1.00000000000000E-99   1.00000000000000E-99
108   58     1.00000000000000E-99   1.00000000000000E-99
109   58     1.00000000000000E-99   1.00000000000000E-99
110   58     1.00000000000000E-99   1.00000000000000E-99
111   58     1.00000000000000E-99   1.00000000000000E-99
112   58     1.00000000000000E-99   1.00000000000000E-99
113   58     1.00000000000000E-99   1.00000000000000E-99
114   58     1.00000000000000E-99   1.00000000000000E-99
115   58     1.00000000000000E-99   1.00000000000000E-99
116   58     1.00000000000000E-99   1.00000000000000E-99
117   58     1.00000000000000E-99   1.00000000000000E-99
118   58     1.00000000000000E-99   1.00000000000000E-99
119   58     1.00000000000000E-99   1.00000000000000E-99
120   58     1.00000000000000E-99   1.00000000000000E-99
121   58     1.00000000000000E-99   1.00000000000000E-99
122   58     1.00000000000000E-99   1.00000000000000E-99
123   58     1.00000000000000E-99   1.00000000000000E-99
124   58     1.00000000000000E-99   1.00000000000000E-99
125   58     1.00000000000000E-99   1.00000000000000E-99
126   58     1.00000000000000E-99   1.00000000000000E-99
127   58     1.00000000000000E-99   1.00000000000000E-99
128   58     1.00000000000000E-99   1.00000000000000E-99
129   58     1.00000000000000E-99   1.00000000000000E-99
130   58     1.00000000000000E-99   1.00000000000000E-99
131   58     1.00000000000000E-99   1.00000000000000E-99
132   58     1.00000000000000E-99   1.00000000000000E-99
133   58     1.00000000000000E-99   1.00000000000000E-99
134   58     1.00000000000000E-99   1.00000000000000E-99
135   58     1.00000000000000E-99   1.00000000000000E-99
136   58     1.00000000000000E-99   1.00000000000000E-99
137   58     1.00000000000000E-99   1.00000000000000E-99
 56   59     1.00000000000000E-99   1.00000000000000E-99
 57   59     1.00000000000000E-99   1.00000000000000E-99
 58   59     1.00000000000000E-99   1.00000000000000E-99
 59   59     1.00000000000000E-99   1.00000000000000E-99
 60   59     1.00000000000000E-99   1.00000000000000E-99
 61   59     1.00000000000000E-99   1.00000000000000E-99
 62   59     1.00000000000000E-99   1.00000000000000E-99
 63   59     1.00000000000000E-99   1.00000000000000E-99
 64   59     1.00000000000000E-99   1.00000000000000E-99
 65   59     1.00000000000000E-99   1.00000000000000E-99
 66   59     1.00000000000000E-99   1.00000000000000E-99
 67   59     1.00000000000000E-99   1.00000000000000E-99
 68   59     1.00000000000000E-99   1.00000000000000E-99
 69   59     1.00000000000000E-99   1.00000000000000E-99
 70   59     1.00000000000000E-99   1.00000000000000E-99
 71   59     1.00000000000000E-99   1.00000000000000E-99
 72   59     1.00000000000000E-99   1.00000000000000E-99
 73   59     1.00000000000000E-99   1.00000000000000E-99
 74   59     1.00000000000000E-99   1.00000000000000E-99
 75   59     1.00000000000000E-99   1.00000000000000E-99
 76   59     1.00000000000000E-99   1.00000000000000E-99
 77   59     1.00000000000000E-99   1.00000000000000E-99
 78   59     1.00000000000000E-99   1.00000000000000E-99
 79   59     1.00000000000000E-99   1.00000000000000E-99
 80   59     1.00000000000000E-99   1.00000000000000E-99
 81   59     1.00000000000000E-99   1.00000000000000E-99
 82   59     6.28897437327159E-13   8.86745386631294E-11
 83   59     1.30483147118607E-17   1.85286068908422E-15
 84   59     5.43030304494012E-10   7.76533335426437E-08
 85   59     7.20477324706991E-12   1.03748734757807E-09
 86   59     6.90018422463575E-07   1.00052671257218E-04
 87   59     2.53999495206672E-07   3.70839263001742E-05
 88   59     1.05496463878747E-06   1.55079801901759E-04
 89   59     2.22553306427869E-07   3.29378893513246E-05
 90   59     8.27134387786859E-08   1.23243023780242E-05
 91   59     1.11425943526278E-13   1.67138915289416E-11
 92   59     8.98407550994000E-15   1.35659540200094E-12
 93   59     3.62762711012821E-21   5.51399320739487E-19
 94   59     1.00000000000000E-99   1.00000000000000E-99
 95   59     1.00000000000000E-99   1.00000000000000E-99
 96   59     1.00000000000000E-99   1.00000000000000E-99
 97   59     1.00000000000000E-99   1.00000000000000E-99
 98   59     1.00000000000000E-99   1.00000000000000E-99
 99   59     1.00000000000000E-99   1.00000000000000E-99
100   59     1.00000000000000E-99   1.00000000000000E-99
101   59     1.00000000000000E-99   1.00000000000000E-99
102   59     1.00000000000000E-99   1.00000000000000E-99
103   59     1.00000000000000E-99   1.00000000000000E-99
104   59     1.00000000000000E-99   1.00000000000000E-99
105   59     1.00000000000000E-99   1.00000000000000E-99
106   59     1.00000000000000E-99   1.00000000000000E-99
107   59     1.00000000000000E-99   1.00000000000000E-99
108   59     1.00000000000000E-99   1.00000000000000E-99
109   59     1.00000000000000E-99   1.00000000000000E-99
110   59     1.00000000000000E-99   1.00000000000000E-99
111   59     1.00000000000000E-99   1.00000000000000E-99
112   59     1.00000000000000E-99   1.00000000000000E-99
113   59     1.00000000000000E-99   1.00000000000000E-99
114   59     1.00000000000000E-99   1.00000000000000E-99
115   59     1.00000000000000E-99   1.00000000000000E-99
116   59     1.00000000000000E-99   1.00000000000000E-99
117   59     1.00000000000000E-99   1.00000000000000E-99
118   59     1.00000000000000E-99   1.00000000000000E-99
119   59     1.00000000000000E-99   1.00000000000000E-99
120   59     1.00000000000000E-99   1.00000000000000E-99
121   59     1.00000000000000E-99   1.00000000000000E-99
122   59     1.00000000000000E-99   1.00000000000000E-99
123   59     1.00000000000000E-99   1.00000000000000E-99
124   59     1.00000000000000E-99   1.00000000000000E-99
125   59     1.00000000000000E-99   1.00000000000000E-99
126   59     1.00000000000000E-99   1.00000000000000E-99
127   59     1.00000000000000E-99   1.00000000000000E-99
128   59     1.00000000000000E-99   1.00000000000000E-99
129   59     1.00000000000000E-99   1.00000000000000E-99
130   59     1.00000000000000E-99   1.00000000000000E-99
131   59     1.00000000000000E-99   1.00000000000000E-99
132   59     1.00000000000000E-99   1.00000000000000E-99
133   59     1.00000000000000E-99   1.00000000000000E-99
134   59     1.00000000000000E-99   1.00000000000000E-99
135   59     1.00000000000000E-99   1.00000000000000E-99
136   59     1.00000000000000E-99   1.00000000000000E-99
137   59     1.00000000000000E-99   1.00000000000000E-99
138   59     1.00000000000000E-99   1.00000000000000E-99
139   59     1.00000000000000E-99   1.00000000000000E-99
 58   60     1.00000000000000E-99   1.00000000000000E-99
 59   60     1.00000000000000E-99   1.00000000000000E-99
 60   60     1.00000000000000E-99   1.00000000000000E-99
 61   60     1.00000000000000E-99   1.00000000000000E-99
 62   60     1.00000000000000E-99   1.00000000000000E-99
 63   60     1.00000000000000E-99   1.00000000000000E-99
 64   60     1.00000000000000E-99   1.00000000000000E-99
 65   60     1.00000000000000E-99   1.00000000000000E-99
 66   60     1.00000000000000E-99   1.00000000000000E-99
 67   60     1.00000000000000E-99   1.00000000000000E-99
 68   60     1.00000000000000E-99   1.00000000000000E-99
 69   60     1.00000000000000E-99   1.00000000000000E-99
 70   60     1.00000000000000E-99   1.00000000000000E-99
 71   60     1.00000000000000E-99   1.00000000000000E-99
 72   60     1.00000000000000E-99   1.00000000000000E-99
 73   60     1.00000000000000E-99   1.00000000000000E-99
 74   60     1.00000000000000E-99   1.00000000000000E-99
 75   60     1.00000000000000E-99   1.00000000000000E-99
 76   60     1.00000000000000E-99   1.00000000000000E-99
 77   60     1.00000000000000E-99   1.00000000000000E-99
 78   60     1.00000000000000E-99   1.00000000000000E-99
 79   60     1.00000000000000E-99   1.00000000000000E-99
 80   60     1.00000000000000E-99   1.00000000000000E-99
 81   60     1.00000000000000E-99   1.00000000000000E-99
 82   60     2.80593377454766E-20   3.98442595985767E-18
 83   60     6.00163367889104E-14   8.58233616081419E-12
 84   60     1.24585589754116E-12   1.79403249245928E-10
 85   60     7.58359066311989E-09   1.09962064615238E-06
 86   60     3.75304621587739E-08   5.47944747518099E-06
 87   60     5.22758772677633E-07   7.68455395836120E-05
 88   60     1.95814143518449E-06   2.89804932407304E-04
 89   60     1.19196165374897E-06   1.77602286408597E-04
 90   60     1.94928915576132E-06   2.92393373364198E-04
 91   60     1.78816929691604E-06   2.70013563834322E-04
 92   60     1.57420841545031E-06   2.39279679148447E-04
 93   60     1.75801955585994E-11   2.68976992046572E-09
 94   60     1.75002780599571E-12   2.69504282123339E-10
 95   60     2.38165108078319E-19   3.69155917521394E-17
 96   60     1.00000000000000E-99   1.00000000000000E-99
 97   60     1.00000000000000E-99   1.00000000000000E-99
 98   60     1.00000000000000E-99   1.00000000000000E-99
 99   60     1.00000000000000E-99   1.00000000000000E-99
100   60     1.00000000000000E-99   1.00000000000000E-99
101   60     1.00000000000000E-99   1.00000000000000E-99
102   60     1.00000000000000E-99   1.00000000000000E-99
103   60     1.00000000000000E-99   1.00000000000000E-99
104   60     1.00000000000000E-99   1.00000000000000E-99
105   60     1.00000000000000E-99   1.00000000000000E-99
106   60     1.00000000000000E-99   1.00000000000000E-99
107   60     1.00000000000000E-99   1.00000000000000E-99
108   60     1.00000000000000E-99   1.00000000000000E-99
109   60     1.00000000000000E-99   1.00000000000000E-99
110   60     1.00000000000000E-99   1.00000000000000E-99
111   60     1.00000000000000E-99   1.00000000000000E-99
112   60     1.00000000000000E-99   1.00000000000000E-99
113   60     1.00000000000000E-99   1.00000000000000E-99
114   60     1.00000000000000E-99   1.00000000000000E-99
115   60     1.00000000000000E-99   1.00000000000000E-99
116   60     1.00000000000000E-99   1.00000000000000E-99
117   60     1.00000000000000E-99   1.00000000000000E-99
118   60     1.00000000000000E-99   1.00000000000000E-99
119   60     1.00000000000000E-99   1.00000000000000E-99
120   60     1.00000000000000E-99   1.00000000000000E-99
121   60     1.00000000000000E-99   1.00000000000000E-99
122   60     1.00000000000000E-99   1.00000000000000E-99
123   60     1.00000000000000E-99   1.00000000000000E-99
124   60     1.00000000000000E-99   1.00000000000000E-99
125   60     1.00000000000000E-99   1.00000000000000E-99
126   60     1.00000000000000E-99   1.00000000000000E-99
127   60     1.00000000000000E-99   1.00000000000000E-99
128   60     1.00000000000000E-99   1.00000000000000E-99
129   60     1.00000000000000E-99   1.00000000000000E-99
130   60     1.00000000000000E-99   1.00000000000000E-99
131   60     1.00000000000000E-99   1.00000000000000E-99
132   60     1.00000000000000E-99   1.00000000000000E-99
133   60     1.00000000000000E-99   1.00000000000000E-99
134   60     1.00000000000000E-99   1.00000000000000E-99
135   60     1.00000000000000E-99   1.00000000000000E-99
136   60     1.00000000000000E-99   1.00000000000000E-99
137   60     1.00000000000000E-99   1.00000000000000E-99
138   60     1.00000000000000E-99   1.00000000000000E-99
139   60     1.00000000000000E-99   1.00000000000000E-99
140   60     1.00000000000000E-99   1.00000000000000E-99
141   60     1.00000000000000E-99   1.00000000000000E-99
 59   61     1.00000000000000E-99   1.00000000000000E-99
 60   61     1.00000000000000E-99   1.00000000000000E-99
 61   61     1.00000000000000E-99   1.00000000000000E-99
 62   61     1.00000000000000E-99   1.00000000000000E-99
 63   61     1.00000000000000E-99   1.00000000000000E-99
 64   61     1.00000000000000E-99   1.00000000000000E-99
 65   61     1.00000000000000E-99   1.00000000000000E-99
 66   61     1.00000000000000E-99   1.00000000000000E-99
 67   61     1.00000000000000E-99   1.00000000000000E-99
 68   61     1.00000000000000E-99   1.00000000000000E-99
 69   61     1.00000000000000E-99   1.00000000000000E-99
 70   61     1.00000000000000E-99   1.00000000000000E-99
 71   61     1.00000000000000E-99   1.00000000000000E-99
 72   61     1.00000000000000E-99   1.00000000000000E-99
 73   61     1.00000000000000E-99   1.00000000000000E-99
 74   61     1.00000000000000E-99   1.00000000000000E-99
 75   61     1.00000000000000E-99   1.00000000000000E-99
 76   61     1.00000000000000E-99   1.00000000000000E-99
 77   61     1.00000000000000E-99   1.00000000000000E-99
 78   61     1.00000000000000E-99   1.00000000000000E-99
 79   61     1.00000000000000E-99   1.00000000000000E-99
 80   61     1.00000000000000E-99   1.00000000000000E-99
 81   61     1.00000000000000E-99   1.00000000000000E-99
 82   61     1.00000000000000E-99   1.00000000000000E-99
 83   61     1.00000000000000E-99   1.00000000000000E-99
 84   61     1.00000000000000E-99   1.00000000000000E-99
 85   61     1.00000000000000E-99   1.00000000000000E-99
 86   61     9.89408741394470E-11   1.45443084984987E-08
 87   61     2.01341403638130E-14   2.97985277384432E-12
 88   61     5.24043212210702E-08   7.80824386193946E-06
 89   61     9.39551964742998E-11   1.40932794711450E-08
 90   61     1.12465440782664E-06   1.69822815581822E-04
 91   61     5.54658391942066E-07   8.43080755751941E-05
 92   61     7.08386502363767E-07   1.08383134861656E-04
 93   61     3.50813811169041E-07   5.40253269200323E-05
 94   61     3.88547365190040E-10   6.02248416044561E-08
 95   61     4.07766136750605E-16   6.36115173330944E-14
 96   61     9.80482454184199E-21   1.53935745306919E-18
 97   61     1.00000000000000E-99   1.00000000000000E-99
 98   61     1.00000000000000E-99   1.00000000000000E-99
 99   61     1.00000000000000E-99   1.00000000000000E-99
100   61     1.00000000000000E-99   1.00000000000000E-99
101   61     1.00000000000000E-99   1.00000000000000E-99
102   61     1.00000000000000E-99   1.00000000000000E-99
103   61     1.00000000000000E-99   1.00000000000000E-99
104   61     1.00000000000000E-99   1.00000000000000E-99
105   61     1.00000000000000E-99   1.00000000000000E-99
106   61     1.00000000000000E-99   1.00000000000000E-99
107   61     1.00000000000000E-99   1.00000000000000E-99
108   61     1.00000000000000E-99   1.00000000000000E-99
109   61     1.00000000000000E-99   1.00000000000000E-99
110   61     1.00000000000000E-99   1.00000000000000E-99
111   61     1.00000000000000E-99   1.00000000000000E-99
112   61     1.00000000000000E-99   1.00000000000000E-99
113   61     1.00000000000000E-99   1.00000000000000E-99
114   61     1.00000000000000E-99   1.00000000000000E-99
115   61     1.00000000000000E-99   1.00000000000000E-99
116   61     1.00000000000000E-99   1.00000000000000E-99
117   61     1.00000000000000E-99   1.00000000000000E-99
118   61     1.00000000000000E-99   1.00000000000000E-99
119   61     1.00000000000000E-99   1.00000000000000E-99
120   61     1.00000000000000E-99   1.00000000000000E-99
121   61     1.00000000000000E-99   1.00000000000000E-99
122   61     1.00000000000000E-99   1.00000000000000E-99
123   61     1.00000000000000E-99   1.00000000000000E-99
124   61     1.00000000000000E-99   1.00000000000000E-99
125   61     1.00000000000000E-99   1.00000000000000E-99
126   61     1.00000000000000E-99   1.00000000000000E-99
127   61     1.00000000000000E-99   1.00000000000000E-99
128   61     1.00000000000000E-99   1.00000000000000E-99
129   61     1.00000000000000E-99   1.00000000000000E-99
130   61     1.00000000000000E-99   1.00000000000000E-99
131   61     1.00000000000000E-99   1.00000000000000E-99
132   61     1.00000000000000E-99   1.00000000000000E-99
133   61     1.00000000000000E-99   1.00000000000000E-99
134   61     1.00000000000000E-99   1.00000000000000E-99
135   61     1.00000000000000E-99   1.00000000000000E-99
136   61     1.00000000000000E-99   1.00000000000000E-99
137   61     1.00000000000000E-99   1.00000000000000E-99
138   61     1.00000000000000E-99   1.00000000000000E-99
139   61     1.00000000000000E-99   1.00000000000000E-99
140   61     1.00000000000000E-99   1.00000000000000E-99
141   61     1.00000000000000E-99   1.00000000000000E-99
142   61     1.00000000000000E-99   1.00000000000000E-99
143   61     1.00000000000000E-99   1.00000000000000E-99
144   61     1.00000000000000E-99   1.00000000000000E-99
 61   62     1.00000000000000E-99   1.00000000000000E-99
 62   62     1.00000000000000E-99   1.00000000000000E-99
 63   62     1.00000000000000E-99   1.00000000000000E-99
 64   62     1.00000000000000E-99   1.00000000000000E-99
 65   62     1.00000000000000E-99   1.00000000000000E-99
 66   62     1.00000000000000E-99   1.00000000000000E-99
 67   62     1.00000000000000E-99   1.00000000000000E-99
 68   62     1.00000000000000E-99   1.00000000000000E-99
 69   62     1.00000000000000E-99   1.00000000000000E-99
 70   62     1.00000000000000E-99   1.00000000000000E-99
 71   62     1.00000000000000E-99   1.00000000000000E-99
 72   62     1.00000000000000E-99   1.00000000000000E-99
 73   62     1.00000000000000E-99   1.00000000000000E-99
 74   62     1.00000000000000E-99   1.00000000000000E-99
 75   62     1.00000000000000E-99   1.00000000000000E-99
 76   62     1.00000000000000E-99   1.00000000000000E-99
 77   62     1.00000000000000E-99   1.00000000000000E-99
 78   62     1.00000000000000E-99   1.00000000000000E-99
 79   62     1.00000000000000E-99   1.00000000000000E-99
 80   62     1.00000000000000E-99   1.00000000000000E-99
 81   62     1.00000000000000E-99   1.00000000000000E-99
 82   62     1.00000000000000E-99   1.00000000000000E-99
 83   62     1.00000000000000E-99   1.00000000000000E-99
 84   62     1.00000000000000E-99   1.00000000000000E-99
 85   62     1.41753044568096E-16   2.08376975515101E-14
 86   62     8.39379051824984E-18   1.24228099670098E-15
 87   62     4.17002193291877E-11   6.21333268004896E-09
 88   62     2.57335220637134E-12   3.86002830955702E-10
 89   62     2.19110023295611E-09   3.30856135176372E-07
 90   62     6.10298407966107E-07   9.27653580108483E-05
 91   62     1.41725943428693E-06   2.16840693445900E-04
 92   62     2.81018240668723E-06   4.32768090629833E-04
 93   62     2.10867097729901E-06   3.26844001481346E-04
 94   62     4.02060696974279E-06   6.27214687279875E-04
 95   62     1.87800246242431E-06   2.94846386600617E-04
 96   62     2.31600310200343E-06   3.65928490116541E-04
 97   62     4.92290460743377E-13   7.82741832581969E-11
 98   62     4.06898784255533E-19   6.51038054808853E-17
 99   62     1.00000000000000E-99   1.00000000000000E-99
100   62     1.00000000000000E-99   1.00000000000000E-99
101   62     1.00000000000000E-99   1.00000000000000E-99
102   62     1.00000000000000E-99   1.00000000000000E-99
103   62     1.00000000000000E-99   1.00000000000000E-99
104   62     1.00000000000000E-99   1.00000000000000E-99
105   62     1.00000000000000E-99   1.00000000000000E-99
106   62     1.00000000000000E-99   1.00000000000000E-99
107   62     1.00000000000000E-99   1.00000000000000E-99
108   62     1.00000000000000E-99   1.00000000000000E-99
109   62     1.00000000000000E-99   1.00000000000000E-99
110   62     1.00000000000000E-99   1.00000000000000E-99
111   62     1.00000000000000E-99   1.00000000000000E-99
112   62     1.00000000000000E-99   1.00000000000000E-99
113   62     1.00000000000000E-99   1.00000000000000E-99
114   62     1.00000000000000E-99   1.00000000000000E-99
115   62     1.00000000000000E-99   1.00000000000000E-99
116   62     1.00000000000000E-99   1.00000000000000E-99
117   62     1.00000000000000E-99   1.00000000000000E-99
118   62     1.00000000000000E-99   1.00000000000000E-99
119   62     1.00000000000000E-99   1.00000000000000E-99
120   62     1.00000000000000E-99   1.00000000000000E-99
121   62     1.00000000000000E-99   1.00000000000000E-99
122   62     1.00000000000000E-99   1.00000000000000E-99
123   62     1.00000000000000E-99   1.00000000000000E-99
124   62     1.00000000000000E-99   1.00000000000000E-99
125   62     1.00000000000000E-99   1.00000000000000E-99
126   62     1.00000000000000E-99   1.00000000000000E-99
127   62     1.00000000000000E-99   1.00000000000000E-99
128   62     1.00000000000000E-99   1.00000000000000E-99
129   62     1.00000000000000E-99   1.00000000000000E-99
130   62     1.00000000000000E-99   1.00000000000000E-99
131   62     1.00000000000000E-99   1.00000000000000E-99
132   62     1.00000000000000E-99   1.00000000000000E-99
133   62     1.00000000000000E-99   1.00000000000000E-99
134   62     1.00000000000000E-99   1.00000000000000E-99
135   62     1.00000000000000E-99   1.00000000000000E-99
136   62     1.00000000000000E-99   1.00000000000000E-99
137   62     1.00000000000000E-99   1.00000000000000E-99
138   62     1.00000000000000E-99   1.00000000000000E-99
139   62     1.00000000000000E-99   1.00000000000000E-99
140   62     1.00000000000000E-99   1.00000000000000E-99
141   62     1.00000000000000E-99   1.00000000000000E-99
142   62     1.00000000000000E-99   1.00000000000000E-99
143   62     1.00000000000000E-99   1.00000000000000E-99
144   62     1.00000000000000E-99   1.00000000000000E-99
145   62     1.00000000000000E-99   1.00000000000000E-99
146   62     1.00000000000000E-99   1.00000000000000E-99
 62   63     1.00000000000000E-99   1.00000000000000E-99
 63   63     1.00000000000000E-99   1.00000000000000E-99
 64   63     1.00000000000000E-99   1.00000000000000E-99
 65   63     1.00000000000000E-99   1.00000000000000E-99
 66   63     1.00000000000000E-99   1.00000000000000E-99
 67   63     1.00000000000000E-99   1.00000000000000E-99
 68   63     1.00000000000000E-99   1.00000000000000E-99
 69   63     1.00000000000000E-99   1.00000000000000E-99
 70   63     1.00000000000000E-99   1.00000000000000E-99
 71   63     1.00000000000000E-99   1.00000000000000E-99
 72   63     1.00000000000000E-99   1.00000000000000E-99
 73   63     1.00000000000000E-99   1.00000000000000E-99
 74   63     1.00000000000000E-99   1.00000000000000E-99
 75   63     1.00000000000000E-99   1.00000000000000E-99
 76   63     1.00000000000000E-99   1.00000000000000E-99
 77   63     1.00000000000000E-99   1.00000000000000E-99
 78   63     1.00000000000000E-99   1.00000000000000E-99
 79   63     1.00000000000000E-99   1.00000000000000E-99
 80   63     1.00000000000000E-99   1.00000000000000E-99
 81   63     1.00000000000000E-99   1.00000000000000E-99
 82   63     1.00000000000000E-99   1.00000000000000E-99
 83   63     1.00000000000000E-99   1.00000000000000E-99
 84   63     1.00000000000000E-99   1.00000000000000E-99
 85   63     1.00000000000000E-99   1.00000000000000E-99
 86   63     1.00000000000000E-99   1.00000000000000E-99
 87   63     1.00000000000000E-99   1.00000000000000E-99
 88   63     9.88686886944972E-17   1.49291719928691E-14
 89   63     5.50736849553585E-20   8.37120011321449E-18
 90   63     1.76736658046900E-09   2.70407086811757E-07
 91   63     2.00646812401182E-12   3.08996091097820E-10
 92   63     5.97561062977523E-07   9.26219647615161E-05
 93   63     4.56468959414147E-08   7.12091576686069E-06
 94   63     2.19864111035764E-06   3.45186654326150E-04
 95   63     4.89387514991998E-06   7.73232273687356E-04
 96   63     5.66909828617837E-06   9.01386627502361E-04
 97   63     9.86776460281430E-10   1.57884233645029E-07
 98   63     9.03839520096236E-12   1.45518162735494E-09
 99   63     2.23338031199502E-17   3.61807610543194E-15
100   63     9.54496860939835E-23   1.55582988333193E-20
101   63     1.00000000000000E-99   1.00000000000000E-99
102   63     1.00000000000000E-99   1.00000000000000E-99
103   63     1.00000000000000E-99   1.00000000000000E-99
104   63     1.00000000000000E-99   1.00000000000000E-99
105   63     1.00000000000000E-99   1.00000000000000E-99
106   63     1.00000000000000E-99   1.00000000000000E-99
107   63     1.00000000000000E-99   1.00000000000000E-99
108   63     1.00000000000000E-99   1.00000000000000E-99
109   63     1.00000000000000E-99   1.00000000000000E-99
110   63     1.00000000000000E-99   1.00000000000000E-99
111   63     1.00000000000000E-99   1.00000000000000E-99
112   63     1.00000000000000E-99   1.00000000000000E-99
113   63     1.00000000000000E-99   1.00000000000000E-99
114   63     1.00000000000000E-99   1.00000000000000E-99
115   63     1.00000000000000E-99   1.00000000000000E-99
116   63     1.00000000000000E-99   1.00000000000000E-99
117   63     1.00000000000000E-99   1.00000000000000E-99
118   63     1.00000000000000E-99   1.00000000000000E-99
119   63     1.00000000000000E-99   1.00000000000000E-99
120   63     1.00000000000000E-99   1.00000000000000E-99
121   63     1.00000000000000E-99   1.00000000000000E-99
122   63     1.00000000000000E-99   1.00000000000000E-99
123   63     1.00000000000000E-99   1.00000000000000E-99
124   63     1.00000000000000E-99   1.00000000000000E-99
125   63     1.00000000000000E-99   1.00000000000000E-99
126   63     1.00000000000000E-99   1.00000000000000E-99
127   63     1.00000000000000E-99   1.00000000000000E-99
128   63     1.00000000000000E-99   1.00000000000000E-99
129   63     1.00000000000000E-99   1.00000000000000E-99
130   63     1.00000000000000E-99   1.00000000000000E-99
131   63     1.00000000000000E-99   1.00000000000000E-99
132   63     1.00000000000000E-99   1.00000000000000E-99
133   63     1.00000000000000E-99   1.00000000000000E-99
134   63     1.00000000000000E-99   1.00000000000000E-99
135   63     1.00000000000000E-99   1.00000000000000E-99
136   63     1.00000000000000E-99   1.00000000000000E-99
137   63     1.00000000000000E-99   1.00000000000000E-99
138   63     1.00000000000000E-99   1.00000000000000E-99
139   63     1.00000000000000E-99   1.00000000000000E-99
140   63     1.00000000000000E-99   1.00000000000000E-99
141   63     1.00000000000000E-99   1.00000000000000E-99
142   63     1.00000000000000E-99   1.00000000000000E-99
143   63     1.00000000000000E-99   1.00000000000000E-99
144   63     1.00000000000000E-99   1.00000000000000E-99
145   63     1.00000000000000E-99   1.00000000000000E-99
146   63     1.00000000000000E-99   1.00000000000000E-99
147   63     1.00000000000000E-99   1.00000000000000E-99
148   63     1.00000000000000E-99   1.00000000000000E-99
 81   64     1.00000000000000E-99   1.00000000000000E-99
 82   64     1.00000000000000E-99   1.00000000000000E-99
 83   64     1.00000000000000E-99   1.00000000000000E-99
 84   64     1.00000000000000E-99   1.00000000000000E-99
 85   64     1.00000000000000E-99   1.00000000000000E-99
 86   64     1.00000000000000E-99   1.00000000000000E-99
 87   64     1.00000000000000E-99   1.00000000000000E-99
 88   64     1.00000000000000E-99   1.00000000000000E-99
 89   64     1.00000000000000E-99   1.00000000000000E-99
 90   64     1.52366407327165E-18   2.34644267283834E-16
 91   64     7.09699393717750E-13   1.10003406026251E-10
 92   64     6.60746365450609E-12   1.03076433010295E-09
 93   64     8.57190738082363E-09   1.34578945878931E-06
 94   64     4.18636497064837E-07   6.61445665362443E-05
 95   64     2.30433581830253E-06   3.66389395110102E-04
 96   64     1.35429371596972E-05   2.16686994555156E-03
 97   64     2.78415552094964E-06   4.48249038872892E-04
 98   64     9.34760644558282E-06   1.51431224418442E-03
 99   64     9.10974577485852E-08   1.48488856130194E-05
100   64     6.37814252387654E-09   1.04601537391575E-06
101   64     1.36168163945245E-15   2.24677470509654E-13
102   64     5.33206629220642E-22   8.85123004506266E-20
103   64     1.00000000000000E-99   1.00000000000000E-99
104   64     1.00000000000000E-99   1.00000000000000E-99
105   64     1.00000000000000E-99   1.00000000000000E-99
106   64     1.00000000000000E-99   1.00000000000000E-99
107   64     1.00000000000000E-99   1.00000000000000E-99
108   64     1.00000000000000E-99   1.00000000000000E-99
109   64     1.00000000000000E-99   1.00000000000000E-99
110   64     1.00000000000000E-99   1.00000000000000E-99
111   64     1.00000000000000E-99   1.00000000000000E-99
112   64     1.00000000000000E-99   1.00000000000000E-99
113   64     1.00000000000000E-99   1.00000000000000E-99
114   64     1.00000000000000E-99   1.00000000000000E-99
115   64     1.00000000000000E-99   1.00000000000000E-99
116   64     1.00000000000000E-99   1.00000000000000E-99
117   64     1.00000000000000E-99   1.00000000000000E-99
118   64     1.00000000000000E-99   1.00000000000000E-99
119   64     1.00000000000000E-99   1.00000000000000E-99
120   64     1.00000000000000E-99   1.00000000000000E-99
121   64     1.00000000000000E-99   1.00000000000000E-99
122   64     1.00000000000000E-99   1.00000000000000E-99
123   64     1.00000000000000E-99   1.00000000000000E-99
124   64     1.00000000000000E-99   1.00000000000000E-99
125   64     1.00000000000000E-99   1.00000000000000E-99
126   64     1.00000000000000E-99   1.00000000000000E-99
127   64     1.00000000000000E-99   1.00000000000000E-99
128   64     1.00000000000000E-99   1.00000000000000E-99
129   64     1.00000000000000E-99   1.00000000000000E-99
130   64     1.00000000000000E-99   1.00000000000000E-99
131   64     1.00000000000000E-99   1.00000000000000E-99
132   64     1.00000000000000E-99   1.00000000000000E-99
133   64     1.00000000000000E-99   1.00000000000000E-99
134   64     1.00000000000000E-99   1.00000000000000E-99
135   64     1.00000000000000E-99   1.00000000000000E-99
136   64     1.00000000000000E-99   1.00000000000000E-99
137   64     1.00000000000000E-99   1.00000000000000E-99
138   64     1.00000000000000E-99   1.00000000000000E-99
139   64     1.00000000000000E-99   1.00000000000000E-99
140   64     1.00000000000000E-99   1.00000000000000E-99
141   64     1.00000000000000E-99   1.00000000000000E-99
142   64     1.00000000000000E-99   1.00000000000000E-99
143   64     1.00000000000000E-99   1.00000000000000E-99
144   64     1.00000000000000E-99   1.00000000000000E-99
145   64     1.00000000000000E-99   1.00000000000000E-99
146   64     1.00000000000000E-99   1.00000000000000E-99
147   64     1.00000000000000E-99   1.00000000000000E-99
148   64     1.00000000000000E-99   1.00000000000000E-99
149   64     1.00000000000000E-99   1.00000000000000E-99
150   64     1.00000000000000E-99   1.00000000000000E-99
 82   65     1.00000000000000E-99   1.00000000000000E-99
 83   65     1.00000000000000E-99   1.00000000000000E-99
 84   65     1.00000000000000E-99   1.00000000000000E-99
 85   65     1.00000000000000E-99   1.00000000000000E-99
 86   65     1.00000000000000E-99   1.00000000000000E-99
 87   65     1.00000000000000E-99   1.00000000000000E-99
 88   65     1.00000000000000E-99   1.00000000000000E-99
 89   65     1.00000000000000E-99   1.00000000000000E-99
 90   65     1.00000000000000E-99   1.00000000000000E-99
 91   65     1.00000000000000E-99   1.00000000000000E-99
 92   65     1.00000000000000E-99   1.00000000000000E-99
 93   65     1.00000000000000E-99   1.00000000000000E-99
 94   65     6.86891293239689E-09   1.09215715625111E-06
 95   65     3.90736587932018E-12   6.25178540691228E-10
 96   65     1.10329377132744E-05   1.77630297183718E-03
 97   65     6.63794839387233E-06   1.07534763980732E-03
 98   65     1.64877930665544E-05   2.68751026984836E-03
 99   65     4.15839650014933E-06   6.81977026024491E-04
100   65     9.61231418837259E-07   1.58603184108148E-04
101   65     1.14933081776931E-11   1.90788915749706E-09
102   65     9.88982287913021E-14   1.65160042081475E-11
103   65     1.25703347391816E-19   2.11181623618251E-17
104   65     2.33961787217612E-22   3.95395420397765E-20
105   65     1.00000000000000E-99   1.00000000000000E-99
106   65     1.00000000000000E-99   1.00000000000000E-99
107   65     1.00000000000000E-99   1.00000000000000E-99
108   65     1.00000000000000E-99   1.00000000000000E-99
109   65     1.00000000000000E-99   1.00000000000000E-99
110   65     1.00000000000000E-99   1.00000000000000E-99
111   65     1.00000000000000E-99   1.00000000000000E-99
112   65     1.00000000000000E-99   1.00000000000000E-99
113   65     1.00000000000000E-99   1.00000000000000E-99
114   65     1.00000000000000E-99   1.00000000000000E-99
115   65     1.00000000000000E-99   1.00000000000000E-99
116   65     1.00000000000000E-99   1.00000000000000E-99
117   65     1.00000000000000E-99   1.00000000000000E-99
118   65     1.00000000000000E-99   1.00000000000000E-99
119   65     1.00000000000000E-99   1.00000000000000E-99
120   65     1.00000000000000E-99   1.00000000000000E-99
121   65     1.00000000000000E-99   1.00000000000000E-99
122   65     1.00000000000000E-99   1.00000000000000E-99
123   65     1.00000000000000E-99   1.00000000000000E-99
124   65     1.00000000000000E-99   1.00000000000000E-99
125   65     1.00000000000000E-99   1.00000000000000E-99
126   65     1.00000000000000E-99   1.00000000000000E-99
127   65     1.00000000000000E-99   1.00000000000000E-99
128   65     1.00000000000000E-99   1.00000000000000E-99
129   65     1.00000000000000E-99   1.00000000000000E-99
130   65     1.00000000000000E-99   1.00000000000000E-99
131   65     1.00000000000000E-99   1.00000000000000E-99
132   65     1.00000000000000E-99   1.00000000000000E-99
133   65     1.00000000000000E-99   1.00000000000000E-99
134   65     1.00000000000000E-99   1.00000000000000E-99
135   65     1.00000000000000E-99   1.00000000000000E-99
136   65     1.00000000000000E-99   1.00000000000000E-99
137   65     1.00000000000000E-99   1.00000000000000E-99
138   65     1.00000000000000E-99   1.00000000000000E-99
139   65     1.00000000000000E-99   1.00000000000000E-99
140   65     1.00000000000000E-99   1.00000000000000E-99
141   65     1.00000000000000E-99   1.00000000000000E-99
142   65     1.00000000000000E-99   1.00000000000000E-99
143   65     1.00000000000000E-99   1.00000000000000E-99
144   65     1.00000000000000E-99   1.00000000000000E-99
145   65     1.00000000000000E-99   1.00000000000000E-99
146   65     1.00000000000000E-99   1.00000000000000E-99
147   65     1.00000000000000E-99   1.00000000000000E-99
148   65     1.00000000000000E-99   1.00000000000000E-99
149   65     1.00000000000000E-99   1.00000000000000E-99
150   65     1.00000000000000E-99   1.00000000000000E-99
151   65     1.00000000000000E-99   1.00000000000000E-99
152   65     1.00000000000000E-99   1.00000000000000E-99
153   65     1.00000000000000E-99   1.00000000000000E-99
 82   66     1.00000000000000E-99   1.00000000000000E-99
 83   66     1.00000000000000E-99   1.00000000000000E-99
 84   66     1.00000000000000E-99   1.00000000000000E-99
 85   66     1.00000000000000E-99   1.00000000000000E-99
 86   66     1.00000000000000E-99   1.00000000000000E-99
 87   66     1.00000000000000E-99   1.00000000000000E-99
 88   66     1.00000000000000E-99   1.00000000000000E-99
 89   66     1.00000000000000E-99   1.00000000000000E-99
 90   66     1.00000000000000E-99   1.00000000000000E-99
 91   66     1.00000000000000E-99   1.00000000000000E-99
 92   66     1.00000000000000E-99   1.00000000000000E-99
 93   66     1.00000000000000E-99   1.00000000000000E-99
 94   66     1.39178313930240E-16   2.22685302288384E-14
 95   66     4.17438765331976E-09   6.72076412184481E-07
 96   66     3.59650599150389E-06   5.82633970623630E-04
 97   66     4.95979084609318E-06   8.08445907913189E-04
 98   66     2.14118115353768E-05   3.51153709180180E-03
 99   66     1.62746512592635E-05   2.68531745777847E-03
100   66     1.18450211562120E-05   1.96627351193120E-03
101   66     6.30981725701267E-06   1.05373948192112E-03
102   66     9.28128726654429E-06   1.55925626077944E-03
103   66     5.93354940187251E-10   1.00276984891645E-07
104   66     3.85958063721573E-08   6.56128708326674E-06
105   66     5.03398934907386E-16   8.60812178691631E-14
106   66     2.46133887126244E-22   4.23350285857139E-20
107   66     1.00000000000000E-99   1.00000000000000E-99
108   66     1.00000000000000E-99   1.00000000000000E-99
109   66     1.00000000000000E-99   1.00000000000000E-99
110   66     1.00000000000000E-99   1.00000000000000E-99
111   66     1.00000000000000E-99   1.00000000000000E-99
112   66     1.00000000000000E-99   1.00000000000000E-99
113   66     1.00000000000000E-99   1.00000000000000E-99
114   66     1.00000000000000E-99   1.00000000000000E-99
115   66     1.00000000000000E-99   1.00000000000000E-99
116   66     1.00000000000000E-99   1.00000000000000E-99
117   66     1.00000000000000E-99   1.00000000000000E-99
118   66     1.00000000000000E-99   1.00000000000000E-99
119   66     1.00000000000000E-99   1.00000000000000E-99
120   66     1.00000000000000E-99   1.00000000000000E-99
121   66     1.00000000000000E-99   1.00000000000000E-99
122   66     1.00000000000000E-99   1.00000000000000E-99
123   66     1.00000000000000E-99   1.00000000000000E-99
124   66     1.00000000000000E-99   1.00000000000000E-99
125   66     1.00000000000000E-99   1.00000000000000E-99
126   66     1.00000000000000E-99   1.00000000000000E-99
127   66     1.00000000000000E-99   1.00000000000000E-99
128   66     1.00000000000000E-99   1.00000000000000E-99
129   66     1.00000000000000E-99   1.00000000000000E-99
130   66     1.00000000000000E-99   1.00000000000000E-99
131   66     1.00000000000000E-99   1.00000000000000E-99
132   66     1.00000000000000E-99   1.00000000000000E-99
133   66     1.00000000000000E-99   1.00000000000000E-99
134   66     1.00000000000000E-99   1.00000000000000E-99
135   66     1.00000000000000E-99   1.00000000000000E-99
136   66     1.00000000000000E-99   1.00000000000000E-99
137   66     1.00000000000000E-99   1.00000000000000E-99
138   66     1.00000000000000E-99   1.00000000000000E-99
139   66     1.00000000000000E-99   1.00000000000000E-99
140   66     1.00000000000000E-99   1.00000000000000E-99
141   66     1.00000000000000E-99   1.00000000000000E-99
142   66     1.00000000000000E-99   1.00000000000000E-99
143   66     1.00000000000000E-99   1.00000000000000E-99
144   66     1.00000000000000E-99   1.00000000000000E-99
145   66     1.00000000000000E-99   1.00000000000000E-99
146   66     1.00000000000000E-99   1.00000000000000E-99
147   66     1.00000000000000E-99   1.00000000000000E-99
148   66     1.00000000000000E-99   1.00000000000000E-99
149   66     1.00000000000000E-99   1.00000000000000E-99
150   66     1.00000000000000E-99   1.00000000000000E-99
151   66     1.00000000000000E-99   1.00000000000000E-99
152   66     1.00000000000000E-99   1.00000000000000E-99
153   66     1.00000000000000E-99   1.00000000000000E-99
154   66     1.00000000000000E-99   1.00000000000000E-99
155   66     1.00000000000000E-99   1.00000000000000E-99
 84   67     1.00000000000000E-99   1.00000000000000E-99
 85   67     1.00000000000000E-99   1.00000000000000E-99
 86   67     1.00000000000000E-99   1.00000000000000E-99
 87   67     1.00000000000000E-99   1.00000000000000E-99
 88   67     1.00000000000000E-99   1.00000000000000E-99
 89   67     1.00000000000000E-99   1.00000000000000E-99
 90   67     1.00000000000000E-99   1.00000000000000E-99
 91   67     1.00000000000000E-99   1.00000000000000E-99
 92   67     1.00000000000000E-99   1.00000000000000E-99
 93   67     1.00000000000000E-99   1.00000000000000E-99
 94   67     1.00000000000000E-99   1.00000000000000E-99
 95   67     1.00000000000000E-99   1.00000000000000E-99
 96   67     1.00000000000000E-99   1.00000000000000E-99
 97   67     1.00000000000000E-99   1.00000000000000E-99
 98   67     5.25540883137908E-07   8.67142457177548E-05
 99   67     1.46370211388723E-08   2.42974550905281E-06
100   67     1.01393294442859E-05   1.69326801719575E-03
101   67     3.60477101457848E-06   6.05601530449184E-04
102   67     2.25480515615790E-06   3.81062071390685E-04
103   67     1.76081170494322E-06   2.99337989840348E-04
104   67     8.21301331341805E-09   1.40442527659449E-06
105   67     4.27417340221873E-12   7.35157825181622E-10
106   67     3.07567242223007E-18   5.32091329045801E-16
107   67     3.07319552293994E-25   5.34736020991550E-23
108   67     1.00000000000000E-99   1.00000000000000E-99
109   67     1.00000000000000E-99   1.00000000000000E-99
110   67     1.00000000000000E-99   1.00000000000000E-99
111   67     1.00000000000000E-99   1.00000000000000E-99
112   67     1.00000000000000E-99   1.00000000000000E-99
113   67     1.00000000000000E-99   1.00000000000000E-99
114   67     1.00000000000000E-99   1.00000000000000E-99
115   67     1.00000000000000E-99   1.00000000000000E-99
116   67     1.00000000000000E-99   1.00000000000000E-99
117   67     1.00000000000000E-99   1.00000000000000E-99
118   67     1.00000000000000E-99   1.00000000000000E-99
119   67     1.00000000000000E-99   1.00000000000000E-99
120   67     1.00000000000000E-99   1.00000000000000E-99
121   67     1.00000000000000E-99   1.00000000000000E-99
122   67     1.00000000000000E-99   1.00000000000000E-99
123   67     1.00000000000000E-99   1.00000000000000E-99
124   67     1.00000000000000E-99   1.00000000000000E-99
125   67     1.00000000000000E-99   1.00000000000000E-99
126   67     1.00000000000000E-99   1.00000000000000E-99
127   67     1.00000000000000E-99   1.00000000000000E-99
128   67     1.00000000000000E-99   1.00000000000000E-99
129   67     1.00000000000000E-99   1.00000000000000E-99
130   67     1.00000000000000E-99   1.00000000000000E-99
131   67     1.00000000000000E-99   1.00000000000000E-99
132   67     1.00000000000000E-99   1.00000000000000E-99
133   67     1.00000000000000E-99   1.00000000000000E-99
134   67     1.00000000000000E-99   1.00000000000000E-99
135   67     1.00000000000000E-99   1.00000000000000E-99
136   67     1.00000000000000E-99   1.00000000000000E-99
137   67     1.00000000000000E-99   1.00000000000000E-99
138   67     1.00000000000000E-99   1.00000000000000E-99
139   67     1.00000000000000E-99   1.00000000000000E-99
140   67     1.00000000000000E-99   1.00000000000000E-99
141   67     1.00000000000000E-99   1.00000000000000E-99
142   67     1.00000000000000E-99   1.00000000000000E-99
143   67     1.00000000000000E-99   1.00000000000000E-99
144   67     1.00000000000000E-99   1.00000000000000E-99
145   67     1.00000000000000E-99   1.00000000000000E-99
146   67     1.00000000000000E-99   1.00000000000000E-99
147   67     1.00000000000000E-99   1.00000000000000E-99
148   67     1.00000000000000E-99   1.00000000000000E-99
149   67     1.00000000000000E-99   1.00000000000000E-99
150   67     1.00000000000000E-99   1.00000000000000E-99
151   67     1.00000000000000E-99   1.00000000000000E-99
152   67     1.00000000000000E-99   1.00000000000000E-99
153   67     1.00000000000000E-99   1.00000000000000E-99
154   67     1.00000000000000E-99   1.00000000000000E-99
155   67     1.00000000000000E-99   1.00000000000000E-99
156   67     1.00000000000000E-99   1.00000000000000E-99
157   67     1.00000000000000E-99   1.00000000000000E-99
 85   68     1.00000000000000E-99   1.00000000000000E-99
 86   68     1.00000000000000E-99   1.00000000000000E-99
 87   68     1.00000000000000E-99   1.00000000000000E-99
 88   68     1.00000000000000E-99   1.00000000000000E-99
 89   68     1.00000000000000E-99   1.00000000000000E-99
 90   68     1.00000000000000E-99   1.00000000000000E-99
 91   68     1.00000000000000E-99   1.00000000000000E-99
 92   68     1.00000000000000E-99   1.00000000000000E-99
 93   68     1.00000000000000E-99   1.00000000000000E-99
 94   68     1.00000000000000E-99   1.00000000000000E-99
 95   68     1.00000000000000E-99   1.00000000000000E-99
 96   68     1.00000000000000E-99   1.00000000000000E-99
 97   68     1.00000000000000E-99   1.00000000000000E-99
 98   68     2.73836532787867E-11   4.54568644427860E-09
 99   68     1.99776556700649E-07   3.33626849690084E-05
100   68     6.08652631257755E-06   1.02253642051303E-03
101   68     5.06484378918612E-06   8.55958600372454E-04
102   68     9.10155035799273E-06   1.54726356085876E-03
103   68     9.95535670692687E-06   1.70236599688449E-03
104   68     9.88254351917845E-06   1.69979748529869E-03
105   68     1.12751208032829E-07   1.95059589896795E-05
106   68     2.11164032038235E-06   3.67425415746528E-04
107   68     3.06339144144034E-08   5.36093502252060E-06
108   68     1.11645510222279E-13   1.96496097991212E-11
109   68     1.03030518022684E-20   1.82364016900150E-18
110   68     1.00000000000000E-99   1.00000000000000E-99
111   68     1.00000000000000E-99   1.00000000000000E-99
112   68     1.00000000000000E-99   1.00000000000000E-99
113   68     1.00000000000000E-99   1.00000000000000E-99
114   68     1.00000000000000E-99   1.00000000000000E-99
115   68     1.00000000000000E-99   1.00000000000000E-99
116   68     1.00000000000000E-99   1.00000000000000E-99
117   68     1.00000000000000E-99   1.00000000000000E-99
118   68     1.00000000000000E-99   1.00000000000000E-99
119   68     1.00000000000000E-99   1.00000000000000E-99
120   68     1.00000000000000E-99   1.00000000000000E-99
121   68     1.00000000000000E-99   1.00000000000000E-99
122   68     1.00000000000000E-99   1.00000000000000E-99
123   68     1.00000000000000E-99   1.00000000000000E-99
124   68     1.00000000000000E-99   1.00000000000000E-99
125   68     1.00000000000000E-99   1.00000000000000E-99
126   68     1.00000000000000E-99   1.00000000000000E-99
127   68     1.00000000000000E-99   1.00000000000000E-99
128   68     1.00000000000000E-99   1.00000000000000E-99
129   68     1.00000000000000E-99   1.00000000000000E-99
130   68     1.00000000000000E-99   1.00000000000000E-99
131   68     1.00000000000000E-99   1.00000000000000E-99
132   68     1.00000000000000E-99   1.00000000000000E-99
133   68     1.00000000000000E-99   1.00000000000000E-99
134   68     1.00000000000000E-99   1.00000000000000E-99
135   68     1.00000000000000E-99   1.00000000000000E-99
136   68     1.00000000000000E-99   1.00000000000000E-99
137   68     1.00000000000000E-99   1.00000000000000E-99
138   68     1.00000000000000E-99   1.00000000000000E-99
139   68     1.00000000000000E-99   1.00000000000000E-99
140   68     1.00000000000000E-99   1.00000000000000E-99
141   68     1.00000000000000E-99   1.00000000000000E-99
142   68     1.00000000000000E-99   1.00000000000000E-99
143   68     1.00000000000000E-99   1.00000000000000E-99
144   68     1.00000000000000E-99   1.00000000000000E-99
145   68     1.00000000000000E-99   1.00000000000000E-99
146   68     1.00000000000000E-99   1.00000000000000E-99
147   68     1.00000000000000E-99   1.00000000000000E-99
148   68     1.00000000000000E-99   1.00000000000000E-99
149   68     1.00000000000000E-99   1.00000000000000E-99
150   68     1.00000000000000E-99   1.00000000000000E-99
151   68     1.00000000000000E-99   1.00000000000000E-99
152   68     1.00000000000000E-99   1.00000000000000E-99
153   68     1.00000000000000E-99   1.00000000000000E-99
154   68     1.00000000000000E-99   1.00000000000000E-99
155   68     1.00000000000000E-99   1.00000000000000E-99
156   68     1.00000000000000E-99   1.00000000000000E-99
157   68     1.00000000000000E-99   1.00000000000000E-99
158   68     1.00000000000000E-99   1.00000000000000E-99
159   68     1.00000000000000E-99   1.00000000000000E-99
 86   69     1.00000000000000E-99   1.00000000000000E-99
 87   69     1.00000000000000E-99   1.00000000000000E-99
 88   69     1.00000000000000E-99   1.00000000000000E-99
 89   69     1.00000000000000E-99   1.00000000000000E-99
 90   69     1.00000000000000E-99   1.00000000000000E-99
 91   69     1.00000000000000E-99   1.00000000000000E-99
 92   69     1.00000000000000E-99   1.00000000000000E-99
 93   69     1.00000000000000E-99   1.00000000000000E-99
 94   69     1.00000000000000E-99   1.00000000000000E-99
 95   69     1.00000000000000E-99   1.00000000000000E-99
 96   69     1.00000000000000E-99   1.00000000000000E-99
 97   69     1.00000000000000E-99   1.00000000000000E-99
 98   69     1.00000000000000E-99   1.00000000000000E-99
 99   69     1.00000000000000E-99   1.00000000000000E-99
100   69     1.27726103465285E-09   2.15857114856332E-07
101   69     5.87291350002380E-13   9.98395295004045E-11
102   69     1.21994263561969E-07   2.08610190690966E-05
103   69     1.98126551265642E-08   3.40777668176904E-06
104   69     9.88646532058935E-06   1.71035850046196E-03
105   69     6.44377847296542E-06   1.12121745429598E-03
106   69     4.36479788072756E-06   7.63839629127322E-04
107   69     4.51047858576998E-07   7.93844231095516E-05
108   69     2.75592944030798E-07   4.87799510934512E-05
109   69     3.50967680235856E-11   6.24722470819824E-09
110   69     1.35836122440248E-12   2.43146659168045E-10
111   69     1.24033773136006E-18   2.23260791644812E-16
112   69     2.13281625929069E-23   3.86039742931615E-21
113   69     1.00000000000000E-99   1.00000000000000E-99
114   69     1.00000000000000E-99   1.00000000000000E-99
115   69     1.00000000000000E-99   1.00000000000000E-99
116   69     1.00000000000000E-99   1.00000000000000E-99
117   69     1.00000000000000E-99   1.00000000000000E-99
118   69     1.00000000000000E-99   1.00000000000000E-99
119   69     1.00000000000000E-99   1.00000000000000E-99
120   69     1.00000000000000E-99   1.00000000000000E-99
121   69     1.00000000000000E-99   1.00000000000000E-99
122   69     1.00000000000000E-99   1.00000000000000E-99
123   69     1.00000000000000E-99   1.00000000000000E-99
124   69     1.00000000000000E-99   1.00000000000000E-99
125   69     1.00000000000000E-99   1.00000000000000E-99
126   69     1.00000000000000E-99   1.00000000000000E-99
127   69     1.00000000000000E-99   1.00000000000000E-99
128   69     1.00000000000000E-99   1.00000000000000E-99
129   69     1.00000000000000E-99   1.00000000000000E-99
130   69     1.00000000000000E-99   1.00000000000000E-99
131   69     1.00000000000000E-99   1.00000000000000E-99
132   69     1.00000000000000E-99   1.00000000000000E-99
133   69     1.00000000000000E-99   1.00000000000000E-99
134   69     1.00000000000000E-99   1.00000000000000E-99
135   69     1.00000000000000E-99   1.00000000000000E-99
136   69     1.00000000000000E-99   1.00000000000000E-99
137   69     1.00000000000000E-99   1.00000000000000E-99
138   69     1.00000000000000E-99   1.00000000000000E-99
139   69     1.00000000000000E-99   1.00000000000000E-99
140   69     1.00000000000000E-99   1.00000000000000E-99
141   69     1.00000000000000E-99   1.00000000000000E-99
142   69     1.00000000000000E-99   1.00000000000000E-99
143   69     1.00000000000000E-99   1.00000000000000E-99
144   69     1.00000000000000E-99   1.00000000000000E-99
145   69     1.00000000000000E-99   1.00000000000000E-99
146   69     1.00000000000000E-99   1.00000000000000E-99
147   69     1.00000000000000E-99   1.00000000000000E-99
148   69     1.00000000000000E-99   1.00000000000000E-99
149   69     1.00000000000000E-99   1.00000000000000E-99
150   69     1.00000000000000E-99   1.00000000000000E-99
151   69     1.00000000000000E-99   1.00000000000000E-99
152   69     1.00000000000000E-99   1.00000000000000E-99
153   69     1.00000000000000E-99   1.00000000000000E-99
154   69     1.00000000000000E-99   1.00000000000000E-99
155   69     1.00000000000000E-99   1.00000000000000E-99
156   69     1.00000000000000E-99   1.00000000000000E-99
157   69     1.00000000000000E-99   1.00000000000000E-99
158   69     1.00000000000000E-99   1.00000000000000E-99
159   69     1.00000000000000E-99   1.00000000000000E-99
160   69     1.00000000000000E-99   1.00000000000000E-99
161   69     1.00000000000000E-99   1.00000000000000E-99
 88   70     1.00000000000000E-99   1.00000000000000E-99
 89   70     1.00000000000000E-99   1.00000000000000E-99
 90   70     1.00000000000000E-99   1.00000000000000E-99
 91   70     1.00000000000000E-99   1.00000000000000E-99
 92   70     1.00000000000000E-99   1.00000000000000E-99
 93   70     1.00000000000000E-99   1.00000000000000E-99
 94   70     1.00000000000000E-99   1.00000000000000E-99
 95   70     1.00000000000000E-99   1.00000000000000E-99
 96   70     1.00000000000000E-99   1.00000000000000E-99
 97   70     1.00000000000000E-99   1.00000000000000E-99
 98   70     1.00000000000000E-99   1.00000000000000E-99
 99   70     1.00000000000000E-99   1.00000000000000E-99
100   70     1.04572537889486E-17   1.77773314412126E-15
101   70     3.42924249533354E-13   5.86400466702036E-11
102   70     1.54860858692059E-11   2.66360676950342E-09
103   70     1.00741894532716E-07   1.74283477541599E-05
104   70     6.85860144335092E-06   1.19339665114306E-03
105   70     1.78417070016240E-06   3.12229872528420E-04
106   70     1.03522226733232E-05   1.82199119050488E-03
107   70     7.35264659083878E-06   1.30141844657846E-03
108   70     1.16849608148871E-05   2.07992302504990E-03
109   70     3.96624501731748E-06   7.09957858099829E-04
110   70     6.91930425939681E-07   1.24547476669143E-04
111   70     1.98325790807010E-08   3.58969681360688E-06
112   70     4.11963108107110E-07   7.49772856754940E-05
113   70     1.48315301769217E-11   2.71417002237667E-09
114   70     1.51844860080187E-12   2.79394542547544E-10
115   70     4.40620210136791E-20   8.15147388753064E-18
116   70     1.00000000000000E-99   1.00000000000000E-99
117   70     1.00000000000000E-99   1.00000000000000E-99
118   70     1.00000000000000E-99   1.00000000000000E-99
119   70     1.00000000000000E-99   1.00000000000000E-99
120   70     1.00000000000000E-99   1.00000000000000E-99
121   70     1.00000000000000E-99   1.00000000000000E-99
122   70     1.00000000000000E-99   1.00000000000000E-99
123   70     1.00000000000000E-99   1.00000000000000E-99
124   70     1.00000000000000E-99   1.00000000000000E-99
125   70     1.00000000000000E-99   1.00000000000000E-99
126   70     1.00000000000000E-99   1.00000000000000E-99
127   70     1.00000000000000E-99   1.00000000000000E-99
128   70     1.00000000000000E-99   1.00000000000000E-99
129   70     1.00000000000000E-99   1.00000000000000E-99
130   70     1.00000000000000E-99   1.00000000000000E-99
131   70     1.00000000000000E-99   1.00000000000000E-99
132   70     1.00000000000000E-99   1.00000000000000E-99
133   70     1.00000000000000E-99   1.00000000000000E-99
134   70     1.00000000000000E-99   1.00000000000000E-99
135   70     1.00000000000000E-99   1.00000000000000E-99
136   70     1.00000000000000E-99   1.00000000000000E-99
137   70     1.00000000000000E-99   1.00000000000000E-99
138   70     1.00000000000000E-99   1.00000000000000E-99
139   70     1.00000000000000E-99   1.00000000000000E-99
140   70     1.00000000000000E-99   1.00000000000000E-99
141   70     1.00000000000000E-99   1.00000000000000E-99
142   70     1.00000000000000E-99   1.00000000000000E-99
143   70     1.00000000000000E-99   1.00000000000000E-99
144   70     1.00000000000000E-99   1.00000000000000E-99
145   70     1.00000000000000E-99   1.00000000000000E-99
146   70     1.00000000000000E-99   1.00000000000000E-99
147   70     1.00000000000000E-99   1.00000000000000E-99
148   70     1.00000000000000E-99   1.00000000000000E-99
149   70     1.00000000000000E-99   1.00000000000000E-99
150   70     1.00000000000000E-99   1.00000000000000E-99
151   70     1.00000000000000E-99   1.00000000000000E-99
152   70     1.00000000000000E-99   1.00000000000000E-99
153   70     1.00000000000000E-99   1.00000000000000E-99
154   70     1.00000000000000E-99   1.00000000000000E-99
155   70     1.00000000000000E-99   1.00000000000000E-99
156   70     1.00000000000000E-99   1.00000000000000E-99
157   70     1.00000000000000E-99   1.00000000000000E-99
158   70     1.00000000000000E-99   1.00000000000000E-99
159   70     1.00000000000000E-99   1.00000000000000E-99
160   70     1.00000000000000E-99   1.00000000000000E-99
161   70     1.00000000000000E-99   1.00000000000000E-99
162   70     1.00000000000000E-99   1.00000000000000E-99
163   70     1.00000000000000E-99   1.00000000000000E-99
164   70     1.00000000000000E-99   1.00000000000000E-99
 90   71     1.00000000000000E-99   1.00000000000000E-99
 91   71     1.00000000000000E-99   1.00000000000000E-99
 92   71     1.00000000000000E-99   1.00000000000000E-99
 93   71     1.00000000000000E-99   1.00000000000000E-99
 94   71     1.00000000000000E-99   1.00000000000000E-99
 95   71     1.00000000000000E-99   1.00000000000000E-99
 96   71     1.00000000000000E-99   1.00000000000000E-99
 97   71     1.00000000000000E-99   1.00000000000000E-99
 98   71     1.00000000000000E-99   1.00000000000000E-99
 99   71     1.00000000000000E-99   1.00000000000000E-99
100   71     1.00000000000000E-99   1.00000000000000E-99
101   71     1.00000000000000E-99   1.00000000000000E-99
102   71     1.00000000000000E-99   1.00000000000000E-99
103   71     1.00000000000000E-99   1.00000000000000E-99
104   71     8.62461260684773E-10   1.50930720619835E-07
105   71     2.42691989302479E-13   4.27137901172363E-11
106   71     3.04653843646786E-07   5.39237303254812E-05
107   71     8.63880863365951E-07   1.53770793679139E-04
108   71     4.35060192437104E-06   7.78757744462416E-04
109   71     4.10075948035877E-06   7.38136706464578E-04
110   71     1.54201043349510E-06   2.79103888462612E-04
111   71     1.32554318831242E-06   2.41248860272861E-04
112   71     6.35983398469142E-09   1.16384961919853E-06
113   71     4.82179455003579E-12   8.87210197206585E-10
114   71     7.94258010902449E-18   1.46937732016953E-15
115   71     1.21019576330513E-24   2.25096411974754E-22
116   71     1.00000000000000E-99   1.00000000000000E-99
117   71     1.00000000000000E-99   1.00000000000000E-99
118   71     1.00000000000000E-99   1.00000000000000E-99
119   71     1.00000000000000E-99   1.00000000000000E-99
120   71     1.00000000000000E-99   1.00000000000000E-99
121   71     1.00000000000000E-99   1.00000000000000E-99
122   71     1.00000000000000E-99   1.00000000000000E-99
123   71     1.00000000000000E-99   1.00000000000000E-99
124   71     1.00000000000000E-99   1.00000000000000E-99
125   71     1.00000000000000E-99   1.00000000000000E-99
126   71     1.00000000000000E-99   1.00000000000000E-99
127   71     1.00000000000000E-99   1.00000000000000E-99
128   71     1.00000000000000E-99   1.00000000000000E-99
129   71     1.00000000000000E-99   1.00000000000000E-99
130   71     1.00000000000000E-99   1.00000000000000E-99
131   71     1.00000000000000E-99   1.00000000000000E-99
132   71     1.00000000000000E-99   1.00000000000000E-99
133   71     1.00000000000000E-99   1.00000000000000E-99
134   71     1.00000000000000E-99   1.00000000000000E-99
135   71     1.00000000000000E-99   1.00000000000000E-99
136   71     1.00000000000000E-99   1.00000000000000E-99
137   71     1.00000000000000E-99   1.00000000000000E-99
138   71     1.00000000000000E-99   1.00000000000000E-99
139   71     1.00000000000000E-99   1.00000000000000E-99
140   71     1.00000000000000E-99   1.00000000000000E-99
141   71     1.00000000000000E-99   1.00000000000000E-99
142   71     1.00000000000000E-99   1.00000000000000E-99
143   71     1.00000000000000E-99   1.00000000000000E-99
144   71     1.00000000000000E-99   1.00000000000000E-99
145   71     1.00000000000000E-99   1.00000000000000E-99
146   71     1.00000000000000E-99   1.00000000000000E-99
147   71     1.00000000000000E-99   1.00000000000000E-99
148   71     1.00000000000000E-99   1.00000000000000E-99
149   71     1.00000000000000E-99   1.00000000000000E-99
150   71     1.00000000000000E-99   1.00000000000000E-99
151   71     1.00000000000000E-99   1.00000000000000E-99
152   71     1.00000000000000E-99   1.00000000000000E-99
153   71     1.00000000000000E-99   1.00000000000000E-99
154   71     1.00000000000000E-99   1.00000000000000E-99
155   71     1.00000000000000E-99   1.00000000000000E-99
156   71     1.00000000000000E-99   1.00000000000000E-99
157   71     1.00000000000000E-99   1.00000000000000E-99
158   71     1.00000000000000E-99   1.00000000000000E-99
159   71     1.00000000000000E-99   1.00000000000000E-99
160   71     1.00000000000000E-99   1.00000000000000E-99
161   71     1.00000000000000E-99   1.00000000000000E-99
162   71     1.00000000000000E-99   1.00000000000000E-99
163   71     1.00000000000000E-99   1.00000000000000E-99
164   71     1.00000000000000E-99   1.00000000000000E-99
165   71     1.00000000000000E-99   1.00000000000000E-99
166   71     1.00000000000000E-99   1.00000000000000E-99
 92   72     1.00000000000000E-99   1.00000000000000E-99
 93   72     1.00000000000000E-99   1.00000000000000E-99
 94   72     1.00000000000000E-99   1.00000000000000E-99
 95   72     1.00000000000000E-99   1.00000000000000E-99
 96   72     1.00000000000000E-99   1.00000000000000E-99
 97   72     1.00000000000000E-99   1.00000000000000E-99
 98   72     1.00000000000000E-99   1.00000000000000E-99
 99   72     1.00000000000000E-99   1.00000000000000E-99
100   72     1.00000000000000E-99   1.00000000000000E-99
101   72     1.00000000000000E-99   1.00000000000000E-99
102   72     1.00000000000000E-99   1.00000000000000E-99
103   72     1.00000000000000E-99   1.00000000000000E-99
104   72     1.00000000000000E-99   1.00000000000000E-99
105   72     8.22343528317596E-11   1.45554804512215E-08
106   72     9.43588985538232E-08   1.67958839425805E-05
107   72     5.39497324226598E-08   9.65700210365610E-06
108   72     4.32395722416835E-06   7.78312300350303E-04
109   72     4.92791147939139E-06   8.91951977769841E-04
110   72     8.15632606641088E-06   1.48445134408678E-03
111   72     1.77804965318369E-06   3.25383086532615E-04
112   72     4.80632667731795E-06   8.84364108626504E-04
113   72     2.15021061039594E-07   3.97788962923249E-05
114   72     3.77112546749783E-07   7.01429336954596E-05
115   72     4.39538368767900E-10   8.21936749595973E-08
116   72     9.50668564623194E-09   1.78725690149160E-06
117   72     7.37750027910436E-17   1.39434755275072E-14
118   72     1.28771417612717E-23   2.44665693464163E-21
119   72     1.00000000000000E-99   1.00000000000000E-99
120   72     1.00000000000000E-99   1.00000000000000E-99
121   72     1.00000000000000E-99   1.00000000000000E-99
122   72     1.00000000000000E-99   1.00000000000000E-99
123   72     1.00000000000000E-99   1.00000000000000E-99
124   72     1.00000000000000E-99   1.00000000000000E-99
125   72     1.00000000000000E-99   1.00000000000000E-99
126   72     1.00000000000000E-99   1.00000000000000E-99
127   72     1.00000000000000E-99   1.00000000000000E-99
128   72     1.00000000000000E-99   1.00000000000000E-99
129   72     1.00000000000000E-99   1.00000000000000E-99
130   72     1.00000000000000E-99   1.00000000000000E-99
131   72     1.00000000000000E-99   1.00000000000000E-99
132   72     1.00000000000000E-99   1.00000000000000E-99
133   72     1.00000000000000E-99   1.00000000000000E-99
134   72     1.00000000000000E-99   1.00000000000000E-99
135   72     1.00000000000000E-99   1.00000000000000E-99
136   72     1.00000000000000E-99   1.00000000000000E-99
137   72     1.00000000000000E-99   1.00000000000000E-99
138   72     1.00000000000000E-99   1.00000000000000E-99
139   72     1.00000000000000E-99   1.00000000000000E-99
140   72     1.00000000000000E-99   1.00000000000000E-99
141   72     1.00000000000000E-99   1.00000000000000E-99
142   72     1.00000000000000E-99   1.00000000000000E-99
143   72     1.00000000000000E-99   1.00000000000000E-99
144   72     1.00000000000000E-99   1.00000000000000E-99
145   72     1.00000000000000E-99   1.00000000000000E-99
146   72     1.00000000000000E-99   1.00000000000000E-99
147   72     1.00000000000000E-99   1.00000000000000E-99
148   72     1.00000000000000E-99   1.00000000000000E-99
149   72     1.00000000000000E-99   1.00000000000000E-99
150   72     1.00000000000000E-99   1.00000000000000E-99
151   72     1.00000000000000E-99   1.00000000000000E-99
152   72     1.00000000000000E-99   1.00000000000000E-99
153   72     1.00000000000000E-99   1.00000000000000E-99
154   72     1.00000000000000E-99   1.00000000000000E-99
155   72     1.00000000000000E-99   1.00000000000000E-99
156   72     1.00000000000000E-99   1.00000000000000E-99
157   72     1.00000000000000E-99   1.00000000000000E-99
158   72     1.00000000000000E-99   1.00000000000000E-99
159   72     1.00000000000000E-99   1.00000000000000E-99
160   72     1.00000000000000E-99   1.00000000000000E-99
161   72     1.00000000000000E-99   1.00000000000000E-99
162   72     1.00000000000000E-99   1.00000000000000E-99
163   72     1.00000000000000E-99   1.00000000000000E-99
164   72     1.00000000000000E-99   1.00000000000000E-99
165   72     1.00000000000000E-99   1.00000000000000E-99
166   72     1.00000000000000E-99   1.00000000000000E-99
167   72     1.00000000000000E-99   1.00000000000000E-99
168   72     1.00000000000000E-99   1.00000000000000E-99
 96   73     1.00000000000000E-99   1.00000000000000E-99
 97   73     1.00000000000000E-99   1.00000000000000E-99
 98   73     1.00000000000000E-99   1.00000000000000E-99
 99   73     1.00000000000000E-99   1.00000000000000E-99
100   73     1.00000000000000E-99   1.00000000000000E-99
101   73     1.00000000000000E-99   1.00000000000000E-99
102   73     1.00000000000000E-99   1.00000000000000E-99
103   73     1.00000000000000E-99   1.00000000000000E-99
104   73     1.00000000000000E-99   1.00000000000000E-99
105   73     1.00000000000000E-99   1.00000000000000E-99
106   73     1.00000000000000E-99   1.00000000000000E-99
107   73     1.00000000000000E-99   1.00000000000000E-99
108   73     2.70490402966210E-10   4.89587629368840E-08
109   73     9.10884150354033E-14   1.65780915364434E-11
110   73     1.48501035688707E-07   2.71756895310334E-05
111   73     1.11308144721312E-07   2.04806986287214E-05
112   73     9.74940033236777E-07   1.80363906148804E-04
113   73     2.58273053459039E-06   4.80387879433813E-04
114   73     1.17985478389838E-07   2.20632844588998E-05
115   73     4.28988870847912E-09   8.06499077194074E-07
116   73     1.08026133511883E-07   2.04169392337459E-05
117   73     5.49711423290094E-14   1.04445170425118E-11
118   73     1.89381393118404E-20   3.61718460856152E-18
119   73     1.00000000000000E-99   1.00000000000000E-99
120   73     1.00000000000000E-99   1.00000000000000E-99
121   73     1.00000000000000E-99   1.00000000000000E-99
122   73     1.00000000000000E-99   1.00000000000000E-99
123   73     1.00000000000000E-99   1.00000000000000E-99
124   73     1.00000000000000E-99   1.00000000000000E-99
125   73     1.00000000000000E-99   1.00000000000000E-99
126   73     1.00000000000000E-99   1.00000000000000E-99
127   73     1.00000000000000E-99   1.00000000000000E-99
128   73     1.00000000000000E-99   1.00000000000000E-99
129   73     1.00000000000000E-99   1.00000000000000E-99
130   73     1.00000000000000E-99   1.00000000000000E-99
131   73     1.00000000000000E-99   1.00000000000000E-99
132   73     1.00000000000000E-99   1.00000000000000E-99
133   73     1.00000000000000E-99   1.00000000000000E-99
134   73     1.00000000000000E-99   1.00000000000000E-99
135   73     1.00000000000000E-99   1.00000000000000E-99
136   73     1.00000000000000E-99   1.00000000000000E-99
137   73     1.00000000000000E-99   1.00000000000000E-99
138   73     1.00000000000000E-99   1.00000000000000E-99
139   73     1.00000000000000E-99   1.00000000000000E-99
140   73     1.00000000000000E-99   1.00000000000000E-99
141   73     1.00000000000000E-99   1.00000000000000E-99
142   73     1.00000000000000E-99   1.00000000000000E-99
143   73     1.00000000000000E-99   1.00000000000000E-99
144   73     1.00000000000000E-99   1.00000000000000E-99
145   73     1.00000000000000E-99   1.00000000000000E-99
146   73     1.00000000000000E-99   1.00000000000000E-99
147   73     1.00000000000000E-99   1.00000000000000E-99
148   73     1.00000000000000E-99   1.00000000000000E-99
149   73     1.00000000000000E-99   1.00000000000000E-99
150   73     1.00000000000000E-99   1.00000000000000E-99
151   73     1.00000000000000E-99   1.00000000000000E-99
152   73     1.00000000000000E-99   1.00000000000000E-99
153   73     1.00000000000000E-99   1.00000000000000E-99
154   73     1.00000000000000E-99   1.00000000000000E-99
155   73     1.00000000000000E-99   1.00000000000000E-99
156   73     1.00000000000000E-99   1.00000000000000E-99
157   73     1.00000000000000E-99   1.00000000000000E-99
158   73     1.00000000000000E-99   1.00000000000000E-99
159   73     1.00000000000000E-99   1.00000000000000E-99
160   73     1.00000000000000E-99   1.00000000000000E-99
161   73     1.00000000000000E-99   1.00000000000000E-99
162   73     1.00000000000000E-99   1.00000000000000E-99
163   73     1.00000000000000E-99   1.00000000000000E-99
164   73     1.00000000000000E-99   1.00000000000000E-99
165   73     1.00000000000000E-99   1.00000000000000E-99
166   73     1.00000000000000E-99   1.00000000000000E-99
167   73     1.00000000000000E-99   1.00000000000000E-99
168   73     1.00000000000000E-99   1.00000000000000E-99
169   73     1.00000000000000E-99   1.00000000000000E-99
170   73     1.00000000000000E-99   1.00000000000000E-99
 98   74     1.00000000000000E-99   1.00000000000000E-99
 99   74     1.00000000000000E-99   1.00000000000000E-99
100   74     1.00000000000000E-99   1.00000000000000E-99
101   74     1.00000000000000E-99   1.00000000000000E-99
102   74     1.00000000000000E-99   1.00000000000000E-99
103   74     1.00000000000000E-99   1.00000000000000E-99
104   74     1.00000000000000E-99   1.00000000000000E-99
105   74     1.00000000000000E-99   1.00000000000000E-99
106   74     1.00000000000000E-99   1.00000000000000E-99
107   74     1.00000000000000E-99   1.00000000000000E-99
108   74     1.76061139294307E-18   3.20431273515638E-16
109   74     5.28608134693975E-11   9.67352886489975E-09
110   74     6.17449466078908E-10   1.13610701758519E-07
111   74     8.20720450346989E-08   1.51833283314193E-05
112   74     1.27362037943138E-06   2.36893390574236E-04
113   74     1.12060474817439E-06   2.09553087908611E-04
114   74     4.01556463433808E-06   7.54926151255559E-04
115   74     3.48178383779748E-06   6.58057145343724E-04
116   74     1.49985664378217E-05   2.84972762318612E-03
117   74     3.34606942840968E-12   6.39099260826250E-10
118   74     1.61787410808964E-09   3.10631828753210E-07
119   74     2.86813079883856E-16   5.53549244175842E-14
120   74     2.13503109585346E-12   4.14196032595572E-10
121   74     5.67079086052104E-16   1.10580421780160E-13
122   74     1.10837432190417E-07   2.17241367093217E-05
123   74     1.81567253390117E-14   3.57687489178531E-12
124   74     2.59403982886214E-12   5.13619886114703E-10
125   74     1.42500035199329E-13   2.83575070046664E-11
126   74     4.79096232725620E-20   9.58192465451239E-18
127   74     1.00000000000000E-99   1.00000000000000E-99
128   74     1.00000000000000E-99   1.00000000000000E-99
129   74     1.00000000000000E-99   1.00000000000000E-99
130   74     1.00000000000000E-99   1.00000000000000E-99
131   74     1.00000000000000E-99   1.00000000000000E-99
132   74     1.00000000000000E-99   1.00000000000000E-99
133   74     1.00000000000000E-99   1.00000000000000E-99
134   74     1.00000000000000E-99   1.00000000000000E-99
135   74     1.00000000000000E-99   1.00000000000000E-99
136   74     1.00000000000000E-99   1.00000000000000E-99
137   74     1.00000000000000E-99   1.00000000000000E-99
138   74     1.00000000000000E-99   1.00000000000000E-99
139   74     1.00000000000000E-99   1.00000000000000E-99
140   74     1.00000000000000E-99   1.00000000000000E-99
141   74     1.00000000000000E-99   1.00000000000000E-99
142   74     1.00000000000000E-99   1.00000000000000E-99
143   74     1.00000000000000E-99   1.00000000000000E-99
144   74     1.00000000000000E-99   1.00000000000000E-99
145   74     1.00000000000000E-99   1.00000000000000E-99
146   74     1.00000000000000E-99   1.00000000000000E-99
147   74     1.00000000000000E-99   1.00000000000000E-99
148   74     1.00000000000000E-99   1.00000000000000E-99
149   74     1.00000000000000E-99   1.00000000000000E-99
150   74     1.00000000000000E-99   1.00000000000000E-99
151   74     1.00000000000000E-99   1.00000000000000E-99
152   74     1.00000000000000E-99   1.00000000000000E-99
153   74     1.00000000000000E-99   1.00000000000000E-99
154   74     1.00000000000000E-99   1.00000000000000E-99
155   74     1.00000000000000E-99   1.00000000000000E-99
156   74     1.00000000000000E-99   1.00000000000000E-99
157   74     1.00000000000000E-99   1.00000000000000E-99
158   74     1.00000000000000E-99   1.00000000000000E-99
159   74     1.00000000000000E-99   1.00000000000000E-99
160   74     1.00000000000000E-99   1.00000000000000E-99
161   74     1.00000000000000E-99   1.00000000000000E-99
162   74     1.00000000000000E-99   1.00000000000000E-99
163   74     1.00000000000000E-99   1.00000000000000E-99
164   74     1.00000000000000E-99   1.00000000000000E-99
165   74     1.00000000000000E-99   1.00000000000000E-99
166   74     1.00000000000000E-99   1.00000000000000E-99
167   74     1.00000000000000E-99   1.00000000000000E-99
168   74     1.00000000000000E-99   1.00000000000000E-99
169   74     1.00000000000000E-99   1.00000000000000E-99
170   74     1.00000000000000E-99   1.00000000000000E-99
171   74     1.00000000000000E-99   1.00000000000000E-99
172   74     1.00000000000000E-99   1.00000000000000E-99
173   74     1.00000000000000E-99   1.00000000000000E-99
 99   75     1.00000000000000E-99   1.00000000000000E-99
100   75     1.00000000000000E-99   1.00000000000000E-99
101   75     1.00000000000000E-99   1.00000000000000E-99
102   75     1.00000000000000E-99   1.00000000000000E-99
103   75     1.00000000000000E-99   1.00000000000000E-99
104   75     1.00000000000000E-99   1.00000000000000E-99
105   75     1.00000000000000E-99   1.00000000000000E-99
106   75     1.00000000000000E-99   1.00000000000000E-99
107   75     1.00000000000000E-99   1.00000000000000E-99
108   75     1.00000000000000E-99   1.00000000000000E-99
109   75     1.00000000000000E-99   1.00000000000000E-99
110   75     1.82257877086060E-12   3.37177072609211E-10
111   75     4.99639037856684E-16   9.29328610413433E-14
112   75     3.04557418246779E-09   5.69522372121476E-07
113   75     2.03796055941799E-10   3.83136585170582E-08
114   75     1.98092549866270E-06   3.74394919247250E-04
115   75     1.44423858260794E-06   2.74405330695508E-04
116   75     8.43902689372757E-06   1.61185413670197E-03
117   75     1.30263829032830E-09   2.50106551743033E-07
118   75     3.48172785471424E-05   6.71973475959847E-03
119   75     1.53695024957743E-06   2.98168348418021E-04
120   75     2.12949990941729E-12   4.15252482336371E-10
121   75     7.85369239781160E-09   1.53932370997107E-06
122   75     1.68867446189669E-14   3.32668868993647E-12
123   75     2.78979600265590E-13   5.52379608525868E-11
124   75     1.68578265565557E-14   3.35470748475459E-12
125   75     7.45862159274144E-21   1.49172431854829E-18
126   75     1.00000000000000E-99   1.00000000000000E-99
127   75     1.00000000000000E-99   1.00000000000000E-99
128   75     1.00000000000000E-99   1.00000000000000E-99
129   75     1.00000000000000E-99   1.00000000000000E-99
130   75     1.00000000000000E-99   1.00000000000000E-99
131   75     1.00000000000000E-99   1.00000000000000E-99
132   75     1.00000000000000E-99   1.00000000000000E-99
133   75     1.00000000000000E-99   1.00000000000000E-99
134   75     1.00000000000000E-99   1.00000000000000E-99
135   75     1.00000000000000E-99   1.00000000000000E-99
136   75     1.00000000000000E-99   1.00000000000000E-99
137   75     1.00000000000000E-99   1.00000000000000E-99
138   75     1.00000000000000E-99   1.00000000000000E-99
139   75     1.00000000000000E-99   1.00000000000000E-99
140   75     1.00000000000000E-99   1.00000000000000E-99
141   75     1.00000000000000E-99   1.00000000000000E-99
142   75     1.00000000000000E-99   1.00000000000000E-99
143   75     1.00000000000000E-99   1.00000000000000E-99
144   75     1.00000000000000E-99   1.00000000000000E-99
145   75     1.00000000000000E-99   1.00000000000000E-99
146   75     1.00000000000000E-99   1.00000000000000E-99
147   75     1.00000000000000E-99   1.00000000000000E-99
148   75     1.00000000000000E-99   1.00000000000000E-99
149   75     1.00000000000000E-99   1.00000000000000E-99
150   75     1.00000000000000E-99   1.00000000000000E-99
151   75     1.00000000000000E-99   1.00000000000000E-99
152   75     1.00000000000000E-99   1.00000000000000E-99
153   75     1.00000000000000E-99   1.00000000000000E-99
154   75     1.00000000000000E-99   1.00000000000000E-99
155   75     1.00000000000000E-99   1.00000000000000E-99
156   75     1.00000000000000E-99   1.00000000000000E-99
157   75     1.00000000000000E-99   1.00000000000000E-99
158   75     1.00000000000000E-99   1.00000000000000E-99
159   75     1.00000000000000E-99   1.00000000000000E-99
160   75     1.00000000000000E-99   1.00000000000000E-99
161   75     1.00000000000000E-99   1.00000000000000E-99
162   75     1.00000000000000E-99   1.00000000000000E-99
163   75     1.00000000000000E-99   1.00000000000000E-99
164   75     1.00000000000000E-99   1.00000000000000E-99
165   75     1.00000000000000E-99   1.00000000000000E-99
166   75     1.00000000000000E-99   1.00000000000000E-99
167   75     1.00000000000000E-99   1.00000000000000E-99
168   75     1.00000000000000E-99   1.00000000000000E-99
169   75     1.00000000000000E-99   1.00000000000000E-99
170   75     1.00000000000000E-99   1.00000000000000E-99
171   75     1.00000000000000E-99   1.00000000000000E-99
172   75     1.00000000000000E-99   1.00000000000000E-99
173   75     1.00000000000000E-99   1.00000000000000E-99
174   75     1.00000000000000E-99   1.00000000000000E-99
175   75     1.00000000000000E-99   1.00000000000000E-99
101   76     1.00000000000000E-99   1.00000000000000E-99
102   76     1.00000000000000E-99   1.00000000000000E-99
103   76     1.00000000000000E-99   1.00000000000000E-99
104   76     1.00000000000000E-99   1.00000000000000E-99
105   76     1.00000000000000E-99   1.00000000000000E-99
106   76     1.00000000000000E-99   1.00000000000000E-99
107   76     1.00000000000000E-99   1.00000000000000E-99
108   76     1.00000000000000E-99   1.00000000000000E-99
109   76     1.00000000000000E-99   1.00000000000000E-99
110   76     2.35697092888690E-19   4.38396592772963E-17
111   76     1.20905765708788E-23   2.26093781875434E-21
112   76     5.33144674361930E-13   1.00231198780043E-10
113   76     3.87953928995272E-09   7.33232925801065E-07
114   76     2.04202744658229E-06   3.87985214850635E-04
115   76     7.46351560034401E-06   1.42553147966571E-03
116   76     4.64935183097332E-05   8.92675551546877E-03
117   76     5.00169316504596E-05   9.65326780853870E-03
118   76     2.30877338977780E-04   4.47902037616893E-02
119   76     2.47321184854681E-04   4.82276310466627E-02
120   76     3.99353044488824E-04   7.82731967198095E-02
121   76     5.04285903253948E-05   9.93443229410278E-03
122   76     9.54054343343504E-05   1.88902759982014E-02
123   76     4.32936723805989E-12   8.61544080373918E-10
124   76     6.61786312247463E-19   1.32357262449493E-16
125   76     1.11288649604055E-09   2.23690185704150E-07
126   76     1.33753913160068E-11   2.70182904583337E-09
127   76     8.72550179435046E-21   1.77127686425314E-18
128   76     1.00000000000000E-99   1.00000000000000E-99
129   76     1.00000000000000E-99   1.00000000000000E-99
130   76     1.00000000000000E-99   1.00000000000000E-99
131   76     1.00000000000000E-99   1.00000000000000E-99
132   76     1.00000000000000E-99   1.00000000000000E-99
133   76     1.00000000000000E-99   1.00000000000000E-99
134   76     1.00000000000000E-99   1.00000000000000E-99
135   76     1.00000000000000E-99   1.00000000000000E-99
136   76     1.00000000000000E-99   1.00000000000000E-99
137   76     1.00000000000000E-99   1.00000000000000E-99
138   76     1.00000000000000E-99   1.00000000000000E-99
139   76     1.00000000000000E-99   1.00000000000000E-99
140   76     1.00000000000000E-99   1.00000000000000E-99
141   76     1.00000000000000E-99   1.00000000000000E-99
142   76     1.00000000000000E-99   1.00000000000000E-99
143   76     1.00000000000000E-99   1.00000000000000E-99
144   76     1.00000000000000E-99   1.00000000000000E-99
145   76     1.00000000000000E-99   1.00000000000000E-99
146   76     1.00000000000000E-99   1.00000000000000E-99
147   76     1.00000000000000E-99   1.00000000000000E-99
148   76     1.00000000000000E-99   1.00000000000000E-99
149   76     1.00000000000000E-99   1.00000000000000E-99
150   76     1.00000000000000E-99   1.00000000000000E-99
151   76     1.00000000000000E-99   1.00000000000000E-99
152   76     1.00000000000000E-99   1.00000000000000E-99
153   76     1.00000000000000E-99   1.00000000000000E-99
154   76     1.00000000000000E-99   1.00000000000000E-99
155   76     1.00000000000000E-99   1.00000000000000E-99
156   76     1.00000000000000E-99   1.00000000000000E-99
157   76     1.00000000000000E-99   1.00000000000000E-99
158   76     1.00000000000000E-99   1.00000000000000E-99
159   76     1.00000000000000E-99   1.00000000000000E-99
160   76     1.00000000000000E-99   1.00000000000000E-99
161   76     1.00000000000000E-99   1.00000000000000E-99
162   76     1.00000000000000E-99   1.00000000000000E-99
163   76     1.00000000000000E-99   1.00000000000000E-99
164   76     1.00000000000000E-99   1.00000000000000E-99
165   76     1.00000000000000E-99   1.00000000000000E-99
166   76     1.00000000000000E-99   1.00000000000000E-99
167   76     1.00000000000000E-99   1.00000000000000E-99
168   76     1.00000000000000E-99   1.00000000000000E-99
169   76     1.00000000000000E-99   1.00000000000000E-99
170   76     1.00000000000000E-99   1.00000000000000E-99
171   76     1.00000000000000E-99   1.00000000000000E-99
172   76     1.00000000000000E-99   1.00000000000000E-99
173   76     1.00000000000000E-99   1.00000000000000E-99
174   76     1.00000000000000E-99   1.00000000000000E-99
175   76     1.00000000000000E-99   1.00000000000000E-99
176   76     1.00000000000000E-99   1.00000000000000E-99
177   76     1.00000000000000E-99   1.00000000000000E-99
103   77     1.00000000000000E-99   1.00000000000000E-99
104   77     1.00000000000000E-99   1.00000000000000E-99
105   77     1.00000000000000E-99   1.00000000000000E-99
106   77     1.00000000000000E-99   1.00000000000000E-99
107   77     1.00000000000000E-99   1.00000000000000E-99
108   77     1.00000000000000E-99   1.00000000000000E-99
109   77     1.00000000000000E-99   1.00000000000000E-99
110   77     1.00000000000000E-99   1.00000000000000E-99
111   77     1.00000000000000E-99   1.00000000000000E-99
112   77     1.00000000000000E-99   1.00000000000000E-99
113   77     1.00000000000000E-99   1.00000000000000E-99
114   77     1.16209171199301E-09   2.21959516990665E-07
115   77     8.78451309490436E-13   1.68662651422164E-10
116   77     9.89239178407244E-08   1.90923161432598E-05
117   77     3.98313422195180E-10   7.72728039058650E-08
118   77     2.32854958845994E-04   4.54067169749688E-02
119   77     1.01483466642758E-05   1.98907594619805E-03
120   77     1.99948385220745E-04   3.93898318884867E-02
121   77     1.28692821447617E-06   2.54811786466281E-04
122   77     7.08733263011471E-12   1.41037919339283E-09
123   77     9.78540438542605E-08   1.95708087708521E-05
124   77     1.50481877483734E-08   3.02468573742305E-06
125   77     4.97307030356212E-12   1.00456020131955E-09
126   77     6.05787119438712E-12   1.22974785246058E-09
127   77     3.51586021815665E-20   7.17235484503957E-18
128   77     1.00000000000000E-99   1.00000000000000E-99
129   77     1.00000000000000E-99   1.00000000000000E-99
130   77     1.00000000000000E-99   1.00000000000000E-99
131   77     1.00000000000000E-99   1.00000000000000E-99
132   77     1.00000000000000E-99   1.00000000000000E-99
133   77     1.00000000000000E-99   1.00000000000000E-99
134   77     1.00000000000000E-99   1.00000000000000E-99
135   77     1.00000000000000E-99   1.00000000000000E-99
136   77     1.00000000000000E-99   1.00000000000000E-99
137   77     1.00000000000000E-99   1.00000000000000E-99
138   77     1.00000000000000E-99   1.00000000000000E-99
139   77     1.00000000000000E-99   1.00000000000000E-99
140   77     1.00000000000000E-99   1.00000000000000E-99
141   77     1.00000000000000E-99   1.00000000000000E-99
142   77     1.00000000000000E-99   1.00000000000000E-99
143   77     1.00000000000000E-99   1.00000000000000E-99
144   77     1.00000000000000E-99   1.00000000000000E-99
145   77     1.00000000000000E-99   1.00000000000000E-99
146   77     1.00000000000000E-99   1.00000000000000E-99
147   77     1.00000000000000E-99   1.00000000000000E-99
148   77     1.00000000000000E-99   1.00000000000000E-99
149   77     1.00000000000000E-99   1.00000000000000E-99
150   77     1.00000000000000E-99   1.00000000000000E-99
151   77     1.00000000000000E-99   1.00000000000000E-99
152   77     1.00000000000000E-99   1.00000000000000E-99
153   77     1.00000000000000E-99   1.00000000000000E-99
154   77     1.00000000000000E-99   1.00000000000000E-99
155   77     1.00000000000000E-99   1.00000000000000E-99
156   77     1.00000000000000E-99   1.00000000000000E-99
157   77     1.00000000000000E-99   1.00000000000000E-99
158   77     1.00000000000000E-99   1.00000000000000E-99
159   77     1.00000000000000E-99   1.00000000000000E-99
160   77     1.00000000000000E-99   1.00000000000000E-99
161   77     1.00000000000000E-99   1.00000000000000E-99
162   77     1.00000000000000E-99   1.00000000000000E-99
163   77     1.00000000000000E-99   1.00000000000000E-99
164   77     1.00000000000000E-99   1.00000000000000E-99
165   77     1.00000000000000E-99   1.00000000000000E-99
166   77     1.00000000000000E-99   1.00000000000000E-99
167   77     1.00000000000000E-99   1.00000000000000E-99
168   77     1.00000000000000E-99   1.00000000000000E-99
169   77     1.00000000000000E-99   1.00000000000000E-99
170   77     1.00000000000000E-99   1.00000000000000E-99
171   77     1.00000000000000E-99   1.00000000000000E-99
172   77     1.00000000000000E-99   1.00000000000000E-99
173   77     1.00000000000000E-99   1.00000000000000E-99
174   77     1.00000000000000E-99   1.00000000000000E-99
175   77     1.00000000000000E-99   1.00000000000000E-99
176   77     1.00000000000000E-99   1.00000000000000E-99
177   77     1.00000000000000E-99   1.00000000000000E-99
178   77     1.00000000000000E-99   1.00000000000000E-99
179   77     1.00000000000000E-99   1.00000000000000E-99
105   78     1.00000000000000E-99   1.00000000000000E-99
106   78     1.00000000000000E-99   1.00000000000000E-99
107   78     1.00000000000000E-99   1.00000000000000E-99
108   78     1.00000000000000E-99   1.00000000000000E-99
109   78     1.00000000000000E-99   1.00000000000000E-99
110   78     1.00000000000000E-99   1.00000000000000E-99
111   78     1.00000000000000E-99   1.00000000000000E-99
112   78     1.00000000000000E-99   1.00000000000000E-99
113   78     1.00000000000000E-99   1.00000000000000E-99
114   78     2.91949410868775E-17   5.60542868868048E-15
115   78     6.48469197015597E-21   1.25154555024010E-18
116   78     9.34804533900885E-13   1.81352079576772E-10
117   78     5.31827335527644E-06   1.03706330427891E-03
118   78     5.95226901714272E-05   1.16664472735997E-02
119   78     1.87959141177656E-04   3.70279508119982E-02
120   78     7.78340144768095E-05   1.54111348664083E-02
121   78     3.42160214344215E-05   6.80898826544989E-03
122   78     1.86049882840696E-06   3.72099765681392E-04
123   78     3.38781462176155E-08   6.80950738974072E-06
124   78     1.56426005557788E-07   3.15980531226732E-05
125   78     2.43817305569529E-12   4.94949130306144E-10
126   78     2.96317437508699E-19   6.04487572517746E-17
127   78     6.01359966835120E-16   1.23278793201200E-13
128   78     2.45761921811106E-14   5.06269558930879E-12
129   78     4.31872795964880E-23   8.93976687647302E-21
130   78     1.00000000000000E-99   1.00000000000000E-99
131   78     1.00000000000000E-99   1.00000000000000E-99
132   78     1.00000000000000E-99   1.00000000000000E-99
133   78     1.00000000000000E-99   1.00000000000000E-99
134   78     1.00000000000000E-99   1.00000000000000E-99
135   78     1.00000000000000E-99   1.00000000000000E-99
136   78     1.00000000000000E-99   1.00000000000000E-99
137   78     1.00000000000000E-99   1.00000000000000E-99
138   78     1.00000000000000E-99   1.00000000000000E-99
139   78     1.00000000000000E-99   1.00000000000000E-99
140   78     1.00000000000000E-99   1.00000000000000E-99
141   78     1.00000000000000E-99   1.00000000000000E-99
142   78     1.00000000000000E-99   1.00000000000000E-99
143   78     1.00000000000000E-99   1.00000000000000E-99
144   78     1.00000000000000E-99   1.00000000000000E-99
145   78     1.00000000000000E-99   1.00000000000000E-99
146   78     1.00000000000000E-99   1.00000000000000E-99
147   78     1.00000000000000E-99   1.00000000000000E-99
148   78     1.00000000000000E-99   1.00000000000000E-99
149   78     1.00000000000000E-99   1.00000000000000E-99
150   78     1.00000000000000E-99   1.00000000000000E-99
151   78     1.00000000000000E-99   1.00000000000000E-99
152   78     1.00000000000000E-99   1.00000000000000E-99
153   78     1.00000000000000E-99   1.00000000000000E-99
154   78     1.00000000000000E-99   1.00000000000000E-99
155   78     1.00000000000000E-99   1.00000000000000E-99
156   78     1.00000000000000E-99   1.00000000000000E-99
157   78     1.00000000000000E-99   1.00000000000000E-99
158   78     1.00000000000000E-99   1.00000000000000E-99
159   78     1.00000000000000E-99   1.00000000000000E-99
160   78     1.00000000000000E-99   1.00000000000000E-99
161   78     1.00000000000000E-99   1.00000000000000E-99
162   78     1.00000000000000E-99   1.00000000000000E-99
163   78     1.00000000000000E-99   1.00000000000000E-99
164   78     1.00000000000000E-99   1.00000000000000E-99
165   78     1.00000000000000E-99   1.00000000000000E-99
166   78     1.00000000000000E-99   1.00000000000000E-99
167   78     1.00000000000000E-99   1.00000000000000E-99
168   78     1.00000000000000E-99   1.00000000000000E-99
169   78     1.00000000000000E-99   1.00000000000000E-99
170   78     1.00000000000000E-99   1.00000000000000E-99
171   78     1.00000000000000E-99   1.00000000000000E-99
172   78     1.00000000000000E-99   1.00000000000000E-99
173   78     1.00000000000000E-99   1.00000000000000E-99
174   78     1.00000000000000E-99   1.00000000000000E-99
175   78     1.00000000000000E-99   1.00000000000000E-99
176   78     1.00000000000000E-99   1.00000000000000E-99
177   78     1.00000000000000E-99   1.00000000000000E-99
178   78     1.00000000000000E-99   1.00000000000000E-99
179   78     1.00000000000000E-99   1.00000000000000E-99
180   78     1.00000000000000E-99   1.00000000000000E-99
181   78     1.00000000000000E-99   1.00000000000000E-99
182   78     1.00000000000000E-99   1.00000000000000E-99
106   79     1.00000000000000E-99   1.00000000000000E-99
107   79     1.00000000000000E-99   1.00000000000000E-99
108   79     1.00000000000000E-99   1.00000000000000E-99
109   79     1.00000000000000E-99   1.00000000000000E-99
110   79     1.00000000000000E-99   1.00000000000000E-99
111   79     1.00000000000000E-99   1.00000000000000E-99
112   79     1.00000000000000E-99   1.00000000000000E-99
113   79     1.00000000000000E-99   1.00000000000000E-99
114   79     1.00000000000000E-99   1.00000000000000E-99
115   79     1.00000000000000E-99   1.00000000000000E-99
116   79     1.00000000000000E-99   1.00000000000000E-99
117   79     1.00000000000000E-99   1.00000000000000E-99
118   79     4.14343389884930E-07   8.16256478073312E-05
119   79     7.05065410030776E-11   1.39602951186094E-08
120   79     7.22425731692312E-06   1.43762720606770E-03
121   79     1.17046109999019E-08   2.34092219998037E-06
122   79     7.82146776247160E-08   1.57211502025679E-05
123   79     2.82064287659088E-11   5.69769861071358E-09
124   79     1.39294078679169E-09   2.82766979718714E-07
125   79     6.01175864664857E-11   1.22639876391631E-08
126   79     1.04775661751123E-12   2.14790106589803E-10
127   79     2.86198713911015E-13   5.89569350656691E-11
128   79     9.65044173488505E-14   1.99764143912121E-11
129   79     8.98677157852881E-22   1.86924848833399E-19
130   79     1.00000000000000E-99   1.00000000000000E-99
131   79     1.00000000000000E-99   1.00000000000000E-99
132   79     1.00000000000000E-99   1.00000000000000E-99
133   79     1.00000000000000E-99   1.00000000000000E-99
134   79     1.00000000000000E-99   1.00000000000000E-99
135   79     1.00000000000000E-99   1.00000000000000E-99
136   79     1.00000000000000E-99   1.00000000000000E-99
137   79     1.00000000000000E-99   1.00000000000000E-99
138   79     1.00000000000000E-99   1.00000000000000E-99
139   79     1.00000000000000E-99   1.00000000000000E-99
140   79     1.00000000000000E-99   1.00000000000000E-99
141   79     1.00000000000000E-99   1.00000000000000E-99
142   79     1.00000000000000E-99   1.00000000000000E-99
143   79     1.00000000000000E-99   1.00000000000000E-99
144   79     1.00000000000000E-99   1.00000000000000E-99
145   79     1.00000000000000E-99   1.00000000000000E-99
146   79     1.00000000000000E-99   1.00000000000000E-99
147   79     1.00000000000000E-99   1.00000000000000E-99
148   79     1.00000000000000E-99   1.00000000000000E-99
149   79     1.00000000000000E-99   1.00000000000000E-99
150   79     1.00000000000000E-99   1.00000000000000E-99
151   79     1.00000000000000E-99   1.00000000000000E-99
152   79     1.00000000000000E-99   1.00000000000000E-99
153   79     1.00000000000000E-99   1.00000000000000E-99
154   79     1.00000000000000E-99   1.00000000000000E-99
155   79     1.00000000000000E-99   1.00000000000000E-99
156   79     1.00000000000000E-99   1.00000000000000E-99
157   79     1.00000000000000E-99   1.00000000000000E-99
158   79     1.00000000000000E-99   1.00000000000000E-99
159   79     1.00000000000000E-99   1.00000000000000E-99
160   79     1.00000000000000E-99   1.00000000000000E-99
161   79     1.00000000000000E-99   1.00000000000000E-99
162   79     1.00000000000000E-99   1.00000000000000E-99
163   79     1.00000000000000E-99   1.00000000000000E-99
164   79     1.00000000000000E-99   1.00000000000000E-99
165   79     1.00000000000000E-99   1.00000000000000E-99
166   79     1.00000000000000E-99   1.00000000000000E-99
167   79     1.00000000000000E-99   1.00000000000000E-99
168   79     1.00000000000000E-99   1.00000000000000E-99
169   79     1.00000000000000E-99   1.00000000000000E-99
170   79     1.00000000000000E-99   1.00000000000000E-99
171   79     1.00000000000000E-99   1.00000000000000E-99
172   79     1.00000000000000E-99   1.00000000000000E-99
173   79     1.00000000000000E-99   1.00000000000000E-99
174   79     1.00000000000000E-99   1.00000000000000E-99
175   79     1.00000000000000E-99   1.00000000000000E-99
176   79     1.00000000000000E-99   1.00000000000000E-99
177   79     1.00000000000000E-99   1.00000000000000E-99
178   79     1.00000000000000E-99   1.00000000000000E-99
179   79     1.00000000000000E-99   1.00000000000000E-99
180   79     1.00000000000000E-99   1.00000000000000E-99
181   79     1.00000000000000E-99   1.00000000000000E-99
182   79     1.00000000000000E-99   1.00000000000000E-99
183   79     1.00000000000000E-99   1.00000000000000E-99
184   79     1.00000000000000E-99   1.00000000000000E-99
109   80     1.00000000000000E-99   1.00000000000000E-99
110   80     1.00000000000000E-99   1.00000000000000E-99
111   80     1.00000000000000E-99   1.00000000000000E-99
112   80     1.00000000000000E-99   1.00000000000000E-99
113   80     1.00000000000000E-99   1.00000000000000E-99
114   80     1.00000000000000E-99   1.00000000000000E-99
115   80     1.00000000000000E-99   1.00000000000000E-99
116   80     1.00000000000000E-99   1.00000000000000E-99
117   80     1.00000000000000E-99   1.00000000000000E-99
118   80     4.95013987575790E-14   9.80127695400065E-12
119   80     4.91942914473700E-09   9.78966399802663E-07
120   80     6.68672350371833E-10   1.33734470074367E-07
121   80     8.32845904417217E-09   1.67402026787861E-06
122   80     3.07394615933437E-10   6.20937124185544E-08
123   80     2.57484674705679E-07   5.22693889652528E-05
124   80     5.01531198419393E-07   1.02312364477556E-04
125   80     1.38206777023118E-08   2.83323892897391E-06
126   80     2.19816251302520E-07   4.52821477683192E-05
127   80     1.67044003629079E-07   3.45781087512193E-05
128   80     1.97020114518331E-06   4.09801838198129E-04
129   80     3.20816960016467E-13   6.70507446434415E-11
130   80     2.40469619798265E-10   5.04986201576357E-08
131   80     1.47415939964859E-17   3.11047633325852E-15
132   80     2.71656836963406E-21   5.75912494362420E-19
133   80     1.00000000000000E-99   1.00000000000000E-99
134   80     1.00000000000000E-99   1.00000000000000E-99
135   80     1.00000000000000E-99   1.00000000000000E-99
136   80     1.00000000000000E-99   1.00000000000000E-99
137   80     1.00000000000000E-99   1.00000000000000E-99
138   80     1.00000000000000E-99   1.00000000000000E-99
139   80     1.00000000000000E-99   1.00000000000000E-99
140   80     1.00000000000000E-99   1.00000000000000E-99
141   80     1.00000000000000E-99   1.00000000000000E-99
142   80     1.00000000000000E-99   1.00000000000000E-99
143   80     1.00000000000000E-99   1.00000000000000E-99
144   80     1.00000000000000E-99   1.00000000000000E-99
145   80     1.00000000000000E-99   1.00000000000000E-99
146   80     1.00000000000000E-99   1.00000000000000E-99
147   80     1.00000000000000E-99   1.00000000000000E-99
148   80     1.00000000000000E-99   1.00000000000000E-99
149   80     1.00000000000000E-99   1.00000000000000E-99
150   80     1.00000000000000E-99   1.00000000000000E-99
151   80     1.00000000000000E-99   1.00000000000000E-99
152   80     1.00000000000000E-99   1.00000000000000E-99
153   80     1.00000000000000E-99   1.00000000000000E-99
154   80     1.00000000000000E-99   1.00000000000000E-99
155   80     1.00000000000000E-99   1.00000000000000E-99
156   80     1.00000000000000E-99   1.00000000000000E-99
157   80     1.00000000000000E-99   1.00000000000000E-99
158   80     1.00000000000000E-99   1.00000000000000E-99
159   80     1.00000000000000E-99   1.00000000000000E-99
160   80     1.00000000000000E-99   1.00000000000000E-99
161   80     1.00000000000000E-99   1.00000000000000E-99
162   80     1.00000000000000E-99   1.00000000000000E-99
163   80     1.00000000000000E-99   1.00000000000000E-99
164   80     1.00000000000000E-99   1.00000000000000E-99
165   80     1.00000000000000E-99   1.00000000000000E-99
166   80     1.00000000000000E-99   1.00000000000000E-99
167   80     1.00000000000000E-99   1.00000000000000E-99
168   80     1.00000000000000E-99   1.00000000000000E-99
169   80     1.00000000000000E-99   1.00000000000000E-99
170   80     1.00000000000000E-99   1.00000000000000E-99
171   80     1.00000000000000E-99   1.00000000000000E-99
172   80     1.00000000000000E-99   1.00000000000000E-99
173   80     1.00000000000000E-99   1.00000000000000E-99
174   80     1.00000000000000E-99   1.00000000000000E-99
175   80     1.00000000000000E-99   1.00000000000000E-99
176   80     1.00000000000000E-99   1.00000000000000E-99
177   80     1.00000000000000E-99   1.00000000000000E-99
178   80     1.00000000000000E-99   1.00000000000000E-99
179   80     1.00000000000000E-99   1.00000000000000E-99
180   80     1.00000000000000E-99   1.00000000000000E-99
181   80     1.00000000000000E-99   1.00000000000000E-99
182   80     1.00000000000000E-99   1.00000000000000E-99
183   80     1.00000000000000E-99   1.00000000000000E-99
184   80     1.00000000000000E-99   1.00000000000000E-99
185   80     1.00000000000000E-99   1.00000000000000E-99
186   80     1.00000000000000E-99   1.00000000000000E-99
110   81     1.00000000000000E-99   1.00000000000000E-99
111   81     1.00000000000000E-99   1.00000000000000E-99
112   81     1.00000000000000E-99   1.00000000000000E-99
113   81     1.00000000000000E-99   1.00000000000000E-99
114   81     1.00000000000000E-99   1.00000000000000E-99
115   81     1.00000000000000E-99   1.00000000000000E-99
116   81     1.00000000000000E-99   1.00000000000000E-99
117   81     1.00000000000000E-99   1.00000000000000E-99
118   81     1.00000000000000E-99   1.00000000000000E-99
119   81     1.00000000000000E-99   1.00000000000000E-99
120   81     1.00000000000000E-99   1.00000000000000E-99
121   81     1.00000000000000E-99   1.00000000000000E-99
122   81     1.77490225051081E-11   3.60305156853695E-09
123   81     6.49107627608424E-16   1.32417956032119E-13
124   81     2.61619661310466E-08   5.36320305686455E-06
125   81     1.08180521581187E-07   2.22851874457245E-05
126   81     5.91753506849043E-07   1.22492975917752E-04
127   81     1.34875777834116E-07   2.80541617894961E-05
128   81     1.28328746003813E-07   2.68207079147969E-05
129   81     1.12153416854502E-08   2.35522175394455E-06
130   81     4.11714547189972E-09   8.68717694570841E-07
131   81     9.00844274600565E-12   1.90978986215320E-09
132   81     1.75239615140701E-08   3.73260380249693E-06
133   81     7.10603250212294E-16   1.52069095545431E-13
134   81     1.53283013481620E-22   3.29558478985484E-20
135   81     1.00000000000000E-99   1.00000000000000E-99
136   81     1.00000000000000E-99   1.00000000000000E-99
137   81     1.00000000000000E-99   1.00000000000000E-99
138   81     1.00000000000000E-99   1.00000000000000E-99
139   81     1.00000000000000E-99   1.00000000000000E-99
140   81     1.00000000000000E-99   1.00000000000000E-99
141   81     1.00000000000000E-99   1.00000000000000E-99
142   81     1.00000000000000E-99   1.00000000000000E-99
143   81     1.00000000000000E-99   1.00000000000000E-99
144   81     1.00000000000000E-99   1.00000000000000E-99
145   81     1.00000000000000E-99   1.00000000000000E-99
146   81     1.00000000000000E-99   1.00000000000000E-99
147   81     1.00000000000000E-99   1.00000000000000E-99
148   81     1.00000000000000E-99   1.00000000000000E-99
149   81     1.00000000000000E-99   1.00000000000000E-99
150   81     1.00000000000000E-99   1.00000000000000E-99
151   81     1.00000000000000E-99   1.00000000000000E-99
152   81     1.00000000000000E-99   1.00000000000000E-99
153   81     1.00000000000000E-99   1.00000000000000E-99
154   81     1.00000000000000E-99   1.00000000000000E-99
155   81     1.00000000000000E-99   1.00000000000000E-99
156   81     1.00000000000000E-99   1.00000000000000E-99
157   81     1.00000000000000E-99   1.00000000000000E-99
158   81     1.00000000000000E-99   1.00000000000000E-99
159   81     1.00000000000000E-99   1.00000000000000E-99
160   81     1.00000000000000E-99   1.00000000000000E-99
161   81     1.00000000000000E-99   1.00000000000000E-99
162   81     1.00000000000000E-99   1.00000000000000E-99
163   81     1.00000000000000E-99   1.00000000000000E-99
164   81     1.00000000000000E-99   1.00000000000000E-99
165   81     1.00000000000000E-99   1.00000000000000E-99
166   81     1.00000000000000E-99   1.00000000000000E-99
167   81     1.00000000000000E-99   1.00000000000000E-99
168   81     1.00000000000000E-99   1.00000000000000E-99
169   81     1.00000000000000E-99   1.00000000000000E-99
170   81     1.00000000000000E-99   1.00000000000000E-99
171   81     1.00000000000000E-99   1.00000000000000E-99
172   81     1.00000000000000E-99   1.00000000000000E-99
173   81     1.00000000000000E-99   1.00000000000000E-99
174   81     1.00000000000000E-99   1.00000000000000E-99
175   81     1.00000000000000E-99   1.00000000000000E-99
176   81     1.00000000000000E-99   1.00000000000000E-99
177   81     1.00000000000000E-99   1.00000000000000E-99
178   81     1.00000000000000E-99   1.00000000000000E-99
179   81     1.00000000000000E-99   1.00000000000000E-99
180   81     1.00000000000000E-99   1.00000000000000E-99
181   81     1.00000000000000E-99   1.00000000000000E-99
182   81     1.00000000000000E-99   1.00000000000000E-99
183   81     1.00000000000000E-99   1.00000000000000E-99
184   81     1.00000000000000E-99   1.00000000000000E-99
185   81     1.00000000000000E-99   1.00000000000000E-99
186   81     1.00000000000000E-99   1.00000000000000E-99
187   81     1.00000000000000E-99   1.00000000000000E-99
188   81     1.00000000000000E-99   1.00000000000000E-99
112   82     1.00000000000000E-99   1.00000000000000E-99
113   82     1.00000000000000E-99   1.00000000000000E-99
114   82     1.00000000000000E-99   1.00000000000000E-99
115   82     1.00000000000000E-99   1.00000000000000E-99
116   82     1.00000000000000E-99   1.00000000000000E-99
117   82     1.00000000000000E-99   1.00000000000000E-99
118   82     1.00000000000000E-99   1.00000000000000E-99
119   82     1.00000000000000E-99   1.00000000000000E-99
120   82     1.00000000000000E-99   1.00000000000000E-99
121   82     1.00000000000000E-99   1.00000000000000E-99
122   82     1.13427576417663E-21   2.31392255892033E-19
123   82     1.00000000000000E-99   1.00000000000000E-99
124   82     1.05130368046962E-07   2.16568558176742E-05
125   82     6.27314451832090E-07   1.29854091529243E-04
126   82     1.92500483381522E-07   4.00401005433567E-05
127   82     1.58940525835988E-06   3.32185698997215E-04
128   82     8.06240311498636E-07   1.69310465414714E-04
129   82     1.87774865145857E-06   3.96204965457758E-04
130   82     4.61657548553061E-06   9.78714002932490E-04
131   82     1.17031649091773E-06   2.49277412565476E-04
132   82     3.47036964751280E-06   7.42659104567739E-04
133   82     9.84179129780350E-08   2.11598512902775E-05
134   82     6.52735550855657E-07   1.40990878984822E-04
135   82     2.17720723236736E-08   4.72453969423716E-06
136   82     9.41896592843792E-09   2.05333457239947E-06
137   82     8.78647144753010E-18   1.92423724700909E-15
138   82     2.49384947805873E-25   5.48646885172921E-23
139   82     1.00000000000000E-99   1.00000000000000E-99
140   82     1.00000000000000E-99   1.00000000000000E-99
141   82     1.00000000000000E-99   1.00000000000000E-99
142   82     1.00000000000000E-99   1.00000000000000E-99
143   82     1.00000000000000E-99   1.00000000000000E-99
144   82     1.00000000000000E-99   1.00000000000000E-99
145   82     1.00000000000000E-99   1.00000000000000E-99
146   82     1.00000000000000E-99   1.00000000000000E-99
147   82     1.00000000000000E-99   1.00000000000000E-99
148   82     1.00000000000000E-99   1.00000000000000E-99
149   82     1.00000000000000E-99   1.00000000000000E-99
150   82     1.00000000000000E-99   1.00000000000000E-99
151   82     1.00000000000000E-99   1.00000000000000E-99
152   82     1.00000000000000E-99   1.00000000000000E-99
153   82     1.00000000000000E-99   1.00000000000000E-99
154   82     1.00000000000000E-99   1.00000000000000E-99
155   82     1.00000000000000E-99   1.00000000000000E-99
156   82     1.00000000000000E-99   1.00000000000000E-99
157   82     1.00000000000000E-99   1.00000000000000E-99
158   82     1.00000000000000E-99   1.00000000000000E-99
159   82     1.00000000000000E-99   1.00000000000000E-99
160   82     1.00000000000000E-99   1.00000000000000E-99
161   82     1.00000000000000E-99   1.00000000000000E-99
162   82     1.00000000000000E-99   1.00000000000000E-99
163   82     1.00000000000000E-99   1.00000000000000E-99
164   82     1.00000000000000E-99   1.00000000000000E-99
165   82     1.00000000000000E-99   1.00000000000000E-99
166   82     1.00000000000000E-99   1.00000000000000E-99
167   82     1.00000000000000E-99   1.00000000000000E-99
168   82     1.00000000000000E-99   1.00000000000000E-99
169   82     1.00000000000000E-99   1.00000000000000E-99
170   82     1.00000000000000E-99   1.00000000000000E-99
171   82     1.00000000000000E-99   1.00000000000000E-99
172   82     1.00000000000000E-99   1.00000000000000E-99
173   82     1.00000000000000E-99   1.00000000000000E-99
174   82     1.00000000000000E-99   1.00000000000000E-99
175   82     1.00000000000000E-99   1.00000000000000E-99
176   82     1.00000000000000E-99   1.00000000000000E-99
177   82     1.00000000000000E-99   1.00000000000000E-99
178   82     1.00000000000000E-99   1.00000000000000E-99
179   82     1.00000000000000E-99   1.00000000000000E-99
180   82     1.00000000000000E-99   1.00000000000000E-99
181   82     1.00000000000000E-99   1.00000000000000E-99
182   82     1.00000000000000E-99   1.00000000000000E-99
183   82     1.00000000000000E-99   1.00000000000000E-99
184   82     1.00000000000000E-99   1.00000000000000E-99
185   82     1.00000000000000E-99   1.00000000000000E-99
186   82     1.00000000000000E-99   1.00000000000000E-99
187   82     1.00000000000000E-99   1.00000000000000E-99
188   82     1.00000000000000E-99   1.00000000000000E-99
189   82     1.00000000000000E-99   1.00000000000000E-99
190   82     1.00000000000000E-99   1.00000000000000E-99
191   82     1.00000000000000E-99   1.00000000000000E-99
114   83     1.00000000000000E-99   1.00000000000000E-99
115   83     1.00000000000000E-99   1.00000000000000E-99
116   83     1.00000000000000E-99   1.00000000000000E-99
117   83     1.00000000000000E-99   1.00000000000000E-99
118   83     1.00000000000000E-99   1.00000000000000E-99
119   83     1.00000000000000E-99   1.00000000000000E-99
120   83     1.00000000000000E-99   1.00000000000000E-99
121   83     1.00000000000000E-99   1.00000000000000E-99
122   83     1.00000000000000E-99   1.00000000000000E-99
123   83     1.00000000000000E-99   1.00000000000000E-99
124   83     1.00000000000000E-99   1.00000000000000E-99
125   83     1.00000000000000E-99   1.00000000000000E-99
126   83     3.22424904929261E-08   6.73868051302156E-06
127   83     3.38312552472923E-13   7.10456360193139E-11
128   83     8.33506967915516E-08   1.75869970230174E-05
129   83     3.23755432126983E-08   6.86361516109204E-06
130   83     1.38762635092153E-06   2.95564412746287E-04
131   83     5.45649221956494E-07   1.16768933498690E-04
132   83     1.60788745153374E-06   3.45695802079755E-04
133   83     1.49148277899777E-07   3.22160280263519E-05
134   83     7.03469566599363E-08   1.52652895952062E-05
135   83     9.30558656006183E-09   2.02861787009348E-06
136   83     1.36311538073621E-12   2.98522268381230E-10
137   83     2.41223032124086E-19   5.30690670672988E-17
138   83     6.68677077285760E-23   1.47777634080153E-20
139   83     1.00000000000000E-99   1.00000000000000E-99
140   83     1.00000000000000E-99   1.00000000000000E-99
141   83     1.00000000000000E-99   1.00000000000000E-99
142   83     1.00000000000000E-99   1.00000000000000E-99
143   83     1.00000000000000E-99   1.00000000000000E-99
144   83     1.00000000000000E-99   1.00000000000000E-99
145   83     1.00000000000000E-99   1.00000000000000E-99
146   83     1.00000000000000E-99   1.00000000000000E-99
147   83     1.00000000000000E-99   1.00000000000000E-99
148   83     1.00000000000000E-99   1.00000000000000E-99
149   83     1.00000000000000E-99   1.00000000000000E-99
150   83     1.00000000000000E-99   1.00000000000000E-99
151   83     1.00000000000000E-99   1.00000000000000E-99
152   83     1.00000000000000E-99   1.00000000000000E-99
153   83     1.00000000000000E-99   1.00000000000000E-99
154   83     1.00000000000000E-99   1.00000000000000E-99
155   83     1.00000000000000E-99   1.00000000000000E-99
156   83     1.00000000000000E-99   1.00000000000000E-99
157   83     1.00000000000000E-99   1.00000000000000E-99
158   83     1.00000000000000E-99   1.00000000000000E-99
159   83     1.00000000000000E-99   1.00000000000000E-99
160   83     1.00000000000000E-99   1.00000000000000E-99
161   83     1.00000000000000E-99   1.00000000000000E-99
162   83     1.00000000000000E-99   1.00000000000000E-99
163   83     1.00000000000000E-99   1.00000000000000E-99
164   83     1.00000000000000E-99   1.00000000000000E-99
165   83     1.00000000000000E-99   1.00000000000000E-99
166   83     1.00000000000000E-99   1.00000000000000E-99
167   83     1.00000000000000E-99   1.00000000000000E-99
168   83     1.00000000000000E-99   1.00000000000000E-99
169   83     1.00000000000000E-99   1.00000000000000E-99
170   83     1.00000000000000E-99   1.00000000000000E-99
171   83     1.00000000000000E-99   1.00000000000000E-99
172   83     1.00000000000000E-99   1.00000000000000E-99
173   83     1.00000000000000E-99   1.00000000000000E-99
174   83     1.00000000000000E-99   1.00000000000000E-99
175   83     1.00000000000000E-99   1.00000000000000E-99
176   83     1.00000000000000E-99   1.00000000000000E-99
177   83     1.00000000000000E-99   1.00000000000000E-99
178   83     1.00000000000000E-99   1.00000000000000E-99
179   83     1.00000000000000E-99   1.00000000000000E-99
180   83     1.00000000000000E-99   1.00000000000000E-99
181   83     1.00000000000000E-99   1.00000000000000E-99
182   83     1.00000000000000E-99   1.00000000000000E-99
183   83     1.00000000000000E-99   1.00000000000000E-99
184   83     1.00000000000000E-99   1.00000000000000E-99
185   83     1.00000000000000E-99   1.00000000000000E-99
186   83     1.00000000000000E-99   1.00000000000000E-99
187   83     1.00000000000000E-99   1.00000000000000E-99
188   83     1.00000000000000E-99   1.00000000000000E-99
189   83     1.00000000000000E-99   1.00000000000000E-99
190   83     1.00000000000000E-99   1.00000000000000E-99
191   83     1.00000000000000E-99   1.00000000000000E-99
192   83     1.00000000000000E-99   1.00000000000000E-99
193   83     1.00000000000000E-99   1.00000000000000E-99
118   84     1.00000000000000E-99   1.00000000000000E-99
119   84     1.00000000000000E-99   1.00000000000000E-99
120   84     1.00000000000000E-99   1.00000000000000E-99
121   84     1.00000000000000E-99   1.00000000000000E-99
122   84     1.00000000000000E-99   1.00000000000000E-99
123   84     1.00000000000000E-99   1.00000000000000E-99
124   84     1.00000000000000E-99   1.00000000000000E-99
125   84     1.00000000000000E-99   1.00000000000000E-99
126   84     1.22518237934481E-16   2.57288299662411E-14
127   84     9.39540596053929E-13   1.98243065767379E-10
128   84     1.70833487792144E-18   3.62166994119344E-16
129   84     1.84287573828859E-15   3.92532532255470E-13
130   84     7.53250773696378E-14   1.61195665571025E-11
131   84     6.28554228577080E-12   1.35139159144072E-09
132   84     6.30944710663290E-10   1.36284057503271E-07
133   84     2.95757958731087E-07   6.41794770446460E-05
134   84     6.87018152209367E-07   1.49769957181642E-04
135   84     2.61675218513113E-12   5.73068728543717E-10
136   84     1.48386139899294E-07   3.26449507778446E-05
137   84     3.71484962294601E-15   8.20981766671069E-13
138   84     3.14791911655306E-12   6.98838043874779E-10
139   84     2.37493147442517E-19   5.29609718796814E-17
140   84     2.96696625955482E-20   6.64600442140280E-18
141   84     1.00000000000000E-99   1.00000000000000E-99
142   84     1.00000000000000E-99   1.00000000000000E-99
143   84     1.00000000000000E-99   1.00000000000000E-99
144   84     1.00000000000000E-99   1.00000000000000E-99
145   84     1.00000000000000E-99   1.00000000000000E-99
146   84     1.00000000000000E-99   1.00000000000000E-99
147   84     1.00000000000000E-99   1.00000000000000E-99
148   84     1.00000000000000E-99   1.00000000000000E-99
149   84     1.00000000000000E-99   1.00000000000000E-99
150   84     1.00000000000000E-99   1.00000000000000E-99
151   84     1.00000000000000E-99   1.00000000000000E-99
152   84     1.00000000000000E-99   1.00000000000000E-99
153   84     1.00000000000000E-99   1.00000000000000E-99
154   84     1.00000000000000E-99   1.00000000000000E-99
155   84     1.00000000000000E-99   1.00000000000000E-99
156   84     1.00000000000000E-99   1.00000000000000E-99
157   84     1.00000000000000E-99   1.00000000000000E-99
158   84     1.00000000000000E-99   1.00000000000000E-99
159   84     1.00000000000000E-99   1.00000000000000E-99
160   84     1.00000000000000E-99   1.00000000000000E-99
161   84     1.00000000000000E-99   1.00000000000000E-99
162   84     1.00000000000000E-99   1.00000000000000E-99
163   84     1.00000000000000E-99   1.00000000000000E-99
164   84     1.00000000000000E-99   1.00000000000000E-99
165   84     1.00000000000000E-99   1.00000000000000E-99
166   84     1.00000000000000E-99   1.00000000000000E-99
167   84     1.00000000000000E-99   1.00000000000000E-99
168   84     1.00000000000000E-99   1.00000000000000E-99
169   84     1.00000000000000E-99   1.00000000000000E-99
170   84     1.00000000000000E-99   1.00000000000000E-99
171   84     1.00000000000000E-99   1.00000000000000E-99
172   84     1.00000000000000E-99   1.00000000000000E-99
173   84     1.00000000000000E-99   1.00000000000000E-99
174   84     1.00000000000000E-99   1.00000000000000E-99
175   84     1.00000000000000E-99   1.00000000000000E-99
176   84     1.00000000000000E-99   1.00000000000000E-99
177   84     1.00000000000000E-99   1.00000000000000E-99
178   84     1.00000000000000E-99   1.00000000000000E-99
179   84     1.00000000000000E-99   1.00000000000000E-99
180   84     1.00000000000000E-99   1.00000000000000E-99
181   84     1.00000000000000E-99   1.00000000000000E-99
182   84     1.00000000000000E-99   1.00000000000000E-99
183   84     1.00000000000000E-99   1.00000000000000E-99
184   84     1.00000000000000E-99   1.00000000000000E-99
185   84     1.00000000000000E-99   1.00000000000000E-99
186   84     1.00000000000000E-99   1.00000000000000E-99
187   84     1.00000000000000E-99   1.00000000000000E-99
188   84     1.00000000000000E-99   1.00000000000000E-99
189   84     1.00000000000000E-99   1.00000000000000E-99
190   84     1.00000000000000E-99   1.00000000000000E-99
191   84     1.00000000000000E-99   1.00000000000000E-99
192   84     1.00000000000000E-99   1.00000000000000E-99
121   85     1.00000000000000E-99   1.00000000000000E-99
122   85     1.00000000000000E-99   1.00000000000000E-99
123   85     1.00000000000000E-99   1.00000000000000E-99
124   85     1.00000000000000E-99   1.00000000000000E-99
125   85     1.00000000000000E-99   1.00000000000000E-99
126   85     1.00000000000000E-99   1.00000000000000E-99
127   85     1.00000000000000E-99   1.00000000000000E-99
128   85     1.00000000000000E-99   1.00000000000000E-99
129   85     1.00000000000000E-99   1.00000000000000E-99
130   85     1.00000000000000E-99   1.00000000000000E-99
131   85     1.00000000000000E-99   1.00000000000000E-99
132   85     5.41246180978781E-11   1.17450421272395E-08
133   85     1.11634078944896E-12   2.43362292099873E-10
134   85     5.40316274410386E-09   1.18329264095874E-06
135   85     6.88034236591640E-07   1.51367532050161E-04
136   85     5.59065777742318E-08   1.23553536881052E-05
137   85     5.01409575842050E-09   1.11312925836935E-06
138   85     1.23768927804774E-09   2.76004709004645E-07
139   85     6.88055908512767E-16   1.54124523506860E-13
140   85     1.52323929860851E-21   3.42728842186914E-19
141   85     1.00000000000000E-99   1.00000000000000E-99
142   85     3.78287902105716E-25   8.58713537779976E-23
143   85     1.00000000000000E-99   1.00000000000000E-99
144   85     1.00000000000000E-99   1.00000000000000E-99
145   85     1.00000000000000E-99   1.00000000000000E-99
146   85     1.00000000000000E-99   1.00000000000000E-99
147   85     1.00000000000000E-99   1.00000000000000E-99
148   85     1.00000000000000E-99   1.00000000000000E-99
149   85     1.00000000000000E-99   1.00000000000000E-99
150   85     1.00000000000000E-99   1.00000000000000E-99
151   85     1.00000000000000E-99   1.00000000000000E-99
152   85     1.00000000000000E-99   1.00000000000000E-99
153   85     1.00000000000000E-99   1.00000000000000E-99
154   85     1.00000000000000E-99   1.00000000000000E-99
155   85     1.00000000000000E-99   1.00000000000000E-99
156   85     1.00000000000000E-99   1.00000000000000E-99
157   85     1.00000000000000E-99   1.00000000000000E-99
158   85     1.00000000000000E-99   1.00000000000000E-99
159   85     1.00000000000000E-99   1.00000000000000E-99
160   85     1.00000000000000E-99   1.00000000000000E-99
161   85     1.00000000000000E-99   1.00000000000000E-99
162   85     1.00000000000000E-99   1.00000000000000E-99
163   85     1.00000000000000E-99   1.00000000000000E-99
164   85     1.00000000000000E-99   1.00000000000000E-99
165   85     1.00000000000000E-99   1.00000000000000E-99
166   85     1.00000000000000E-99   1.00000000000000E-99
167   85     1.00000000000000E-99   1.00000000000000E-99
168   85     1.00000000000000E-99   1.00000000000000E-99
169   85     1.00000000000000E-99   1.00000000000000E-99
170   85     1.00000000000000E-99   1.00000000000000E-99
171   85     1.00000000000000E-99   1.00000000000000E-99
172   85     1.00000000000000E-99   1.00000000000000E-99
173   85     1.00000000000000E-99   1.00000000000000E-99
174   85     1.00000000000000E-99   1.00000000000000E-99
175   85     1.00000000000000E-99   1.00000000000000E-99
176   85     1.00000000000000E-99   1.00000000000000E-99
177   85     1.00000000000000E-99   1.00000000000000E-99
178   85     1.00000000000000E-99   1.00000000000000E-99
179   85     1.00000000000000E-99   1.00000000000000E-99
180   85     1.00000000000000E-99   1.00000000000000E-99
181   85     1.00000000000000E-99   1.00000000000000E-99
182   85     1.00000000000000E-99   1.00000000000000E-99
183   85     1.00000000000000E-99   1.00000000000000E-99
184   85     1.00000000000000E-99   1.00000000000000E-99
185   85     1.00000000000000E-99   1.00000000000000E-99
186   85     1.00000000000000E-99   1.00000000000000E-99
187   85     1.00000000000000E-99   1.00000000000000E-99
188   85     1.00000000000000E-99   1.00000000000000E-99
189   85     1.00000000000000E-99   1.00000000000000E-99
190   85     1.00000000000000E-99   1.00000000000000E-99
191   85     1.00000000000000E-99   1.00000000000000E-99
192   85     1.00000000000000E-99   1.00000000000000E-99
193   85     1.00000000000000E-99   1.00000000000000E-99
194   85     1.00000000000000E-99   1.00000000000000E-99
124   86     1.00000000000000E-99   1.00000000000000E-99
125   86     1.00000000000000E-99   1.00000000000000E-99
126   86     1.00000000000000E-99   1.00000000000000E-99
127   86     1.00000000000000E-99   1.00000000000000E-99
128   86     1.00000000000000E-99   1.00000000000000E-99
129   86     1.00000000000000E-99   1.00000000000000E-99
130   86     1.00000000000000E-99   1.00000000000000E-99
131   86     6.33408591870936E-17   1.37449664435993E-14
132   86     7.50086922875704E-16   1.63518949186903E-13
133   86     1.25348452784935E-11   2.74513111599008E-09
134   86     1.80444468730865E-07   3.96977831207903E-05
135   86     6.41231423479701E-07   1.41712144589014E-04
136   86     2.72674926378688E-06   6.05338336560687E-04
137   86     1.68605856493102E-06   3.75991059979617E-04
138   86     4.07544904218741E-06   9.12900585449979E-04
139   86     7.48689216823344E-07   1.68455073785252E-04
140   86     2.74668084414768E-06   6.20749870777377E-04
141   86     2.50698034884496E-12   5.69084539187806E-10
142   86     2.65094992582024E-08   6.04416583087015E-06
143   86     1.09135955225502E-14   2.49921337466400E-12
144   86     3.11723909285494E-18   7.16964991356637E-16
145   86     3.20618569598545E-25   7.40628895772640E-23
146   86     1.00000000000000E-99   1.00000000000000E-99
147   86     1.00000000000000E-99   1.00000000000000E-99
148   86     1.00000000000000E-99   1.00000000000000E-99
149   86     1.00000000000000E-99   1.00000000000000E-99
150   86     1.00000000000000E-99   1.00000000000000E-99
151   86     1.00000000000000E-99   1.00000000000000E-99
152   86     1.00000000000000E-99   1.00000000000000E-99
153   86     1.00000000000000E-99   1.00000000000000E-99
154   86     1.00000000000000E-99   1.00000000000000E-99
155   86     1.00000000000000E-99   1.00000000000000E-99
156   86     1.00000000000000E-99   1.00000000000000E-99
157   86     1.00000000000000E-99   1.00000000000000E-99
158   86     1.00000000000000E-99   1.00000000000000E-99
159   86     1.00000000000000E-99   1.00000000000000E-99
160   86     1.00000000000000E-99   1.00000000000000E-99
161   86     1.00000000000000E-99   1.00000000000000E-99
162   86     1.00000000000000E-99   1.00000000000000E-99
163   86     1.00000000000000E-99   1.00000000000000E-99
164   86     1.00000000000000E-99   1.00000000000000E-99
165   86     1.00000000000000E-99   1.00000000000000E-99
166   86     1.00000000000000E-99   1.00000000000000E-99
167   86     1.00000000000000E-99   1.00000000000000E-99
168   86     1.00000000000000E-99   1.00000000000000E-99
169   86     1.00000000000000E-99   1.00000000000000E-99
170   86     1.00000000000000E-99   1.00000000000000E-99
171   86     1.00000000000000E-99   1.00000000000000E-99
172   86     1.00000000000000E-99   1.00000000000000E-99
173   86     1.00000000000000E-99   1.00000000000000E-99
174   86     1.00000000000000E-99   1.00000000000000E-99
175   86     1.00000000000000E-99   1.00000000000000E-99
176   86     1.00000000000000E-99   1.00000000000000E-99
177   86     1.00000000000000E-99   1.00000000000000E-99
178   86     1.00000000000000E-99   1.00000000000000E-99
179   86     1.00000000000000E-99   1.00000000000000E-99
180   86     1.00000000000000E-99   1.00000000000000E-99
181   86     1.00000000000000E-99   1.00000000000000E-99
182   86     1.00000000000000E-99   1.00000000000000E-99
183   86     1.00000000000000E-99   1.00000000000000E-99
126   87     1.00000000000000E-99   1.00000000000000E-99
127   87     1.00000000000000E-99   1.00000000000000E-99
128   87     1.00000000000000E-99   1.00000000000000E-99
129   87     1.00000000000000E-99   1.00000000000000E-99
130   87     1.00000000000000E-99   1.00000000000000E-99
131   87     1.00000000000000E-99   1.00000000000000E-99
132   87     1.00000000000000E-99   1.00000000000000E-99
133   87     1.00000000000000E-99   1.00000000000000E-99
134   87     5.84921626337682E-08   1.29267679420628E-05
135   87     1.76349716948854E-11   3.91496371626456E-09
136   87     3.72047218534855E-07   8.29665297332727E-05
137   87     1.08796330308566E-07   2.43703779891188E-05
138   87     8.84027304809538E-07   1.98906143582146E-04
139   87     3.40326069730137E-07   7.69136917590109E-05
140   87     3.47983807554215E-07   7.89923243148067E-05
141   87     3.66608075534751E-08   8.35866412219233E-06
142   87     4.13981224595610E-09   9.48017004323947E-07
143   87     1.51907729888438E-13   3.49387778743408E-11
144   87     8.48417847683040E-15   1.95984522814782E-12
145   87     1.25360186969984E-20   2.90835633770364E-18
146   87     3.85862995575924E-22   8.99060779691903E-20
147   87     1.00000000000000E-99   1.00000000000000E-99
148   87     1.00000000000000E-99   1.00000000000000E-99
149   87     1.00000000000000E-99   1.00000000000000E-99
150   87     1.00000000000000E-99   1.00000000000000E-99
151   87     1.00000000000000E-99   1.00000000000000E-99
152   87     1.00000000000000E-99   1.00000000000000E-99
153   87     1.00000000000000E-99   1.00000000000000E-99
154   87     1.00000000000000E-99   1.00000000000000E-99
155   87     1.00000000000000E-99   1.00000000000000E-99
156   87     1.00000000000000E-99   1.00000000000000E-99
157   87     1.00000000000000E-99   1.00000000000000E-99
158   87     1.00000000000000E-99   1.00000000000000E-99
159   87     1.00000000000000E-99   1.00000000000000E-99
160   87     1.00000000000000E-99   1.00000000000000E-99
161   87     1.00000000000000E-99   1.00000000000000E-99
162   87     1.00000000000000E-99   1.00000000000000E-99
163   87     1.00000000000000E-99   1.00000000000000E-99
164   87     1.00000000000000E-99   1.00000000000000E-99
165   87     1.00000000000000E-99   1.00000000000000E-99
166   87     1.00000000000000E-99   1.00000000000000E-99
167   87     1.00000000000000E-99   1.00000000000000E-99
168   87     1.00000000000000E-99   1.00000000000000E-99
169   87     1.00000000000000E-99   1.00000000000000E-99
170   87     1.00000000000000E-99   1.00000000000000E-99
171   87     1.00000000000000E-99   1.00000000000000E-99
172   87     1.00000000000000E-99   1.00000000000000E-99
173   87     1.00000000000000E-99   1.00000000000000E-99
174   87     1.00000000000000E-99   1.00000000000000E-99
175   87     1.00000000000000E-99   1.00000000000000E-99
176   87     1.00000000000000E-99   1.00000000000000E-99
177   87     1.00000000000000E-99   1.00000000000000E-99
178   87     1.00000000000000E-99   1.00000000000000E-99
179   87     1.00000000000000E-99   1.00000000000000E-99
180   87     1.00000000000000E-99   1.00000000000000E-99
181   87     1.00000000000000E-99   1.00000000000000E-99
182   87     1.00000000000000E-99   1.00000000000000E-99
183   87     1.00000000000000E-99   1.00000000000000E-99
191   87     1.00000000000000E-99   1.00000000000000E-99
193   87     1.00000000000000E-99   1.00000000000000E-99
129   88     1.00000000000000E-99   1.00000000000000E-99
130   88     1.00000000000000E-99   1.00000000000000E-99
131   88     1.00000000000000E-99   1.00000000000000E-99
132   88     1.00000000000000E-99   1.00000000000000E-99
133   88     1.00000000000000E-99   1.00000000000000E-99
134   88     7.86092096100476E-13   1.74512445334306E-10
135   88     5.14624909952433E-08   1.14761354919392E-05
136   88     1.31622107439728E-07   2.94833520664991E-05
137   88     1.20788542069680E-06   2.71774219656781E-04
138   88     3.35139501436627E-06   7.57415273246776E-04
139   88     3.07390135882531E-06   6.97775608453345E-04
140   88     8.76961489420795E-06   1.99947219587941E-03
141   88     1.58273446106706E-06   3.62446191584357E-04
142   88     9.95539285162672E-06   2.28974035587415E-03
143   88     2.83055266819685E-07   6.53857666353472E-05
144   88     3.50218191561620E-06   8.12506204422957E-04
145   88     8.00400561138895E-11   1.86493330745363E-08
146   88     7.83403846237891E-11   1.83316500019666E-08
147   88     2.70310648277053E-17   6.35230023451076E-15
148   88     7.22524734266801E-19   1.70515837286965E-16
149   88     1.00000000000000E-99   1.00000000000000E-99
150   88     1.00000000000000E-99   1.00000000000000E-99
151   88     1.00000000000000E-99   1.00000000000000E-99
152   88     1.00000000000000E-99   1.00000000000000E-99
153   88     1.00000000000000E-99   1.00000000000000E-99
154   88     1.00000000000000E-99   1.00000000000000E-99
155   88     1.00000000000000E-99   1.00000000000000E-99
156   88     1.00000000000000E-99   1.00000000000000E-99
157   88     1.00000000000000E-99   1.00000000000000E-99
158   88     1.00000000000000E-99   1.00000000000000E-99
159   88     1.00000000000000E-99   1.00000000000000E-99
160   88     1.00000000000000E-99   1.00000000000000E-99
161   88     1.00000000000000E-99   1.00000000000000E-99
162   88     1.00000000000000E-99   1.00000000000000E-99
163   88     1.00000000000000E-99   1.00000000000000E-99
164   88     1.00000000000000E-99   1.00000000000000E-99
165   88     1.00000000000000E-99   1.00000000000000E-99
166   88     1.00000000000000E-99   1.00000000000000E-99
167   88     1.00000000000000E-99   1.00000000000000E-99
168   88     1.00000000000000E-99   1.00000000000000E-99
169   88     1.00000000000000E-99   1.00000000000000E-99
170   88     1.00000000000000E-99   1.00000000000000E-99
171   88     1.00000000000000E-99   1.00000000000000E-99
172   88     1.00000000000000E-99   1.00000000000000E-99
173   88     1.00000000000000E-99   1.00000000000000E-99
174   88     1.00000000000000E-99   1.00000000000000E-99
175   88     1.00000000000000E-99   1.00000000000000E-99
176   88     1.00000000000000E-99   1.00000000000000E-99
177   88     1.00000000000000E-99   1.00000000000000E-99
178   88     1.00000000000000E-99   1.00000000000000E-99
179   88     1.00000000000000E-99   1.00000000000000E-99
180   88     1.00000000000000E-99   1.00000000000000E-99
181   88     1.00000000000000E-99   1.00000000000000E-99
182   88     1.00000000000000E-99   1.00000000000000E-99
183   88     1.00000000000000E-99   1.00000000000000E-99
130   89     1.00000000000000E-99   1.00000000000000E-99
131   89     1.00000000000000E-99   1.00000000000000E-99
132   89     1.00000000000000E-99   1.00000000000000E-99
133   89     1.00000000000000E-99   1.00000000000000E-99
134   89     1.00000000000000E-99   1.00000000000000E-99
135   89     1.00000000000000E-99   1.00000000000000E-99
136   89     1.48614996672373E-10   3.34383742512839E-08
137   89     1.22061477659257E-14   2.75858939509920E-12
138   89     3.07977021841543E-07   6.99107839580302E-05
139   89     9.48461347305437E-11   2.16249187185640E-08
140   89     4.06280369456784E-06   9.30382046056036E-04
141   89     2.09326986423819E-07   4.81452068774785E-05
142   89     4.83594801970668E-06   1.11710399255224E-03
143   89     2.53115150803903E-06   5.87227149865056E-04
144   89     1.27741686809993E-06   2.97638130267283E-04
145   89     1.16954756257977E-08   2.73674129643667E-06
146   89     3.49873188341335E-08   8.22201992602136E-06
147   89     6.42692019449576E-14   1.51675316590100E-11
148   89     1.82593469127589E-19   4.32746521832385E-17
149   89     1.00000000000000E-99   1.00000000000000E-99
150   89     1.00000000000000E-99   1.00000000000000E-99
151   89     1.00000000000000E-99   1.00000000000000E-99
152   89     1.00000000000000E-99   1.00000000000000E-99
153   89     1.00000000000000E-99   1.00000000000000E-99
154   89     1.00000000000000E-99   1.00000000000000E-99
155   89     1.00000000000000E-99   1.00000000000000E-99
156   89     1.00000000000000E-99   1.00000000000000E-99
157   89     1.00000000000000E-99   1.00000000000000E-99
158   89     1.00000000000000E-99   1.00000000000000E-99
159   89     1.00000000000000E-99   1.00000000000000E-99
160   89     1.00000000000000E-99   1.00000000000000E-99
161   89     1.00000000000000E-99   1.00000000000000E-99
162   89     1.00000000000000E-99   1.00000000000000E-99
163   89     1.00000000000000E-99   1.00000000000000E-99
164   89     1.00000000000000E-99   1.00000000000000E-99
165   89     1.00000000000000E-99   1.00000000000000E-99
166   89     1.00000000000000E-99   1.00000000000000E-99
167   89     1.00000000000000E-99   1.00000000000000E-99
168   89     1.00000000000000E-99   1.00000000000000E-99
169   89     1.00000000000000E-99   1.00000000000000E-99
170   89     1.00000000000000E-99   1.00000000000000E-99
171   89     1.00000000000000E-99   1.00000000000000E-99
172   89     1.00000000000000E-99   1.00000000000000E-99
173   89     1.00000000000000E-99   1.00000000000000E-99
174   89     1.00000000000000E-99   1.00000000000000E-99
175   89     1.00000000000000E-99   1.00000000000000E-99
176   89     1.00000000000000E-99   1.00000000000000E-99
177   89     1.00000000000000E-99   1.00000000000000E-99
178   89     1.00000000000000E-99   1.00000000000000E-99
179   89     1.00000000000000E-99   1.00000000000000E-99
180   89     1.00000000000000E-99   1.00000000000000E-99
181   89     1.00000000000000E-99   1.00000000000000E-99
182   89     1.00000000000000E-99   1.00000000000000E-99
183   89     1.00000000000000E-99   1.00000000000000E-99
185   89     1.00000000000000E-99   1.00000000000000E-99
187   89     1.00000000000000E-99   1.00000000000000E-99
188   89     1.00000000000000E-99   1.00000000000000E-99
189   89     1.00000000000000E-99   1.00000000000000E-99
190   89     1.00000000000000E-99   1.00000000000000E-99
191   89     1.00000000000000E-99   1.00000000000000E-99
192   89     1.00000000000000E-99   1.00000000000000E-99
193   89     1.00000000000000E-99   1.00000000000000E-99
195   89     1.00000000000000E-99   1.00000000000000E-99
197   89     1.00000000000000E-99   1.00000000000000E-99
198   89     1.00000000000000E-99   1.00000000000000E-99
199   89     1.00000000000000E-99   1.00000000000000E-99
132   90     1.00000000000000E-99   1.00000000000000E-99
133   90     1.00000000000000E-99   1.00000000000000E-99
134   90     1.00000000000000E-99   1.00000000000000E-99
135   90     1.00000000000000E-99   1.00000000000000E-99
136   90     1.53500123438102E-17   3.46910278970109E-15
137   90     6.27493807899678E-14   1.42441094393227E-11
138   90     8.97436630166165E-13   2.04615551677886E-10
139   90     2.21124358111279E-07   5.06374780074828E-05
140   90     4.43531853662253E-07   1.02012326342318E-04
141   90     3.83429902037478E-06   8.85723073706573E-04
142   90     9.44082840378806E-06   2.19027218967883E-03
143   90     1.00122323624890E-05   2.33285014045993E-03
144   90     1.89700514841877E-05   4.43899204729993E-03
145   90     8.03450280271745E-06   1.88810815863860E-03
146   90     2.44543367475173E-05   5.77122347241409E-03
147   90     6.61795498312961E-06   1.56845533100172E-03
148   90     1.43857003633142E-05   3.42379668646879E-03
149   90     5.57470832633978E-12   1.33235528999521E-09
150   90     2.69603527205320E-10   6.47048465292768E-08
151   90     3.23826080104898E-12   7.80420853052805E-10
152   90     2.97791381121083E-17   7.20655142313020E-15
153   90     3.86907441127403E-25   9.40185081939590E-23
154   90     1.00000000000000E-99   1.00000000000000E-99
155   90     1.00000000000000E-99   1.00000000000000E-99
156   90     1.00000000000000E-99   1.00000000000000E-99
157   90     1.00000000000000E-99   1.00000000000000E-99
158   90     1.00000000000000E-99   1.00000000000000E-99
159   90     1.00000000000000E-99   1.00000000000000E-99
160   90     1.00000000000000E-99   1.00000000000000E-99
161   90     1.00000000000000E-99   1.00000000000000E-99
162   90     1.00000000000000E-99   1.00000000000000E-99
163   90     1.00000000000000E-99   1.00000000000000E-99
164   90     1.00000000000000E-99   1.00000000000000E-99
165   90     1.00000000000000E-99   1.00000000000000E-99
166   90     1.00000000000000E-99   1.00000000000000E-99
167   90     1.00000000000000E-99   1.00000000000000E-99
168   90     1.00000000000000E-99   1.00000000000000E-99
169   90     1.00000000000000E-99   1.00000000000000E-99
170   90     1.00000000000000E-99   1.00000000000000E-99
171   90     1.00000000000000E-99   1.00000000000000E-99
172   90     1.00000000000000E-99   1.00000000000000E-99
173   90     1.00000000000000E-99   1.00000000000000E-99
174   90     1.00000000000000E-99   1.00000000000000E-99
175   90     1.00000000000000E-99   1.00000000000000E-99
176   90     1.00000000000000E-99   1.00000000000000E-99
177   90     1.00000000000000E-99   1.00000000000000E-99
178   90     1.00000000000000E-99   1.00000000000000E-99
179   90     1.00000000000000E-99   1.00000000000000E-99
180   90     1.00000000000000E-99   1.00000000000000E-99
181   90     1.00000000000000E-99   1.00000000000000E-99
182   90     1.00000000000000E-99   1.00000000000000E-99
183   90     1.00000000000000E-99   1.00000000000000E-99
189   90     1.00000000000000E-99   1.00000000000000E-99
190   90     1.00000000000000E-99   1.00000000000000E-99
191   90     1.00000000000000E-99   1.00000000000000E-99
192   90     1.00000000000000E-99   1.00000000000000E-99
193   90     1.00000000000000E-99   1.00000000000000E-99
195   90     1.00000000000000E-99   1.00000000000000E-99
197   90     1.00000000000000E-99   1.00000000000000E-99
202   90     1.00000000000000E-99   1.00000000000000E-99
203   90     1.00000000000000E-99   1.00000000000000E-99
134   91     1.00000000000000E-99   1.00000000000000E-99
135   91     1.00000000000000E-99   1.00000000000000E-99
136   91     1.00000000000000E-99   1.00000000000000E-99
137   91     1.00000000000000E-99   1.00000000000000E-99
138   91     1.00000000000000E-99   1.00000000000000E-99
139   91     1.00000000000000E-99   1.00000000000000E-99
140   91     6.83100780796093E-09   1.57796280363897E-06
141   91     6.52189141591583E-13   1.51307880849247E-10
142   91     1.95287725865820E-06   4.55020401267361E-04
143   91     3.30129062774394E-09   7.72502006892081E-07
144   91     7.48302462517347E-06   1.75851078691577E-03
145   91     3.13403669915860E-06   7.39632661001430E-04
146   91     1.21860883324178E-05   2.88810293478303E-03
147   91     4.01193604138372E-06   9.54840777849325E-04
148   91     3.66657787508406E-05   8.76312112145091E-03
149   91     5.73732980134439E-10   1.37695915232265E-07
150   91     9.80637021133009E-08   2.36333522093055E-05
151   91     8.45827251938186E-11   2.04690194969041E-08
152   91     4.24102191578853E-11   1.03056832553661E-08
153   91     1.88026969078516E-17   4.58785804551579E-15
154   91     3.95342301305096E-23   9.68588638197484E-21
155   91     1.00000000000000E-99   1.00000000000000E-99
156   91     1.00000000000000E-99   1.00000000000000E-99
157   91     1.00000000000000E-99   1.00000000000000E-99
158   91     1.00000000000000E-99   1.00000000000000E-99
159   91     1.00000000000000E-99   1.00000000000000E-99
160   91     1.00000000000000E-99   1.00000000000000E-99
161   91     1.00000000000000E-99   1.00000000000000E-99
162   91     1.00000000000000E-99   1.00000000000000E-99
163   91     1.00000000000000E-99   1.00000000000000E-99
164   91     1.00000000000000E-99   1.00000000000000E-99
165   91     1.00000000000000E-99   1.00000000000000E-99
166   91     1.00000000000000E-99   1.00000000000000E-99
167   91     1.00000000000000E-99   1.00000000000000E-99
168   91     1.00000000000000E-99   1.00000000000000E-99
169   91     1.00000000000000E-99   1.00000000000000E-99
170   91     1.00000000000000E-99   1.00000000000000E-99
171   91     1.00000000000000E-99   1.00000000000000E-99
172   91     1.00000000000000E-99   1.00000000000000E-99
173   91     1.00000000000000E-99   1.00000000000000E-99
174   91     1.00000000000000E-99   1.00000000000000E-99
175   91     1.00000000000000E-99   1.00000000000000E-99
176   91     1.00000000000000E-99   1.00000000000000E-99
177   91     1.00000000000000E-99   1.00000000000000E-99
178   91     1.00000000000000E-99   1.00000000000000E-99
179   91     1.00000000000000E-99   1.00000000000000E-99
180   91     1.00000000000000E-99   1.00000000000000E-99
181   91     1.00000000000000E-99   1.00000000000000E-99
182   91     1.00000000000000E-99   1.00000000000000E-99
183   91     1.00000000000000E-99   1.00000000000000E-99
184   91     1.00000000000000E-99   1.00000000000000E-99
185   91     1.00000000000000E-99   1.00000000000000E-99
187   91     1.00000000000000E-99   1.00000000000000E-99
188   91     1.00000000000000E-99   1.00000000000000E-99
189   91     1.00000000000000E-99   1.00000000000000E-99
190   91     1.00000000000000E-99   1.00000000000000E-99
191   91     1.00000000000000E-99   1.00000000000000E-99
192   91     1.00000000000000E-99   1.00000000000000E-99
193   91     1.00000000000000E-99   1.00000000000000E-99
194   91     1.00000000000000E-99   1.00000000000000E-99
195   91     1.00000000000000E-99   1.00000000000000E-99
196   91     1.00000000000000E-99   1.00000000000000E-99
197   91     1.00000000000000E-99   1.00000000000000E-99
201   91     1.00000000000000E-99   1.00000000000000E-99
203   91     1.00000000000000E-99   1.00000000000000E-99
205   91     1.00000000000000E-99   1.00000000000000E-99
135   92     1.00000000000000E-99   1.00000000000000E-99
136   92     1.00000000000000E-99   1.00000000000000E-99
137   92     1.00000000000000E-99   1.00000000000000E-99
138   92     1.00000000000000E-99   1.00000000000000E-99
139   92     1.00000000000000E-99   1.00000000000000E-99
140   92     1.00000000000000E-99   1.00000000000000E-99
141   92     1.17986525908355E-10   2.74908605366468E-08
142   92     2.30035151847185E-11   5.38282255322413E-09
143   92     9.74137711120538E-07   2.28922362113326E-04
144   92     1.21464534072830E-06   2.86656300411879E-04
145   92     6.36697412958627E-06   1.50897286871195E-03
146   92     9.76170768113265E-06   2.32328642810957E-03
147   92     1.90023330225118E-06   4.54155759238031E-04
148   92     3.86893701736080E-05   9.28544884166593E-03
149   92     7.34622269715205E-07   1.77043967001364E-04
150   92     1.78749437325098E-05   4.32573638326737E-03
151   92     4.46323334209533E-06   1.08456570212916E-03
152   92     3.50235084969033E-06   8.54573607324439E-04
153   92     8.49039583888573E-13   2.08014698052700E-10
154   92     2.05207258698174E-14   5.04809856397507E-12
155   92     5.41474583572423E-22   1.33744222142389E-19
156   92     1.59189013972120E-24   3.94788754650857E-22
157   92     1.00000000000000E-99   1.00000000000000E-99
158   92     1.00000000000000E-99   1.00000000000000E-99
159   92     1.00000000000000E-99   1.00000000000000E-99
160   92     1.00000000000000E-99   1.00000000000000E-99
161   92     1.00000000000000E-99   1.00000000000000E-99
162   92     1.00000000000000E-99   1.00000000000000E-99
163   92     1.00000000000000E-99   1.00000000000000E-99
164   92     1.00000000000000E-99   1.00000000000000E-99
165   92     1.00000000000000E-99   1.00000000000000E-99
166   92     1.00000000000000E-99   1.00000000000000E-99
167   92     1.00000000000000E-99   1.00000000000000E-99
168   92     1.00000000000000E-99   1.00000000000000E-99
169   92     1.00000000000000E-99   1.00000000000000E-99
170   92     1.00000000000000E-99   1.00000000000000E-99
171   92     1.00000000000000E-99   1.00000000000000E-99
172   92     1.00000000000000E-99   1.00000000000000E-99
173   92     1.00000000000000E-99   1.00000000000000E-99
174   92     1.00000000000000E-99   1.00000000000000E-99
175   92     1.00000000000000E-99   1.00000000000000E-99
176   92     1.00000000000000E-99   1.00000000000000E-99
177   92     1.00000000000000E-99   1.00000000000000E-99
178   92     1.00000000000000E-99   1.00000000000000E-99
179   92     1.00000000000000E-99   1.00000000000000E-99
180   92     1.00000000000000E-99   1.00000000000000E-99
181   92     1.00000000000000E-99   1.00000000000000E-99
182   92     1.00000000000000E-99   1.00000000000000E-99
183   92     1.00000000000000E-99   1.00000000000000E-99
184   92     1.00000000000000E-99   1.00000000000000E-99
185   92     1.00000000000000E-99   1.00000000000000E-99
186   92     1.00000000000000E-99   1.00000000000000E-99
187   92     1.00000000000000E-99   1.00000000000000E-99
188   92     1.00000000000000E-99   1.00000000000000E-99
189   92     1.00000000000000E-99   1.00000000000000E-99
190   92     1.00000000000000E-99   1.00000000000000E-99
191   92     1.00000000000000E-99   1.00000000000000E-99
192   92     1.00000000000000E-99   1.00000000000000E-99
193   92     1.00000000000000E-99   1.00000000000000E-99
194   92     1.00000000000000E-99   1.00000000000000E-99
195   92     1.00000000000000E-99   1.00000000000000E-99
196   92     1.00000000000000E-99   1.00000000000000E-99
197   92     1.00000000000000E-99   1.00000000000000E-99
199   92     1.00000000000000E-99   1.00000000000000E-99
201   92     1.00000000000000E-99   1.00000000000000E-99
203   92     1.00000000000000E-99   1.00000000000000E-99
137   93     1.00000000000000E-99   1.00000000000000E-99
138   93     1.00000000000000E-99   1.00000000000000E-99
139   93     1.00000000000000E-99   1.00000000000000E-99
140   93     1.00000000000000E-99   1.00000000000000E-99
141   93     1.00000000000000E-99   1.00000000000000E-99
142   93     1.00000000000000E-99   1.00000000000000E-99
143   93     1.00000000000000E-99   1.00000000000000E-99
144   93     1.63348338616455E-09   3.87135562520999E-07
145   93     1.56235816730543E-13   3.71841243818693E-11
146   93     2.65251352966613E-07   6.33950733590204E-05
147   93     2.42672615793950E-07   5.82414277905480E-05
148   93     2.07169587916482E-05   4.99278706878722E-03
149   93     2.39828144468047E-06   5.80384109612673E-04
150   93     1.54658963316238E-06   3.75821280858458E-04
151   93     4.37302296350146E-06   1.06701760309436E-03
152   93     9.92032932239547E-11   2.43048068398689E-08
153   93     1.63841620884201E-14   4.03050387375135E-12
154   93     9.62758084582959E-20   2.37801246891991E-17
155   93     2.16798009504586E-12   5.37659063571374E-10
156   93     1.64051177102030E-15   4.08487430984055E-13
157   93     3.84007772176897E-21   9.60019430442243E-19
158   93     1.00000000000000E-99   1.00000000000000E-99
159   93     1.00000000000000E-99   1.00000000000000E-99
160   93     1.00000000000000E-99   1.00000000000000E-99
161   93     1.00000000000000E-99   1.00000000000000E-99
162   93     1.00000000000000E-99   1.00000000000000E-99
163   93     1.00000000000000E-99   1.00000000000000E-99
164   93     1.00000000000000E-99   1.00000000000000E-99
165   93     1.00000000000000E-99   1.00000000000000E-99
166   93     1.00000000000000E-99   1.00000000000000E-99
167   93     1.00000000000000E-99   1.00000000000000E-99
168   93     1.00000000000000E-99   1.00000000000000E-99
169   93     1.00000000000000E-99   1.00000000000000E-99
170   93     1.00000000000000E-99   1.00000000000000E-99
171   93     1.00000000000000E-99   1.00000000000000E-99
172   93     1.00000000000000E-99   1.00000000000000E-99
173   93     1.00000000000000E-99   1.00000000000000E-99
174   93     1.00000000000000E-99   1.00000000000000E-99
175   93     1.00000000000000E-99   1.00000000000000E-99
176   93     1.00000000000000E-99   1.00000000000000E-99
177   93     1.00000000000000E-99   1.00000000000000E-99
178   93     1.00000000000000E-99   1.00000000000000E-99
179   93     1.00000000000000E-99   1.00000000000000E-99
180   93     1.00000000000000E-99   1.00000000000000E-99
181   93     1.00000000000000E-99   1.00000000000000E-99
182   93     1.00000000000000E-99   1.00000000000000E-99
183   93     1.00000000000000E-99   1.00000000000000E-99
184   93     1.00000000000000E-99   1.00000000000000E-99
185   93     1.00000000000000E-99   1.00000000000000E-99
186   93     1.00000000000000E-99   1.00000000000000E-99
187   93     1.00000000000000E-99   1.00000000000000E-99
188   93     1.00000000000000E-99   1.00000000000000E-99
189   93     1.00000000000000E-99   1.00000000000000E-99
190   93     1.00000000000000E-99   1.00000000000000E-99
191   93     1.00000000000000E-99   1.00000000000000E-99
192   93     1.00000000000000E-99   1.00000000000000E-99
193   93     1.00000000000000E-99   1.00000000000000E-99
194   93     1.00000000000000E-99   1.00000000000000E-99
195   93     1.00000000000000E-99   1.00000000000000E-99
197   93     1.00000000000000E-99   1.00000000000000E-99
199   93     1.00000000000000E-99   1.00000000000000E-99
200   93     1.00000000000000E-99   1.00000000000000E-99
201   93     1.00000000000000E-99   1.00000000000000E-99
202   93     1.00000000000000E-99   1.00000000000000E-99
203   93     1.00000000000000E-99   1.00000000000000E-99
205   93     1.00000000000000E-99   1.00000000000000E-99
206   93     1.00000000000000E-99   1.00000000000000E-99
207   93     1.00000000000000E-99   1.00000000000000E-99
209   93     1.00000000000000E-99   1.00000000000000E-99
139   94     1.00000000000000E-99   1.00000000000000E-99
140   94     1.00000000000000E-99   1.00000000000000E-99
141   94     1.00000000000000E-99   1.00000000000000E-99
142   94     1.00000000000000E-99   1.00000000000000E-99
143   94     1.00000000000000E-99   1.00000000000000E-99
144   94     1.44953732763464E-16   3.44989883977045E-14
145   94     1.66999571767955E-10   3.99128976525412E-08
146   94     1.12285178840180E-08   2.69484429216432E-06
147   94     6.73101206104402E-06   1.62217390671161E-03
148   94     4.85199515032757E-06   1.17418282637927E-03
149   94     7.24296066681184E-06   1.76003944203528E-03
150   94     1.50171464006790E-05   3.66418372176568E-03
151   94     1.06902319741951E-05   2.61910683367780E-03
152   94     2.10369053875707E-05   5.17507872534239E-03
153   94     5.88914202906996E-06   1.45461808118028E-03
154   94     6.01934259104708E-06   1.49279696257968E-03
155   94     3.17775969333051E-07   7.91262163639296E-05
156   94     6.92762991998546E-08   1.73190747999637E-05
157   94     2.96476352418510E-08   7.44155644570460E-06
158   94     1.71819362473995E-13   4.32984793434467E-11
159   94     1.28973440942621E-19   3.26302805584832E-17
160   94     3.01130962099946E-18   7.64872643733864E-16
161   94     2.11798553006746E-25   5.40086310167202E-23
162   94     1.00000000000000E-99   1.00000000000000E-99
163   94     1.00000000000000E-99   1.00000000000000E-99
164   94     1.00000000000000E-99   1.00000000000000E-99
165   94     1.00000000000000E-99   1.00000000000000E-99
166   94     1.00000000000000E-99   1.00000000000000E-99
167   94     1.00000000000000E-99   1.00000000000000E-99
168   94     1.00000000000000E-99   1.00000000000000E-99
169   94     1.00000000000000E-99   1.00000000000000E-99
170   94     1.00000000000000E-99   1.00000000000000E-99
171   94     1.00000000000000E-99   1.00000000000000E-99
172   94     1.00000000000000E-99   1.00000000000000E-99
173   94     1.00000000000000E-99   1.00000000000000E-99
174   94     1.00000000000000E-99   1.00000000000000E-99
175   94     1.00000000000000E-99   1.00000000000000E-99
176   94     1.00000000000000E-99   1.00000000000000E-99
177   94     1.00000000000000E-99   1.00000000000000E-99
178   94     1.00000000000000E-99   1.00000000000000E-99
179   94     1.00000000000000E-99   1.00000000000000E-99
180   94     1.00000000000000E-99   1.00000000000000E-99
181   94     1.00000000000000E-99   1.00000000000000E-99
182   94     1.00000000000000E-99   1.00000000000000E-99
183   94     1.00000000000000E-99   1.00000000000000E-99
184   94     1.00000000000000E-99   1.00000000000000E-99
185   94     1.00000000000000E-99   1.00000000000000E-99
186   94     1.00000000000000E-99   1.00000000000000E-99
187   94     1.00000000000000E-99   1.00000000000000E-99
188   94     1.00000000000000E-99   1.00000000000000E-99
189   94     1.00000000000000E-99   1.00000000000000E-99
190   94     1.00000000000000E-99   1.00000000000000E-99
191   94     1.00000000000000E-99   1.00000000000000E-99
192   94     1.00000000000000E-99   1.00000000000000E-99
193   94     1.00000000000000E-99   1.00000000000000E-99
194   94     1.00000000000000E-99   1.00000000000000E-99
195   94     1.00000000000000E-99   1.00000000000000E-99
196   94     1.00000000000000E-99   1.00000000000000E-99
197   94     1.00000000000000E-99   1.00000000000000E-99
198   94     1.00000000000000E-99   1.00000000000000E-99
199   94     1.00000000000000E-99   1.00000000000000E-99
200   94     1.00000000000000E-99   1.00000000000000E-99
201   94     1.00000000000000E-99   1.00000000000000E-99
203   94     1.00000000000000E-99   1.00000000000000E-99
205   94     1.00000000000000E-99   1.00000000000000E-99
207   94     1.00000000000000E-99   1.00000000000000E-99
209   94     1.00000000000000E-99   1.00000000000000E-99
141   95     1.00000000000000E-99   1.00000000000000E-99
142   95     1.00000000000000E-99   1.00000000000000E-99
143   95     1.00000000000000E-99   1.00000000000000E-99
144   95     1.00000000000000E-99   1.00000000000000E-99
145   95     1.00000000000000E-99   1.00000000000000E-99
146   95     2.08668337245755E-12   5.02890692762270E-10
147   95     1.67302828922564E-16   4.04872845992606E-14
148   95     7.46965443672776E-08   1.81512602812485E-05
149   95     8.64258048443876E-12   2.10878963820306E-09
150   95     9.59626546908874E-08   2.35108503992674E-05
151   95     7.50376615725458E-09   1.84592647468463E-06
152   95     9.83607668552243E-09   2.42951094132404E-06
153   95     5.13477992649286E-06   1.27342542177023E-03
154   95     3.89789409747177E-06   9.70575630270471E-04
155   95     2.36593355662683E-08   5.91483389156709E-06
156   95     1.44768077780670E-08   3.63367875229483E-06
157   95     8.09752964484669E-14   2.04057747050137E-11
158   95     7.26027855307619E-17   1.83685047392828E-14
159   95     1.64010309505019E-18   4.16586186142748E-16
160   95     8.32196598340263E-25   2.12210132576767E-22
161   95     1.00000000000000E-99   1.00000000000000E-99
162   95     1.00000000000000E-99   1.00000000000000E-99
163   95     1.00000000000000E-99   1.00000000000000E-99
164   95     1.00000000000000E-99   1.00000000000000E-99
165   95     1.00000000000000E-99   1.00000000000000E-99
166   95     1.00000000000000E-99   1.00000000000000E-99
167   95     1.00000000000000E-99   1.00000000000000E-99
168   95     1.00000000000000E-99   1.00000000000000E-99
169   95     1.00000000000000E-99   1.00000000000000E-99
170   95     1.00000000000000E-99   1.00000000000000E-99
171   95     1.00000000000000E-99   1.00000000000000E-99
172   95     1.00000000000000E-99   1.00000000000000E-99
173   95     1.00000000000000E-99   1.00000000000000E-99
174   95     1.00000000000000E-99   1.00000000000000E-99
175   95     1.00000000000000E-99   1.00000000000000E-99
176   95     1.00000000000000E-99   1.00000000000000E-99
177   95     1.00000000000000E-99   1.00000000000000E-99
178   95     1.00000000000000E-99   1.00000000000000E-99
179   95     1.00000000000000E-99   1.00000000000000E-99
180   95     1.00000000000000E-99   1.00000000000000E-99
181   95     1.00000000000000E-99   1.00000000000000E-99
182   95     1.00000000000000E-99   1.00000000000000E-99
183   95     1.00000000000000E-99   1.00000000000000E-99
184   95     1.00000000000000E-99   1.00000000000000E-99
185   95     1.00000000000000E-99   1.00000000000000E-99
186   95     1.00000000000000E-99   1.00000000000000E-99
187   95     1.00000000000000E-99   1.00000000000000E-99
188   95     1.00000000000000E-99   1.00000000000000E-99
189   95     1.00000000000000E-99   1.00000000000000E-99
190   95     1.00000000000000E-99   1.00000000000000E-99
191   95     1.00000000000000E-99   1.00000000000000E-99
192   95     1.00000000000000E-99   1.00000000000000E-99
193   95     1.00000000000000E-99   1.00000000000000E-99
194   95     1.00000000000000E-99   1.00000000000000E-99
195   95     1.00000000000000E-99   1.00000000000000E-99
196   95     1.00000000000000E-99   1.00000000000000E-99
197   95     1.00000000000000E-99   1.00000000000000E-99
198   95     1.00000000000000E-99   1.00000000000000E-99
199   95     1.00000000000000E-99   1.00000000000000E-99
200   95     1.00000000000000E-99   1.00000000000000E-99
201   95     1.00000000000000E-99   1.00000000000000E-99
202   95     1.00000000000000E-99   1.00000000000000E-99
203   95     1.00000000000000E-99   1.00000000000000E-99
204   95     1.00000000000000E-99   1.00000000000000E-99
205   95     1.00000000000000E-99   1.00000000000000E-99
206   95     1.00000000000000E-99   1.00000000000000E-99
207   95     1.00000000000000E-99   1.00000000000000E-99
208   95     1.00000000000000E-99   1.00000000000000E-99
209   95     1.00000000000000E-99   1.00000000000000E-99
211   95     1.00000000000000E-99   1.00000000000000E-99
213   95     1.00000000000000E-99   1.00000000000000E-99
144   96     1.00000000000000E-99   1.00000000000000E-99
145   96     1.00000000000000E-99   1.00000000000000E-99
146   96     3.34011092136819E-19   8.08306842971101E-17
147   96     7.97344398583030E-24   1.93754688855676E-21
148   96     4.15078742834924E-14   1.01279213251721E-11
149   96     2.29255092737007E-09   5.61674977205667E-07
150   96     5.94288029736028E-10   1.46194855315063E-07
151   96     1.39728579779499E-09   3.45129592055363E-07
152   96     1.92900649335700E-06   4.78393610352537E-04
153   96     4.63289425780287E-06   1.15359067019291E-03
154   96     3.22660192043118E-06   8.06650480107794E-04
155   96     5.25436946873138E-06   1.31884673665158E-03
156   96     1.89572974234487E-06   4.77723895070906E-04
157   96     9.45003081144609E-07   2.39085779529586E-04
158   96     9.21669005076656E-07   2.34103927289471E-04
159   96     4.99982232251292E-08   1.27495469224080E-05
160   96     1.46884749876150E-07   3.76024959682945E-05
161   96     1.77848643372795E-12   4.57071013468083E-10
162   96     9.98444362733417E-16   2.57598645585221E-13
163   96     1.60817665263657E-23   4.16517753032872E-21
164   96     1.85764811051217E-21   4.82988508733164E-19
165   96     1.00000000000000E-99   1.00000000000000E-99
166   96     1.00000000000000E-99   1.00000000000000E-99
167   96     1.00000000000000E-99   1.00000000000000E-99
168   96     1.00000000000000E-99   1.00000000000000E-99
169   96     1.00000000000000E-99   1.00000000000000E-99
170   96     1.00000000000000E-99   1.00000000000000E-99
171   96     1.00000000000000E-99   1.00000000000000E-99
172   96     1.00000000000000E-99   1.00000000000000E-99
173   96     1.00000000000000E-99   1.00000000000000E-99
174   96     1.00000000000000E-99   1.00000000000000E-99
175   96     1.00000000000000E-99   1.00000000000000E-99
176   96     1.00000000000000E-99   1.00000000000000E-99
177   96     1.00000000000000E-99   1.00000000000000E-99
178   96     1.00000000000000E-99   1.00000000000000E-99
179   96     1.00000000000000E-99   1.00000000000000E-99
180   96     1.00000000000000E-99   1.00000000000000E-99
181   96     1.00000000000000E-99   1.00000000000000E-99
182   96     1.00000000000000E-99   1.00000000000000E-99
183   96     1.00000000000000E-99   1.00000000000000E-99
184   96     1.00000000000000E-99   1.00000000000000E-99
185   96     1.00000000000000E-99   1.00000000000000E-99
186   96     1.00000000000000E-99   1.00000000000000E-99
187   96     1.00000000000000E-99   1.00000000000000E-99
188   96     1.00000000000000E-99   1.00000000000000E-99
189   96     1.00000000000000E-99   1.00000000000000E-99
190   96     1.00000000000000E-99   1.00000000000000E-99
191   96     1.00000000000000E-99   1.00000000000000E-99
192   96     1.00000000000000E-99   1.00000000000000E-99
193   96     1.00000000000000E-99   1.00000000000000E-99
194   96     1.00000000000000E-99   1.00000000000000E-99
195   96     1.00000000000000E-99   1.00000000000000E-99
196   96     1.00000000000000E-99   1.00000000000000E-99
197   96     1.00000000000000E-99   1.00000000000000E-99
198   96     1.00000000000000E-99   1.00000000000000E-99
199   96     1.00000000000000E-99   1.00000000000000E-99
200   96     1.00000000000000E-99   1.00000000000000E-99
201   96     1.00000000000000E-99   1.00000000000000E-99
202   96     1.00000000000000E-99   1.00000000000000E-99
203   96     1.00000000000000E-99   1.00000000000000E-99
204   96     1.00000000000000E-99   1.00000000000000E-99
205   96     1.00000000000000E-99   1.00000000000000E-99
206   96     1.00000000000000E-99   1.00000000000000E-99
207   96     1.00000000000000E-99   1.00000000000000E-99
208   96     1.00000000000000E-99   1.00000000000000E-99
209   96     1.00000000000000E-99   1.00000000000000E-99
211   96     1.00000000000000E-99   1.00000000000000E-99
213   96     1.00000000000000E-99   1.00000000000000E-99
215   96     1.00000000000000E-99   1.00000000000000E-99
145   97     1.00000000000000E-99   1.00000000000000E-99
146   97     1.00000000000000E-99   1.00000000000000E-99
147   97     1.00000000000000E-99   1.00000000000000E-99
148   97     1.00000000000000E-99   1.00000000000000E-99
149   97     1.44030512478377E-22   3.54315060696807E-20
150   97     1.00000000000000E-99   1.00000000000000E-99
151   97     2.13800774827359E-18   5.30225921571850E-16
152   97     2.04224036391468E-07   5.08517850614756E-05
153   97     4.20194466059209E-11   1.05048616514802E-08
154   97     1.70776270813216E-06   4.28648439741171E-04
155   97     4.70543814962394E-08   1.18577041370523E-05
156   97     8.82666130052529E-07   2.23314530903290E-04
157   97     1.82584345063938E-07   4.63764236462402E-05
158   97     2.62701207161723E-07   6.69888078262393E-05
159   97     2.68553056955217E-07   6.87495825805355E-05
160   97     1.24286212555338E-08   3.19415566267219E-06
161   97     6.82934283458177E-11   1.76197045132210E-08
162   97     1.17342906025961E-10   3.03918126607239E-08
163   97     4.19798891913768E-17   1.09147711897580E-14
164   97     7.84713084750610E-19   2.04810115119909E-16
165   97     1.00000000000000E-99   1.00000000000000E-99
166   97     1.00000000000000E-99   1.00000000000000E-99
167   97     1.00000000000000E-99   1.00000000000000E-99
168   97     1.00000000000000E-99   1.00000000000000E-99
169   97     1.00000000000000E-99   1.00000000000000E-99
170   97     1.00000000000000E-99   1.00000000000000E-99
171   97     1.00000000000000E-99   1.00000000000000E-99
172   97     1.00000000000000E-99   1.00000000000000E-99
173   97     1.00000000000000E-99   1.00000000000000E-99
174   97     1.00000000000000E-99   1.00000000000000E-99
175   97     1.00000000000000E-99   1.00000000000000E-99
176   97     1.00000000000000E-99   1.00000000000000E-99
177   97     1.00000000000000E-99   1.00000000000000E-99
178   97     1.00000000000000E-99   1.00000000000000E-99
179   97     1.00000000000000E-99   1.00000000000000E-99
180   97     1.00000000000000E-99   1.00000000000000E-99
181   97     1.00000000000000E-99   1.00000000000000E-99
182   97     1.00000000000000E-99   1.00000000000000E-99
183   97     1.00000000000000E-99   1.00000000000000E-99
184   97     1.00000000000000E-99   1.00000000000000E-99
185   97     1.00000000000000E-99   1.00000000000000E-99
186   97     1.00000000000000E-99   1.00000000000000E-99
187   97     1.00000000000000E-99   1.00000000000000E-99
188   97     1.00000000000000E-99   1.00000000000000E-99
189   97     1.00000000000000E-99   1.00000000000000E-99
190   97     1.00000000000000E-99   1.00000000000000E-99
191   97     1.00000000000000E-99   1.00000000000000E-99
192   97     1.00000000000000E-99   1.00000000000000E-99
193   97     1.00000000000000E-99   1.00000000000000E-99
194   97     1.00000000000000E-99   1.00000000000000E-99
195   97     1.00000000000000E-99   1.00000000000000E-99
196   97     1.00000000000000E-99   1.00000000000000E-99
197   97     1.00000000000000E-99   1.00000000000000E-99
198   97     1.00000000000000E-99   1.00000000000000E-99
199   97     1.00000000000000E-99   1.00000000000000E-99
200   97     1.00000000000000E-99   1.00000000000000E-99
201   97     1.00000000000000E-99   1.00000000000000E-99
202   97     1.00000000000000E-99   1.00000000000000E-99
203   97     1.00000000000000E-99   1.00000000000000E-99
204   97     1.00000000000000E-99   1.00000000000000E-99
205   97     1.00000000000000E-99   1.00000000000000E-99
206   97     1.00000000000000E-99   1.00000000000000E-99
207   97     1.00000000000000E-99   1.00000000000000E-99
208   97     1.00000000000000E-99   1.00000000000000E-99
209   97     1.00000000000000E-99   1.00000000000000E-99
210   97     1.00000000000000E-99   1.00000000000000E-99
211   97     1.00000000000000E-99   1.00000000000000E-99
213   97     1.00000000000000E-99   1.00000000000000E-99
215   97     1.00000000000000E-99   1.00000000000000E-99
217   97     1.00000000000000E-99   1.00000000000000E-99
147   98     1.00000000000000E-99   1.00000000000000E-99
148   98     1.00000000000000E-99   1.00000000000000E-99
149   98     1.00000000000000E-99   1.00000000000000E-99
150   98     1.00000000000000E-99   1.00000000000000E-99
151   98     7.96795827964677E-13   1.98402161163205E-10
152   98     6.04638074491451E-13   1.51159518622863E-10
153   98     8.40460677227294E-08   2.10955629984051E-05
154   98     1.11730689317222E-08   2.81561337079399E-06
155   98     7.24538574944356E-08   1.83308259460922E-05
156   98     1.11618257120692E-07   2.83510373086557E-05
157   98     1.45825550810660E-07   3.71855154567183E-05
158   98     4.29521392088602E-07   1.09957476374682E-04
159   98     2.69196535451862E-08   6.91835096111286E-06
160   98     1.63454054170125E-07   4.21711459758922E-05
161   98     6.82756010118770E-09   1.76833806620762E-06
162   98     1.62386368163244E-08   4.22204557224436E-06
163   98     1.58620403166760E-10   4.13999252265245E-08
164   98     3.62311363420598E-11   9.49255772161966E-09
165   98     6.83740665870965E-21   1.79823795124064E-18
166   98     7.19425639748001E-14   1.89928368893472E-11
167   98     1.16693767524202E-25   3.09238483939136E-23
168   98     8.71048791793804E-16   2.31698978617152E-13
169   98     1.00000000000000E-99   1.00000000000000E-99
170   98     1.00000000000000E-99   1.00000000000000E-99
171   98     1.00000000000000E-99   1.00000000000000E-99
172   98     1.00000000000000E-99   1.00000000000000E-99
173   98     1.00000000000000E-99   1.00000000000000E-99
174   98     1.00000000000000E-99   1.00000000000000E-99
175   98     1.00000000000000E-99   1.00000000000000E-99
176   98     1.00000000000000E-99   1.00000000000000E-99
177   98     1.00000000000000E-99   1.00000000000000E-99
178   98     1.00000000000000E-99   1.00000000000000E-99
179   98     1.00000000000000E-99   1.00000000000000E-99
180   98     1.00000000000000E-99   1.00000000000000E-99
181   98     1.00000000000000E-99   1.00000000000000E-99
182   98     1.00000000000000E-99   1.00000000000000E-99
183   98     1.00000000000000E-99   1.00000000000000E-99
184   98     1.00000000000000E-99   1.00000000000000E-99
185   98     1.00000000000000E-99   1.00000000000000E-99
186   98     1.00000000000000E-99   1.00000000000000E-99
187   98     1.00000000000000E-99   1.00000000000000E-99
188   98     1.00000000000000E-99   1.00000000000000E-99
189   98     1.00000000000000E-99   1.00000000000000E-99
190   98     1.00000000000000E-99   1.00000000000000E-99
191   98     1.00000000000000E-99   1.00000000000000E-99
192   98     1.00000000000000E-99   1.00000000000000E-99
193   98     1.00000000000000E-99   1.00000000000000E-99
194   98     1.00000000000000E-99   1.00000000000000E-99
195   98     1.00000000000000E-99   1.00000000000000E-99
196   98     1.00000000000000E-99   1.00000000000000E-99
197   98     1.00000000000000E-99   1.00000000000000E-99
198   98     1.00000000000000E-99   1.00000000000000E-99
199   98     1.00000000000000E-99   1.00000000000000E-99
200   98     1.00000000000000E-99   1.00000000000000E-99
201   98     1.00000000000000E-99   1.00000000000000E-99
202   98     1.00000000000000E-99   1.00000000000000E-99
203   98     1.00000000000000E-99   1.00000000000000E-99
204   98     1.00000000000000E-99   1.00000000000000E-99
205   98     1.00000000000000E-99   1.00000000000000E-99
206   98     1.00000000000000E-99   1.00000000000000E-99
207   98     1.00000000000000E-99   1.00000000000000E-99
208   98     1.00000000000000E-99   1.00000000000000E-99
209   98     1.00000000000000E-99   1.00000000000000E-99
210   98     1.00000000000000E-99   1.00000000000000E-99
211   98     1.00000000000000E-99   1.00000000000000E-99
213   98     1.00000000000000E-99   1.00000000000000E-99
215   98     1.00000000000000E-99   1.00000000000000E-99
217   98     1.00000000000000E-99   1.00000000000000E-99
219   98     1.00000000000000E-99   1.00000000000000E-99
221   98     1.00000000000000E-99   1.00000000000000E-99
149   99     1.00000000000000E-99   1.00000000000000E-99
150   99     1.00000000000000E-99   1.00000000000000E-99
151   99     1.27417758457015E-22   3.18544396142538E-20
152   99     1.00000000000000E-99   1.00000000000000E-99
153   99     1.44942534115587E-13   3.65255185971280E-11
154   99     6.06720013794428E-12   1.53500163489990E-09
155   99     3.05413248352889E-12   7.75749650816337E-10
156   99     4.50849847555046E-09   1.14966711126537E-06
157   99     1.24151197647442E-07   3.17827065977452E-05
158   99     1.73272231349496E-09   4.45309634568206E-07
159   99     9.44408486599111E-11   2.43657389542571E-08
160   99     1.90934965669321E-09   4.94521561083541E-07
161   99     5.89368629880998E-10   1.53235843769060E-07
162   99     1.75306761671502E-10   4.57550647962619E-08
163   99     1.58456269718469E-11   4.15155426662389E-09
164   99     9.85340175087103E-16   2.59144466047908E-13
165   99     3.24894348200465E-14   8.57721079249228E-12
166   99     7.33451934232424E-23   1.94364762571592E-20
167   99     1.20567084230520E-16   3.20708444053182E-14
168   99     3.10468515679555E-15   8.28950936864412E-13
169   99     4.28637689407937E-19   1.14874900761327E-16
170   99     1.00000000000000E-99   1.00000000000000E-99
171   99     1.00000000000000E-99   1.00000000000000E-99
172   99     1.00000000000000E-99   1.00000000000000E-99
173   99     1.00000000000000E-99   1.00000000000000E-99
174   99     1.00000000000000E-99   1.00000000000000E-99
175   99     1.00000000000000E-99   1.00000000000000E-99
176   99     1.00000000000000E-99   1.00000000000000E-99
177   99     1.00000000000000E-99   1.00000000000000E-99
178   99     1.00000000000000E-99   1.00000000000000E-99
179   99     1.00000000000000E-99   1.00000000000000E-99
180   99     1.00000000000000E-99   1.00000000000000E-99
181   99     1.00000000000000E-99   1.00000000000000E-99
182   99     1.00000000000000E-99   1.00000000000000E-99
183   99     1.00000000000000E-99   1.00000000000000E-99
184   99     1.00000000000000E-99   1.00000000000000E-99
185   99     1.00000000000000E-99   1.00000000000000E-99
186   99     1.00000000000000E-99   1.00000000000000E-99
187   99     1.00000000000000E-99   1.00000000000000E-99
188   99     1.00000000000000E-99   1.00000000000000E-99
189   99     1.00000000000000E-99   1.00000000000000E-99
190   99     1.00000000000000E-99   1.00000000000000E-99
191   99     1.00000000000000E-99   1.00000000000000E-99
192   99     1.00000000000000E-99   1.00000000000000E-99
193   99     1.00000000000000E-99   1.00000000000000E-99
194   99     1.00000000000000E-99   1.00000000000000E-99
195   99     1.00000000000000E-99   1.00000000000000E-99
196   99     1.00000000000000E-99   1.00000000000000E-99
197   99     1.00000000000000E-99   1.00000000000000E-99
198   99     1.00000000000000E-99   1.00000000000000E-99
199   99     1.00000000000000E-99   1.00000000000000E-99
200   99     1.00000000000000E-99   1.00000000000000E-99
201   99     1.00000000000000E-99   1.00000000000000E-99
202   99     1.00000000000000E-99   1.00000000000000E-99
203   99     1.00000000000000E-99   1.00000000000000E-99
204   99     1.00000000000000E-99   1.00000000000000E-99
205   99     1.00000000000000E-99   1.00000000000000E-99
206   99     1.00000000000000E-99   1.00000000000000E-99
207   99     1.00000000000000E-99   1.00000000000000E-99
208   99     1.00000000000000E-99   1.00000000000000E-99
209   99     1.00000000000000E-99   1.00000000000000E-99
210   99     1.00000000000000E-99   1.00000000000000E-99
211   99     1.00000000000000E-99   1.00000000000000E-99
212   99     1.00000000000000E-99   1.00000000000000E-99
213   99     1.00000000000000E-99   1.00000000000000E-99
215   99     1.00000000000000E-99   1.00000000000000E-99
216   99     1.00000000000000E-99   1.00000000000000E-99
217   99     1.00000000000000E-99   1.00000000000000E-99
219   99     1.00000000000000E-99   1.00000000000000E-99
221   99     1.00000000000000E-99   1.00000000000000E-99
223   99     1.00000000000000E-99   1.00000000000000E-99
151  100     1.00000000000000E-99   1.00000000000000E-99
152  100     1.00000000000000E-99   1.00000000000000E-99
153  100     1.00000000000000E-99   1.00000000000000E-99
154  100     1.00000000000000E-99   1.00000000000000E-99
155  100     1.30116719370716E-13   3.31797634395326E-11
156  100     1.07011770185556E-08   2.73950131675024E-06
157  100     3.67981334503466E-13   9.45712029673909E-11
158  100     7.86870624877122E-17   2.03012621218297E-14
159  100     1.21026120392450E-11   3.13457651816446E-09
160  100     4.78490647123897E-10   1.24407568252213E-07
161  100     6.36388184633161E-10   1.66097316189255E-07
162  100     3.73117069310732E-10   9.77566721594119E-08
163  100     2.85679333892334E-11   7.51336648136839E-09
164  100     4.71998835538613E-10   1.24607692582194E-07
165  100     1.66632876988110E-12   4.41577124018491E-10
166  100     6.41312311058980E-11   1.70589074741689E-08
167  100     7.11505605673988E-16   1.89971996714955E-13
168  100     1.92603846838869E-13   5.16178309528168E-11
169  100     9.23867107491001E-12   2.48520251915079E-09
170  100     4.33609890419171E-12   1.17074670413176E-09
171  100     1.63051316809339E-18   4.41869068553310E-16
172  100     1.72277695823024E-13   4.68595332638625E-11
173  100     3.55132289944863E-20   9.69511151549477E-18
174  100     1.34663875968662E-16   3.68979020154133E-14
175  100     1.00000000000000E-99   1.00000000000000E-99
176  100     1.00000000000000E-99   1.00000000000000E-99
177  100     1.00000000000000E-99   1.00000000000000E-99
178  100     1.00000000000000E-99   1.00000000000000E-99
179  100     1.00000000000000E-99   1.00000000000000E-99
180  100     1.00000000000000E-99   1.00000000000000E-99
181  100     1.00000000000000E-99   1.00000000000000E-99
182  100     1.00000000000000E-99   1.00000000000000E-99
183  100     1.00000000000000E-99   1.00000000000000E-99
184  100     1.00000000000000E-99   1.00000000000000E-99
185  100     1.00000000000000E-99   1.00000000000000E-99
186  100     1.00000000000000E-99   1.00000000000000E-99
187  100     1.00000000000000E-99   1.00000000000000E-99
188  100     1.00000000000000E-99   1.00000000000000E-99
189  100     1.00000000000000E-99   1.00000000000000E-99
190  100     1.00000000000000E-99   1.00000000000000E-99
191  100     1.00000000000000E-99   1.00000000000000E-99
192  100     1.00000000000000E-99   1.00000000000000E-99
193  100     1.00000000000000E-99   1.00000000000000E-99
194  100     1.00000000000000E-99   1.00000000000000E-99
195  100     1.00000000000000E-99   1.00000000000000E-99
196  100     1.00000000000000E-99   1.00000000000000E-99
197  100     1.00000000000000E-99   1.00000000000000E-99
198  100     1.00000000000000E-99   1.00000000000000E-99
199  100     1.00000000000000E-99   1.00000000000000E-99
200  100     1.00000000000000E-99   1.00000000000000E-99
201  100     1.00000000000000E-99   1.00000000000000E-99
202  100     1.00000000000000E-99   1.00000000000000E-99
203  100     1.00000000000000E-99   1.00000000000000E-99
204  100     1.00000000000000E-99   1.00000000000000E-99
205  100     1.00000000000000E-99   1.00000000000000E-99
206  100     1.00000000000000E-99   1.00000000000000E-99
207  100     1.00000000000000E-99   1.00000000000000E-99
208  100     1.00000000000000E-99   1.00000000000000E-99
209  100     1.00000000000000E-99   1.00000000000000E-99
210  100     1.00000000000000E-99   1.00000000000000E-99
211  100     1.00000000000000E-99   1.00000000000000E-99
213  100     1.00000000000000E-99   1.00000000000000E-99
215  100     1.00000000000000E-99   1.00000000000000E-99
217  100     1.00000000000000E-99   1.00000000000000E-99
218  100     1.00000000000000E-99   1.00000000000000E-99
219  100     1.00000000000000E-99   1.00000000000000E-99
221  100     1.00000000000000E-99   1.00000000000000E-99
223  100     1.00000000000000E-99   1.00000000000000E-99
225  100     1.00000000000000E-99   1.00000000000000E-99
152  101     1.00000000000000E-99   1.00000000000000E-99
153  101     1.00000000000000E-99   1.00000000000000E-99
154  101     1.00000000000000E-99   1.00000000000000E-99
155  101     9.71534039449418E-11   2.48712714099051E-08
156  101     1.85798432104435E-17   4.77501970508398E-15
157  101     1.00000000000000E-99   1.00000000000000E-99
158  101     5.36763739482452E-17   1.39021808525955E-14
159  101     3.75011560995141E-23   9.75030058587366E-21
160  101     4.02190469159151E-13   1.04971712450538E-10
161  101     1.11686864983346E-18   2.92619586256366E-16
162  101     3.01751885046295E-12   7.93607457671755E-10
163  101     8.45914694838663E-12   2.23321479437407E-09
164  101     5.41888974900876E-12   1.43600578348732E-09
165  101     1.55997919711416E-12   4.14954466432366E-10
166  101     4.91334426152673E-16   1.31186291782764E-13
167  101     2.52316348701749E-15   6.76207814520688E-13
168  101     6.70961661496153E-14   1.80488686942465E-11
169  101     1.21900298772143E-13   3.29130806684786E-11
170  101     2.02677242005985E-19   5.49255325836218E-17
171  101     9.36619093805102E-14   2.54760393514988E-11
172  101     5.79215153380670E-14   1.58125736872923E-11
173  101     9.24310882634307E-16   2.53261181841800E-13
174  101     1.38700239284204E-18   3.81425658031561E-16
175  101     9.03670123263809E-23   2.49412954020811E-20
176  101     1.00000000000000E-99   1.00000000000000E-99
177  101     1.00000000000000E-99   1.00000000000000E-99
178  101     1.00000000000000E-99   1.00000000000000E-99
179  101     1.00000000000000E-99   1.00000000000000E-99
180  101     1.00000000000000E-99   1.00000000000000E-99
181  101     1.00000000000000E-99   1.00000000000000E-99
182  101     1.00000000000000E-99   1.00000000000000E-99
183  101     1.00000000000000E-99   1.00000000000000E-99
184  101     1.00000000000000E-99   1.00000000000000E-99
185  101     1.00000000000000E-99   1.00000000000000E-99
186  101     1.00000000000000E-99   1.00000000000000E-99
187  101     1.00000000000000E-99   1.00000000000000E-99
188  101     1.00000000000000E-99   1.00000000000000E-99
189  101     1.00000000000000E-99   1.00000000000000E-99
190  101     1.00000000000000E-99   1.00000000000000E-99
191  101     1.00000000000000E-99   1.00000000000000E-99
192  101     1.00000000000000E-99   1.00000000000000E-99
193  101     1.00000000000000E-99   1.00000000000000E-99
194  101     1.00000000000000E-99   1.00000000000000E-99
195  101     1.00000000000000E-99   1.00000000000000E-99
196  101     1.00000000000000E-99   1.00000000000000E-99
197  101     1.00000000000000E-99   1.00000000000000E-99
198  101     1.00000000000000E-99   1.00000000000000E-99
199  101     1.00000000000000E-99   1.00000000000000E-99
200  101     1.00000000000000E-99   1.00000000000000E-99
201  101     1.00000000000000E-99   1.00000000000000E-99
202  101     1.00000000000000E-99   1.00000000000000E-99
203  101     1.00000000000000E-99   1.00000000000000E-99
204  101     1.00000000000000E-99   1.00000000000000E-99
205  101     1.00000000000000E-99   1.00000000000000E-99
206  101     1.00000000000000E-99   1.00000000000000E-99
207  101     1.00000000000000E-99   1.00000000000000E-99
208  101     1.00000000000000E-99   1.00000000000000E-99
209  101     1.00000000000000E-99   1.00000000000000E-99
210  101     1.00000000000000E-99   1.00000000000000E-99
211  101     1.00000000000000E-99   1.00000000000000E-99
212  101     1.00000000000000E-99   1.00000000000000E-99
213  101     1.00000000000000E-99   1.00000000000000E-99
214  101     1.00000000000000E-99   1.00000000000000E-99
215  101     1.00000000000000E-99   1.00000000000000E-99
216  101     1.00000000000000E-99   1.00000000000000E-99
217  101     1.00000000000000E-99   1.00000000000000E-99
218  101     1.00000000000000E-99   1.00000000000000E-99
219  101     1.00000000000000E-99   1.00000000000000E-99
220  101     1.00000000000000E-99   1.00000000000000E-99
221  101     1.00000000000000E-99   1.00000000000000E-99
223  101     1.00000000000000E-99   1.00000000000000E-99
225  101     1.00000000000000E-99   1.00000000000000E-99
227  101     1.00000000000000E-99   1.00000000000000E-99
152  102     1.00000000000000E-99   1.00000000000000E-99
153  102     1.00000000000000E-99   1.00000000000000E-99
154  102     1.00000000000000E-99   1.00000000000000E-99
155  102     1.00000000000000E-99   1.00000000000000E-99
156  102     1.00000000000000E-99   1.00000000000000E-99
157  102     1.19485087181174E-18   3.09466375799240E-16
158  102     1.00000000000000E-99   1.00000000000000E-99
159  102     5.37234603694347E-24   1.40218231564225E-21
160  102     1.00000000000000E-99   1.00000000000000E-99
161  102     9.48300713789790E-16   2.49403087726715E-13
162  102     4.03106078298455E-13   1.06420004670792E-10
163  102     2.63045514862056E-12   6.97070614384448E-10
164  102     4.80840167050275E-13   1.27903484435373E-10
165  102     1.82164962131412E-17   4.86380448890870E-15
166  102     3.55808597043615E-17   9.53567040076889E-15
167  102     1.24427358339062E-16   3.34709593932076E-14
168  102     1.04551380073938E-16   2.82288726199633E-14
169  102     2.97684114211310E-22   8.06723949512649E-20
170  102     6.53917319350080E-16   1.77865510863222E-13
171  102     6.59455622826060E-15   1.80031385031514E-12
172  102     1.53172398022015E-15   4.19692370580322E-13
173  102     3.58573608648051E-13   9.86077423782139E-11
174  102     2.86041012099773E-12   7.89473193395375E-10
175  102     6.37583110952991E-19   1.76610521733978E-16
176  102     3.40611305209918E-25   9.46899428483572E-23
177  102     1.00000000000000E-99   1.00000000000000E-99
178  102     1.00000000000000E-99   1.00000000000000E-99
179  102     1.00000000000000E-99   1.00000000000000E-99
180  102     1.00000000000000E-99   1.00000000000000E-99
181  102     1.00000000000000E-99   1.00000000000000E-99
182  102     1.00000000000000E-99   1.00000000000000E-99
183  102     1.00000000000000E-99   1.00000000000000E-99
184  102     1.00000000000000E-99   1.00000000000000E-99
185  102     1.00000000000000E-99   1.00000000000000E-99
186  102     1.00000000000000E-99   1.00000000000000E-99
187  102     1.00000000000000E-99   1.00000000000000E-99
188  102     1.00000000000000E-99   1.00000000000000E-99
189  102     1.00000000000000E-99   1.00000000000000E-99
190  102     1.00000000000000E-99   1.00000000000000E-99
191  102     1.00000000000000E-99   1.00000000000000E-99
192  102     1.00000000000000E-99   1.00000000000000E-99
193  102     1.00000000000000E-99   1.00000000000000E-99
194  102     1.00000000000000E-99   1.00000000000000E-99
195  102     1.00000000000000E-99   1.00000000000000E-99
196  102     1.00000000000000E-99   1.00000000000000E-99
197  102     1.00000000000000E-99   1.00000000000000E-99
198  102     1.00000000000000E-99   1.00000000000000E-99
199  102     1.00000000000000E-99   1.00000000000000E-99
200  102     1.00000000000000E-99   1.00000000000000E-99
201  102     1.00000000000000E-99   1.00000000000000E-99
202  102     1.00000000000000E-99   1.00000000000000E-99
203  102     1.00000000000000E-99   1.00000000000000E-99
204  102     1.00000000000000E-99   1.00000000000000E-99
205  102     1.00000000000000E-99   1.00000000000000E-99
206  102     1.00000000000000E-99   1.00000000000000E-99
207  102     1.00000000000000E-99   1.00000000000000E-99
208  102     1.00000000000000E-99   1.00000000000000E-99
209  102     1.00000000000000E-99   1.00000000000000E-99
210  102     1.00000000000000E-99   1.00000000000000E-99
211  102     1.00000000000000E-99   1.00000000000000E-99
212  102     1.00000000000000E-99   1.00000000000000E-99
213  102     1.00000000000000E-99   1.00000000000000E-99
214  102     1.00000000000000E-99   1.00000000000000E-99
215  102     1.00000000000000E-99   1.00000000000000E-99
216  102     1.00000000000000E-99   1.00000000000000E-99
217  102     1.00000000000000E-99   1.00000000000000E-99
218  102     1.00000000000000E-99   1.00000000000000E-99
219  102     1.00000000000000E-99   1.00000000000000E-99
221  102     1.00000000000000E-99   1.00000000000000E-99
223  102     1.00000000000000E-99   1.00000000000000E-99
225  102     1.00000000000000E-99   1.00000000000000E-99
227  102     1.00000000000000E-99   1.00000000000000E-99
229  102     1.00000000000000E-99   1.00000000000000E-99
153  103     1.00000000000000E-99   1.00000000000000E-99
154  103     1.00000000000000E-99   1.00000000000000E-99
155  103     1.00000000000000E-99   1.00000000000000E-99
156  103     1.00000000000000E-99   1.00000000000000E-99
157  103     1.00000000000000E-99   1.00000000000000E-99
158  103     1.00000000000000E-99   1.00000000000000E-99
159  103     1.00000000000000E-99   1.00000000000000E-99
160  103     1.00000000000000E-99   1.00000000000000E-99
161  103     1.00000000000000E-99   1.00000000000000E-99
162  103     4.14347233602865E-16   1.09802016904759E-13
163  103     1.13287828459777E-20   3.01345623703008E-18
164  103     2.47907133873145E-16   6.61912047441296E-14
165  103     3.32489520485162E-22   8.91071914900233E-20
166  103     1.34608398542872E-18   3.62096592080325E-16
167  103     3.32147574951779E-21   8.96798452369803E-19
168  103     1.00000000000000E-99   1.00000000000000E-99
169  103     1.79758594111723E-21   4.88943375983888E-19
170  103     3.78591209800009E-19   1.03355400275402E-16
171  103     2.80463289187583E-19   7.68469412373977E-17
172  103     1.00064913136587E-15   2.75178511125614E-13
173  103     5.59293149226740E-14   1.54364909186580E-11
174  103     5.79302972409961E-20   1.60466923357559E-17
175  103     1.89058580789419E-25   5.25582854594585E-23
176  103     1.00000000000000E-99   1.00000000000000E-99
177  103     1.00000000000000E-99   1.00000000000000E-99
178  103     1.00000000000000E-99   1.00000000000000E-99
179  103     1.00000000000000E-99   1.00000000000000E-99
180  103     1.00000000000000E-99   1.00000000000000E-99
181  103     1.00000000000000E-99   1.00000000000000E-99
182  103     1.00000000000000E-99   1.00000000000000E-99
183  103     1.00000000000000E-99   1.00000000000000E-99
184  103     1.00000000000000E-99   1.00000000000000E-99
185  103     1.00000000000000E-99   1.00000000000000E-99
186  103     1.00000000000000E-99   1.00000000000000E-99
187  103     1.00000000000000E-99   1.00000000000000E-99
188  103     1.00000000000000E-99   1.00000000000000E-99
189  103     1.00000000000000E-99   1.00000000000000E-99
190  103     1.00000000000000E-99   1.00000000000000E-99
191  103     1.00000000000000E-99   1.00000000000000E-99
192  103     1.00000000000000E-99   1.00000000000000E-99
193  103     1.00000000000000E-99   1.00000000000000E-99
194  103     1.00000000000000E-99   1.00000000000000E-99
195  103     1.00000000000000E-99   1.00000000000000E-99
196  103     1.00000000000000E-99   1.00000000000000E-99
197  103     1.00000000000000E-99   1.00000000000000E-99
198  103     1.00000000000000E-99   1.00000000000000E-99
199  103     1.00000000000000E-99   1.00000000000000E-99
200  103     1.00000000000000E-99   1.00000000000000E-99
201  103     1.00000000000000E-99   1.00000000000000E-99
202  103     1.00000000000000E-99   1.00000000000000E-99
203  103     1.00000000000000E-99   1.00000000000000E-99
204  103     1.00000000000000E-99   1.00000000000000E-99
205  103     1.00000000000000E-99   1.00000000000000E-99
206  103     1.00000000000000E-99   1.00000000000000E-99
207  103     1.00000000000000E-99   1.00000000000000E-99
208  103     1.00000000000000E-99   1.00000000000000E-99
209  103     1.00000000000000E-99   1.00000000000000E-99
210  103     1.00000000000000E-99   1.00000000000000E-99
211  103     1.00000000000000E-99   1.00000000000000E-99
212  103     1.00000000000000E-99   1.00000000000000E-99
213  103     1.00000000000000E-99   1.00000000000000E-99
214  103     1.00000000000000E-99   1.00000000000000E-99
215  103     1.00000000000000E-99   1.00000000000000E-99
216  103     1.00000000000000E-99   1.00000000000000E-99
217  103     1.00000000000000E-99   1.00000000000000E-99
218  103     1.00000000000000E-99   1.00000000000000E-99
219  103     1.00000000000000E-99   1.00000000000000E-99
220  103     1.00000000000000E-99   1.00000000000000E-99
221  103     1.00000000000000E-99   1.00000000000000E-99
222  103     1.00000000000000E-99   1.00000000000000E-99
223  103     1.00000000000000E-99   1.00000000000000E-99
225  103     1.00000000000000E-99   1.00000000000000E-99
229  103     1.00000000000000E-99   1.00000000000000E-99
231  103     1.00000000000000E-99   1.00000000000000E-99
156  104     1.00000000000000E-99   1.00000000000000E-99
157  104     1.00000000000000E-99   1.00000000000000E-99
158  104     1.00000000000000E-99   1.00000000000000E-99
159  104     1.00000000000000E-99   1.00000000000000E-99
160  104     1.00000000000000E-99   1.00000000000000E-99
161  104     1.00000000000000E-99   1.00000000000000E-99
162  104     1.00000000000000E-99   1.00000000000000E-99
163  104     2.81831776566481E-18   7.52490843432504E-16
164  104     5.08277369206558E-23   1.36218334947358E-20
165  104     2.60619012679897E-21   7.01065144108923E-19
166  104     9.69874799446239E-24   2.61866195850484E-21
167  104     1.00000000000000E-99   1.00000000000000E-99
168  104     1.00000000000000E-99   1.00000000000000E-99
169  104     5.43993759999373E-24   1.48510296479829E-21
170  104     5.20715580035978E-24   1.42676068929858E-21
171  104     5.58041125156972E-20   1.53461309418167E-17
172  104     3.82106062153571E-17   1.05461273154386E-14
173  104     8.33451723561776E-22   2.30866127426612E-19
174  104     1.00000000000000E-99   1.00000000000000E-99
175  104     1.00000000000000E-99   1.00000000000000E-99
176  104     1.00000000000000E-99   1.00000000000000E-99
177  104     1.00000000000000E-99   1.00000000000000E-99
178  104     1.00000000000000E-99   1.00000000000000E-99
179  104     1.00000000000000E-99   1.00000000000000E-99
180  104     1.00000000000000E-99   1.00000000000000E-99
181  104     1.00000000000000E-99   1.00000000000000E-99
182  104     1.00000000000000E-99   1.00000000000000E-99
183  104     1.00000000000000E-99   1.00000000000000E-99
184  104     1.00000000000000E-99   1.00000000000000E-99
185  104     1.00000000000000E-99   1.00000000000000E-99
186  104     1.00000000000000E-99   1.00000000000000E-99
187  104     1.00000000000000E-99   1.00000000000000E-99
188  104     1.00000000000000E-99   1.00000000000000E-99
189  104     1.00000000000000E-99   1.00000000000000E-99
190  104     1.00000000000000E-99   1.00000000000000E-99
191  104     1.00000000000000E-99   1.00000000000000E-99
192  104     1.00000000000000E-99   1.00000000000000E-99
193  104     1.00000000000000E-99   1.00000000000000E-99
194  104     1.00000000000000E-99   1.00000000000000E-99
195  104     1.00000000000000E-99   1.00000000000000E-99
196  104     1.00000000000000E-99   1.00000000000000E-99
197  104     1.00000000000000E-99   1.00000000000000E-99
198  104     1.00000000000000E-99   1.00000000000000E-99
199  104     1.00000000000000E-99   1.00000000000000E-99
200  104     1.00000000000000E-99   1.00000000000000E-99
201  104     1.00000000000000E-99   1.00000000000000E-99
202  104     1.00000000000000E-99   1.00000000000000E-99
203  104     1.00000000000000E-99   1.00000000000000E-99
204  104     1.00000000000000E-99   1.00000000000000E-99
205  104     1.00000000000000E-99   1.00000000000000E-99
206  104     1.00000000000000E-99   1.00000000000000E-99
207  104     1.00000000000000E-99   1.00000000000000E-99
208  104     1.00000000000000E-99   1.00000000000000E-99
209  104     1.00000000000000E-99   1.00000000000000E-99
210  104     1.00000000000000E-99   1.00000000000000E-99
211  104     1.00000000000000E-99   1.00000000000000E-99
212  104     1.00000000000000E-99   1.00000000000000E-99
213  104     1.00000000000000E-99   1.00000000000000E-99
214  104     1.00000000000000E-99   1.00000000000000E-99
215  104     1.00000000000000E-99   1.00000000000000E-99
216  104     1.00000000000000E-99   1.00000000000000E-99
217  104     1.00000000000000E-99   1.00000000000000E-99
218  104     1.00000000000000E-99   1.00000000000000E-99
219  104     1.00000000000000E-99   1.00000000000000E-99
220  104     1.00000000000000E-99   1.00000000000000E-99
221  104     1.00000000000000E-99   1.00000000000000E-99
222  104     1.00000000000000E-99   1.00000000000000E-99
223  104     1.00000000000000E-99   1.00000000000000E-99
225  104     1.00000000000000E-99   1.00000000000000E-99
229  104     1.00000000000000E-99   1.00000000000000E-99
231  104     1.00000000000000E-99   1.00000000000000E-99
233  104     1.00000000000000E-99   1.00000000000000E-99
157  105     1.00000000000000E-99   1.00000000000000E-99
158  105     1.00000000000000E-99   1.00000000000000E-99
159  105     1.00000000000000E-99   1.00000000000000E-99
160  105     1.00000000000000E-99   1.00000000000000E-99
161  105     1.00000000000000E-99   1.00000000000000E-99
162  105     1.00000000000000E-99   1.00000000000000E-99
163  105     1.00000000000000E-99   1.00000000000000E-99
164  105     1.00000000000000E-99   1.00000000000000E-99
165  105     1.00000000000000E-99   1.00000000000000E-99
166  105     1.00000000000000E-99   1.00000000000000E-99
167  105     1.00000000000000E-99   1.00000000000000E-99
168  105     1.00000000000000E-99   1.00000000000000E-99
169  105     1.00000000000000E-99   1.00000000000000E-99
170  105     1.00000000000000E-99   1.00000000000000E-99
171  105     3.09465639889065E-25   8.54125166093819E-23
172  105     1.00000000000000E-99   1.00000000000000E-99
173  105     1.00000000000000E-99   1.00000000000000E-99
174  105     1.00000000000000E-99   1.00000000000000E-99
175  105     1.00000000000000E-99   1.00000000000000E-99
176  105     1.00000000000000E-99   1.00000000000000E-99
177  105     1.00000000000000E-99   1.00000000000000E-99
178  105     1.00000000000000E-99   1.00000000000000E-99
179  105     1.00000000000000E-99   1.00000000000000E-99
180  105     1.00000000000000E-99   1.00000000000000E-99
181  105     1.00000000000000E-99   1.00000000000000E-99
182  105     1.00000000000000E-99   1.00000000000000E-99
183  105     1.00000000000000E-99   1.00000000000000E-99
184  105     1.00000000000000E-99   1.00000000000000E-99
185  105     1.00000000000000E-99   1.00000000000000E-99
186  105     1.00000000000000E-99   1.00000000000000E-99
187  105     1.00000000000000E-99   1.00000000000000E-99
188  105     1.00000000000000E-99   1.00000000000000E-99
189  105     1.00000000000000E-99   1.00000000000000E-99
190  105     1.00000000000000E-99   1.00000000000000E-99
191  105     1.00000000000000E-99   1.00000000000000E-99
192  105     1.00000000000000E-99   1.00000000000000E-99
193  105     1.00000000000000E-99   1.00000000000000E-99
194  105     1.00000000000000E-99   1.00000000000000E-99
195  105     1.00000000000000E-99   1.00000000000000E-99
196  105     1.00000000000000E-99   1.00000000000000E-99
197  105     1.00000000000000E-99   1.00000000000000E-99
198  105     1.00000000000000E-99   1.00000000000000E-99
199  105     1.00000000000000E-99   1.00000000000000E-99
200  105     1.00000000000000E-99   1.00000000000000E-99
201  105     1.00000000000000E-99   1.00000000000000E-99
202  105     1.00000000000000E-99   1.00000000000000E-99
203  105     1.00000000000000E-99   1.00000000000000E-99
204  105     1.00000000000000E-99   1.00000000000000E-99
205  105     1.00000000000000E-99   1.00000000000000E-99
206  105     1.00000000000000E-99   1.00000000000000E-99
207  105     1.00000000000000E-99   1.00000000000000E-99
208  105     1.00000000000000E-99   1.00000000000000E-99
209  105     1.00000000000000E-99   1.00000000000000E-99
210  105     1.00000000000000E-99   1.00000000000000E-99
211  105     1.00000000000000E-99   1.00000000000000E-99
212  105     1.00000000000000E-99   1.00000000000000E-99
213  105     1.00000000000000E-99   1.00000000000000E-99
214  105     1.00000000000000E-99   1.00000000000000E-99
215  105     1.00000000000000E-99   1.00000000000000E-99
216  105     1.00000000000000E-99   1.00000000000000E-99
217  105     1.00000000000000E-99   1.00000000000000E-99
218  105     1.00000000000000E-99   1.00000000000000E-99
219  105     1.00000000000000E-99   1.00000000000000E-99
220  105     1.00000000000000E-99   1.00000000000000E-99
221  105     1.00000000000000E-99   1.00000000000000E-99
222  105     1.00000000000000E-99   1.00000000000000E-99
223  105     1.00000000000000E-99   1.00000000000000E-99
224  105     1.00000000000000E-99   1.00000000000000E-99
225  105     1.00000000000000E-99   1.00000000000000E-99
228  105     1.00000000000000E-99   1.00000000000000E-99
229  105     1.00000000000000E-99   1.00000000000000E-99
231  105     1.00000000000000E-99   1.00000000000000E-99
160  106     1.00000000000000E-99   1.00000000000000E-99
161  106     1.00000000000000E-99   1.00000000000000E-99
162  106     1.00000000000000E-99   1.00000000000000E-99
163  106     1.00000000000000E-99   1.00000000000000E-99
164  106     1.00000000000000E-99   1.00000000000000E-99
165  106     1.00000000000000E-99   1.00000000000000E-99
166  106     1.00000000000000E-99   1.00000000000000E-99
167  106     1.00000000000000E-99   1.00000000000000E-99
168  106     1.00000000000000E-99   1.00000000000000E-99
169  106     1.00000000000000E-99   1.00000000000000E-99
170  106     1.00000000000000E-99   1.00000000000000E-99
171  106     1.00000000000000E-99   1.00000000000000E-99
172  106     1.00000000000000E-99   1.00000000000000E-99
173  106     1.00000000000000E-99   1.00000000000000E-99
174  106     1.00000000000000E-99   1.00000000000000E-99
175  106     1.00000000000000E-99   1.00000000000000E-99
176  106     1.00000000000000E-99   1.00000000000000E-99
177  106     1.00000000000000E-99   1.00000000000000E-99
178  106     1.00000000000000E-99   1.00000000000000E-99
179  106     1.00000000000000E-99   1.00000000000000E-99
180  106     1.00000000000000E-99   1.00000000000000E-99
181  106     1.00000000000000E-99   1.00000000000000E-99
182  106     1.00000000000000E-99   1.00000000000000E-99
183  106     1.00000000000000E-99   1.00000000000000E-99
184  106     1.00000000000000E-99   1.00000000000000E-99
185  106     1.00000000000000E-99   1.00000000000000E-99
186  106     1.00000000000000E-99   1.00000000000000E-99
187  106     1.00000000000000E-99   1.00000000000000E-99
188  106     1.00000000000000E-99   1.00000000000000E-99
189  106     1.00000000000000E-99   1.00000000000000E-99
190  106     1.00000000000000E-99   1.00000000000000E-99
191  106     1.00000000000000E-99   1.00000000000000E-99
192  106     1.00000000000000E-99   1.00000000000000E-99
193  106     1.00000000000000E-99   1.00000000000000E-99
194  106     1.00000000000000E-99   1.00000000000000E-99
195  106     1.00000000000000E-99   1.00000000000000E-99
196  106     1.00000000000000E-99   1.00000000000000E-99
197  106     1.00000000000000E-99   1.00000000000000E-99
198  106     1.00000000000000E-99   1.00000000000000E-99
199  106     1.00000000000000E-99   1.00000000000000E-99
200  106     1.00000000000000E-99   1.00000000000000E-99
201  106     1.00000000000000E-99   1.00000000000000E-99
202  106     1.00000000000000E-99   1.00000000000000E-99
203  106     1.00000000000000E-99   1.00000000000000E-99
204  106     1.00000000000000E-99   1.00000000000000E-99
205  106     1.00000000000000E-99   1.00000000000000E-99
206  106     1.00000000000000E-99   1.00000000000000E-99
207  106     1.00000000000000E-99   1.00000000000000E-99
208  106     1.00000000000000E-99   1.00000000000000E-99
209  106     1.00000000000000E-99   1.00000000000000E-99
210  106     1.00000000000000E-99   1.00000000000000E-99
211  106     1.00000000000000E-99   1.00000000000000E-99
212  106     1.00000000000000E-99   1.00000000000000E-99
213  106     1.00000000000000E-99   1.00000000000000E-99
214  106     1.00000000000000E-99   1.00000000000000E-99
215  106     1.00000000000000E-99   1.00000000000000E-99
216  106     1.00000000000000E-99   1.00000000000000E-99
217  106     1.00000000000000E-99   1.00000000000000E-99
218  106     1.00000000000000E-99   1.00000000000000E-99
219  106     1.00000000000000E-99   1.00000000000000E-99
220  106     1.00000000000000E-99   1.00000000000000E-99
221  106     1.00000000000000E-99   1.00000000000000E-99
222  106     1.00000000000000E-99   1.00000000000000E-99
223  106     1.00000000000000E-99   1.00000000000000E-99
224  106     1.00000000000000E-99   1.00000000000000E-99
225  106     1.00000000000000E-99   1.00000000000000E-99
227  106     1.00000000000000E-99   1.00000000000000E-99
228  106     1.00000000000000E-99   1.00000000000000E-99
229  106     1.00000000000000E-99   1.00000000000000E-99
231  106     1.00000000000000E-99   1.00000000000000E-99
162  107     1.00000000000000E-99   1.00000000000000E-99
163  107     1.00000000000000E-99   1.00000000000000E-99
164  107     1.00000000000000E-99   1.00000000000000E-99
165  107     1.00000000000000E-99   1.00000000000000E-99
166  107     1.00000000000000E-99   1.00000000000000E-99
167  107     1.00000000000000E-99   1.00000000000000E-99
168  107     1.00000000000000E-99   1.00000000000000E-99
169  107     1.00000000000000E-99   1.00000000000000E-99
170  107     1.00000000000000E-99   1.00000000000000E-99
171  107     1.00000000000000E-99   1.00000000000000E-99
172  107     1.00000000000000E-99   1.00000000000000E-99
173  107     1.00000000000000E-99   1.00000000000000E-99
174  107     1.00000000000000E-99   1.00000000000000E-99
175  107     1.00000000000000E-99   1.00000000000000E-99
176  107     1.00000000000000E-99   1.00000000000000E-99
177  107     1.00000000000000E-99   1.00000000000000E-99
178  107     1.00000000000000E-99   1.00000000000000E-99
179  107     1.00000000000000E-99   1.00000000000000E-99
180  107     1.00000000000000E-99   1.00000000000000E-99
181  107     1.00000000000000E-99   1.00000000000000E-99
182  107     1.00000000000000E-99   1.00000000000000E-99
183  107     1.00000000000000E-99   1.00000000000000E-99
184  107     1.00000000000000E-99   1.00000000000000E-99
185  107     1.00000000000000E-99   1.00000000000000E-99
186  107     1.00000000000000E-99   1.00000000000000E-99
187  107     1.00000000000000E-99   1.00000000000000E-99
188  107     1.00000000000000E-99   1.00000000000000E-99
189  107     1.00000000000000E-99   1.00000000000000E-99
190  107     1.00000000000000E-99   1.00000000000000E-99
191  107     1.00000000000000E-99   1.00000000000000E-99
192  107     1.00000000000000E-99   1.00000000000000E-99
193  107     1.00000000000000E-99   1.00000000000000E-99
194  107     1.00000000000000E-99   1.00000000000000E-99
195  107     1.00000000000000E-99   1.00000000000000E-99
196  107     1.00000000000000E-99   1.00000000000000E-99
197  107     1.00000000000000E-99   1.00000000000000E-99
198  107     1.00000000000000E-99   1.00000000000000E-99
199  107     1.00000000000000E-99   1.00000000000000E-99
200  107     1.00000000000000E-99   1.00000000000000E-99
201  107     1.00000000000000E-99   1.00000000000000E-99
202  107     1.00000000000000E-99   1.00000000000000E-99
203  107     1.00000000000000E-99   1.00000000000000E-99
204  107     1.00000000000000E-99   1.00000000000000E-99
205  107     1.00000000000000E-99   1.00000000000000E-99
206  107     1.00000000000000E-99   1.00000000000000E-99
207  107     1.00000000000000E-99   1.00000000000000E-99
208  107     1.00000000000000E-99   1.00000000000000E-99
209  107     1.00000000000000E-99   1.00000000000000E-99
210  107     1.00000000000000E-99   1.00000000000000E-99
211  107     1.00000000000000E-99   1.00000000000000E-99
212  107     1.00000000000000E-99   1.00000000000000E-99
213  107     1.00000000000000E-99   1.00000000000000E-99
214  107     1.00000000000000E-99   1.00000000000000E-99
215  107     1.00000000000000E-99   1.00000000000000E-99
216  107     1.00000000000000E-99   1.00000000000000E-99
217  107     1.00000000000000E-99   1.00000000000000E-99
218  107     1.00000000000000E-99   1.00000000000000E-99
219  107     1.00000000000000E-99   1.00000000000000E-99
220  107     1.00000000000000E-99   1.00000000000000E-99
221  107     1.00000000000000E-99   1.00000000000000E-99
222  107     1.00000000000000E-99   1.00000000000000E-99
223  107     1.00000000000000E-99   1.00000000000000E-99
224  107     1.00000000000000E-99   1.00000000000000E-99
225  107     1.00000000000000E-99   1.00000000000000E-99
227  107     1.00000000000000E-99   1.00000000000000E-99
228  107     1.00000000000000E-99   1.00000000000000E-99
229  107     1.00000000000000E-99   1.00000000000000E-99
230  107     1.00000000000000E-99   1.00000000000000E-99
165  108     1.00000000000000E-99   1.00000000000000E-99
166  108     1.00000000000000E-99   1.00000000000000E-99
167  108     1.00000000000000E-99   1.00000000000000E-99
168  108     1.00000000000000E-99   1.00000000000000E-99
169  108     1.00000000000000E-99   1.00000000000000E-99
170  108     1.00000000000000E-99   1.00000000000000E-99
171  108     1.00000000000000E-99   1.00000000000000E-99
172  108     1.00000000000000E-99   1.00000000000000E-99
173  108     1.00000000000000E-99   1.00000000000000E-99
174  108     1.00000000000000E-99   1.00000000000000E-99
175  108     1.00000000000000E-99   1.00000000000000E-99
176  108     1.00000000000000E-99   1.00000000000000E-99
177  108     1.00000000000000E-99   1.00000000000000E-99
178  108     1.00000000000000E-99   1.00000000000000E-99
179  108     1.00000000000000E-99   1.00000000000000E-99
180  108     1.00000000000000E-99   1.00000000000000E-99
181  108     1.00000000000000E-99   1.00000000000000E-99
182  108     1.00000000000000E-99   1.00000000000000E-99
183  108     1.00000000000000E-99   1.00000000000000E-99
184  108     1.00000000000000E-99   1.00000000000000E-99
185  108     1.00000000000000E-99   1.00000000000000E-99
186  108     1.00000000000000E-99   1.00000000000000E-99
187  108     1.00000000000000E-99   1.00000000000000E-99
188  108     1.00000000000000E-99   1.00000000000000E-99
189  108     1.00000000000000E-99   1.00000000000000E-99
190  108     1.00000000000000E-99   1.00000000000000E-99
191  108     1.00000000000000E-99   1.00000000000000E-99
192  108     1.00000000000000E-99   1.00000000000000E-99
193  108     1.00000000000000E-99   1.00000000000000E-99
194  108     1.00000000000000E-99   1.00000000000000E-99
195  108     1.00000000000000E-99   1.00000000000000E-99
196  108     1.00000000000000E-99   1.00000000000000E-99
197  108     1.00000000000000E-99   1.00000000000000E-99
198  108     1.00000000000000E-99   1.00000000000000E-99
199  108     1.00000000000000E-99   1.00000000000000E-99
200  108     1.00000000000000E-99   1.00000000000000E-99
201  108     1.00000000000000E-99   1.00000000000000E-99
202  108     1.00000000000000E-99   1.00000000000000E-99
203  108     1.00000000000000E-99   1.00000000000000E-99
204  108     1.00000000000000E-99   1.00000000000000E-99
205  108     1.00000000000000E-99   1.00000000000000E-99
206  108     1.00000000000000E-99   1.00000000000000E-99
207  108     1.00000000000000E-99   1.00000000000000E-99
208  108     1.00000000000000E-99   1.00000000000000E-99
209  108     1.00000000000000E-99   1.00000000000000E-99
210  108     1.00000000000000E-99   1.00000000000000E-99
211  108     1.00000000000000E-99   1.00000000000000E-99
212  108     1.00000000000000E-99   1.00000000000000E-99
213  108     1.00000000000000E-99   1.00000000000000E-99
214  108     1.00000000000000E-99   1.00000000000000E-99
215  108     1.00000000000000E-99   1.00000000000000E-99
216  108     1.00000000000000E-99   1.00000000000000E-99
217  108     1.00000000000000E-99   1.00000000000000E-99
218  108     1.00000000000000E-99   1.00000000000000E-99
219  108     1.00000000000000E-99   1.00000000000000E-99
221  108     1.00000000000000E-99   1.00000000000000E-99
222  108     1.00000000000000E-99   1.00000000000000E-99
223  108     1.00000000000000E-99   1.00000000000000E-99
224  108     1.00000000000000E-99   1.00000000000000E-99
226  108     1.00000000000000E-99   1.00000000000000E-99
227  108     1.00000000000000E-99   1.00000000000000E-99
228  108     1.00000000000000E-99   1.00000000000000E-99
229  108     1.00000000000000E-99   1.00000000000000E-99
166  109     1.00000000000000E-99   1.00000000000000E-99
167  109     1.00000000000000E-99   1.00000000000000E-99
168  109     1.00000000000000E-99   1.00000000000000E-99
169  109     1.00000000000000E-99   1.00000000000000E-99
170  109     1.00000000000000E-99   1.00000000000000E-99
171  109     1.00000000000000E-99   1.00000000000000E-99
172  109     1.00000000000000E-99   1.00000000000000E-99
173  109     1.00000000000000E-99   1.00000000000000E-99
174  109     1.00000000000000E-99   1.00000000000000E-99
175  109     1.00000000000000E-99   1.00000000000000E-99
176  109     1.00000000000000E-99   1.00000000000000E-99
177  109     1.00000000000000E-99   1.00000000000000E-99
178  109     1.00000000000000E-99   1.00000000000000E-99
179  109     1.00000000000000E-99   1.00000000000000E-99
180  109     1.00000000000000E-99   1.00000000000000E-99
181  109     1.00000000000000E-99   1.00000000000000E-99
182  109     1.00000000000000E-99   1.00000000000000E-99
183  109     1.00000000000000E-99   1.00000000000000E-99
184  109     1.00000000000000E-99   1.00000000000000E-99
185  109     1.00000000000000E-99   1.00000000000000E-99
186  109     1.00000000000000E-99   1.00000000000000E-99
187  109     1.00000000000000E-99   1.00000000000000E-99
188  109     1.00000000000000E-99   1.00000000000000E-99
189  109     1.00000000000000E-99   1.00000000000000E-99
190  109     1.00000000000000E-99   1.00000000000000E-99
191  109     1.00000000000000E-99   1.00000000000000E-99
192  109     1.00000000000000E-99   1.00000000000000E-99
193  109     1.00000000000000E-99   1.00000000000000E-99
194  109     1.00000000000000E-99   1.00000000000000E-99
195  109     1.00000000000000E-99   1.00000000000000E-99
196  109     1.00000000000000E-99   1.00000000000000E-99
197  109     1.00000000000000E-99   1.00000000000000E-99
198  109     1.00000000000000E-99   1.00000000000000E-99
199  109     1.00000000000000E-99   1.00000000000000E-99
200  109     1.00000000000000E-99   1.00000000000000E-99
201  109     1.00000000000000E-99   1.00000000000000E-99
202  109     1.00000000000000E-99   1.00000000000000E-99
203  109     1.00000000000000E-99   1.00000000000000E-99
204  109     1.00000000000000E-99   1.00000000000000E-99
205  109     1.00000000000000E-99   1.00000000000000E-99
206  109     1.00000000000000E-99   1.00000000000000E-99
207  109     1.00000000000000E-99   1.00000000000000E-99
208  109     1.00000000000000E-99   1.00000000000000E-99
209  109     1.00000000000000E-99   1.00000000000000E-99
210  109     1.00000000000000E-99   1.00000000000000E-99
211  109     1.00000000000000E-99   1.00000000000000E-99
212  109     1.00000000000000E-99   1.00000000000000E-99
213  109     1.00000000000000E-99   1.00000000000000E-99
214  109     1.00000000000000E-99   1.00000000000000E-99
215  109     1.00000000000000E-99   1.00000000000000E-99
216  109     1.00000000000000E-99   1.00000000000000E-99
217  109     1.00000000000000E-99   1.00000000000000E-99
218  109     1.00000000000000E-99   1.00000000000000E-99
220  109     1.00000000000000E-99   1.00000000000000E-99
221  109     1.00000000000000E-99   1.00000000000000E-99
222  109     1.00000000000000E-99   1.00000000000000E-99
223  109     1.00000000000000E-99   1.00000000000000E-99
224  109     1.00000000000000E-99   1.00000000000000E-99
225  109     1.00000000000000E-99   1.00000000000000E-99
226  109     1.00000000000000E-99   1.00000000000000E-99
227  109     1.00000000000000E-99   1.00000000000000E-99
228  109     1.00000000000000E-99   1.00000000000000E-99
169  110     1.00000000000000E-99   1.00000000000000E-99
170  110     1.00000000000000E-99   1.00000000000000E-99
171  110     1.00000000000000E-99   1.00000000000000E-99
172  110     1.00000000000000E-99   1.00000000000000E-99
173  110     1.00000000000000E-99   1.00000000000000E-99
174  110     1.00000000000000E-99   1.00000000000000E-99
175  110     1.00000000000000E-99   1.00000000000000E-99
176  110     1.00000000000000E-99   1.00000000000000E-99
177  110     1.00000000000000E-99   1.00000000000000E-99
178  110     1.00000000000000E-99   1.00000000000000E-99
179  110     1.00000000000000E-99   1.00000000000000E-99
180  110     1.00000000000000E-99   1.00000000000000E-99
181  110     1.00000000000000E-99   1.00000000000000E-99
182  110     1.00000000000000E-99   1.00000000000000E-99
183  110     1.00000000000000E-99   1.00000000000000E-99
184  110     1.00000000000000E-99   1.00000000000000E-99
185  110     1.00000000000000E-99   1.00000000000000E-99
186  110     1.00000000000000E-99   1.00000000000000E-99
187  110     1.00000000000000E-99   1.00000000000000E-99
188  110     1.00000000000000E-99   1.00000000000000E-99
189  110     1.00000000000000E-99   1.00000000000000E-99
190  110     1.00000000000000E-99   1.00000000000000E-99
191  110     1.00000000000000E-99   1.00000000000000E-99
192  110     1.00000000000000E-99   1.00000000000000E-99
193  110     1.00000000000000E-99   1.00000000000000E-99
194  110     1.00000000000000E-99   1.00000000000000E-99
195  110     1.00000000000000E-99   1.00000000000000E-99
196  110     1.00000000000000E-99   1.00000000000000E-99
197  110     1.00000000000000E-99   1.00000000000000E-99
198  110     1.00000000000000E-99   1.00000000000000E-99
199  110     1.00000000000000E-99   1.00000000000000E-99
200  110     1.00000000000000E-99   1.00000000000000E-99
201  110     1.00000000000000E-99   1.00000000000000E-99
202  110     1.00000000000000E-99   1.00000000000000E-99
203  110     1.00000000000000E-99   1.00000000000000E-99
204  110     1.00000000000000E-99   1.00000000000000E-99
205  110     1.00000000000000E-99   1.00000000000000E-99
206  110     1.00000000000000E-99   1.00000000000000E-99
207  110     1.00000000000000E-99   1.00000000000000E-99
208  110     1.00000000000000E-99   1.00000000000000E-99
209  110     1.00000000000000E-99   1.00000000000000E-99
210  110     1.00000000000000E-99   1.00000000000000E-99
211  110     1.00000000000000E-99   1.00000000000000E-99
212  110     1.00000000000000E-99   1.00000000000000E-99
213  110     1.00000000000000E-99   1.00000000000000E-99
214  110     1.00000000000000E-99   1.00000000000000E-99
215  110     1.00000000000000E-99   1.00000000000000E-99
216  110     1.00000000000000E-99   1.00000000000000E-99
217  110     1.00000000000000E-99   1.00000000000000E-99
218  110     1.00000000000000E-99   1.00000000000000E-99
219  110     1.00000000000000E-99   1.00000000000000E-99
220  110     1.00000000000000E-99   1.00000000000000E-99
221  110     1.00000000000000E-99   1.00000000000000E-99
222  110     1.00000000000000E-99   1.00000000000000E-99
223  110     1.00000000000000E-99   1.00000000000000E-99
224  110     1.00000000000000E-99   1.00000000000000E-99
225  110     1.00000000000000E-99   1.00000000000000E-99
226  110     1.00000000000000E-99   1.00000000000000E-99
227  110     1.00000000000000E-99   1.00000000000000E-99
172  111     1.00000000000000E-99   1.00000000000000E-99
173  111     1.00000000000000E-99   1.00000000000000E-99
174  111     1.00000000000000E-99   1.00000000000000E-99
175  111     1.00000000000000E-99   1.00000000000000E-99
176  111     1.00000000000000E-99   1.00000000000000E-99
177  111     1.00000000000000E-99   1.00000000000000E-99
178  111     1.00000000000000E-99   1.00000000000000E-99
179  111     1.00000000000000E-99   1.00000000000000E-99
180  111     1.00000000000000E-99   1.00000000000000E-99
181  111     1.00000000000000E-99   1.00000000000000E-99
182  111     1.00000000000000E-99   1.00000000000000E-99
183  111     1.00000000000000E-99   1.00000000000000E-99
184  111     1.00000000000000E-99   1.00000000000000E-99
185  111     1.00000000000000E-99   1.00000000000000E-99
186  111     1.00000000000000E-99   1.00000000000000E-99
187  111     1.00000000000000E-99   1.00000000000000E-99
188  111     1.00000000000000E-99   1.00000000000000E-99
189  111     1.00000000000000E-99   1.00000000000000E-99
190  111     1.00000000000000E-99   1.00000000000000E-99
191  111     1.00000000000000E-99   1.00000000000000E-99
192  111     1.00000000000000E-99   1.00000000000000E-99
193  111     1.00000000000000E-99   1.00000000000000E-99
194  111     1.00000000000000E-99   1.00000000000000E-99
195  111     1.00000000000000E-99   1.00000000000000E-99
196  111     1.00000000000000E-99   1.00000000000000E-99
197  111     1.00000000000000E-99   1.00000000000000E-99
198  111     1.00000000000000E-99   1.00000000000000E-99
199  111     1.00000000000000E-99   1.00000000000000E-99
200  111     1.00000000000000E-99   1.00000000000000E-99
201  111     1.00000000000000E-99   1.00000000000000E-99
202  111     1.00000000000000E-99   1.00000000000000E-99
203  111     1.00000000000000E-99   1.00000000000000E-99
204  111     1.00000000000000E-99   1.00000000000000E-99
205  111     1.00000000000000E-99   1.00000000000000E-99
206  111     1.00000000000000E-99   1.00000000000000E-99
207  111     1.00000000000000E-99   1.00000000000000E-99
208  111     1.00000000000000E-99   1.00000000000000E-99
209  111     1.00000000000000E-99   1.00000000000000E-99
210  111     1.00000000000000E-99   1.00000000000000E-99
211  111     1.00000000000000E-99   1.00000000000000E-99
212  111     1.00000000000000E-99   1.00000000000000E-99
213  111     1.00000000000000E-99   1.00000000000000E-99
214  111     1.00000000000000E-99   1.00000000000000E-99
215  111     1.00000000000000E-99   1.00000000000000E-99
216  111     1.00000000000000E-99   1.00000000000000E-99
217  111     1.00000000000000E-99   1.00000000000000E-99
218  111     1.00000000000000E-99   1.00000000000000E-99
219  111     1.00000000000000E-99   1.00000000000000E-99
220  111     1.00000000000000E-99   1.00000000000000E-99
221  111     1.00000000000000E-99   1.00000000000000E-99
222  111     1.00000000000000E-99   1.00000000000000E-99
223  111     1.00000000000000E-99   1.00000000000000E-99
224  111     1.00000000000000E-99   1.00000000000000E-99
225  111     1.00000000000000E-99   1.00000000000000E-99
226  111     1.00000000000000E-99   1.00000000000000E-99
